To honour the JVM settings for this build a single-use Daemon process will be forked. For more on this, please refer to https://docs.gradle.org/8.8/userguide/gradle_daemon.html#sec:disabling_the_daemon in the Gradle documentation.
Daemon will be stopped at the end of the build 
> Task :compileJava UP-TO-DATE
> Task :processResources UP-TO-DATE
> Task :classes UP-TO-DATE
> Task :downloadDevRoadWeaverForge
> Task :downloadMcpConfig
> Task :extractSrg UP-TO-DATE
> Task :createSrgToMcp UP-TO-DATE
> Task :downloadMCMeta UP-TO-DATE
> Task :downloadAssets UP-TO-DATE
> Task :extractNatives UP-TO-DATE
> Task :makeSrcDirs
> Task :prepareRuns
> Task :prepareRunClient
> Task :prepareRunClientCompile UP-TO-DATE

> Task :runClient
2026-08-03 00:45:40,898 main WARN Advanced terminal features are not available in this environment
[00:45:41] [main/INFO] [cp.mo.mo.Launcher/MODLAUNCHER]: ModLauncher running: args [--launchTarget, forgeclientuserdev, --version, MOD_DEV, --assetIndex, 5, --assetsDir, C:\Users\Rinsing\.gradle\caches\forge_gradle\assets, --gameDir, ., --fml.forgeVersion, 47.4.0, --fml.mcVersion, 1.20.1, --fml.forgeGroup, net.minecraftforge, --fml.mcpVersion, 20230612.114412]
[00:45:41] [main/INFO] [cp.mo.mo.Launcher/MODLAUNCHER]: ModLauncher 10.0.9+10.0.9+main.dcd20f30 starting: java version 17.0.14 by Oracle Corporation; OS Windows 11 arch amd64 version 10.0
[00:45:41] [main/DEBUG] [cp.mo.mo.LaunchServiceHandler/MODLAUNCHER]: Found launch services [fmlclientdev,forgeclient,minecraft,forgegametestserverdev,fmlserveruserdev,fmlclient,fmldatauserdev,forgeserverdev,forgeserveruserdev,forgeclientdev,forgeclientuserdev,forgeserver,forgedatadev,fmlserver,fmlclientuserdev,fmlserverdev,forgedatauserdev,testharness,forgegametestserveruserdev]
[00:45:41] [main/DEBUG] [cp.mo.mo.NameMappingServiceHandler/MODLAUNCHER]: Found naming services : [srgtomcp]
[00:45:41] [main/DEBUG] [cp.mo.mo.LaunchPluginHandler/MODLAUNCHER]: Found launch plugins: [mixin,eventbus,slf4jfixer,object_holder_definalize,runtime_enum_extender,capability_token_subclass,accesstransformer,runtimedistcleaner]
[00:45:41] [main/DEBUG] [cp.mo.mo.TransformationServicesHandler/MODLAUNCHER]: Discovering transformation services
[00:45:41] [main/DEBUG] [ne.mi.fm.lo.FMLPaths/CORE]: Path GAMEDIR is E:\Mod_Dev\StructureBinder\run
[00:45:41] [main/DEBUG] [ne.mi.fm.lo.FMLPaths/CORE]: Path MODSDIR is E:\Mod_Dev\StructureBinder\run\mods
[00:45:41] [main/DEBUG] [ne.mi.fm.lo.FMLPaths/CORE]: Path CONFIGDIR is E:\Mod_Dev\StructureBinder\run\config
[00:45:41] [main/DEBUG] [ne.mi.fm.lo.FMLPaths/CORE]: Path FMLCONFIG is E:\Mod_Dev\StructureBinder\run\config\fml.toml
[00:45:41] [main/DEBUG] [cp.mo.mo.TransformationServicesHandler/MODLAUNCHER]: Found additional transformation services from discovery services: 
[00:45:41] [main/INFO] [ne.mi.fm.lo.ImmediateWindowHandler/]: Loading ImmediateWindowProvider dummyprovider
[00:45:41] [main/INFO] [ne.mi.fm.lo.ImmediateWindowHandler/]: Failed to find ImmediateWindowProvider dummyprovider, disabling
[00:45:41] [main/DEBUG] [cp.mo.mo.TransformationServicesHandler/MODLAUNCHER]: Found transformer services : [mixin,fml]
[00:45:41] [main/DEBUG] [cp.mo.mo.TransformationServicesHandler/MODLAUNCHER]: Transformation services loading
[00:45:41] [main/DEBUG] [cp.mo.mo.TransformationServiceDecorator/MODLAUNCHER]: Loading service mixin
[00:45:41] [main/DEBUG] [cp.mo.mo.TransformationServiceDecorator/MODLAUNCHER]: Loaded service mixin
[00:45:41] [main/DEBUG] [cp.mo.mo.TransformationServiceDecorator/MODLAUNCHER]: Loading service fml
[00:45:41] [main/DEBUG] [ne.mi.fm.lo.LauncherVersion/CORE]: Found FMLLauncher version 1.0
[00:45:41] [main/DEBUG] [ne.mi.fm.lo.FMLLoader/CORE]: FML 1.0 loading
[00:45:41] [main/DEBUG] [ne.mi.fm.lo.FMLLoader/CORE]: FML found ModLauncher version : 10.0.9+10.0.9+main.dcd20f30
[00:45:41] [main/DEBUG] [ne.mi.fm.lo.FMLLoader/CORE]: Requesting CoreMods to not apply the fix for ASMAPI.findFirstInstructionBefore by default
[00:45:41] [main/DEBUG] [ne.mi.fm.lo.FMLLoader/CORE]: FML found AccessTransformer version : 8.0.4+66+master.c09db6d7
[00:45:41] [main/DEBUG] [ne.mi.fm.lo.FMLLoader/CORE]: FML found EventBus version : 6.0.5+6.0.5+master.eb8e549b
[00:45:41] [main/DEBUG] [ne.mi.fm.lo.FMLLoader/CORE]: Found Runtime Dist Cleaner
[00:45:41] [main/DEBUG] [ne.mi.co.CoreModEngine/]: CoreMods will preserve legacy behavior of ASMAPI.findFirstInstructionBefore for backwards-compatibility
[00:45:41] [main/DEBUG] [ne.mi.fm.lo.FMLLoader/CORE]: FML found CoreMod version : 5.2.4
[00:45:41] [main/DEBUG] [ne.mi.fm.lo.FMLLoader/CORE]: Found ForgeSPI package implementation version 7.0.1+7.0.1+master.d2b38bf6
[00:45:41] [main/DEBUG] [ne.mi.fm.lo.FMLLoader/CORE]: Found ForgeSPI package specification 5
[00:45:41] [main/DEBUG] [cp.mo.mo.TransformationServiceDecorator/MODLAUNCHER]: Loaded service fml
[00:45:41] [main/DEBUG] [cp.mo.mo.TransformationServicesHandler/MODLAUNCHER]: Configuring option handling for services
[00:45:41] [main/DEBUG] [cp.mo.mo.TransformationServicesHandler/MODLAUNCHER]: Transformation services initializing
[00:45:41] [main/DEBUG] [cp.mo.mo.TransformationServiceDecorator/MODLAUNCHER]: Initializing transformation service mixin
[00:45:41] [main/DEBUG] [mixin/]: MixinService [ModLauncher] was successfully booted in cpw.mods.cl.ModuleClassLoader@353d0772
[00:45:41] [main/INFO] [mixin/]: SpongePowered MIXIN Subsystem Version=0.8.5 Source=union:/C:/Users/Rinsing/.gradle/caches/modules-2/files-2.1/org.spongepowered/mixin/0.8.5/9d1c0c3a304ae6697ecd477218fa61b850bf57fc/mixin-0.8.5.jar%23128!/ Service=ModLauncher Env=CLIENT
[00:45:41] [main/DEBUG] [mixin/]: Initialising Mixin Platform Manager
[00:45:41] [main/DEBUG] [mixin/]: Adding mixin platform agents for container ModLauncher Root Container(ModLauncher:4f56a0a2)
[00:45:41] [main/DEBUG] [mixin/]: Instancing new MixinPlatformAgentMinecraftForge for ModLauncher Root Container(ModLauncher:4f56a0a2)
[00:45:41] [main/DEBUG] [mixin/]: MixinPlatformAgentMinecraftForge rejected container ModLauncher Root Container(ModLauncher:4f56a0a2)
[00:45:41] [main/DEBUG] [mixin/]: Instancing new MixinPlatformAgentDefault for ModLauncher Root Container(ModLauncher:4f56a0a2)
[00:45:41] [main/DEBUG] [mixin/]: MixinPlatformAgentDefault accepted container ModLauncher Root Container(ModLauncher:4f56a0a2)
[00:45:41] [main/DEBUG] [cp.mo.mo.TransformationServiceDecorator/MODLAUNCHER]: Initialized transformation service mixin
[00:45:41] [main/DEBUG] [cp.mo.mo.TransformationServiceDecorator/MODLAUNCHER]: Initializing transformation service fml
[00:45:41] [main/DEBUG] [ne.mi.fm.lo.FMLServiceProvider/CORE]: Setting up basic FML game directories
[00:45:41] [main/DEBUG] [ne.mi.fm.lo.FMLPaths/CORE]: Path GAMEDIR is E:\Mod_Dev\StructureBinder\run
[00:45:41] [main/DEBUG] [ne.mi.fm.lo.FMLPaths/CORE]: Path MODSDIR is E:\Mod_Dev\StructureBinder\run\mods
[00:45:41] [main/DEBUG] [ne.mi.fm.lo.FMLPaths/CORE]: Path CONFIGDIR is E:\Mod_Dev\StructureBinder\run\config
[00:45:41] [main/DEBUG] [ne.mi.fm.lo.FMLPaths/CORE]: Path FMLCONFIG is E:\Mod_Dev\StructureBinder\run\config\fml.toml
[00:45:41] [main/DEBUG] [ne.mi.fm.lo.FMLServiceProvider/CORE]: Loading configuration
[00:45:41] [main/DEBUG] [ne.mi.fm.lo.FMLServiceProvider/CORE]: Preparing ModFile
[00:45:41] [main/DEBUG] [ne.mi.fm.lo.FMLServiceProvider/CORE]: Preparing launch handler
[00:45:41] [main/DEBUG] [ne.mi.fm.lo.FMLLoader/CORE]: Using forgeclientuserdev as launch service
[00:45:41] [main/DEBUG] [ne.mi.fm.lo.FMLLoader/CORE]: Received command line version data  : VersionInfo[forgeVersion=47.4.0, mcVersion=1.20.1, mcpVersion=20230612.114412, forgeGroup=net.minecraftforge]
[00:45:41] [main/DEBUG] [cp.mo.mo.TransformationServiceDecorator/MODLAUNCHER]: Initialized transformation service fml
[00:45:41] [main/DEBUG] [cp.mo.mo.NameMappingServiceHandler/MODLAUNCHER]: Current naming domain is 'mcp'
[00:45:41] [main/DEBUG] [cp.mo.mo.NameMappingServiceHandler/MODLAUNCHER]: Identified name mapping providers {srg=srgtomcp:1234}
[00:45:41] [main/DEBUG] [cp.mo.mo.TransformationServicesHandler/MODLAUNCHER]: Transformation services begin scanning
[00:45:41] [main/DEBUG] [cp.mo.mo.TransformationServiceDecorator/MODLAUNCHER]: Beginning scan trigger - transformation service mixin
[00:45:41] [main/DEBUG] [cp.mo.mo.TransformationServiceDecorator/MODLAUNCHER]: End scan trigger - transformation service mixin
[00:45:41] [main/DEBUG] [cp.mo.mo.TransformationServiceDecorator/MODLAUNCHER]: Beginning scan trigger - transformation service fml
[00:45:41] [main/DEBUG] [ne.mi.fm.lo.FMLServiceProvider/CORE]: Initiating mod scan
[00:45:41] [main/DEBUG] [ne.mi.fm.lo.mo.ModListHandler/CORE]: Found mod coordinates from lists: []
[00:45:41] [main/DEBUG] [ne.mi.fm.lo.mo.ModDiscoverer/CORE]: Found Mod Locators : (mods folder:null),(maven libs:null),(exploded directory:null),(minecraft:null),(userdev classpath:null)
[00:45:41] [main/DEBUG] [ne.mi.fm.lo.mo.ModDiscoverer/CORE]: Found Dependency Locators : (JarInJar:null)
[00:45:41] [main/DEBUG] [ne.mi.fm.lo.ta.CommonLaunchHandler/CORE]: Got mod coordinates geomantia%%E:\Mod_Dev\StructureBinder\build\resources\main;geomantia%%E:\Mod_Dev\StructureBinder\build\classes\java\main from env
[00:45:41] [main/DEBUG] [ne.mi.fm.lo.ta.CommonLaunchHandler/CORE]: Found supplied mod coordinates [{geomantia=[E:\Mod_Dev\StructureBinder\build\resources\main, E:\Mod_Dev\StructureBinder\build\classes\java\main]}]
[00:45:41] [main/DEBUG] [ne.mi.fm.lo.mo.ModFileInfo/LOADING]: Found valid mod file forge-1.20.1-47.4.0_mapped_official_1.20.1-recomp.jar with {minecraft} mods - versions {1.20.1}
[00:45:41] [main/DEBUG] [ne.mi.fm.lo.mo.ModFileParser/LOADING]: Considering mod file candidate C:\Users\Rinsing\.gradle\caches\modules-2\files-2.1\net.minecraftforge\javafmllanguage\1.20.1-47.4.0\f0c0b352173d0a378cbdcec9cfc4ba65899a721\javafmllanguage-1.20.1-47.4.0.jar
[00:45:41] [main/WARN] [ne.mi.fm.lo.mo.ModFileParser/LOADING]: Mod file C:\Users\Rinsing\.gradle\caches\modules-2\files-2.1\net.minecraftforge\javafmllanguage\1.20.1-47.4.0\f0c0b352173d0a378cbdcec9cfc4ba65899a721\javafmllanguage-1.20.1-47.4.0.jar is missing mods.toml file
[00:45:41] [main/DEBUG] [ne.mi.fm.lo.mo.ModFileParser/LOADING]: Considering mod file candidate C:\Users\Rinsing\.gradle\caches\modules-2\files-2.1\net.minecraftforge\lowcodelanguage\1.20.1-47.4.0\e862740d8c84d08dbfedea412bef88fe42e727c5\lowcodelanguage-1.20.1-47.4.0.jar
[00:45:41] [main/WARN] [ne.mi.fm.lo.mo.ModFileParser/LOADING]: Mod file C:\Users\Rinsing\.gradle\caches\modules-2\files-2.1\net.minecraftforge\lowcodelanguage\1.20.1-47.4.0\e862740d8c84d08dbfedea412bef88fe42e727c5\lowcodelanguage-1.20.1-47.4.0.jar is missing mods.toml file
[00:45:41] [main/DEBUG] [ne.mi.fm.lo.mo.ModFileParser/LOADING]: Considering mod file candidate C:\Users\Rinsing\.gradle\caches\modules-2\files-2.1\net.minecraftforge\mclanguage\1.20.1-47.4.0\5719b3a297a33f877ed5dde4cb4bd75c859096af\mclanguage-1.20.1-47.4.0.jar
[00:45:41] [main/WARN] [ne.mi.fm.lo.mo.ModFileParser/LOADING]: Mod file C:\Users\Rinsing\.gradle\caches\modules-2\files-2.1\net.minecraftforge\mclanguage\1.20.1-47.4.0\5719b3a297a33f877ed5dde4cb4bd75c859096af\mclanguage-1.20.1-47.4.0.jar is missing mods.toml file
[00:45:41] [main/DEBUG] [ne.mi.fm.lo.mo.ModFileParser/LOADING]: Considering mod file candidate C:\Users\Rinsing\.gradle\caches\modules-2\files-2.1\net.minecraftforge\fmlcore\1.20.1-47.4.0\235975dafa4309945b59c56b53f31dc5b65a6051\fmlcore-1.20.1-47.4.0.jar
[00:45:41] [main/WARN] [ne.mi.fm.lo.mo.ModFileParser/LOADING]: Mod file C:\Users\Rinsing\.gradle\caches\modules-2\files-2.1\net.minecraftforge\fmlcore\1.20.1-47.4.0\235975dafa4309945b59c56b53f31dc5b65a6051\fmlcore-1.20.1-47.4.0.jar is missing mods.toml file
[00:45:41] [main/DEBUG] [ne.mi.fm.lo.mo.ModFileParser/LOADING]: Considering mod file candidate E:\Mod_Dev\StructureBinder\build\resources\main
[00:45:41] [main/DEBUG] [ne.mi.fm.lo.mo.ModFileInfo/LOADING]: Found valid mod file main with {geomantia} mods - versions {0.1.0}
[00:45:41] [main/DEBUG] [ne.mi.fm.lo.mo.ModFileParser/LOADING]: Considering mod file candidate /
[00:45:41] [main/DEBUG] [ne.mi.fm.lo.mo.ModFileInfo/LOADING]: Found valid mod file  with {forge} mods - versions {47.4.0}
[00:45:41] [main/DEBUG] [ne.mi.fm.lo.mo.ModFileParser/LOADING]: Considering mod file candidate C:\Users\Rinsing\.gradle\caches\forge_gradle\deobf_dependencies\curse\maven\worldedit-225608\4586218_mapped_official_1.20.1\worldedit-225608-4586218_mapped_official_1.20.1.jar
[00:45:41] [main/DEBUG] [ne.mi.fm.lo.mo.ModFileInfo/LOADING]: Found valid mod file worldedit-225608-4586218_mapped_official_1.20.1.jar with {worldedit} mods - versions {7.2.15+6463-5ca4dff}
[00:45:41] [main/DEBUG] [ne.mi.fm.lo.mo.ModFileParser/LOADING]: Considering mod file candidate C:\Users\Rinsing\.gradle\caches\forge_gradle\deobf_dependencies\local\trek\trek\B0.6_mapped_official_1.20.1\trek-B0.6_mapped_official_1.20.1.jar
[00:45:41] [main/DEBUG] [ne.mi.fm.lo.mo.ModFileInfo/LOADING]: Found valid mod file trek-B0.6_mapped_official_1.20.1.jar with {mr_trek} mods - versions {1-B0.6}
[00:45:41] [main/DEBUG] [ne.mi.fm.lo.mo.ModFileParser/LOADING]: Considering mod file candidate C:\Users\Rinsing\.gradle\caches\forge_gradle\deobf_dependencies\local\t_and_t\t_and_t\1.12_mapped_official_1.20.1\t_and_t-1.12_mapped_official_1.20.1.jar
[00:45:41] [main/DEBUG] [ne.mi.fm.lo.mo.ModFileInfo/LOADING]: Found valid mod file t_and_t-1.12_mapped_official_1.20.1.jar with {t_and_t} mods - versions {0.0NONE}
[00:45:41] [main/DEBUG] [ne.mi.fm.lo.mo.ModFileParser/LOADING]: Considering mod file candidate C:\Users\Rinsing\.gradle\caches\forge_gradle\deobf_dependencies\local\cristellib\cristellib\1.1.6_mapped_official_1.20.1\cristellib-1.1.6_mapped_official_1.20.1.jar
[00:45:41] [main/DEBUG] [ne.mi.fm.lo.mo.ModFileInfo/LOADING]: Found valid mod file cristellib-1.1.6_mapped_official_1.20.1.jar with {cristellib} mods - versions {1.1.6}
[00:45:41] [main/DEBUG] [ne.mi.fm.lo.mo.ModFileParser/LOADING]: Considering mod file candidate C:\Users\Rinsing\.gradle\caches\forge_gradle\deobf_dependencies\local\roadweaver\roadweaver-forge\2.3.0-1.20.1_mapped_official_1.20.1\roadweaver-forge-2.3.0-1.20.1_mapped_official_1.20.1.jar
[00:45:41] [main/DEBUG] [ne.mi.fm.lo.mo.ModFileInfo/LOADING]: Found valid mod file roadweaver-forge-2.3.0-1.20.1_mapped_official_1.20.1.jar with {roadweaver} mods - versions {2.2.2-1.20.1}
[00:45:41] [main/DEBUG] [ne.mi.fm.lo.mo.ModFileParser/LOADING]: Considering mod file candidate C:\Users\Rinsing\.gradle\caches\forge_gradle\deobf_dependencies\dev\architectury\architectury-forge\9.2.14_mapped_official_1.20.1\architectury-forge-9.2.14_mapped_official_1.20.1.jar
[00:45:41] [main/DEBUG] [ne.mi.fm.lo.mo.ModFileInfo/LOADING]: Found valid mod file architectury-forge-9.2.14_mapped_official_1.20.1.jar with {architectury} mods - versions {9.2.14}
[00:45:41] [main/DEBUG] [ne.mi.fm.lo.mo.ModFileParser/LOADING]: Considering mod file candidate C:\Users\Rinsing\.gradle\caches\forge_gradle\deobf_dependencies\me\shedaniel\cloth\cloth-config-forge\11.1.136_mapped_official_1.20.1\cloth-config-forge-11.1.136_mapped_official_1.20.1.jar
[00:45:41] [main/DEBUG] [ne.mi.fm.lo.mo.ModFileInfo/LOADING]: Found valid mod file cloth-config-forge-11.1.136_mapped_official_1.20.1.jar with {cloth_config} mods - versions {11.1.136}
[00:45:41] [main/DEBUG] [ne.mi.fm.lo.mo.ModFileParser/LOADING]: Considering mod file candidate C:\Users\Rinsing\.gradle\caches\forge_gradle\deobf_dependencies\curse\maven\epic-terrain-1075383\5936468_mapped_official_1.20.1\epic-terrain-1075383-5936468_mapped_official_1.20.1.jar
[00:45:41] [main/DEBUG] [ne.mi.fm.lo.mo.ModFileInfo/LOADING]: Found valid mod file epic-terrain-1075383-5936468_mapped_official_1.20.1.jar with {mr_epicterrain} mods - versions {0.1.2}
[00:45:41] [main/DEBUG] [ne.mi.fm.lo.mo.ModFileParser/LOADING]: Considering mod file candidate C:\Users\Rinsing\.gradle\caches\forge_gradle\deobf_dependencies\curse\maven\worldedit-225608\4586218_mapped_official_1.20.1\worldedit-225608-4586218_mapped_official_1.20.1.jar
[00:45:41] [main/DEBUG] [ne.mi.fm.lo.mo.ModFileInfo/LOADING]: Found valid mod file worldedit-225608-4586218_mapped_official_1.20.1.jar with {worldedit} mods - versions {7.2.15+6463-5ca4dff}
[00:45:41] [main/DEBUG] [ne.mi.fm.lo.mo.ModFileParser/LOADING]: Considering mod file candidate C:\Users\Rinsing\.gradle\caches\forge_gradle\deobf_dependencies\local\t_and_t\t_and_t\1.12_mapped_official_1.20.1\t_and_t-1.12_mapped_official_1.20.1.jar
[00:45:41] [main/DEBUG] [ne.mi.fm.lo.mo.ModFileInfo/LOADING]: Found valid mod file t_and_t-1.12_mapped_official_1.20.1.jar with {t_and_t} mods - versions {0.0NONE}
[00:45:41] [main/DEBUG] [ne.mi.fm.lo.mo.ModFileParser/LOADING]: Considering mod file candidate C:\Users\Rinsing\.gradle\caches\forge_gradle\deobf_dependencies\local\cristellib\cristellib\1.1.6_mapped_official_1.20.1\cristellib-1.1.6_mapped_official_1.20.1.jar
[00:45:41] [main/DEBUG] [ne.mi.fm.lo.mo.ModFileInfo/LOADING]: Found valid mod file cristellib-1.1.6_mapped_official_1.20.1.jar with {cristellib} mods - versions {1.1.6}
[00:45:41] [main/DEBUG] [ne.mi.fm.lo.mo.ModFileParser/LOADING]: Considering mod file candidate C:\Users\Rinsing\.gradle\caches\forge_gradle\deobf_dependencies\local\roadweaver\roadweaver-forge\2.3.0-1.20.1_mapped_official_1.20.1\roadweaver-forge-2.3.0-1.20.1_mapped_official_1.20.1.jar
[00:45:41] [main/DEBUG] [ne.mi.fm.lo.mo.ModFileInfo/LOADING]: Found valid mod file roadweaver-forge-2.3.0-1.20.1_mapped_official_1.20.1.jar with {roadweaver} mods - versions {2.2.2-1.20.1}
[00:45:41] [main/DEBUG] [ne.mi.fm.lo.mo.ModFileParser/LOADING]: Considering mod file candidate C:\Users\Rinsing\.gradle\caches\forge_gradle\deobf_dependencies\dev\architectury\architectury-forge\9.2.14_mapped_official_1.20.1\architectury-forge-9.2.14_mapped_official_1.20.1.jar
[00:45:41] [main/DEBUG] [ne.mi.fm.lo.mo.ModFileInfo/LOADING]: Found valid mod file architectury-forge-9.2.14_mapped_official_1.20.1.jar with {architectury} mods - versions {9.2.14}
[00:45:41] [main/DEBUG] [ne.mi.fm.lo.mo.ModFileParser/LOADING]: Considering mod file candidate C:\Users\Rinsing\.gradle\caches\forge_gradle\deobf_dependencies\me\shedaniel\cloth\cloth-config-forge\11.1.136_mapped_official_1.20.1\cloth-config-forge-11.1.136_mapped_official_1.20.1.jar
[00:45:41] [main/DEBUG] [ne.mi.fm.lo.mo.ModFileInfo/LOADING]: Found valid mod file cloth-config-forge-11.1.136_mapped_official_1.20.1.jar with {cloth_config} mods - versions {11.1.136}
[00:45:41] [main/DEBUG] [ne.mi.fm.lo.UniqueModListBuilder/]: Found 2 mods for first modid cloth_config, selecting most recent based on version data
[00:45:41] [main/DEBUG] [ne.mi.fm.lo.UniqueModListBuilder/]: Selected file cloth-config-forge-11.1.136_mapped_official_1.20.1.jar for modid cloth_config with version 11.1.136
[00:45:41] [main/DEBUG] [ne.mi.fm.lo.UniqueModListBuilder/]: Found 2 mods for first modid t_and_t, selecting most recent based on version data
[00:45:41] [main/DEBUG] [ne.mi.fm.lo.UniqueModListBuilder/]: Selected file t_and_t-1.12_mapped_official_1.20.1.jar for modid t_and_t with version 0.0NONE
[00:45:41] [main/DEBUG] [ne.mi.fm.lo.UniqueModListBuilder/]: Found 2 mods for first modid worldedit, selecting most recent based on version data
[00:45:41] [main/DEBUG] [ne.mi.fm.lo.UniqueModListBuilder/]: Selected file worldedit-225608-4586218_mapped_official_1.20.1.jar for modid worldedit with version 7.2.15+6463-5ca4dff
[00:45:41] [main/DEBUG] [ne.mi.fm.lo.UniqueModListBuilder/]: Found 2 mods for first modid architectury, selecting most recent based on version data
[00:45:41] [main/DEBUG] [ne.mi.fm.lo.UniqueModListBuilder/]: Selected file architectury-forge-9.2.14_mapped_official_1.20.1.jar for modid architectury with version 9.2.14
[00:45:41] [main/DEBUG] [ne.mi.fm.lo.UniqueModListBuilder/]: Found 2 mods for first modid roadweaver, selecting most recent based on version data
[00:45:41] [main/DEBUG] [ne.mi.fm.lo.UniqueModListBuilder/]: Selected file roadweaver-forge-2.3.0-1.20.1_mapped_official_1.20.1.jar for modid roadweaver with version 2.2.2-1.20.1
[00:45:41] [main/DEBUG] [ne.mi.fm.lo.UniqueModListBuilder/]: Found 2 mods for first modid cristellib, selecting most recent based on version data
[00:45:41] [main/DEBUG] [ne.mi.fm.lo.UniqueModListBuilder/]: Selected file cristellib-1.1.6_mapped_official_1.20.1.jar for modid cristellib with version 1.1.6
[00:45:41] [main/DEBUG] [ne.mi.fm.lo.mo.AbstractJarFileDependencyLocator/]: Failed to load resource META-INF\jarjar\metadata.json from forge-1.20.1-47.4.0_mapped_official_1.20.1-recomp.jar, it does not contain dependency information.
[00:45:41] [main/DEBUG] [ne.mi.fm.lo.mo.AbstractJarFileDependencyLocator/]: Failed to load resource META-INF\jarjar\metadata.json from cloth-config-forge-11.1.136_mapped_official_1.20.1.jar, it does not contain dependency information.
[00:45:41] [main/DEBUG] [ne.mi.fm.lo.mo.AbstractJarFileDependencyLocator/]: Failed to load resource META-INF\jarjar\metadata.json from , it does not contain dependency information.
[00:45:41] [main/DEBUG] [ne.mi.fm.lo.mo.AbstractJarFileDependencyLocator/]: Failed to load resource META-INF\jarjar\metadata.json from epic-terrain-1075383-5936468_mapped_official_1.20.1.jar, it does not contain dependency information.
[00:45:41] [main/DEBUG] [ne.mi.fm.lo.mo.AbstractJarFileDependencyLocator/]: Failed to load resource META-INF\jarjar\metadata.json from t_and_t-1.12_mapped_official_1.20.1.jar, it does not contain dependency information.
[00:45:41] [main/DEBUG] [ne.mi.fm.lo.mo.AbstractJarFileDependencyLocator/]: Failed to load resource META-INF\jarjar\metadata.json from worldedit-225608-4586218_mapped_official_1.20.1.jar, it does not contain dependency information.
[00:45:41] [main/DEBUG] [ne.mi.fm.lo.mo.AbstractJarFileDependencyLocator/]: Failed to load resource META-INF\jarjar\metadata.json from architectury-forge-9.2.14_mapped_official_1.20.1.jar, it does not contain dependency information.
[00:45:41] [main/DEBUG] [ne.mi.fm.lo.mo.AbstractJarFileDependencyLocator/]: Failed to load resource META-INF\jarjar\metadata.json from trek-B0.6_mapped_official_1.20.1.jar, it does not contain dependency information.
[00:45:41] [main/DEBUG] [ne.mi.fm.lo.mo.AbstractJarFileDependencyLocator/]: Failed to load resource META-INF\jarjar\metadata.json from main, it does not contain dependency information.
[00:45:41] [main/DEBUG] [ne.mi.fm.lo.mo.AbstractJarFileDependencyLocator/]: Failed to load resource META-INF\jarjar\metadata.json from mclanguage-1.20.1-47.4.0.jar, it does not contain dependency information.
[00:45:41] [main/DEBUG] [ne.mi.fm.lo.mo.AbstractJarFileDependencyLocator/]: Failed to load resource META-INF\jarjar\metadata.json from javafmllanguage-1.20.1-47.4.0.jar, it does not contain dependency information.
[00:45:41] [main/DEBUG] [ne.mi.fm.lo.mo.AbstractJarFileDependencyLocator/]: Failed to load resource META-INF\jarjar\metadata.json from fmlcore-1.20.1-47.4.0.jar, it does not contain dependency information.
[00:45:41] [main/DEBUG] [ne.mi.fm.lo.mo.AbstractJarFileDependencyLocator/]: Failed to load resource META-INF\jarjar\metadata.json from lowcodelanguage-1.20.1-47.4.0.jar, it does not contain dependency information.
[00:45:41] [main/DEBUG] [ne.mi.fm.lo.mo.ModFileParser/LOADING]: Considering mod file candidate 
[00:45:41] [main/DEBUG] [ne.mi.fm.lo.mo.ModFileInfo/LOADING]: Found valid mod file architectury-forge-9.2.14.jar with {architectury} mods - versions {9.2.14}
[00:45:41] [main/DEBUG] [ne.mi.fm.lo.mo.ModFileParser/LOADING]: Considering mod file candidate 
[00:45:41] [main/DEBUG] [ne.mi.fm.lo.mo.ModFileInfo/LOADING]: Found valid mod file cloth-config-forge-11.1.136.jar with {cloth_config} mods - versions {11.1.136}
[00:45:41] [main/DEBUG] [ne.mi.fm.lo.mo.AbstractJarFileDependencyLocator/]: Failed to load resource META-INF\jarjar\metadata.json from architectury-forge-9.2.14.jar, it does not contain dependency information.
[00:45:41] [main/DEBUG] [ne.mi.fm.lo.mo.AbstractJarFileDependencyLocator/]: Failed to load resource META-INF\jarjar\metadata.json from cloth-config-forge-11.1.136.jar, it does not contain dependency information.
[00:45:41] [main/DEBUG] [ne.mi.fm.lo.mo.AbstractJarFileDependencyLocator/]: Failed to load resource META-INF\jarjar\metadata.json from lwjgl-opencl-3.3.1.jar, it does not contain dependency information.
[00:45:41] [main/DEBUG] [ne.mi.fm.lo.mo.AbstractJarFileDependencyLocator/]: Failed to load resource META-INF\jarjar\metadata.json from jankson-1.2.3.jar, it does not contain dependency information.
[00:45:41] [main/DEBUG] [ne.mi.fm.lo.mo.ModFileParser/LOADING]: Considering mod file candidate 
[00:45:41] [main/DEBUG] [ne.mi.fm.lo.mo.ModFileInfo/LOADING]: Found valid mod file architectury-forge-9.2.14.jar with {architectury} mods - versions {9.2.14}
[00:45:41] [main/DEBUG] [ne.mi.fm.lo.mo.ModFileParser/LOADING]: Considering mod file candidate 
[00:45:41] [main/DEBUG] [ne.mi.fm.lo.mo.ModFileInfo/LOADING]: Found valid mod file cloth-config-forge-11.1.136.jar with {cloth_config} mods - versions {11.1.136}
[00:45:41] [main/WARN] [ne.mi.ja.se.JarSelector/]: Attempted to select a dependency jar for JarJar which was passed in as source: cloth_config. Using Mod File: C:\Users\Rinsing\.gradle\caches\forge_gradle\deobf_dependencies\me\shedaniel\cloth\cloth-config-forge\11.1.136_mapped_official_1.20.1\cloth-config-forge-11.1.136_mapped_official_1.20.1.jar
[00:45:41] [main/WARN] [ne.mi.ja.se.JarSelector/]: Attempted to select a dependency jar for JarJar which was passed in as source: architectury. Using Mod File: C:\Users\Rinsing\.gradle\caches\forge_gradle\deobf_dependencies\dev\architectury\architectury-forge\9.2.14_mapped_official_1.20.1\architectury-forge-9.2.14_mapped_official_1.20.1.jar
[00:45:41] [main/INFO] [ne.mi.fm.lo.mo.JarInJarDependencyLocator/]: Found 2 dependencies adding them to mods collection
[00:45:41] [main/DEBUG] [ne.mi.fm.lo.mo.ModFileInfo/LOADING]: Found valid mod file forge-1.20.1-47.4.0_mapped_official_1.20.1-recomp.jar with {minecraft} mods - versions {1.20.1}
[00:45:41] [main/DEBUG] [ne.mi.fm.lo.mo.ModFile/LOADING]: Loading mod file C:\Users\Rinsing\.gradle\caches\forge_gradle\minecraft_user_repo\net\minecraftforge\forge\1.20.1-47.4.0_mapped_official_1.20.1\forge-1.20.1-47.4.0_mapped_official_1.20.1-recomp.jar with languages [LanguageSpec[languageName=minecraft, acceptedVersions=1]]
[00:45:41] [main/DEBUG] [ne.mi.fm.lo.mo.ModFileParser/LOADING]: Considering mod file candidate C:\Users\Rinsing\.gradle\caches\forge_gradle\deobf_dependencies\me\shedaniel\cloth\cloth-config-forge\11.1.136_mapped_official_1.20.1\cloth-config-forge-11.1.136_mapped_official_1.20.1.jar
[00:45:41] [main/DEBUG] [ne.mi.fm.lo.mo.ModFileInfo/LOADING]: Found valid mod file cloth-config-forge-11.1.136_mapped_official_1.20.1.jar with {cloth_config} mods - versions {11.1.136}
[00:45:41] [main/DEBUG] [ne.mi.fm.lo.mo.ModFile/LOADING]: Loading mod file C:\Users\Rinsing\.gradle\caches\forge_gradle\deobf_dependencies\me\shedaniel\cloth\cloth-config-forge\11.1.136_mapped_official_1.20.1\cloth-config-forge-11.1.136_mapped_official_1.20.1.jar with languages [LanguageSpec[languageName=javafml, acceptedVersions=[34,)]]
[00:45:41] [main/DEBUG] [ne.mi.fm.lo.mo.ModFileParser/LOADING]: Considering mod file candidate /
[00:45:41] [main/DEBUG] [ne.mi.fm.lo.mo.ModFileInfo/LOADING]: Found valid mod file  with {forge} mods - versions {47.4.0}
[00:45:41] [main/DEBUG] [ne.mi.fm.lo.mo.ModFile/LOADING]: Loading mod file / with languages [LanguageSpec[languageName=javafml, acceptedVersions=[24,]]]
[00:45:41] [main/DEBUG] [ne.mi.fm.lo.mo.ModFileParser/LOADING]: Found coremod field_to_method with Javascript path coremods/field_to_method.js
[00:45:41] [main/DEBUG] [ne.mi.fm.lo.mo.ModFileParser/LOADING]: Found coremod field_to_instanceof with Javascript path coremods/field_to_instanceof.js
[00:45:41] [main/DEBUG] [ne.mi.fm.lo.mo.ModFileParser/LOADING]: Found coremod add_bouncer_method with Javascript path coremods/add_bouncer_method.js
[00:45:41] [main/DEBUG] [ne.mi.fm.lo.mo.ModFileParser/LOADING]: Found coremod method_redirector with Javascript path coremods/method_redirector.js
[00:45:41] [main/DEBUG] [ne.mi.fm.lo.mo.ModFile/LOADING]: Found coremod coremods/field_to_method.js
[00:45:41] [main/DEBUG] [ne.mi.fm.lo.mo.ModFile/LOADING]: Found coremod coremods/field_to_instanceof.js
[00:45:41] [main/DEBUG] [ne.mi.fm.lo.mo.ModFile/LOADING]: Found coremod coremods/add_bouncer_method.js
[00:45:41] [main/DEBUG] [ne.mi.fm.lo.mo.ModFile/LOADING]: Found coremod coremods/method_redirector.js
[00:45:41] [main/DEBUG] [ne.mi.fm.lo.mo.ModFileParser/LOADING]: Considering mod file candidate C:\Users\Rinsing\.gradle\caches\forge_gradle\deobf_dependencies\curse\maven\worldedit-225608\4586218_mapped_official_1.20.1\worldedit-225608-4586218_mapped_official_1.20.1.jar
[00:45:41] [main/DEBUG] [ne.mi.fm.lo.mo.ModFileInfo/LOADING]: Found valid mod file worldedit-225608-4586218_mapped_official_1.20.1.jar with {worldedit} mods - versions {7.2.15+6463-5ca4dff}
[00:45:41] [main/DEBUG] [ne.mi.fm.lo.mo.ModFile/LOADING]: Loading mod file C:\Users\Rinsing\.gradle\caches\forge_gradle\deobf_dependencies\curse\maven\worldedit-225608\4586218_mapped_official_1.20.1\worldedit-225608-4586218_mapped_official_1.20.1.jar with languages [LanguageSpec[languageName=javafml, acceptedVersions=[24,)]]
[00:45:41] [main/DEBUG] [ne.mi.fm.lo.mo.ModFileParser/LOADING]: Considering mod file candidate C:\Users\Rinsing\.gradle\caches\forge_gradle\deobf_dependencies\local\t_and_t\t_and_t\1.12_mapped_official_1.20.1\t_and_t-1.12_mapped_official_1.20.1.jar
[00:45:41] [main/DEBUG] [ne.mi.fm.lo.mo.ModFileInfo/LOADING]: Found valid mod file t_and_t-1.12_mapped_official_1.20.1.jar with {t_and_t} mods - versions {0.0NONE}
[00:45:41] [main/DEBUG] [ne.mi.fm.lo.mo.ModFile/LOADING]: Loading mod file C:\Users\Rinsing\.gradle\caches\forge_gradle\deobf_dependencies\local\t_and_t\t_and_t\1.12_mapped_official_1.20.1\t_and_t-1.12_mapped_official_1.20.1.jar with languages [LanguageSpec[languageName=javafml, acceptedVersions=[43,)]]
[00:45:41] [main/DEBUG] [ne.mi.fm.lo.mo.ModFileParser/LOADING]: Considering mod file candidate C:\Users\Rinsing\.gradle\caches\forge_gradle\deobf_dependencies\curse\maven\epic-terrain-1075383\5936468_mapped_official_1.20.1\epic-terrain-1075383-5936468_mapped_official_1.20.1.jar
[00:45:41] [main/DEBUG] [ne.mi.fm.lo.mo.ModFileInfo/LOADING]: Found valid mod file epic-terrain-1075383-5936468_mapped_official_1.20.1.jar with {mr_epicterrain} mods - versions {0.1.2}
[00:45:41] [main/DEBUG] [ne.mi.fm.lo.mo.ModFile/LOADING]: Loading mod file C:\Users\Rinsing\.gradle\caches\forge_gradle\deobf_dependencies\curse\maven\epic-terrain-1075383\5936468_mapped_official_1.20.1\epic-terrain-1075383-5936468_mapped_official_1.20.1.jar with languages [LanguageSpec[languageName=lowcodefml, acceptedVersions=[40,)]]
[00:45:41] [main/DEBUG] [ne.mi.fm.lo.mo.ModFileParser/LOADING]: Considering mod file candidate C:\Users\Rinsing\.gradle\caches\forge_gradle\deobf_dependencies\dev\architectury\architectury-forge\9.2.14_mapped_official_1.20.1\architectury-forge-9.2.14_mapped_official_1.20.1.jar
[00:45:41] [main/DEBUG] [ne.mi.fm.lo.mo.ModFileInfo/LOADING]: Found valid mod file architectury-forge-9.2.14_mapped_official_1.20.1.jar with {architectury} mods - versions {9.2.14}
[00:45:41] [main/DEBUG] [ne.mi.fm.lo.mo.ModFile/LOADING]: Loading mod file C:\Users\Rinsing\.gradle\caches\forge_gradle\deobf_dependencies\dev\architectury\architectury-forge\9.2.14_mapped_official_1.20.1\architectury-forge-9.2.14_mapped_official_1.20.1.jar with languages [LanguageSpec[languageName=javafml, acceptedVersions=[46,)]]
[00:45:41] [main/DEBUG] [ne.mi.fm.lo.mo.ModFileParser/LOADING]: Considering mod file candidate E:\Mod_Dev\StructureBinder\build\resources\main
[00:45:41] [main/DEBUG] [ne.mi.fm.lo.mo.ModFileInfo/LOADING]: Found valid mod file main with {geomantia} mods - versions {0.1.0}
[00:45:41] [main/DEBUG] [ne.mi.fm.lo.mo.ModFile/LOADING]: Loading mod file E:\Mod_Dev\StructureBinder\build\resources\main with languages [LanguageSpec[languageName=javafml, acceptedVersions=[47,)]]
[00:45:41] [main/DEBUG] [ne.mi.fm.lo.mo.ModFileParser/LOADING]: Considering mod file candidate C:\Users\Rinsing\.gradle\caches\forge_gradle\deobf_dependencies\local\trek\trek\B0.6_mapped_official_1.20.1\trek-B0.6_mapped_official_1.20.1.jar
[00:45:41] [main/DEBUG] [ne.mi.fm.lo.mo.ModFileInfo/LOADING]: Found valid mod file trek-B0.6_mapped_official_1.20.1.jar with {mr_trek} mods - versions {1-B0.6}
[00:45:41] [main/DEBUG] [ne.mi.fm.lo.mo.ModFile/LOADING]: Loading mod file C:\Users\Rinsing\.gradle\caches\forge_gradle\deobf_dependencies\local\trek\trek\B0.6_mapped_official_1.20.1\trek-B0.6_mapped_official_1.20.1.jar with languages [LanguageSpec[languageName=lowcodefml, acceptedVersions=[40,)]]
[00:45:41] [main/DEBUG] [ne.mi.fm.lo.mo.ModFileParser/LOADING]: Considering mod file candidate C:\Users\Rinsing\.gradle\caches\forge_gradle\deobf_dependencies\local\cristellib\cristellib\1.1.6_mapped_official_1.20.1\cristellib-1.1.6_mapped_official_1.20.1.jar
[00:45:41] [main/DEBUG] [ne.mi.fm.lo.mo.ModFileInfo/LOADING]: Found valid mod file cristellib-1.1.6_mapped_official_1.20.1.jar with {cristellib} mods - versions {1.1.6}
[00:45:41] [main/DEBUG] [ne.mi.fm.lo.mo.ModFile/LOADING]: Loading mod file C:\Users\Rinsing\.gradle\caches\forge_gradle\deobf_dependencies\local\cristellib\cristellib\1.1.6_mapped_official_1.20.1\cristellib-1.1.6_mapped_official_1.20.1.jar with languages [LanguageSpec[languageName=javafml, acceptedVersions=[47,)]]
[00:45:41] [main/DEBUG] [ne.mi.fm.lo.mo.ModFileParser/LOADING]: Considering mod file candidate C:\Users\Rinsing\.gradle\caches\forge_gradle\deobf_dependencies\local\roadweaver\roadweaver-forge\2.3.0-1.20.1_mapped_official_1.20.1\roadweaver-forge-2.3.0-1.20.1_mapped_official_1.20.1.jar
[00:45:41] [main/DEBUG] [ne.mi.fm.lo.mo.ModFileInfo/LOADING]: Found valid mod file roadweaver-forge-2.3.0-1.20.1_mapped_official_1.20.1.jar with {roadweaver} mods - versions {2.2.2-1.20.1}
[00:45:41] [main/DEBUG] [ne.mi.fm.lo.mo.ModFile/LOADING]: Loading mod file C:\Users\Rinsing\.gradle\caches\forge_gradle\deobf_dependencies\local\roadweaver\roadweaver-forge\2.3.0-1.20.1_mapped_official_1.20.1\roadweaver-forge-2.3.0-1.20.1_mapped_official_1.20.1.jar with languages [LanguageSpec[languageName=javafml, acceptedVersions=[47,)]]
[00:45:41] [main/DEBUG] [ne.mi.fm.lo.mo.ModFile/LOADING]: Loading mod file  with languages []
[00:45:41] [main/DEBUG] [ne.mi.fm.lo.mo.ModFile/LOADING]: Loading mod file  with languages []
[00:45:41] [main/DEBUG] [ne.mi.fm.lo.mo.ModFile/LOADING]: Loading mod file  with languages []
[00:45:41] [main/DEBUG] [ne.mi.fm.lo.mo.ModFile/LOADING]: Loading mod file  with languages []
[00:45:41] [main/DEBUG] [cp.mo.mo.TransformationServiceDecorator/MODLAUNCHER]: End scan trigger - transformation service fml
[00:45:41] [main/DEBUG] [ne.mi.fm.lo.LanguageLoadingProvider/CORE]: Found 3 language providers
[00:45:41] [main/DEBUG] [ne.mi.fm.lo.LanguageLoadingProvider/CORE]: Found language provider minecraft, version 1.0
[00:45:41] [main/DEBUG] [ne.mi.fm.lo.LanguageLoadingProvider/CORE]: Found language provider lowcodefml, version 47
[00:45:41] [main/DEBUG] [ne.mi.fm.lo.LanguageLoadingProvider/CORE]: Found language provider javafml, version 47
[00:45:41] [main/DEBUG] [ne.mi.fm.lo.UniqueModListBuilder/]: Found 2 mods for first modid jankson, selecting most recent based on version data
[00:45:41] [main/DEBUG] [ne.mi.fm.lo.UniqueModListBuilder/]: Selected file jankson-1.2.3.jar for modid jankson with version 0.0NONE
[00:45:41] [main/DEBUG] [ne.mi.fm.lo.UniqueModListBuilder/]: Found 2 mods for first modid org.lwjgl.opencl, selecting most recent based on version data
[00:45:41] [main/DEBUG] [ne.mi.fm.lo.UniqueModListBuilder/]: Selected file lwjgl-opencl-3.3.1.jar for modid org.lwjgl.opencl with version build 7
[00:45:41] [main/DEBUG] [ne.mi.fm.lo.ModSorter/]: Configured system mods: [minecraft, forge]
[00:45:41] [main/DEBUG] [ne.mi.fm.lo.ModSorter/]: Found system mod: minecraft
[00:45:41] [main/DEBUG] [ne.mi.fm.lo.ModSorter/]: Found system mod: forge
[00:45:41] [main/DEBUG] [ne.mi.fm.lo.ModSorter/LOADING]: Found 20 mod requirements (15 mandatory, 5 optional)
[00:45:41] [main/DEBUG] [ne.mi.fm.lo.ModSorter/LOADING]: Found 0 mod requirements missing (0 mandatory, 0 optional)
[00:45:42] [main/DEBUG] [ne.mi.fm.lo.MCPNamingService/CORE]: Loaded 33222 method mappings from methods.csv
[00:45:42] [main/DEBUG] [ne.mi.fm.lo.MCPNamingService/CORE]: Loaded 31003 field mappings from fields.csv
[00:45:42] [main/DEBUG] [cp.mo.mo.TransformationServicesHandler/MODLAUNCHER]: Transformation services loading transformers
[00:45:42] [main/DEBUG] [cp.mo.mo.TransformationServiceDecorator/MODLAUNCHER]: Initializing transformers for transformation service mixin
[00:45:42] [main/DEBUG] [cp.mo.mo.TransformationServiceDecorator/MODLAUNCHER]: Initialized transformers for transformation service mixin
[00:45:42] [main/DEBUG] [cp.mo.mo.TransformationServiceDecorator/MODLAUNCHER]: Initializing transformers for transformation service fml
[00:45:42] [main/DEBUG] [ne.mi.fm.lo.FMLServiceProvider/CORE]: Loading coremod transformers
[00:45:42] [main/DEBUG] [ne.mi.co.CoreModEngine/COREMOD]: Loading CoreMod from coremods/field_to_method.js
[00:45:42] [main/DEBUG] [ne.mi.co.CoreModEngine/COREMOD]: CoreMod loaded successfully
[00:45:42] [main/DEBUG] [ne.mi.co.CoreModEngine/COREMOD]: Loading CoreMod from coremods/field_to_instanceof.js
[00:45:43] [main/DEBUG] [ne.mi.co.CoreModEngine/COREMOD]: CoreMod loaded successfully
[00:45:43] [main/DEBUG] [ne.mi.co.CoreModEngine/COREMOD]: Loading CoreMod from coremods/add_bouncer_method.js
[00:45:43] [main/DEBUG] [ne.mi.co.CoreModEngine/COREMOD]: CoreMod loaded successfully
[00:45:43] [main/DEBUG] [ne.mi.co.CoreModEngine/COREMOD]: Loading CoreMod from coremods/method_redirector.js
[00:45:43] [main/DEBUG] [ne.mi.co.CoreModEngine/COREMOD]: CoreMod loaded successfully
[00:45:43] [main/DEBUG] [cp.mo.mo.TransformStore/MODLAUNCHER]: Adding transformer net.minecraftforge.coremod.transformer.CoreModClassTransformer@793d163b to Target : CLASS {Lnet/minecraft/world/level/biome/Biome;} {} {V}
[00:45:43] [main/DEBUG] [cp.mo.mo.TransformStore/MODLAUNCHER]: Adding transformer net.minecraftforge.coremod.transformer.CoreModClassTransformer@25d0cb3a to Target : CLASS {Lnet/minecraft/world/level/levelgen/structure/Structure;} {} {V}
[00:45:43] [main/DEBUG] [cp.mo.mo.TransformStore/MODLAUNCHER]: Adding transformer net.minecraftforge.coremod.transformer.CoreModClassTransformer@345cbf40 to Target : CLASS {Lnet/minecraft/world/effect/MobEffectInstance;} {} {V}
[00:45:43] [main/DEBUG] [cp.mo.mo.TransformStore/MODLAUNCHER]: Adding transformer net.minecraftforge.coremod.transformer.CoreModClassTransformer@6e3eb0cd to Target : CLASS {Lnet/minecraft/world/level/block/LiquidBlock;} {} {V}
[00:45:43] [main/DEBUG] [cp.mo.mo.TransformStore/MODLAUNCHER]: Adding transformer net.minecraftforge.coremod.transformer.CoreModClassTransformer@463561c5 to Target : CLASS {Lnet/minecraft/world/item/BucketItem;} {} {V}
[00:45:43] [main/DEBUG] [cp.mo.mo.TransformStore/MODLAUNCHER]: Adding transformer net.minecraftforge.coremod.transformer.CoreModClassTransformer@659feb22 to Target : CLASS {Lnet/minecraft/world/level/block/StairBlock;} {} {V}
[00:45:43] [main/DEBUG] [cp.mo.mo.TransformStore/MODLAUNCHER]: Adding transformer net.minecraftforge.coremod.transformer.CoreModClassTransformer@3468ee6e to Target : CLASS {Lnet/minecraft/world/level/block/FlowerPotBlock;} {} {V}
[00:45:43] [main/DEBUG] [cp.mo.mo.TransformStore/MODLAUNCHER]: Adding transformer net.minecraftforge.coremod.transformer.CoreModClassTransformer@2f4b98f6 to Target : CLASS {Lnet/minecraft/world/item/ItemStack;} {} {V}
[00:45:43] [main/DEBUG] [cp.mo.mo.TransformStore/MODLAUNCHER]: Adding transformer net.minecraftforge.coremod.transformer.CoreModClassTransformer@421def93 to Target : CLASS {Lnet/minecraft/network/play/client/CClientSettingsPacket;} {} {V}
[00:45:43] [main/DEBUG] [cp.mo.mo.TransformStore/MODLAUNCHER]: Adding transformer net.minecraftforge.coremod.transformer.CoreModClassTransformer@58c1da09 to Target : CLASS {Lnet/minecraft/world/level/levelgen/PhantomSpawner;} {} {V}
[00:45:43] [main/DEBUG] [cp.mo.mo.TransformStore/MODLAUNCHER]: Adding transformer net.minecraftforge.coremod.transformer.CoreModClassTransformer@58c1da09 to Target : CLASS {Lnet/minecraft/world/entity/ai/village/VillageSiege;} {} {V}
[00:45:43] [main/DEBUG] [cp.mo.mo.TransformStore/MODLAUNCHER]: Adding transformer net.minecraftforge.coremod.transformer.CoreModClassTransformer@58c1da09 to Target : CLASS {Lnet/minecraft/world/entity/monster/Evoker$EvokerSummonSpellGoal;} {} {V}
[00:45:43] [main/DEBUG] [cp.mo.mo.TransformStore/MODLAUNCHER]: Adding transformer net.minecraftforge.coremod.transformer.CoreModClassTransformer@58c1da09 to Target : CLASS {Lnet/minecraft/world/level/levelgen/PatrolSpawner;} {} {V}
[00:45:43] [main/DEBUG] [cp.mo.mo.TransformStore/MODLAUNCHER]: Adding transformer net.minecraftforge.coremod.transformer.CoreModClassTransformer@58c1da09 to Target : CLASS {Lnet/minecraft/server/commands/SummonCommand;} {} {V}
[00:45:43] [main/DEBUG] [cp.mo.mo.TransformStore/MODLAUNCHER]: Adding transformer net.minecraftforge.coremod.transformer.CoreModClassTransformer@58c1da09 to Target : CLASS {Lnet/minecraft/world/entity/monster/ZombieVillager;} {} {V}
[00:45:43] [main/DEBUG] [cp.mo.mo.TransformStore/MODLAUNCHER]: Adding transformer net.minecraftforge.coremod.transformer.CoreModClassTransformer@58c1da09 to Target : CLASS {Lnet/minecraft/world/level/levelgen/structure/structures/OceanMonumentPieces$OceanMonumentPiece;} {} {V}
[00:45:43] [main/DEBUG] [cp.mo.mo.TransformStore/MODLAUNCHER]: Adding transformer net.minecraftforge.coremod.transformer.CoreModClassTransformer@58c1da09 to Target : CLASS {Lnet/minecraft/world/entity/raid/Raid;} {} {V}
[00:45:43] [main/DEBUG] [cp.mo.mo.TransformStore/MODLAUNCHER]: Adding transformer net.minecraftforge.coremod.transformer.CoreModClassTransformer@58c1da09 to Target : CLASS {Lnet/minecraft/world/entity/animal/frog/Tadpole;} {} {V}
[00:45:43] [main/DEBUG] [cp.mo.mo.TransformStore/MODLAUNCHER]: Adding transformer net.minecraftforge.coremod.transformer.CoreModClassTransformer@58c1da09 to Target : CLASS {Lnet/minecraft/world/level/levelgen/structure/structures/OceanRuinPieces$OceanRuinPiece;} {} {V}
[00:45:43] [main/DEBUG] [cp.mo.mo.TransformStore/MODLAUNCHER]: Adding transformer net.minecraftforge.coremod.transformer.CoreModClassTransformer@58c1da09 to Target : CLASS {Lnet/minecraft/world/level/levelgen/structure/structures/WoodlandMansionPieces$WoodlandMansionPiece;} {} {V}
[00:45:43] [main/DEBUG] [cp.mo.mo.TransformStore/MODLAUNCHER]: Adding transformer net.minecraftforge.coremod.transformer.CoreModClassTransformer@58c1da09 to Target : CLASS {Lnet/minecraft/world/entity/animal/horse/SkeletonTrapGoal;} {} {V}
[00:45:43] [main/DEBUG] [cp.mo.mo.TransformStore/MODLAUNCHER]: Adding transformer net.minecraftforge.coremod.transformer.CoreModClassTransformer@58c1da09 to Target : CLASS {Lnet/minecraft/world/entity/monster/Spider;} {} {V}
[00:45:43] [main/DEBUG] [cp.mo.mo.TransformStore/MODLAUNCHER]: Adding transformer net.minecraftforge.coremod.transformer.CoreModClassTransformer@58c1da09 to Target : CLASS {Lnet/minecraft/world/entity/npc/Villager;} {} {V}
[00:45:43] [main/DEBUG] [cp.mo.mo.TransformStore/MODLAUNCHER]: Adding transformer net.minecraftforge.coremod.transformer.CoreModClassTransformer@58c1da09 to Target : CLASS {Lnet/minecraft/server/commands/RaidCommand;} {} {V}
[00:45:43] [main/DEBUG] [cp.mo.mo.TransformStore/MODLAUNCHER]: Adding transformer net.minecraftforge.coremod.transformer.CoreModClassTransformer@58c1da09 to Target : CLASS {Lnet/minecraft/world/entity/EntityType;} {} {V}
[00:45:43] [main/DEBUG] [cp.mo.mo.TransformStore/MODLAUNCHER]: Adding transformer net.minecraftforge.coremod.transformer.CoreModClassTransformer@58c1da09 to Target : CLASS {Lnet/minecraft/world/level/levelgen/structure/templatesystem/StructureTemplate;} {} {V}
[00:45:43] [main/DEBUG] [cp.mo.mo.TransformStore/MODLAUNCHER]: Adding transformer net.minecraftforge.coremod.transformer.CoreModClassTransformer@58c1da09 to Target : CLASS {Lnet/minecraft/world/level/NaturalSpawner;} {} {V}
[00:45:43] [main/DEBUG] [cp.mo.mo.TransformStore/MODLAUNCHER]: Adding transformer net.minecraftforge.coremod.transformer.CoreModClassTransformer@58c1da09 to Target : CLASS {Lnet/minecraft/world/level/levelgen/structure/structures/SwampHutPiece;} {} {V}
[00:45:43] [main/DEBUG] [cp.mo.mo.TransformStore/MODLAUNCHER]: Adding transformer net.minecraftforge.coremod.transformer.CoreModClassTransformer@58c1da09 to Target : CLASS {Lnet/minecraft/world/entity/monster/Strider;} {} {V}
[00:45:43] [main/DEBUG] [cp.mo.mo.TransformStore/MODLAUNCHER]: Adding transformer net.minecraftforge.coremod.transformer.CoreModClassTransformer@58c1da09 to Target : CLASS {Lnet/minecraft/world/entity/monster/Zombie;} {} {V}
[00:45:43] [main/DEBUG] [cp.mo.mo.TransformStore/MODLAUNCHER]: Adding transformer net.minecraftforge.coremod.transformer.CoreModClassTransformer@58c1da09 to Target : CLASS {Lnet/minecraft/world/entity/npc/CatSpawner;} {} {V}
[00:45:43] [main/DEBUG] [cp.mo.mo.TransformationServiceDecorator/MODLAUNCHER]: Initialized transformers for transformation service fml
[00:45:44] [main/DEBUG] [mixin/]: Processing prepare() for PlatformAgent[MixinPlatformAgentDefault:ModLauncher Root Container(ModLauncher:4f56a0a2)]
[00:45:44] [main/DEBUG] [mixin/]: Processing launch tasks for PlatformAgent[MixinPlatformAgentDefault:ModLauncher Root Container(ModLauncher:4f56a0a2)]
[00:45:44] [main/DEBUG] [mixin/]: Adding mixin platform agents for container SecureJarResource(minecraft)
[00:45:44] [main/DEBUG] [mixin/]: Instancing new MixinPlatformAgentMinecraftForge for SecureJarResource(minecraft)
[00:45:44] [main/DEBUG] [mixin/]: MixinPlatformAgentMinecraftForge rejected container SecureJarResource(minecraft)
[00:45:44] [main/DEBUG] [mixin/]: Instancing new MixinPlatformAgentDefault for SecureJarResource(minecraft)
[00:45:44] [main/DEBUG] [mixin/]: MixinPlatformAgentDefault accepted container SecureJarResource(minecraft)
[00:45:44] [main/DEBUG] [mixin/]: Processing prepare() for PlatformAgent[MixinPlatformAgentDefault:SecureJarResource(minecraft)]
[00:45:44] [main/DEBUG] [mixin/]: Adding mixin platform agents for container SecureJarResource(mr_epicterrain)
[00:45:44] [main/DEBUG] [mixin/]: Instancing new MixinPlatformAgentMinecraftForge for SecureJarResource(mr_epicterrain)
[00:45:44] [main/DEBUG] [mixin/]: MixinPlatformAgentMinecraftForge rejected container SecureJarResource(mr_epicterrain)
[00:45:44] [main/DEBUG] [mixin/]: Instancing new MixinPlatformAgentDefault for SecureJarResource(mr_epicterrain)
[00:45:44] [main/DEBUG] [mixin/]: MixinPlatformAgentDefault accepted container SecureJarResource(mr_epicterrain)
[00:45:44] [main/DEBUG] [mixin/]: Processing prepare() for PlatformAgent[MixinPlatformAgentDefault:SecureJarResource(mr_epicterrain)]
[00:45:44] [main/DEBUG] [mixin/]: Adding mixin platform agents for container SecureJarResource(worldedit)
[00:45:44] [main/DEBUG] [mixin/]: Instancing new MixinPlatformAgentMinecraftForge for SecureJarResource(worldedit)
[00:45:44] [main/DEBUG] [mixin/]: MixinPlatformAgentMinecraftForge rejected container SecureJarResource(worldedit)
[00:45:44] [main/DEBUG] [mixin/]: Instancing new MixinPlatformAgentDefault for SecureJarResource(worldedit)
[00:45:44] [main/DEBUG] [mixin/]: MixinPlatformAgentDefault accepted container SecureJarResource(worldedit)
[00:45:44] [main/DEBUG] [mixin/]: Processing prepare() for PlatformAgent[MixinPlatformAgentDefault:SecureJarResource(worldedit)]
[00:45:44] [main/DEBUG] [mixin/]: Adding mixin platform agents for container SecureJarResource(architectury)
[00:45:44] [main/DEBUG] [mixin/]: Instancing new MixinPlatformAgentMinecraftForge for SecureJarResource(architectury)
[00:45:44] [main/DEBUG] [mixin/]: MixinPlatformAgentMinecraftForge rejected container SecureJarResource(architectury)
[00:45:44] [main/DEBUG] [mixin/]: Instancing new MixinPlatformAgentDefault for SecureJarResource(architectury)
[00:45:44] [main/DEBUG] [mixin/]: MixinPlatformAgentDefault accepted container SecureJarResource(architectury)
[00:45:44] [main/DEBUG] [mixin/]: Processing prepare() for PlatformAgent[MixinPlatformAgentDefault:SecureJarResource(architectury)]
[00:45:44] [main/DEBUG] [mixin/]: Registering mixin config: architectury.mixins.json
[00:45:44] [main/DEBUG] [mixin/]: Registering mixin config: architectury-common.mixins.json
[00:45:44] [main/DEBUG] [mixin/]: Adding mixin platform agents for container SecureJarResource(cloth_config)
[00:45:44] [main/DEBUG] [mixin/]: Instancing new MixinPlatformAgentMinecraftForge for SecureJarResource(cloth_config)
[00:45:44] [main/DEBUG] [mixin/]: MixinPlatformAgentMinecraftForge rejected container SecureJarResource(cloth_config)
[00:45:44] [main/DEBUG] [mixin/]: Instancing new MixinPlatformAgentDefault for SecureJarResource(cloth_config)
[00:45:44] [main/DEBUG] [mixin/]: MixinPlatformAgentDefault accepted container SecureJarResource(cloth_config)
[00:45:44] [main/DEBUG] [mixin/]: Processing prepare() for PlatformAgent[MixinPlatformAgentDefault:SecureJarResource(cloth_config)]
[00:45:44] [main/DEBUG] [mixin/]: Adding mixin platform agents for container SecureJarResource(forge)
[00:45:44] [main/DEBUG] [mixin/]: Instancing new MixinPlatformAgentMinecraftForge for SecureJarResource(forge)
[00:45:44] [main/DEBUG] [mixin/]: MixinPlatformAgentMinecraftForge rejected container SecureJarResource(forge)
[00:45:44] [main/DEBUG] [mixin/]: Instancing new MixinPlatformAgentDefault for SecureJarResource(forge)
[00:45:44] [main/DEBUG] [mixin/]: MixinPlatformAgentDefault accepted container SecureJarResource(forge)
[00:45:44] [main/DEBUG] [mixin/]: Processing prepare() for PlatformAgent[MixinPlatformAgentDefault:SecureJarResource(forge)]
[00:45:44] [main/DEBUG] [mixin/]: Adding mixin platform agents for container SecureJarResource(t_and_t)
[00:45:44] [main/DEBUG] [mixin/]: Instancing new MixinPlatformAgentMinecraftForge for SecureJarResource(t_and_t)
[00:45:44] [main/DEBUG] [mixin/]: MixinPlatformAgentMinecraftForge rejected container SecureJarResource(t_and_t)
[00:45:44] [main/DEBUG] [mixin/]: Instancing new MixinPlatformAgentDefault for SecureJarResource(t_and_t)
[00:45:44] [main/DEBUG] [mixin/]: MixinPlatformAgentDefault accepted container SecureJarResource(t_and_t)
[00:45:44] [main/DEBUG] [mixin/]: Processing prepare() for PlatformAgent[MixinPlatformAgentDefault:SecureJarResource(t_and_t)]
[00:45:44] [main/DEBUG] [mixin/]: Adding mixin platform agents for container SecureJarResource(mr_trek)
[00:45:44] [main/DEBUG] [mixin/]: Instancing new MixinPlatformAgentMinecraftForge for SecureJarResource(mr_trek)
[00:45:44] [main/DEBUG] [mixin/]: MixinPlatformAgentMinecraftForge rejected container SecureJarResource(mr_trek)
[00:45:44] [main/DEBUG] [mixin/]: Instancing new MixinPlatformAgentDefault for SecureJarResource(mr_trek)
[00:45:44] [main/DEBUG] [mixin/]: MixinPlatformAgentDefault accepted container SecureJarResource(mr_trek)
[00:45:44] [main/DEBUG] [mixin/]: Processing prepare() for PlatformAgent[MixinPlatformAgentDefault:SecureJarResource(mr_trek)]
[00:45:44] [main/DEBUG] [mixin/]: Adding mixin platform agents for container SecureJarResource(roadweaver)
[00:45:44] [main/DEBUG] [mixin/]: Instancing new MixinPlatformAgentMinecraftForge for SecureJarResource(roadweaver)
[00:45:44] [main/DEBUG] [mixin/]: MixinPlatformAgentMinecraftForge rejected container SecureJarResource(roadweaver)
[00:45:44] [main/DEBUG] [mixin/]: Instancing new MixinPlatformAgentDefault for SecureJarResource(roadweaver)
[00:45:44] [main/DEBUG] [mixin/]: MixinPlatformAgentDefault accepted container SecureJarResource(roadweaver)
[00:45:44] [main/DEBUG] [mixin/]: Processing prepare() for PlatformAgent[MixinPlatformAgentDefault:SecureJarResource(roadweaver)]
[00:45:44] [main/DEBUG] [mixin/]: Registering mixin config: roadweaver.mixins.json
[00:45:44] [main/DEBUG] [mixin/]: Compatibility level JAVA_17 specified by roadweaver.mixins.json is higher than the maximum level supported by this version of mixin (JAVA_13).
[00:45:44] [main/INFO] [mixin/]: Compatibility level set to JAVA_17
[00:45:44] [main/DEBUG] [mixin/]: Adding mixin platform agents for container SecureJarResource(geomantia)
[00:45:44] [main/DEBUG] [mixin/]: Instancing new MixinPlatformAgentMinecraftForge for SecureJarResource(geomantia)
[00:45:44] [main/DEBUG] [mixin/]: MixinPlatformAgentMinecraftForge rejected container SecureJarResource(geomantia)
[00:45:44] [main/DEBUG] [mixin/]: Instancing new MixinPlatformAgentDefault for SecureJarResource(geomantia)
[00:45:44] [main/DEBUG] [mixin/]: MixinPlatformAgentDefault accepted container SecureJarResource(geomantia)
[00:45:44] [main/DEBUG] [mixin/]: Processing prepare() for PlatformAgent[MixinPlatformAgentDefault:SecureJarResource(geomantia)]
[00:45:44] [main/DEBUG] [mixin/]: Registering mixin config: geomantia.mixins.json
[00:45:44] [main/DEBUG] [mixin/]: Adding mixin platform agents for container SecureJarResource(cristellib)
[00:45:44] [main/DEBUG] [mixin/]: Instancing new MixinPlatformAgentMinecraftForge for SecureJarResource(cristellib)
[00:45:44] [main/DEBUG] [mixin/]: MixinPlatformAgentMinecraftForge rejected container SecureJarResource(cristellib)
[00:45:44] [main/DEBUG] [mixin/]: Instancing new MixinPlatformAgentDefault for SecureJarResource(cristellib)
[00:45:44] [main/DEBUG] [mixin/]: MixinPlatformAgentDefault accepted container SecureJarResource(cristellib)
[00:45:44] [main/DEBUG] [mixin/]: Processing prepare() for PlatformAgent[MixinPlatformAgentDefault:SecureJarResource(cristellib)]
[00:45:44] [main/DEBUG] [mixin/]: Registering mixin config: cristellib-common.mixins.json
[00:45:44] [main/DEBUG] [mixin/]: Registering mixin config: cristellib.mixins.json
[00:45:44] [main/DEBUG] [mixin/]: Adding mixin platform agents for container SecureJarResource(jankson)
[00:45:44] [main/DEBUG] [mixin/]: Instancing new MixinPlatformAgentMinecraftForge for SecureJarResource(jankson)
[00:45:44] [main/DEBUG] [mixin/]: MixinPlatformAgentMinecraftForge rejected container SecureJarResource(jankson)
[00:45:44] [main/DEBUG] [mixin/]: Instancing new MixinPlatformAgentDefault for SecureJarResource(jankson)
[00:45:44] [main/DEBUG] [mixin/]: MixinPlatformAgentDefault accepted container SecureJarResource(jankson)
[00:45:44] [main/DEBUG] [mixin/]: Processing prepare() for PlatformAgent[MixinPlatformAgentDefault:SecureJarResource(jankson)]
[00:45:44] [main/DEBUG] [mixin/]: Adding mixin platform agents for container SecureJarResource(org.lwjgl.opencl)
[00:45:44] [main/DEBUG] [mixin/]: Instancing new MixinPlatformAgentMinecraftForge for SecureJarResource(org.lwjgl.opencl)
[00:45:44] [main/DEBUG] [mixin/]: MixinPlatformAgentMinecraftForge rejected container SecureJarResource(org.lwjgl.opencl)
[00:45:44] [main/DEBUG] [mixin/]: Instancing new MixinPlatformAgentDefault for SecureJarResource(org.lwjgl.opencl)
[00:45:44] [main/DEBUG] [mixin/]: MixinPlatformAgentDefault accepted container SecureJarResource(org.lwjgl.opencl)
[00:45:44] [main/DEBUG] [mixin/]: Processing prepare() for PlatformAgent[MixinPlatformAgentDefault:SecureJarResource(org.lwjgl.opencl)]
[00:45:44] [main/DEBUG] [mixin/]: inject() running with 14 agents
[00:45:44] [main/DEBUG] [mixin/]: Processing inject() for PlatformAgent[MixinPlatformAgentDefault:ModLauncher Root Container(ModLauncher:4f56a0a2)]
[00:45:44] [main/DEBUG] [mixin/]: Processing inject() for PlatformAgent[MixinPlatformAgentDefault:SecureJarResource(minecraft)]
[00:45:44] [main/DEBUG] [mixin/]: Processing inject() for PlatformAgent[MixinPlatformAgentDefault:SecureJarResource(mr_epicterrain)]
[00:45:44] [main/DEBUG] [mixin/]: Processing inject() for PlatformAgent[MixinPlatformAgentDefault:SecureJarResource(worldedit)]
[00:45:44] [main/DEBUG] [mixin/]: Processing inject() for PlatformAgent[MixinPlatformAgentDefault:SecureJarResource(architectury)]
[00:45:44] [main/DEBUG] [mixin/]: Processing inject() for PlatformAgent[MixinPlatformAgentDefault:SecureJarResource(cloth_config)]
[00:45:44] [main/DEBUG] [mixin/]: Processing inject() for PlatformAgent[MixinPlatformAgentDefault:SecureJarResource(forge)]
[00:45:44] [main/DEBUG] [mixin/]: Processing inject() for PlatformAgent[MixinPlatformAgentDefault:SecureJarResource(t_and_t)]
[00:45:44] [main/DEBUG] [mixin/]: Processing inject() for PlatformAgent[MixinPlatformAgentDefault:SecureJarResource(mr_trek)]
[00:45:44] [main/DEBUG] [mixin/]: Processing inject() for PlatformAgent[MixinPlatformAgentDefault:SecureJarResource(roadweaver)]
[00:45:44] [main/DEBUG] [mixin/]: Processing inject() for PlatformAgent[MixinPlatformAgentDefault:SecureJarResource(geomantia)]
[00:45:44] [main/DEBUG] [mixin/]: Processing inject() for PlatformAgent[MixinPlatformAgentDefault:SecureJarResource(cristellib)]
[00:45:44] [main/DEBUG] [mixin/]: Processing inject() for PlatformAgent[MixinPlatformAgentDefault:SecureJarResource(jankson)]
[00:45:44] [main/DEBUG] [mixin/]: Processing inject() for PlatformAgent[MixinPlatformAgentDefault:SecureJarResource(org.lwjgl.opencl)]
[00:45:44] [main/INFO] [cp.mo.mo.LaunchServiceHandler/MODLAUNCHER]: Launching target 'forgeclientuserdev' with arguments [--version, MOD_DEV, --gameDir, ., --assetsDir, C:\Users\Rinsing\.gradle\caches\forge_gradle\assets, --assetIndex, 5]
[00:45:44] [main/DEBUG] [mixin/]: Error cleaning class output directory: .mixin.out
[00:45:44] [main/DEBUG] [mixin/]: Preparing mixins for MixinEnvironment[DEFAULT]
[00:45:44] [main/DEBUG] [mixin/]: Selecting config architectury.mixins.json
[00:45:45] [main/INFO] [mixin/]: Remapping refMap architectury-forge-refmap.json using E:\Mod_Dev\StructureBinder\build/createSrgToMcp/output.srg
[00:45:45] [main/DEBUG] [mixin/]: Selecting config architectury-common.mixins.json
[00:45:45] [main/INFO] [mixin/]: Remapping refMap architectury-common-refmap.json using E:\Mod_Dev\StructureBinder\build/createSrgToMcp/output.srg
[00:45:45] [main/DEBUG] [mixin/]: Selecting config roadweaver.mixins.json
[00:45:45] [main/INFO] [mixin/]: Remapping refMap roadweaver-forge-forge-refmap.json using E:\Mod_Dev\StructureBinder\build/createSrgToMcp/output.srg
[00:45:45] [main/DEBUG] [mixin/]: Selecting config geomantia.mixins.json
[00:45:45] [main/DEBUG] [mixin/]: Selecting config cristellib-common.mixins.json
[00:45:45] [main/INFO] [mixin/]: Remapping refMap cristellib-common-refmap.json using E:\Mod_Dev\StructureBinder\build/createSrgToMcp/output.srg
[00:45:45] [main/DEBUG] [mixin/]: Selecting config cristellib.mixins.json
[00:45:45] [main/WARN] [mixin/]: Reference map 'cristellib-forge-refmap.json' for cristellib.mixins.json could not be read. If this is a development environment you can ignore this message
[00:45:45] [main/DEBUG] [mixin/]: Preparing architectury.mixins.json (9)
[00:45:45] [main/DEBUG] [mixin/]: Preparing architectury-common.mixins.json (10)
[00:45:45] [main/DEBUG] [ne.mi.co.tr.CoreModBaseTransformer/COREMOD]: Transforming net/minecraft/world/item/BucketItem
[00:45:45] [main/DEBUG] [ne.mi.co.tr.CoreModBaseTransformer/COREMOD]: Transforming net/minecraft/world/entity/EntityType
[00:45:45] [main/DEBUG] [ne.mi.co.tr.CoreModBaseTransformer/COREMOD]: Transforming net/minecraft/world/level/block/LiquidBlock
[00:45:45] [main/DEBUG] [mixin/]: Preparing roadweaver.mixins.json (17)
[00:45:45] [main/DEBUG] [ne.mi.co.tr.CoreModBaseTransformer/COREMOD]: Transforming net/minecraft/world/level/biome/Biome
[00:45:45] [main/DEBUG] [mixin/]: Preparing geomantia.mixins.json (4)
[00:45:45] [main/DEBUG] [mixin/]: Preparing cristellib-common.mixins.json (1)
[00:45:45] [main/DEBUG] [mixin/]: Preparing cristellib.mixins.json (0)
[00:45:45] [main/DEBUG] [mixin/]: Registering new injector for @Inject with org.spongepowered.asm.mixin.injection.struct.CallbackInjectionInfo
[00:45:45] [main/DEBUG] [mixin/]: Registering new injector for @ModifyArg with org.spongepowered.asm.mixin.injection.struct.ModifyArgInjectionInfo
[00:45:45] [main/DEBUG] [mixin/]: Registering new injector for @ModifyArgs with org.spongepowered.asm.mixin.injection.struct.ModifyArgsInjectionInfo
[00:45:45] [main/DEBUG] [mixin/]: Registering new injector for @Redirect with org.spongepowered.asm.mixin.injection.struct.RedirectInjectionInfo
[00:45:45] [main/DEBUG] [mixin/]: Registering new injector for @ModifyVariable with org.spongepowered.asm.mixin.injection.struct.ModifyVariableInjectionInfo
[00:45:45] [main/DEBUG] [mixin/]: Registering new injector for @ModifyConstant with org.spongepowered.asm.mixin.injection.struct.ModifyConstantInjectionInfo
[00:45:45] [main/DEBUG] [mixin/]: Prepared 36 mixins in 0.859 sec (23.9ms avg) (0ms load, 0ms transform, 0ms plugin)
[00:45:46] [main/DEBUG] [io.ne.ut.in.lo.InternalLoggerFactory/]: Using SLF4J as the default logging framework
[00:45:46] [main/DEBUG] [io.ne.ut.ResourceLeakDetector/]: -Dio.netty.leakDetection.level: simple
[00:45:46] [main/DEBUG] [io.ne.ut.ResourceLeakDetector/]: -Dio.netty.leakDetection.targetRecords: 4
[00:45:46] [main/DEBUG] [os.ut.FileUtil/]: No oshi.properties file found from ClassLoader cpw.mods.modlauncher.TransformingClassLoader@208f0007
[00:45:46] [main/DEBUG] [os.ut.FileUtil/]: No oshi.architecture.properties file found from ClassLoader cpw.mods.modlauncher.TransformingClassLoader@208f0007
[00:45:47] [main/WARN] [os.dr.wi.pe.PerfmonDisabled/]: Invalid registry value type detected for PerfOS counters. Should be REG_DWORD. Ignoring: HKEY_LOCAL_MACHINE\SYSTEM\CurrentControlSet\Services\PerfOS\Performance\Disable Performance Counters.
[00:45:47] [pool-3-thread-1/DEBUG] [mixin/]: Mixing inject.MixinGameEvent from architectury-common.mixins.json into net.minecraft.world.level.gameevent.GameEvent
[00:45:47] [pool-3-thread-1/DEBUG] [mixin/]: Mixing inject.MixinBlock from architectury-common.mixins.json into net.minecraft.world.level.block.Block
[00:45:47] [pool-3-thread-1/DEBUG] [mixin/]: Mixing forge.ServerLevelStructureMixin from roadweaver.mixins.json into net.minecraft.server.level.ServerLevel
[00:45:47] [pool-3-thread-1/DEBUG] [mixin/]: Mixing inject.MixinFluid from architectury-common.mixins.json into net.minecraft.world.level.material.Fluid
[00:45:47] [pool-3-thread-1/DEBUG] [mixin/]: Mixing inject.MixinItem from architectury-common.mixins.json into net.minecraft.world.item.Item
[00:45:47] [pool-3-thread-1/DEBUG] [ne.mi.co.tr.CoreModBaseTransformer/COREMOD]: Transforming net/minecraft/world/entity/EntityType
[00:45:48] [pool-3-thread-1/DEBUG] [mixin/]: Mixing inject.MixinEntityType from architectury-common.mixins.json into net.minecraft.world.entity.EntityType
[00:45:48] [pool-3-thread-1/DEBUG] [ne.mi.co.tr.CoreModBaseTransformer/COREMOD]: Transforming net/minecraft/world/level/block/LiquidBlock
[00:45:48] [pool-3-thread-1/DEBUG] [mixin/]: Mixing inject.MixinLiquidBlock from architectury-common.mixins.json into net.minecraft.world.level.block.LiquidBlock
[00:45:48] [pool-3-thread-1/DEBUG] [ne.mi.co.tr.CoreModBaseTransformer/COREMOD]: Transforming net/minecraft/world/level/block/StairBlock
[00:45:48] [pool-3-thread-1/DEBUG] [ne.mi.co.tr.CoreModBaseTransformer/COREMOD]: Transforming net/minecraft/world/level/block/FlowerPotBlock
[00:45:48] [pool-3-thread-1/DEBUG] [mixin/]: Mixing MixinFallingBlockEntity from architectury.mixins.json into net.minecraft.world.entity.item.FallingBlockEntity
[00:45:49] [pool-3-thread-1/DEBUG] [ne.mi.co.tr.CoreModBaseTransformer/COREMOD]: Transforming net/minecraft/world/item/ItemStack
[00:45:49] [pool-3-thread-1/DEBUG] [mixin/]: Mixing MixinLightningBolt from architectury-common.mixins.json into net.minecraft.world.entity.LightningBolt
[00:45:50] [pool-3-thread-1/DEBUG] [ne.mi.co.tr.CoreModBaseTransformer/COREMOD]: Transforming net/minecraft/world/entity/animal/frog/Tadpole
[00:45:50] [pool-3-thread-1/DEBUG] [ne.mi.co.tr.CoreModBaseTransformer/COREMOD]: Transforming net/minecraft/world/item/BucketItem
[00:45:50] [pool-3-thread-1/DEBUG] [mixin/]: Mixing inject.MixinBucketItem from architectury-common.mixins.json into net.minecraft.world.item.BucketItem
[00:45:50] [pool-3-thread-1/DEBUG] [mixin/]: Mixing inject.MixinItemProperties from architectury-common.mixins.json into net.minecraft.world.item.Item$Properties
[00:45:51] [pool-3-thread-1/DEBUG] [ne.mi.co.tr.CoreModBaseTransformer/COREMOD]: Transforming net/minecraft/world/entity/monster/Spider
[00:45:51] [Datafixer Bootstrap/INFO] [mojang/DataFixerBuilder]: 188 Datafixer optimizations took 140 milliseconds
[00:45:51] [pool-3-thread-1/DEBUG] [ne.mi.co.tr.CoreModBaseTransformer/COREMOD]: Transforming net/minecraft/world/entity/monster/Zombie
[00:45:51] [pool-3-thread-1/DEBUG] [ne.mi.co.tr.CoreModBaseTransformer/COREMOD]: Transforming net/minecraft/world/entity/monster/ZombieVillager
[00:45:51] [pool-3-thread-1/DEBUG] [ne.mi.co.tr.CoreModBaseTransformer/COREMOD]: Transforming net/minecraft/world/entity/monster/Evoker$EvokerSummonSpellGoal
[00:45:51] [pool-3-thread-1/DEBUG] [ne.mi.co.tr.CoreModBaseTransformer/COREMOD]: Transforming net/minecraft/world/entity/animal/horse/SkeletonTrapGoal
[00:45:51] [pool-3-thread-1/DEBUG] [ne.mi.co.tr.CoreModBaseTransformer/COREMOD]: Transforming net/minecraft/world/entity/monster/Strider
[00:45:51] [pool-3-thread-1/DEBUG] [ne.mi.co.tr.CoreModBaseTransformer/COREMOD]: Transforming net/minecraft/world/entity/npc/Villager
[00:45:51] [pool-3-thread-1/DEBUG] [mixin/]: Mixing inject.MixinFoodPropertiesBuilder from architectury-common.mixins.json into net.minecraft.world.food.FoodProperties$Builder
[00:45:51] [pool-3-thread-1/DEBUG] [ne.mi.co.tr.CoreModBaseTransformer/COREMOD]: Transforming net/minecraft/world/effect/MobEffectInstance
[00:45:52] [pool-3-thread-1/DEBUG] [mixin/]: Mixing ChunkGeneratorStructureMaskMixin from geomantia.mixins.json into net.minecraft.world.level.chunk.ChunkGenerator
[00:45:52] [pool-3-thread-1/DEBUG] [mixin/]: Mixing forge.TreeFeatureMixin from roadweaver.mixins.json into net.minecraft.world.level.levelgen.feature.TreeFeature
[00:45:52] [pool-3-thread-1/DEBUG] [mixin/]: Mixing forge.HugeMushroomFeatureMixin from roadweaver.mixins.json into net.minecraft.world.level.levelgen.feature.AbstractHugeMushroomFeature
[00:45:52] [pool-3-thread-1/DEBUG] [mixin/]: Mixing forge.BambooFeatureMixin from roadweaver.mixins.json into net.minecraft.world.level.levelgen.feature.BambooFeature
[00:45:52] [pool-3-thread-1/DEBUG] [mixin/]: Mixing forge.HugeFungusFeatureMixin from roadweaver.mixins.json into net.minecraft.world.level.levelgen.feature.HugeFungusFeature
[00:45:52] [pool-3-thread-1/DEBUG] [mixin/]: Mixing forge.GenericVegetationFeatureMixin from roadweaver.mixins.json into net.minecraft.world.level.levelgen.feature.ConfiguredFeature
[00:45:52] [pool-3-thread-1/DEBUG] [mixin/]: Mixing ConfiguredFeatureMaskMixin from geomantia.mixins.json into net.minecraft.world.level.levelgen.feature.ConfiguredFeature
[00:45:52] [pool-3-thread-1/DEBUG] [ne.mi.co.tr.CoreModBaseTransformer/COREMOD]: Transforming net/minecraft/world/level/levelgen/structure/Structure
[00:45:52] [pool-3-thread-1/DEBUG] [ne.mi.co.tr.CoreModBaseTransformer/COREMOD]: Transforming net/minecraft/world/level/levelgen/structure/structures/OceanRuinPieces$OceanRuinPiece
[00:45:52] [pool-3-thread-1/DEBUG] [ne.mi.co.tr.CoreModBaseTransformer/COREMOD]: Transforming net/minecraft/world/level/levelgen/structure/structures/SwampHutPiece
[00:45:52] [pool-3-thread-1/DEBUG] [ne.mi.co.tr.CoreModBaseTransformer/COREMOD]: Transforming net/minecraft/world/level/levelgen/structure/structures/OceanMonumentPieces$OceanMonumentPiece
[00:45:52] [pool-3-thread-1/DEBUG] [ne.mi.co.tr.CoreModBaseTransformer/COREMOD]: Transforming net/minecraft/world/level/levelgen/structure/structures/WoodlandMansionPieces$WoodlandMansionPiece
[00:45:52] [pool-3-thread-1/DEBUG] [ne.mi.co.tr.CoreModBaseTransformer/COREMOD]: Transforming net/minecraft/world/level/biome/Biome
[00:45:52] [pool-3-thread-1/DEBUG] [mixin/]: Mixing forge.BiomeGrassColorFailSafeMixin from roadweaver.mixins.json into net.minecraft.world.level.biome.Biome
[00:45:53] [pool-3-thread-1/DEBUG] [ne.mi.re.GameData/REGISTRIES]: Creating vanilla freeze snapshot
[00:45:53] [pool-3-thread-1/DEBUG] [ne.mi.re.ForgeRegistry/REGISTRIES]: Registry minecraft:block Sync: VANILLA -> ACTIVE
[00:45:53] [pool-3-thread-1/DEBUG] [ne.mi.re.ForgeRegistry/REGISTRIES]: Registry minecraft:fluid Sync: VANILLA -> ACTIVE
[00:45:53] [pool-3-thread-1/DEBUG] [ne.mi.re.ForgeRegistry/REGISTRIES]: Registry minecraft:item Sync: VANILLA -> ACTIVE
[00:45:53] [pool-3-thread-1/DEBUG] [ne.mi.re.ForgeRegistry/REGISTRIES]: Registry minecraft:mob_effect Sync: VANILLA -> ACTIVE
[00:45:53] [pool-3-thread-1/DEBUG] [ne.mi.re.ForgeRegistry/REGISTRIES]: Registry minecraft:sound_event Sync: VANILLA -> ACTIVE
[00:45:53] [pool-3-thread-1/DEBUG] [ne.mi.re.ForgeRegistry/REGISTRIES]: Registry minecraft:potion Sync: VANILLA -> ACTIVE
[00:45:53] [pool-3-thread-1/DEBUG] [ne.mi.re.ForgeRegistry/REGISTRIES]: Registry minecraft:enchantment Sync: VANILLA -> ACTIVE
[00:45:53] [pool-3-thread-1/DEBUG] [ne.mi.re.ForgeRegistry/REGISTRIES]: Registry minecraft:entity_type Sync: VANILLA -> ACTIVE
[00:45:53] [pool-3-thread-1/DEBUG] [ne.mi.re.ForgeRegistry/REGISTRIES]: Registry minecraft:block_entity_type Sync: VANILLA -> ACTIVE
[00:45:53] [pool-3-thread-1/DEBUG] [ne.mi.re.ForgeRegistry/REGISTRIES]: Registry minecraft:particle_type Sync: VANILLA -> ACTIVE
[00:45:53] [pool-3-thread-1/DEBUG] [ne.mi.re.ForgeRegistry/REGISTRIES]: Registry minecraft:menu Sync: VANILLA -> ACTIVE
[00:45:53] [pool-3-thread-1/DEBUG] [ne.mi.re.ForgeRegistry/REGISTRIES]: Registry minecraft:painting_variant Sync: VANILLA -> ACTIVE
[00:45:53] [pool-3-thread-1/DEBUG] [ne.mi.re.ForgeRegistry/REGISTRIES]: Registry minecraft:recipe_type Sync: VANILLA -> ACTIVE
[00:45:53] [pool-3-thread-1/DEBUG] [ne.mi.re.ForgeRegistry/REGISTRIES]: Registry minecraft:recipe_serializer Sync: VANILLA -> ACTIVE
[00:45:53] [pool-3-thread-1/DEBUG] [ne.mi.re.ForgeRegistry/REGISTRIES]: Registry minecraft:attribute Sync: VANILLA -> ACTIVE
[00:45:53] [pool-3-thread-1/DEBUG] [ne.mi.re.ForgeRegistry/REGISTRIES]: Registry minecraft:stat_type Sync: VANILLA -> ACTIVE
[00:45:53] [pool-3-thread-1/DEBUG] [ne.mi.re.ForgeRegistry/REGISTRIES]: Registry minecraft:command_argument_type Sync: VANILLA -> ACTIVE
[00:45:53] [pool-3-thread-1/DEBUG] [ne.mi.re.ForgeRegistry/REGISTRIES]: Registry minecraft:villager_profession Sync: VANILLA -> ACTIVE
[00:45:53] [pool-3-thread-1/DEBUG] [ne.mi.re.ForgeRegistry/REGISTRIES]: Registry minecraft:point_of_interest_type Sync: VANILLA -> ACTIVE
[00:45:53] [pool-3-thread-1/DEBUG] [ne.mi.re.ForgeRegistry/REGISTRIES]: Registry minecraft:memory_module_type Sync: VANILLA -> ACTIVE
[00:45:53] [pool-3-thread-1/DEBUG] [ne.mi.re.ForgeRegistry/REGISTRIES]: Registry minecraft:sensor_type Sync: VANILLA -> ACTIVE
[00:45:53] [pool-3-thread-1/DEBUG] [ne.mi.re.ForgeRegistry/REGISTRIES]: Registry minecraft:schedule Sync: VANILLA -> ACTIVE
[00:45:53] [pool-3-thread-1/DEBUG] [ne.mi.re.ForgeRegistry/REGISTRIES]: Registry minecraft:activity Sync: VANILLA -> ACTIVE
[00:45:53] [pool-3-thread-1/DEBUG] [ne.mi.re.ForgeRegistry/REGISTRIES]: Registry minecraft:worldgen/carver Sync: VANILLA -> ACTIVE
[00:45:53] [pool-3-thread-1/DEBUG] [ne.mi.re.ForgeRegistry/REGISTRIES]: Registry minecraft:worldgen/feature Sync: VANILLA -> ACTIVE
[00:45:53] [pool-3-thread-1/DEBUG] [ne.mi.re.ForgeRegistry/REGISTRIES]: Registry minecraft:chunk_status Sync: VANILLA -> ACTIVE
[00:45:53] [pool-3-thread-1/DEBUG] [ne.mi.re.ForgeRegistry/REGISTRIES]: Registry minecraft:worldgen/block_state_provider_type Sync: VANILLA -> ACTIVE
[00:45:53] [pool-3-thread-1/DEBUG] [ne.mi.re.ForgeRegistry/REGISTRIES]: Registry minecraft:worldgen/foliage_placer_type Sync: VANILLA -> ACTIVE
[00:45:53] [pool-3-thread-1/DEBUG] [ne.mi.re.ForgeRegistry/REGISTRIES]: Registry minecraft:worldgen/tree_decorator_type Sync: VANILLA -> ACTIVE
[00:45:53] [pool-3-thread-1/DEBUG] [ne.mi.re.ForgeRegistry/REGISTRIES]: Registry minecraft:worldgen/biome Sync: VANILLA -> ACTIVE
[00:45:53] [pool-3-thread-1/DEBUG] [ne.mi.re.GameData/REGISTRIES]: Vanilla freeze snapshot created
[00:45:53] [pool-3-thread-1/DEBUG] [io.ne.ut.in.PlatformDependent0/]: -Dio.netty.noUnsafe: false
[00:45:53] [pool-3-thread-1/DEBUG] [io.ne.ut.in.PlatformDependent0/]: Java version: 17
[00:45:53] [pool-3-thread-1/DEBUG] [io.ne.ut.in.PlatformDependent0/]: sun.misc.Unsafe.theUnsafe: available
[00:45:53] [pool-3-thread-1/DEBUG] [io.ne.ut.in.PlatformDependent0/]: sun.misc.Unsafe.copyMemory: available
[00:45:53] [pool-3-thread-1/DEBUG] [io.ne.ut.in.PlatformDependent0/]: sun.misc.Unsafe.storeFence: available
[00:45:53] [pool-3-thread-1/DEBUG] [io.ne.ut.in.PlatformDependent0/]: java.nio.Buffer.address: available
[00:45:53] [pool-3-thread-1/DEBUG] [io.ne.ut.in.PlatformDependent0/]: direct buffer constructor: unavailable
java.lang.UnsupportedOperationException: Reflective setAccessible(true) disabled
	at io.netty.util.internal.ReflectionUtil.trySetAccessible(ReflectionUtil.java:31) ~[netty-common-4.1.82.Final.jar%23151!/:4.1.82.Final] {}
	at io.netty.util.internal.PlatformDependent0$5.run(PlatformDependent0.java:288) ~[netty-common-4.1.82.Final.jar%23151!/:4.1.82.Final] {}
	at java.security.AccessController.doPrivileged(AccessController.java:318) ~[?:?] {}
	at io.netty.util.internal.PlatformDependent0.<clinit>(PlatformDependent0.java:282) ~[netty-common-4.1.82.Final.jar%23151!/:4.1.82.Final] {}
	at io.netty.util.internal.PlatformDependent.isAndroid(PlatformDependent.java:333) ~[netty-common-4.1.82.Final.jar%23151!/:4.1.82.Final] {}
	at io.netty.util.internal.PlatformDependent.<clinit>(PlatformDependent.java:88) ~[netty-common-4.1.82.Final.jar%23151!/:4.1.82.Final] {}
	at io.netty.util.ConstantPool.<init>(ConstantPool.java:34) ~[netty-common-4.1.82.Final.jar%23151!/:4.1.82.Final] {}
	at io.netty.util.AttributeKey$1.<init>(AttributeKey.java:27) ~[netty-common-4.1.82.Final.jar%23151!/:4.1.82.Final] {}
	at io.netty.util.AttributeKey.<clinit>(AttributeKey.java:27) ~[netty-common-4.1.82.Final.jar%23151!/:4.1.82.Final] {}
	at net.minecraftforge.network.NetworkConstants.<clinit>(NetworkConstants.java:34) ~[forge-1.20.1-47.4.0_mapped_official_1.20.1-recomp.jar%23190%23197!/:?] {re:classloading}
	at net.minecraftforge.network.NetworkHooks.init(NetworkHooks.java:52) ~[forge-1.20.1-47.4.0_mapped_official_1.20.1-recomp.jar%23190%23197!/:?] {re:classloading}
	at net.minecraft.server.Bootstrap.bootStrap(Bootstrap.java:62) ~[forge-1.20.1-47.4.0_mapped_official_1.20.1-recomp.jar%23191!/:?] {re:classloading}
	at net.minecraft.client.main.Main.lambda$main$0(Main.java:151) ~[forge-1.20.1-47.4.0_mapped_official_1.20.1-recomp.jar%23191!/:?] {re:classloading,pl:runtimedistcleaner:A}
	at java.util.concurrent.Executors$RunnableAdapter.call(Executors.java:539) ~[?:?] {}
	at java.util.concurrent.FutureTask.run(FutureTask.java:264) ~[?:?] {}
	at java.util.concurrent.ThreadPoolExecutor.runWorker(ThreadPoolExecutor.java:1136) ~[?:?] {}
	at java.util.concurrent.ThreadPoolExecutor$Worker.run(ThreadPoolExecutor.java:635) ~[?:?] {}
	at java.lang.Thread.run(Thread.java:842) ~[?:?] {}
[00:45:53] [pool-3-thread-1/DEBUG] [io.ne.ut.in.PlatformDependent0/]: java.nio.Bits.unaligned: available, true
[00:45:53] [pool-3-thread-1/DEBUG] [io.ne.ut.in.PlatformDependent0/]: jdk.internal.misc.Unsafe.allocateUninitializedArray(int): unavailable
java.lang.IllegalAccessException: class io.netty.util.internal.PlatformDependent0$7 (in module io.netty.common) cannot access class jdk.internal.misc.Unsafe (in module java.base) because module java.base does not export jdk.internal.misc to module io.netty.common
	at jdk.internal.reflect.Reflection.newIllegalAccessException(Reflection.java:392) ~[?:?] {}
	at java.lang.reflect.AccessibleObject.checkAccess(AccessibleObject.java:674) ~[?:?] {}
	at java.lang.reflect.Method.invoke(Method.java:560) ~[?:?] {}
	at io.netty.util.internal.PlatformDependent0$7.run(PlatformDependent0.java:410) ~[netty-common-4.1.82.Final.jar%23151!/:4.1.82.Final] {}
	at java.security.AccessController.doPrivileged(AccessController.java:318) ~[?:?] {}
	at io.netty.util.internal.PlatformDependent0.<clinit>(PlatformDependent0.java:401) ~[netty-common-4.1.82.Final.jar%23151!/:4.1.82.Final] {}
	at io.netty.util.internal.PlatformDependent.isAndroid(PlatformDependent.java:333) ~[netty-common-4.1.82.Final.jar%23151!/:4.1.82.Final] {}
	at io.netty.util.internal.PlatformDependent.<clinit>(PlatformDependent.java:88) ~[netty-common-4.1.82.Final.jar%23151!/:4.1.82.Final] {}
	at io.netty.util.ConstantPool.<init>(ConstantPool.java:34) ~[netty-common-4.1.82.Final.jar%23151!/:4.1.82.Final] {}
	at io.netty.util.AttributeKey$1.<init>(AttributeKey.java:27) ~[netty-common-4.1.82.Final.jar%23151!/:4.1.82.Final] {}
	at io.netty.util.AttributeKey.<clinit>(AttributeKey.java:27) ~[netty-common-4.1.82.Final.jar%23151!/:4.1.82.Final] {}
	at net.minecraftforge.network.NetworkConstants.<clinit>(NetworkConstants.java:34) ~[forge-1.20.1-47.4.0_mapped_official_1.20.1-recomp.jar%23190%23197!/:?] {re:classloading}
	at net.minecraftforge.network.NetworkHooks.init(NetworkHooks.java:52) ~[forge-1.20.1-47.4.0_mapped_official_1.20.1-recomp.jar%23190%23197!/:?] {re:classloading}
	at net.minecraft.server.Bootstrap.bootStrap(Bootstrap.java:62) ~[forge-1.20.1-47.4.0_mapped_official_1.20.1-recomp.jar%23191!/:?] {re:classloading}
	at net.minecraft.client.main.Main.lambda$main$0(Main.java:151) ~[forge-1.20.1-47.4.0_mapped_official_1.20.1-recomp.jar%23191!/:?] {re:classloading,pl:runtimedistcleaner:A}
	at java.util.concurrent.Executors$RunnableAdapter.call(Executors.java:539) ~[?:?] {}
	at java.util.concurrent.FutureTask.run(FutureTask.java:264) ~[?:?] {}
	at java.util.concurrent.ThreadPoolExecutor.runWorker(ThreadPoolExecutor.java:1136) ~[?:?] {}
	at java.util.concurrent.ThreadPoolExecutor$Worker.run(ThreadPoolExecutor.java:635) ~[?:?] {}
	at java.lang.Thread.run(Thread.java:842) ~[?:?] {}
[00:45:53] [pool-3-thread-1/DEBUG] [io.ne.ut.in.PlatformDependent0/]: java.nio.DirectByteBuffer.<init>(long, int): unavailable
[00:45:53] [pool-3-thread-1/DEBUG] [io.ne.ut.in.PlatformDependent/]: sun.misc.Unsafe: available
[00:45:53] [pool-3-thread-1/DEBUG] [io.ne.ut.in.PlatformDependent/]: maxDirectMemory: 8589934592 bytes (maybe)
[00:45:53] [pool-3-thread-1/DEBUG] [io.ne.ut.in.PlatformDependent/]: -Dio.netty.tmpdir: C:\Users\Rinsing\AppData\Local\Temp (java.io.tmpdir)
[00:45:53] [pool-3-thread-1/DEBUG] [io.ne.ut.in.PlatformDependent/]: -Dio.netty.bitMode: 64 (sun.arch.data.model)
[00:45:53] [pool-3-thread-1/DEBUG] [io.ne.ut.in.PlatformDependent/]: Platform: Windows
[00:45:53] [pool-3-thread-1/DEBUG] [io.ne.ut.in.PlatformDependent/]: -Dio.netty.maxDirectMemory: -1 bytes
[00:45:53] [pool-3-thread-1/DEBUG] [io.ne.ut.in.PlatformDependent/]: -Dio.netty.uninitializedArrayAllocationThreshold: -1
[00:45:53] [pool-3-thread-1/DEBUG] [io.ne.ut.in.CleanerJava9/]: java.nio.ByteBuffer.cleaner(): available
[00:45:53] [pool-3-thread-1/DEBUG] [io.ne.ut.in.PlatformDependent/]: -Dio.netty.noPreferDirect: false
[00:45:53] [pool-3-thread-1/DEBUG] [ne.mi.ne.NetworkHooks/]: Loading Network data for FML net version: FML3
[00:45:53] [Render thread/DEBUG] [mixin/]: Mixing MixinMinecraft from architectury.mixins.json into net.minecraft.client.Minecraft
[00:45:53] [Render thread/DEBUG] [mixin/]: Mixing MixinLevelEvent from architectury.mixins.json into net.minecraftforge.event.level.LevelEvent
[00:45:53] [Render thread/DEBUG] [mixin/]: Mixing MixinClientLevel from architectury.mixins.json into net.minecraft.client.multiplayer.ClientLevel
[00:45:53] [Render thread/DEBUG] [mixin/]: Mixing forge.LevelLoadingScreenMixin from roadweaver.mixins.json into net.minecraft.client.gui.screens.LevelLoadingScreen
[00:45:53] [Render thread/WARN] [minecraft/VanillaPackResourcesBuilder]: Assets URL 'union:/C:/Users/Rinsing/.gradle/caches/forge_gradle/minecraft_user_repo/net/minecraftforge/forge/1.20.1-47.4.0_mapped_official_1.20.1/forge-1.20.1-47.4.0_mapped_official_1.20.1-recomp.jar%23191!/assets/.mcassetsroot' uses unexpected schema
[00:45:53] [Render thread/WARN] [minecraft/VanillaPackResourcesBuilder]: Assets URL 'union:/C:/Users/Rinsing/.gradle/caches/forge_gradle/minecraft_user_repo/net/minecraftforge/forge/1.20.1-47.4.0_mapped_official_1.20.1/forge-1.20.1-47.4.0_mapped_official_1.20.1-recomp.jar%23191!/data/.mcassetsroot' uses unexpected schema
[00:45:53] [Render thread/INFO] [mojang/YggdrasilAuthenticationService]: Environment: authHost='https://authserver.mojang.com', accountsHost='https://api.mojang.com', sessionHost='https://sessionserver.mojang.com', servicesHost='https://api.minecraftservices.com', name='PROD'
[00:45:53] [Render thread/INFO] [minecraft/Minecraft]: Setting user: Dev
[00:45:54] [Render thread/INFO] [minecraft/Minecraft]: Backend library: LWJGL version 3.3.1 build 7
[00:45:54] [Render thread/DEBUG] [ne.mi.co.ForgeI18n/CORE]: Loading I18N data entries: 6434
[00:45:54] [Render thread/DEBUG] [ne.mi.fm.ModWorkManager/LOADING]: Using 16 threads for parallel mod-loading
[00:45:54] [Render thread/DEBUG] [ne.mi.fm.lo.Lo.LowCodeModTarget/LOADING]: Loading LowCodeModContainer from classloader cpw.mods.modlauncher.TransformingClassLoader@208f0007 - got cpw.mods.cl.ModuleClassLoader@4784013e
[00:45:54] [Render thread/DEBUG] [ne.mi.fm.lo.LowCodeModContainer/LOADING]: Creating LowCodeModContainer for mr_epicterrain
[00:45:54] [Render thread/DEBUG] [ne.mi.fm.ja.FMLJavaModLanguageProvider/LOADING]: Loading FMLModContainer from classloader cpw.mods.modlauncher.TransformingClassLoader@208f0007 - got cpw.mods.cl.ModuleClassLoader@4784013e
[00:45:54] [Render thread/DEBUG] [ne.mi.fm.ja.FMLModContainer/LOADING]: Creating FMLModContainer instance for com.sk89q.worldedit.forge.ForgeWorldEdit
[00:45:54] [Render thread/DEBUG] [ne.mi.fm.ja.FMLJavaModLanguageProvider/LOADING]: Loading FMLModContainer from classloader cpw.mods.modlauncher.TransformingClassLoader@208f0007 - got cpw.mods.cl.ModuleClassLoader@4784013e
[00:45:54] [Render thread/DEBUG] [ne.mi.fm.ja.FMLModContainer/LOADING]: Creating FMLModContainer instance for dev.architectury.forge.ArchitecturyForge
[00:45:54] [Render thread/DEBUG] [ne.mi.fm.ja.FMLJavaModLanguageProvider/LOADING]: Loading FMLModContainer from classloader cpw.mods.modlauncher.TransformingClassLoader@208f0007 - got cpw.mods.cl.ModuleClassLoader@4784013e
[00:45:54] [Render thread/DEBUG] [ne.mi.fm.ja.FMLModContainer/LOADING]: Creating FMLModContainer instance for me.shedaniel.clothconfig.ClothConfigForge
[00:45:54] [Render thread/DEBUG] [ne.mi.fm.ja.FMLJavaModLanguageProvider/LOADING]: Loading FMLModContainer from classloader cpw.mods.modlauncher.TransformingClassLoader@208f0007 - got cpw.mods.cl.ModuleClassLoader@4784013e
[00:45:54] [Render thread/DEBUG] [ne.mi.fm.ja.FMLModContainer/LOADING]: Creating FMLModContainer instance for net.minecraftforge.common.ForgeMod
[00:45:54] [Render thread/DEBUG] [ne.mi.fm.ja.FMLJavaModLanguageProvider/LOADING]: Loading FMLModContainer from classloader cpw.mods.modlauncher.TransformingClassLoader@208f0007 - got cpw.mods.cl.ModuleClassLoader@4784013e
[00:45:54] [Render thread/DEBUG] [ne.mi.fm.ja.FMLModContainer/LOADING]: Creating FMLModContainer instance for de.cristelknight999.t_and_t.TT
[00:45:54] [Render thread/DEBUG] [ne.mi.fm.lo.Lo.LowCodeModTarget/LOADING]: Loading LowCodeModContainer from classloader cpw.mods.modlauncher.TransformingClassLoader@208f0007 - got cpw.mods.cl.ModuleClassLoader@4784013e
[00:45:54] [Render thread/DEBUG] [ne.mi.fm.lo.LowCodeModContainer/LOADING]: Creating LowCodeModContainer for mr_trek
[00:45:54] [Render thread/DEBUG] [ne.mi.fm.ja.FMLJavaModLanguageProvider/LOADING]: Loading FMLModContainer from classloader cpw.mods.modlauncher.TransformingClassLoader@208f0007 - got cpw.mods.cl.ModuleClassLoader@4784013e
[00:45:54] [Render thread/DEBUG] [ne.mi.fm.ja.FMLModContainer/LOADING]: Creating FMLModContainer instance for net.shiroha233.roadweaver.RoadWeaver
[00:45:54] [Render thread/DEBUG] [ne.mi.fm.ja.FMLJavaModLanguageProvider/LOADING]: Loading FMLModContainer from classloader cpw.mods.modlauncher.TransformingClassLoader@208f0007 - got cpw.mods.cl.ModuleClassLoader@4784013e
[00:45:54] [Render thread/DEBUG] [ne.mi.fm.ja.FMLModContainer/LOADING]: Creating FMLModContainer instance for com.rinsing.geomantia.GeomantiaMod
[00:45:54] [Render thread/DEBUG] [ne.mi.fm.ja.FMLJavaModLanguageProvider/LOADING]: Loading FMLModContainer from classloader cpw.mods.modlauncher.TransformingClassLoader@208f0007 - got cpw.mods.cl.ModuleClassLoader@4784013e
[00:45:54] [Render thread/DEBUG] [ne.mi.fm.ja.FMLModContainer/LOADING]: Creating FMLModContainer instance for net.cristellib.forge.CristelLibForge
[00:45:54] [modloading-worker-0/INFO] [roadweaver/]: Initializing RoadWeaver (Forge)...
[00:45:54] [modloading-worker-0/DEBUG] [ne.mi.fm.ja.AutomaticEventSubscriber/LOADING]: Attempting to inject @EventBusSubscriber classes into the eventbus for cloth_config
[00:45:54] [modloading-worker-0/DEBUG] [ne.mi.fm.ja.AutomaticEventSubscriber/LOADING]: Attempting to inject @EventBusSubscriber classes into the eventbus for t_and_t
[00:45:54] [modloading-worker-0/DEBUG] [mixin/]: Mixing forge.MinecraftServerMixin from roadweaver.mixins.json into net.minecraft.server.MinecraftServer
[00:45:54] [modloading-worker-0/DEBUG] [ne.mi.ve.fo.ForgeVersion/CORE]: Forge Version package package net.minecraftforge.versions.forge, Forge, version 47.4 from cpw.mods.modlauncher.TransformingClassLoader@208f0007
[00:45:54] [modloading-worker-0/DEBUG] [ne.mi.ve.fo.ForgeVersion/CORE]: Found Forge version 47.4.0
[00:45:54] [modloading-worker-0/DEBUG] [ne.mi.ve.fo.ForgeVersion/CORE]: Found Forge spec 47.4
[00:45:54] [modloading-worker-0/DEBUG] [ne.mi.ve.fo.ForgeVersion/CORE]: Found Forge group net.minecraftforge
[00:45:54] [modloading-worker-0/DEBUG] [ne.mi.ve.mc.MCPVersion/CORE]: MCP Version package package net.minecraftforge.versions.mcp, Minecraft, version 1.20.1 from cpw.mods.modlauncher.TransformingClassLoader@208f0007
[00:45:54] [modloading-worker-0/DEBUG] [ne.mi.ve.mc.MCPVersion/CORE]: Found MC version information 1.20.1
[00:45:54] [modloading-worker-0/DEBUG] [ne.mi.ve.mc.MCPVersion/CORE]: Found MCP version information 20230612.114412
[00:45:54] [modloading-worker-0/INFO] [ne.mi.co.ForgeMod/FORGEMOD]: Forge mod loading, version 47.4.0, for MC 1.20.1 with MCP 20230612.114412
[00:45:54] [modloading-worker-0/INFO] [ne.mi.co.MinecraftForge/FORGE]: MinecraftForge v47.4.0 Initialized
[00:45:54] [modloading-worker-0/INFO] [roadweaver/]: 配置已加载 (predictRadius=128, predictionEnabled=true)
[00:45:54] [modloading-worker-0/INFO] [roadweaver/]: Configuration loaded
[00:45:54] [modloading-worker-0/INFO] [roadweaver/]: Structure types registered
[00:45:54] [modloading-worker-0/INFO] [roadweaver/]: Road features registered
[00:45:54] [modloading-worker-0/INFO] [co.ri.ge.cl.DevAutoLoadClient/]: Geomantia development auto-load registered.
[00:45:54] [modloading-worker-0/DEBUG] [ne.mi.fm.ja.AutomaticEventSubscriber/LOADING]: Attempting to inject @EventBusSubscriber classes into the eventbus for geomantia
[00:45:54] [modloading-worker-0/DEBUG] [ne.mi.fm.ja.AutomaticEventSubscriber/LOADING]: Auto-subscribing com.rinsing.geomantia.platform.ChunkGenerationBenchmarkEvents to FORGE
[00:45:54] [modloading-worker-0/DEBUG] [ne.mi.fm.ja.AutomaticEventSubscriber/LOADING]: Auto-subscribing com.rinsing.geomantia.platform.GisPlatformEvents to FORGE
[00:45:54] [modloading-worker-0/DEBUG] [ne.mi.fm.ja.AutomaticEventSubscriber/LOADING]: Attempting to inject @EventBusSubscriber classes into the eventbus for worldedit
[00:45:54] [modloading-worker-0/DEBUG] [ne.mi.fm.ja.AutomaticEventSubscriber/LOADING]: Auto-subscribing com.rinsing.geomantia.platform.http.GeomantiaHttpServer to FORGE
[00:45:54] [modloading-worker-0/DEBUG] [ne.mi.fm.ja.AutomaticEventSubscriber/LOADING]: Attempting to inject @EventBusSubscriber classes into the eventbus for roadweaver
[00:45:54] [modloading-worker-0/DEBUG] [ne.mi.fm.ja.AutomaticEventSubscriber/LOADING]: Auto-subscribing net.shiroha233.roadweaver.datagen.ModWorldGenerator to MOD
[00:45:54] [modloading-worker-0/DEBUG] [ne.mi.fm.ja.AutomaticEventSubscriber/LOADING]: Auto-subscribing com.rinsing.geomantia.platform.RealmPlanningServices to FORGE
[00:45:54] [modloading-worker-0/DEBUG] [Cristel Lib/]: Couldn't parse: "T&T Waystone Patch Pack" to a component
com.mojang.brigadier.exceptions.CommandSyntaxException: Invalid chat component: Use JsonReader.setLenient(true) to accept malformed JSON at line 1 column 1 path $ at position 0: <--[HERE]
[00:45:55] [modloading-worker-0/DEBUG] [ne.mi.fm.ja.AutomaticEventSubscriber/LOADING]: Auto-subscribing net.shiroha233.roadweaver.client.forge.ClientKeyMappings to MOD
[00:45:55] [modloading-worker-0/DEBUG] [ne.mi.fm.ja.AutomaticEventSubscriber/LOADING]: Auto-subscribing com.rinsing.geomantia.systems.city.infrastructure.world.CityWorldgenBlockObservationRegistry to FORGE
[00:45:55] [modloading-worker-0/DEBUG] [ne.mi.fm.ja.AutomaticEventSubscriber/LOADING]: Auto-subscribing net.shiroha233.roadweaver.client.forge.ClientEvents to FORGE
[00:45:55] [modloading-worker-0/DEBUG] [ne.mi.co.tr.CoreModBaseTransformer/COREMOD]: Transforming net/minecraft/world/level/levelgen/structure/templatesystem/StructureTemplate
[00:45:55] [modloading-worker-0/DEBUG] [ne.mi.fm.ja.AutomaticEventSubscriber/LOADING]: Attempting to inject @EventBusSubscriber classes into the eventbus for cristellib
[00:45:55] [modloading-worker-0/DEBUG] [ne.mi.fm.co.ConfigTracker/CONFIG]: Config file forge-client.toml for forge tracking
[00:45:55] [modloading-worker-0/DEBUG] [ne.mi.fm.co.ConfigTracker/CONFIG]: Config file forge-server.toml for forge tracking
[00:45:55] [modloading-worker-0/DEBUG] [ne.mi.fm.ModLoadingContext/]: Attempted to register an empty config for type COMMON on mod forge
[00:45:55] [modloading-worker-0/DEBUG] [ne.mi.fm.ja.AutomaticEventSubscriber/LOADING]: Attempting to inject @EventBusSubscriber classes into the eventbus for forge
[00:45:55] [modloading-worker-0/DEBUG] [ne.mi.fm.ja.AutomaticEventSubscriber/LOADING]: Auto-subscribing net.minecraftforge.common.ForgeSpawnEggItem$CommonHandler to MOD
[00:45:55] [modloading-worker-0/DEBUG] [ne.mi.fm.ja.AutomaticEventSubscriber/LOADING]: Auto-subscribing net.minecraftforge.common.ForgeSpawnEggItem$ColorRegisterHandler to MOD
[00:45:55] [modloading-worker-0/DEBUG] [ne.mi.fm.ja.AutomaticEventSubscriber/LOADING]: Auto-subscribing net.minecraftforge.client.model.data.ModelDataManager to FORGE
[00:45:55] [modloading-worker-0/DEBUG] [ne.mi.fm.ja.AutomaticEventSubscriber/LOADING]: Auto-subscribing net.minecraftforge.client.ForgeHooksClient$ClientEvents to MOD
[00:45:55] [modloading-worker-0/DEBUG] [ne.mi.fm.ja.AutomaticEventSubscriber/LOADING]: Auto-subscribing net.minecraftforge.client.ClientForgeMod to MOD
[00:45:55] [modloading-worker-0/DEBUG] [ne.mi.fm.ja.AutomaticEventSubscriber/LOADING]: Attempting to inject @EventBusSubscriber classes into the eventbus for architectury
[00:45:55] [modloading-worker-0/DEBUG] [ne.mi.fm.ja.AutomaticEventSubscriber/LOADING]: Auto-subscribing dev.architectury.networking.forge.NetworkManagerImpl to FORGE
[00:45:55] [modloading-worker-0/INFO] [de.ar.ne.fo.NetworkManagerImpl/]: Registering S2C receiver with id architectury:sync_ids
[00:45:55] [modloading-worker-0/INFO] [de.ar.ne.fo.NetworkManagerImpl/]: Registering C2S receiver with id architectury:sync_ids
[00:45:55] [modloading-worker-0/DEBUG] [ne.mi.fm.ja.AutomaticEventSubscriber/LOADING]: Auto-subscribing dev.architectury.registry.forge.CreativeTabRegistryImpl to MOD
[00:45:55] [modloading-worker-0/DEBUG] [ne.mi.fm.ja.AutomaticEventSubscriber/LOADING]: Auto-subscribing dev.architectury.registry.forge.ReloadListenerRegistryImpl to FORGE
[00:45:55] [modloading-worker-0/DEBUG] [ne.mi.fm.ja.AutomaticEventSubscriber/LOADING]: Auto-subscribing dev.architectury.registry.client.keymappings.forge.KeyMappingRegistryImpl to MOD
[00:45:55] [modloading-worker-0/DEBUG] [ne.mi.fm.ja.AutomaticEventSubscriber/LOADING]: Auto-subscribing dev.architectury.registry.client.particle.forge.ParticleProviderRegistryImpl to MOD
[00:45:55] [modloading-worker-0/DEBUG] [ne.mi.fm.ja.AutomaticEventSubscriber/LOADING]: Auto-subscribing dev.architectury.registry.level.entity.trade.forge.TradeRegistryImpl to FORGE
[00:45:55] [Render thread/DEBUG] [ne.mi.re.ObjectHolderRegistry/REGISTRIES]: Processing ObjectHolder annotations
[00:45:55] [Render thread/DEBUG] [ne.mi.re.ObjectHolderRegistry/REGISTRIES]: Found 3852 ObjectHolder annotations
[00:45:55] [Render thread/DEBUG] [ne.mi.co.ca.CapabilityManager/CAPABILITIES]: Attempting to automatically register: Lnet/minecraftforge/energy/IEnergyStorage;
[00:45:55] [Render thread/DEBUG] [ne.mi.co.ca.CapabilityManager/CAPABILITIES]: Attempting to automatically register: Lnet/minecraftforge/fluids/capability/IFluidHandler;
[00:45:55] [Render thread/DEBUG] [ne.mi.co.ca.CapabilityManager/CAPABILITIES]: Attempting to automatically register: Lnet/minecraftforge/fluids/capability/IFluidHandlerItem;
[00:45:55] [Render thread/DEBUG] [ne.mi.co.ca.CapabilityManager/CAPABILITIES]: Attempting to automatically register: Lnet/minecraftforge/items/IItemHandler;
[00:45:55] [Render thread/DEBUG] [ne.mi.re.GameData/REGISTRIES]: Unfreezing vanilla registries
[00:45:55] [Render thread/DEBUG] [ne.mi.re.GameData/REGISTRIES]: Applying holder lookups: minecraft:sound_event
[00:45:55] [Render thread/DEBUG] [ne.mi.re.GameData/REGISTRIES]: Holder lookups applied: minecraft:sound_event
[00:45:55] [Render thread/DEBUG] [ne.mi.re.GameData/REGISTRIES]: Applying holder lookups: minecraft:fluid
[00:45:55] [Render thread/DEBUG] [ne.mi.re.GameData/REGISTRIES]: Holder lookups applied: minecraft:fluid
[00:45:55] [Render thread/DEBUG] [ne.mi.re.GameData/REGISTRIES]: Applying holder lookups: minecraft:block
[00:45:55] [Render thread/DEBUG] [ne.mi.re.GameData/REGISTRIES]: Holder lookups applied: minecraft:block
[00:45:55] [Render thread/DEBUG] [ne.mi.re.GameData/REGISTRIES]: Applying holder lookups: minecraft:attribute
[00:45:55] [Render thread/DEBUG] [ne.mi.re.GameData/REGISTRIES]: Holder lookups applied: minecraft:attribute
[00:45:55] [Render thread/DEBUG] [ne.mi.re.GameData/REGISTRIES]: Applying holder lookups: minecraft:mob_effect
[00:45:55] [Render thread/DEBUG] [ne.mi.re.GameData/REGISTRIES]: Holder lookups applied: minecraft:mob_effect
[00:45:55] [Render thread/DEBUG] [ne.mi.re.GameData/REGISTRIES]: Applying holder lookups: minecraft:particle_type
[00:45:55] [Render thread/DEBUG] [ne.mi.re.GameData/REGISTRIES]: Holder lookups applied: minecraft:particle_type
[00:45:55] [Render thread/DEBUG] [ne.mi.re.GameData/REGISTRIES]: Applying holder lookups: minecraft:item
[00:45:55] [Render thread/DEBUG] [ne.mi.re.GameData/REGISTRIES]: Holder lookups applied: minecraft:item
[00:45:55] [Render thread/DEBUG] [ne.mi.re.GameData/REGISTRIES]: Applying holder lookups: minecraft:entity_type
[00:45:55] [Render thread/DEBUG] [ne.mi.re.GameData/REGISTRIES]: Holder lookups applied: minecraft:entity_type
[00:45:55] [Render thread/DEBUG] [ne.mi.re.GameData/REGISTRIES]: Applying holder lookups: minecraft:sensor_type
[00:45:55] [Render thread/DEBUG] [ne.mi.re.GameData/REGISTRIES]: Holder lookups applied: minecraft:sensor_type
[00:45:55] [Render thread/DEBUG] [ne.mi.re.GameData/REGISTRIES]: Applying holder lookups: minecraft:memory_module_type
[00:45:55] [Render thread/DEBUG] [ne.mi.re.GameData/REGISTRIES]: Holder lookups applied: minecraft:memory_module_type
[00:45:55] [Render thread/DEBUG] [ne.mi.re.GameData/REGISTRIES]: Applying holder lookups: minecraft:potion
[00:45:55] [Render thread/DEBUG] [ne.mi.re.GameData/REGISTRIES]: Holder lookups applied: minecraft:potion
[00:45:55] [Render thread/DEBUG] [ne.mi.re.GameData/REGISTRIES]: Applying holder lookups: minecraft:game_event
[00:45:55] [Render thread/DEBUG] [ne.mi.re.GameData/REGISTRIES]: Holder lookups applied: minecraft:game_event
[00:45:55] [Render thread/DEBUG] [ne.mi.re.GameData/REGISTRIES]: Applying holder lookups: minecraft:enchantment
[00:45:55] [Render thread/DEBUG] [ne.mi.re.GameData/REGISTRIES]: Holder lookups applied: minecraft:enchantment
[00:45:55] [Render thread/DEBUG] [ne.mi.re.GameData/REGISTRIES]: Applying holder lookups: minecraft:block_entity_type
[00:45:55] [Render thread/DEBUG] [ne.mi.re.GameData/REGISTRIES]: Holder lookups applied: minecraft:block_entity_type
[00:45:55] [Render thread/DEBUG] [ne.mi.re.GameData/REGISTRIES]: Applying holder lookups: minecraft:painting_variant
[00:45:55] [Render thread/DEBUG] [ne.mi.re.GameData/REGISTRIES]: Holder lookups applied: minecraft:painting_variant
[00:45:55] [Render thread/DEBUG] [ne.mi.re.GameData/REGISTRIES]: Applying holder lookups: minecraft:stat_type
[00:45:55] [Render thread/DEBUG] [ne.mi.re.GameData/REGISTRIES]: Holder lookups applied: minecraft:stat_type
[00:45:55] [Render thread/DEBUG] [ne.mi.re.GameData/REGISTRIES]: Applying holder lookups: minecraft:custom_stat
[00:45:55] [Render thread/DEBUG] [ne.mi.re.GameData/REGISTRIES]: Holder lookups applied: minecraft:custom_stat
[00:45:55] [Render thread/DEBUG] [ne.mi.re.GameData/REGISTRIES]: Applying holder lookups: minecraft:chunk_status
[00:45:55] [Render thread/DEBUG] [ne.mi.re.GameData/REGISTRIES]: Holder lookups applied: minecraft:chunk_status
[00:45:55] [Render thread/DEBUG] [ne.mi.re.GameData/REGISTRIES]: Applying holder lookups: minecraft:rule_test
[00:45:55] [Render thread/DEBUG] [ne.mi.re.GameData/REGISTRIES]: Holder lookups applied: minecraft:rule_test
[00:45:55] [Render thread/DEBUG] [ne.mi.re.GameData/REGISTRIES]: Applying holder lookups: minecraft:rule_block_entity_modifier
[00:45:55] [Render thread/DEBUG] [ne.mi.re.GameData/REGISTRIES]: Holder lookups applied: minecraft:rule_block_entity_modifier
[00:45:55] [Render thread/DEBUG] [ne.mi.re.GameData/REGISTRIES]: Applying holder lookups: minecraft:pos_rule_test
[00:45:55] [Render thread/DEBUG] [ne.mi.re.GameData/REGISTRIES]: Holder lookups applied: minecraft:pos_rule_test
[00:45:55] [Render thread/DEBUG] [ne.mi.re.GameData/REGISTRIES]: Applying holder lookups: minecraft:menu
[00:45:55] [Render thread/DEBUG] [ne.mi.re.GameData/REGISTRIES]: Holder lookups applied: minecraft:menu
[00:45:55] [Render thread/DEBUG] [ne.mi.re.GameData/REGISTRIES]: Applying holder lookups: minecraft:recipe_type
[00:45:55] [Render thread/DEBUG] [ne.mi.re.GameData/REGISTRIES]: Holder lookups applied: minecraft:recipe_type
[00:45:55] [Render thread/DEBUG] [ne.mi.re.GameData/REGISTRIES]: Applying holder lookups: minecraft:recipe_serializer
[00:45:55] [Render thread/DEBUG] [ne.mi.re.GameData/REGISTRIES]: Holder lookups applied: minecraft:recipe_serializer
[00:45:55] [Render thread/DEBUG] [ne.mi.re.GameData/REGISTRIES]: Applying holder lookups: minecraft:position_source_type
[00:45:55] [Render thread/DEBUG] [ne.mi.re.GameData/REGISTRIES]: Holder lookups applied: minecraft:position_source_type
[00:45:55] [Render thread/DEBUG] [ne.mi.re.GameData/REGISTRIES]: Applying holder lookups: minecraft:command_argument_type
[00:45:55] [Render thread/DEBUG] [ne.mi.re.GameData/REGISTRIES]: Holder lookups applied: minecraft:command_argument_type
[00:45:55] [Render thread/DEBUG] [ne.mi.re.GameData/REGISTRIES]: Applying holder lookups: minecraft:villager_type
[00:45:55] [Render thread/DEBUG] [ne.mi.re.GameData/REGISTRIES]: Holder lookups applied: minecraft:villager_type
[00:45:55] [Render thread/DEBUG] [ne.mi.re.GameData/REGISTRIES]: Applying holder lookups: minecraft:villager_profession
[00:45:55] [Render thread/DEBUG] [ne.mi.re.GameData/REGISTRIES]: Holder lookups applied: minecraft:villager_profession
[00:45:55] [Render thread/DEBUG] [ne.mi.re.GameData/REGISTRIES]: Applying holder lookups: minecraft:point_of_interest_type
[00:45:55] [Render thread/DEBUG] [ne.mi.re.GameData/REGISTRIES]: Holder lookups applied: minecraft:point_of_interest_type
[00:45:55] [Render thread/DEBUG] [ne.mi.re.GameData/REGISTRIES]: Applying holder lookups: minecraft:schedule
[00:45:55] [Render thread/DEBUG] [ne.mi.re.GameData/REGISTRIES]: Holder lookups applied: minecraft:schedule
[00:45:55] [Render thread/DEBUG] [ne.mi.re.GameData/REGISTRIES]: Applying holder lookups: minecraft:activity
[00:45:55] [Render thread/DEBUG] [ne.mi.re.GameData/REGISTRIES]: Holder lookups applied: minecraft:activity
[00:45:55] [Render thread/DEBUG] [ne.mi.re.GameData/REGISTRIES]: Applying holder lookups: minecraft:loot_pool_entry_type
[00:45:55] [Render thread/DEBUG] [ne.mi.re.GameData/REGISTRIES]: Holder lookups applied: minecraft:loot_pool_entry_type
[00:45:55] [Render thread/DEBUG] [ne.mi.re.GameData/REGISTRIES]: Applying holder lookups: minecraft:loot_function_type
[00:45:55] [Render thread/DEBUG] [ne.mi.re.GameData/REGISTRIES]: Holder lookups applied: minecraft:loot_function_type
[00:45:55] [Render thread/DEBUG] [ne.mi.re.GameData/REGISTRIES]: Applying holder lookups: minecraft:loot_condition_type
[00:45:55] [Render thread/DEBUG] [ne.mi.re.GameData/REGISTRIES]: Holder lookups applied: minecraft:loot_condition_type
[00:45:55] [Render thread/DEBUG] [ne.mi.re.GameData/REGISTRIES]: Applying holder lookups: minecraft:loot_number_provider_type
[00:45:55] [Render thread/DEBUG] [ne.mi.re.GameData/REGISTRIES]: Holder lookups applied: minecraft:loot_number_provider_type
[00:45:55] [Render thread/DEBUG] [ne.mi.re.GameData/REGISTRIES]: Applying holder lookups: minecraft:loot_nbt_provider_type
[00:45:55] [Render thread/DEBUG] [ne.mi.re.GameData/REGISTRIES]: Holder lookups applied: minecraft:loot_nbt_provider_type
[00:45:55] [Render thread/DEBUG] [ne.mi.re.GameData/REGISTRIES]: Applying holder lookups: minecraft:loot_score_provider_type
[00:45:55] [Render thread/DEBUG] [ne.mi.re.GameData/REGISTRIES]: Holder lookups applied: minecraft:loot_score_provider_type
[00:45:55] [Render thread/DEBUG] [ne.mi.re.GameData/REGISTRIES]: Applying holder lookups: minecraft:float_provider_type
[00:45:55] [Render thread/DEBUG] [ne.mi.re.GameData/REGISTRIES]: Holder lookups applied: minecraft:float_provider_type
[00:45:55] [Render thread/DEBUG] [ne.mi.re.GameData/REGISTRIES]: Applying holder lookups: minecraft:int_provider_type
[00:45:55] [Render thread/DEBUG] [ne.mi.re.GameData/REGISTRIES]: Holder lookups applied: minecraft:int_provider_type
[00:45:55] [Render thread/DEBUG] [ne.mi.re.GameData/REGISTRIES]: Applying holder lookups: minecraft:height_provider_type
[00:45:55] [Render thread/DEBUG] [ne.mi.re.GameData/REGISTRIES]: Holder lookups applied: minecraft:height_provider_type
[00:45:55] [Render thread/DEBUG] [ne.mi.re.GameData/REGISTRIES]: Applying holder lookups: minecraft:block_predicate_type
[00:45:55] [Render thread/DEBUG] [ne.mi.re.GameData/REGISTRIES]: Holder lookups applied: minecraft:block_predicate_type
[00:45:55] [Render thread/DEBUG] [ne.mi.re.GameData/REGISTRIES]: Applying holder lookups: minecraft:worldgen/carver
[00:45:55] [Render thread/DEBUG] [ne.mi.re.GameData/REGISTRIES]: Holder lookups applied: minecraft:worldgen/carver
[00:45:55] [Render thread/DEBUG] [ne.mi.re.GameData/REGISTRIES]: Applying holder lookups: minecraft:worldgen/feature
[00:45:55] [Render thread/DEBUG] [ne.mi.re.GameData/REGISTRIES]: Holder lookups applied: minecraft:worldgen/feature
[00:45:55] [Render thread/DEBUG] [ne.mi.re.GameData/REGISTRIES]: Applying holder lookups: minecraft:worldgen/structure_processor
[00:45:55] [Render thread/DEBUG] [ne.mi.re.GameData/REGISTRIES]: Holder lookups applied: minecraft:worldgen/structure_processor
[00:45:55] [Render thread/DEBUG] [ne.mi.re.GameData/REGISTRIES]: Applying holder lookups: minecraft:worldgen/structure_placement
[00:45:55] [Render thread/DEBUG] [ne.mi.re.GameData/REGISTRIES]: Holder lookups applied: minecraft:worldgen/structure_placement
[00:45:55] [Render thread/DEBUG] [ne.mi.re.GameData/REGISTRIES]: Applying holder lookups: minecraft:worldgen/structure_piece
[00:45:55] [Render thread/DEBUG] [ne.mi.re.GameData/REGISTRIES]: Holder lookups applied: minecraft:worldgen/structure_piece
[00:45:55] [Render thread/DEBUG] [ne.mi.re.GameData/REGISTRIES]: Applying holder lookups: minecraft:worldgen/structure_type
[00:45:55] [Render thread/DEBUG] [ne.mi.re.GameData/REGISTRIES]: Holder lookups applied: minecraft:worldgen/structure_type
[00:45:55] [Render thread/DEBUG] [ne.mi.re.GameData/REGISTRIES]: Applying holder lookups: minecraft:worldgen/placement_modifier_type
[00:45:55] [Render thread/DEBUG] [ne.mi.re.GameData/REGISTRIES]: Holder lookups applied: minecraft:worldgen/placement_modifier_type
[00:45:55] [Render thread/DEBUG] [ne.mi.re.GameData/REGISTRIES]: Applying holder lookups: minecraft:worldgen/block_state_provider_type
[00:45:55] [Render thread/DEBUG] [ne.mi.re.GameData/REGISTRIES]: Holder lookups applied: minecraft:worldgen/block_state_provider_type
[00:45:55] [Render thread/DEBUG] [ne.mi.re.GameData/REGISTRIES]: Applying holder lookups: minecraft:worldgen/foliage_placer_type
[00:45:55] [Render thread/DEBUG] [ne.mi.re.GameData/REGISTRIES]: Holder lookups applied: minecraft:worldgen/foliage_placer_type
[00:45:55] [Render thread/DEBUG] [ne.mi.re.GameData/REGISTRIES]: Applying holder lookups: minecraft:worldgen/trunk_placer_type
[00:45:55] [Render thread/DEBUG] [ne.mi.re.GameData/REGISTRIES]: Holder lookups applied: minecraft:worldgen/trunk_placer_type
[00:45:55] [Render thread/DEBUG] [ne.mi.re.GameData/REGISTRIES]: Applying holder lookups: minecraft:worldgen/root_placer_type
[00:45:55] [Render thread/DEBUG] [ne.mi.re.GameData/REGISTRIES]: Holder lookups applied: minecraft:worldgen/root_placer_type
[00:45:55] [Render thread/DEBUG] [ne.mi.re.GameData/REGISTRIES]: Applying holder lookups: minecraft:worldgen/tree_decorator_type
[00:45:55] [Render thread/DEBUG] [ne.mi.re.GameData/REGISTRIES]: Holder lookups applied: minecraft:worldgen/tree_decorator_type
[00:45:55] [Render thread/DEBUG] [ne.mi.re.GameData/REGISTRIES]: Applying holder lookups: minecraft:worldgen/feature_size_type
[00:45:55] [Render thread/DEBUG] [ne.mi.re.GameData/REGISTRIES]: Holder lookups applied: minecraft:worldgen/feature_size_type
[00:45:55] [Render thread/DEBUG] [ne.mi.re.GameData/REGISTRIES]: Applying holder lookups: minecraft:worldgen/biome_source
[00:45:55] [Render thread/DEBUG] [ne.mi.re.GameData/REGISTRIES]: Holder lookups applied: minecraft:worldgen/biome_source
[00:45:55] [Render thread/DEBUG] [ne.mi.re.GameData/REGISTRIES]: Applying holder lookups: minecraft:worldgen/chunk_generator
[00:45:55] [Render thread/DEBUG] [ne.mi.re.GameData/REGISTRIES]: Holder lookups applied: minecraft:worldgen/chunk_generator
[00:45:55] [Render thread/DEBUG] [ne.mi.re.GameData/REGISTRIES]: Applying holder lookups: minecraft:worldgen/material_condition
[00:45:55] [Render thread/DEBUG] [ne.mi.re.GameData/REGISTRIES]: Holder lookups applied: minecraft:worldgen/material_condition
[00:45:55] [Render thread/DEBUG] [ne.mi.re.GameData/REGISTRIES]: Applying holder lookups: minecraft:worldgen/material_rule
[00:45:55] [Render thread/DEBUG] [ne.mi.re.GameData/REGISTRIES]: Holder lookups applied: minecraft:worldgen/material_rule
[00:45:55] [Render thread/DEBUG] [ne.mi.re.GameData/REGISTRIES]: Applying holder lookups: minecraft:worldgen/density_function_type
[00:45:55] [Render thread/DEBUG] [ne.mi.re.GameData/REGISTRIES]: Holder lookups applied: minecraft:worldgen/density_function_type
[00:45:55] [Render thread/DEBUG] [ne.mi.re.GameData/REGISTRIES]: Applying holder lookups: minecraft:worldgen/structure_pool_element
[00:45:55] [Render thread/DEBUG] [ne.mi.re.GameData/REGISTRIES]: Holder lookups applied: minecraft:worldgen/structure_pool_element
[00:45:55] [Render thread/DEBUG] [ne.mi.re.GameData/REGISTRIES]: Applying holder lookups: minecraft:cat_variant
[00:45:55] [Render thread/DEBUG] [ne.mi.re.GameData/REGISTRIES]: Holder lookups applied: minecraft:cat_variant
[00:45:55] [Render thread/DEBUG] [ne.mi.re.GameData/REGISTRIES]: Applying holder lookups: minecraft:frog_variant
[00:45:55] [Render thread/DEBUG] [ne.mi.re.GameData/REGISTRIES]: Holder lookups applied: minecraft:frog_variant
[00:45:55] [Render thread/DEBUG] [ne.mi.re.GameData/REGISTRIES]: Applying holder lookups: minecraft:banner_pattern
[00:45:55] [Render thread/DEBUG] [ne.mi.re.GameData/REGISTRIES]: Holder lookups applied: minecraft:banner_pattern
[00:45:55] [Render thread/DEBUG] [ne.mi.re.GameData/REGISTRIES]: Applying holder lookups: minecraft:instrument
[00:45:55] [Render thread/DEBUG] [ne.mi.re.GameData/REGISTRIES]: Holder lookups applied: minecraft:instrument
[00:45:55] [Render thread/DEBUG] [ne.mi.re.GameData/REGISTRIES]: Applying holder lookups: minecraft:decorated_pot_patterns
[00:45:55] [Render thread/DEBUG] [ne.mi.re.GameData/REGISTRIES]: Holder lookups applied: minecraft:decorated_pot_patterns
[00:45:55] [Render thread/DEBUG] [ne.mi.re.GameData/REGISTRIES]: Applying holder lookups: minecraft:creative_mode_tab
[00:45:55] [Render thread/DEBUG] [ne.mi.re.GameData/REGISTRIES]: Holder lookups applied: minecraft:creative_mode_tab
[00:45:55] [Render thread/DEBUG] [ne.mi.re.GameData/REGISTRIES]: Applying holder lookups: forge:biome_modifier_serializers
[00:45:55] [Render thread/DEBUG] [ne.mi.re.GameData/REGISTRIES]: Holder lookups applied: forge:biome_modifier_serializers
[00:45:55] [Render thread/DEBUG] [ne.mi.re.GameData/REGISTRIES]: Applying holder lookups: forge:display_contexts
[00:45:55] [Render thread/DEBUG] [ne.mi.re.GameData/REGISTRIES]: Holder lookups applied: forge:display_contexts
[00:45:55] [Render thread/DEBUG] [ne.mi.re.GameData/REGISTRIES]: Applying holder lookups: forge:entity_data_serializers
[00:45:55] [Render thread/DEBUG] [ne.mi.re.GameData/REGISTRIES]: Holder lookups applied: forge:entity_data_serializers
[00:45:55] [Render thread/DEBUG] [ne.mi.re.GameData/REGISTRIES]: Applying holder lookups: forge:fluid_type
[00:45:55] [Render thread/DEBUG] [ne.mi.re.GameData/REGISTRIES]: Holder lookups applied: forge:fluid_type
[00:45:55] [Render thread/DEBUG] [ne.mi.re.GameData/REGISTRIES]: Applying holder lookups: forge:global_loot_modifier_serializers
[00:45:55] [Render thread/DEBUG] [ne.mi.re.GameData/REGISTRIES]: Holder lookups applied: forge:global_loot_modifier_serializers
[00:45:55] [Render thread/DEBUG] [ne.mi.re.GameData/REGISTRIES]: Applying holder lookups: forge:holder_set_type
[00:45:55] [Render thread/DEBUG] [ne.mi.re.GameData/REGISTRIES]: Holder lookups applied: forge:holder_set_type
[00:45:55] [Render thread/DEBUG] [ne.mi.re.GameData/REGISTRIES]: Applying holder lookups: forge:structure_modifier_serializers
[00:45:55] [Render thread/DEBUG] [ne.mi.re.GameData/REGISTRIES]: Holder lookups applied: forge:structure_modifier_serializers
[00:45:55] [Render thread/DEBUG] [ne.mi.re.GameData/REGISTRIES]: Applying holder lookups: minecraft:worldgen/biome
[00:45:55] [Render thread/DEBUG] [ne.mi.re.GameData/REGISTRIES]: Holder lookups applied: minecraft:worldgen/biome
[00:45:55] [Render thread/DEBUG] [ne.mi.cl.lo.ClientModLoader/CORE]: Generating PackInfo named mod:mr_epicterrain for mod file C:\Users\Rinsing\.gradle\caches\forge_gradle\deobf_dependencies\curse\maven\epic-terrain-1075383\5936468_mapped_official_1.20.1\epic-terrain-1075383-5936468_mapped_official_1.20.1.jar
[00:45:55] [Render thread/DEBUG] [ne.mi.cl.lo.ClientModLoader/CORE]: Generating PackInfo named mod:worldedit for mod file C:\Users\Rinsing\.gradle\caches\forge_gradle\deobf_dependencies\curse\maven\worldedit-225608\4586218_mapped_official_1.20.1\worldedit-225608-4586218_mapped_official_1.20.1.jar
[00:45:55] [Render thread/DEBUG] [ne.mi.cl.lo.ClientModLoader/CORE]: Generating PackInfo named mod:architectury for mod file C:\Users\Rinsing\.gradle\caches\forge_gradle\deobf_dependencies\dev\architectury\architectury-forge\9.2.14_mapped_official_1.20.1\architectury-forge-9.2.14_mapped_official_1.20.1.jar
[00:45:55] [Render thread/DEBUG] [ne.mi.cl.lo.ClientModLoader/CORE]: Generating PackInfo named mod:cloth_config for mod file C:\Users\Rinsing\.gradle\caches\forge_gradle\deobf_dependencies\me\shedaniel\cloth\cloth-config-forge\11.1.136_mapped_official_1.20.1\cloth-config-forge-11.1.136_mapped_official_1.20.1.jar
[00:45:55] [Render thread/DEBUG] [ne.mi.cl.lo.ClientModLoader/CORE]: Generating PackInfo named mod:forge for mod file /
[00:45:55] [Render thread/DEBUG] [ne.mi.cl.lo.ClientModLoader/CORE]: Generating PackInfo named mod:t_and_t for mod file C:\Users\Rinsing\.gradle\caches\forge_gradle\deobf_dependencies\local\t_and_t\t_and_t\1.12_mapped_official_1.20.1\t_and_t-1.12_mapped_official_1.20.1.jar
[00:45:55] [Render thread/DEBUG] [ne.mi.cl.lo.ClientModLoader/CORE]: Generating PackInfo named mod:mr_trek for mod file C:\Users\Rinsing\.gradle\caches\forge_gradle\deobf_dependencies\local\trek\trek\B0.6_mapped_official_1.20.1\trek-B0.6_mapped_official_1.20.1.jar
[00:45:55] [Render thread/DEBUG] [ne.mi.cl.lo.ClientModLoader/CORE]: Generating PackInfo named mod:roadweaver for mod file C:\Users\Rinsing\.gradle\caches\forge_gradle\deobf_dependencies\local\roadweaver\roadweaver-forge\2.3.0-1.20.1_mapped_official_1.20.1\roadweaver-forge-2.3.0-1.20.1_mapped_official_1.20.1.jar
[00:45:55] [Render thread/DEBUG] [ne.mi.cl.lo.ClientModLoader/CORE]: Generating PackInfo named mod:geomantia for mod file E:\Mod_Dev\StructureBinder\build\resources\main
[00:45:55] [Render thread/DEBUG] [ne.mi.cl.lo.ClientModLoader/CORE]: Generating PackInfo named mod:cristellib for mod file C:\Users\Rinsing\.gradle\caches\forge_gradle\deobf_dependencies\local\cristellib\cristellib\1.1.6_mapped_official_1.20.1\cristellib-1.1.6_mapped_official_1.20.1.jar
[00:45:56] [Render thread/INFO] [ne.mi.ga.ForgeGameTestHooks/]: Enabled Gametest Namespaces: [geomantia]
[00:45:56] [Render thread/DEBUG] [mixin/]: Mixing forge.CreateWorldScreenInitMixin from roadweaver.mixins.json into net.minecraft.client.gui.screens.worldselection.CreateWorldScreen
[00:45:56] [Render thread/INFO] [minecraft/ReloadableResourceManager]: Reloading ResourceManager: vanilla, mod_resources
[00:45:56] [modloading-worker-0/DEBUG] [ne.mi.fm.co.ConfigTracker/CONFIG]: Loading configs type CLIENT
[00:45:56] [modloading-worker-0/DEBUG] [ne.mi.fm.co.ConfigFileTypeHandler/CONFIG]: Built TOML config for E:\Mod_Dev\StructureBinder\run\config\forge-client.toml
[00:45:56] [modloading-worker-0/DEBUG] [ne.mi.fm.co.ConfigFileTypeHandler/CONFIG]: Loaded TOML config file E:\Mod_Dev\StructureBinder\run\config\forge-client.toml
[00:45:56] [modloading-worker-0/DEBUG] [ne.mi.fm.co.ConfigFileTypeHandler/CONFIG]: Watching TOML config file E:\Mod_Dev\StructureBinder\run\config\forge-client.toml for changes
[00:45:56] [modloading-worker-0/DEBUG] [ne.mi.co.ForgeConfig/FORGEMOD]: Loaded forge config file forge-client.toml
[00:45:56] [modloading-worker-0/DEBUG] [ne.mi.fm.co.ConfigTracker/CONFIG]: Loading configs type COMMON
[00:45:56] [Worker-Main-11/INFO] [co.ri.ge.GeomantiaMod/]: Geomantia initialized.
[00:45:56] [Worker-Main-10/INFO] [roadweaver/]: RoadWeaver common setup completed
[00:45:56] [Worker-Main-5/INFO] [minecraft/UnihexProvider]: Found unifont_all_no_pua-15.0.06.hex, loading
[00:45:56] [Forge Version Check/INFO] [ne.mi.fm.VersionChecker/]: [mr_epicterrain] Starting version check at https://api.modrinth.com/updates/7qSJGSHp/forge_updates.json
[00:45:57] [Forge Version Check/DEBUG] [ne.mi.fm.VersionChecker/]: [mr_epicterrain] Received version check data:
{"homepage":"https://modrinth.com/mod/7qSJGSHp","promos":{"1.19.3-latest":"0.2.5+mod","1.20.3-latest":"0.3.0+mod","1.20.4-latest":"0.3.0+mod","1.19.4-latest":"0.2.5+mod","1.20.2-latest":"0.3.0+mod","1.21.1-latest":"0.1.4+mod","1.21-latest":"0.1.4+mod","1.19.2-latest":"0.2.5+mod","1.20.1-latest":"0.3.0+mod","1.21.2-latest":"0.1.4+mod","1.20.5-latest":"0.1.4+mod","1.20.6-latest":"0.1.4+mod","1.20-latest":"0.3.0+mod","1.21.3-latest":"0.1.4+mod","1.21.4-latest":"0.1.4+mod"}}
[00:45:57] [Forge Version Check/INFO] [ne.mi.fm.VersionChecker/]: [mr_epicterrain] Found status: BETA_OUTDATED Current: 0.1.2 Target: 0.3.0+mod
[00:45:57] [Forge Version Check/INFO] [ne.mi.fm.VersionChecker/]: [forge] Starting version check at https://files.minecraftforge.net/net/minecraftforge/forge/promotions_slim.json
[00:45:58] [Worker-Main-9/INFO] [co.sk.wo.ex.pl.PlatformManager/]: Got request to register class com.sk89q.worldedit.forge.ForgePlatform with WorldEdit [com.sk89q.worldedit.extension.platform.PlatformManager@4829820]
[00:45:58] [Worker-Main-9/INFO] [co.sk.wo.fo.ForgeWorldEdit/]: WorldEdit for Forge (version 7.2.15+6463-5ca4dff) is loaded
[00:45:58] [Render thread/DEBUG] [ne.mi.fm.DeferredWorkQueue/LOADING]: Dispatching synchronous work for work queue COMMON_SETUP: 1 jobs
[00:45:58] [Render thread/DEBUG] [ne.mi.fm.DeferredWorkQueue/LOADING]: Synchronous work queue completed in 3.534 ms
[00:45:58] [modloading-worker-0/DEBUG] [ne.mi.re.GameData/REGISTRIES]: Freezing registries
[00:45:58] [modloading-worker-0/DEBUG] [ne.mi.re.ForgeRegistry/REGISTRIES]: Registry minecraft:block Sync: FROZEN -> ACTIVE
[00:45:58] [modloading-worker-0/DEBUG] [ne.mi.re.ForgeRegistry/REGISTRIES]: Registry minecraft:fluid Sync: FROZEN -> ACTIVE
[00:45:58] [modloading-worker-0/DEBUG] [ne.mi.re.ForgeRegistry/REGISTRIES]: Registry minecraft:item Sync: FROZEN -> ACTIVE
[00:45:58] [modloading-worker-0/DEBUG] [ne.mi.re.ForgeRegistry/REGISTRIES]: Registry minecraft:mob_effect Sync: FROZEN -> ACTIVE
[00:45:58] [modloading-worker-0/DEBUG] [ne.mi.re.ForgeRegistry/REGISTRIES]: Registry minecraft:sound_event Sync: FROZEN -> ACTIVE
[00:45:58] [modloading-worker-0/DEBUG] [ne.mi.re.ForgeRegistry/REGISTRIES]: Registry minecraft:potion Sync: FROZEN -> ACTIVE
[00:45:58] [modloading-worker-0/DEBUG] [ne.mi.re.ForgeRegistry/REGISTRIES]: Registry minecraft:enchantment Sync: FROZEN -> ACTIVE
[00:45:58] [modloading-worker-0/DEBUG] [ne.mi.re.ForgeRegistry/REGISTRIES]: Registry minecraft:entity_type Sync: FROZEN -> ACTIVE
[00:45:58] [modloading-worker-0/DEBUG] [ne.mi.re.ForgeRegistry/REGISTRIES]: Registry minecraft:block_entity_type Sync: FROZEN -> ACTIVE
[00:45:58] [modloading-worker-0/DEBUG] [ne.mi.re.ForgeRegistry/REGISTRIES]: Registry minecraft:particle_type Sync: FROZEN -> ACTIVE
[00:45:58] [modloading-worker-0/DEBUG] [ne.mi.re.ForgeRegistry/REGISTRIES]: Registry minecraft:menu Sync: FROZEN -> ACTIVE
[00:45:58] [modloading-worker-0/DEBUG] [ne.mi.re.ForgeRegistry/REGISTRIES]: Registry minecraft:painting_variant Sync: FROZEN -> ACTIVE
[00:45:58] [modloading-worker-0/DEBUG] [ne.mi.re.ForgeRegistry/REGISTRIES]: Registry minecraft:recipe_type Sync: FROZEN -> ACTIVE
[00:45:58] [modloading-worker-0/DEBUG] [ne.mi.re.ForgeRegistry/REGISTRIES]: Registry minecraft:recipe_serializer Sync: FROZEN -> ACTIVE
[00:45:58] [modloading-worker-0/DEBUG] [ne.mi.re.ForgeRegistry/REGISTRIES]: Registry minecraft:attribute Sync: FROZEN -> ACTIVE
[00:45:58] [modloading-worker-0/DEBUG] [ne.mi.re.ForgeRegistry/REGISTRIES]: Registry minecraft:stat_type Sync: FROZEN -> ACTIVE
[00:45:58] [modloading-worker-0/DEBUG] [ne.mi.re.ForgeRegistry/REGISTRIES]: Registry minecraft:command_argument_type Sync: FROZEN -> ACTIVE
[00:45:58] [modloading-worker-0/DEBUG] [ne.mi.re.ForgeRegistry/REGISTRIES]: Registry minecraft:villager_profession Sync: FROZEN -> ACTIVE
[00:45:58] [modloading-worker-0/DEBUG] [ne.mi.re.ForgeRegistry/REGISTRIES]: Registry minecraft:point_of_interest_type Sync: FROZEN -> ACTIVE
[00:45:58] [modloading-worker-0/DEBUG] [ne.mi.re.ForgeRegistry/REGISTRIES]: Registry minecraft:memory_module_type Sync: FROZEN -> ACTIVE
[00:45:58] [modloading-worker-0/DEBUG] [ne.mi.re.ForgeRegistry/REGISTRIES]: Registry minecraft:sensor_type Sync: FROZEN -> ACTIVE
[00:45:58] [modloading-worker-0/DEBUG] [ne.mi.re.ForgeRegistry/REGISTRIES]: Registry minecraft:schedule Sync: FROZEN -> ACTIVE
[00:45:58] [modloading-worker-0/DEBUG] [ne.mi.re.ForgeRegistry/REGISTRIES]: Registry minecraft:activity Sync: FROZEN -> ACTIVE
[00:45:58] [modloading-worker-0/DEBUG] [ne.mi.re.ForgeRegistry/REGISTRIES]: Registry minecraft:worldgen/carver Sync: FROZEN -> ACTIVE
[00:45:58] [modloading-worker-0/DEBUG] [ne.mi.re.ForgeRegistry/REGISTRIES]: Registry minecraft:worldgen/feature Sync: FROZEN -> ACTIVE
[00:45:58] [modloading-worker-0/DEBUG] [ne.mi.re.ForgeRegistry/REGISTRIES]: Registry minecraft:chunk_status Sync: FROZEN -> ACTIVE
[00:45:58] [modloading-worker-0/DEBUG] [ne.mi.re.ForgeRegistry/REGISTRIES]: Registry minecraft:worldgen/block_state_provider_type Sync: FROZEN -> ACTIVE
[00:45:58] [modloading-worker-0/DEBUG] [ne.mi.re.ForgeRegistry/REGISTRIES]: Registry minecraft:worldgen/foliage_placer_type Sync: FROZEN -> ACTIVE
[00:45:58] [modloading-worker-0/DEBUG] [ne.mi.re.ForgeRegistry/REGISTRIES]: Registry minecraft:worldgen/tree_decorator_type Sync: FROZEN -> ACTIVE
[00:45:58] [modloading-worker-0/DEBUG] [ne.mi.re.ForgeRegistry/REGISTRIES]: Registry minecraft:worldgen/biome Sync: FROZEN -> ACTIVE
[00:45:58] [modloading-worker-0/DEBUG] [ne.mi.re.ForgeRegistry/REGISTRIES]: Registry forge:entity_data_serializers Sync: FROZEN -> ACTIVE
[00:45:58] [modloading-worker-0/DEBUG] [ne.mi.re.ForgeRegistry/REGISTRIES]: Registry forge:global_loot_modifier_serializers Sync: FROZEN -> ACTIVE
[00:45:58] [modloading-worker-0/DEBUG] [ne.mi.re.ForgeRegistry/REGISTRIES]: Registry forge:biome_modifier_serializers Sync: FROZEN -> ACTIVE
[00:45:58] [modloading-worker-0/DEBUG] [ne.mi.re.ForgeRegistry/REGISTRIES]: Registry forge:fluid_type Sync: FROZEN -> ACTIVE
[00:45:58] [modloading-worker-0/DEBUG] [ne.mi.re.ForgeRegistry/REGISTRIES]: Registry forge:structure_modifier_serializers Sync: FROZEN -> ACTIVE
[00:45:58] [modloading-worker-0/DEBUG] [ne.mi.re.ForgeRegistry/REGISTRIES]: Registry forge:holder_set_type Sync: FROZEN -> ACTIVE
[00:45:58] [modloading-worker-0/DEBUG] [ne.mi.re.ForgeRegistry/REGISTRIES]: Registry forge:display_contexts Sync: FROZEN -> ACTIVE
[00:45:58] [Forge Version Check/DEBUG] [ne.mi.fm.VersionChecker/]: [forge] Received version check data:
{
  "homepage": "https://files.minecraftforge.net/net/minecraftforge/forge/",
  "promos": {
    "1.1-latest": "1.3.4.29",
    "1.2.3-latest": "1.4.1.64",
    "1.2.4-latest": "2.0.0.68",
    "1.2.5-latest": "3.4.9.171",
    "1.3.2-latest": "4.3.5.318",
    "1.4.0-latest": "5.0.0.326",
    "1.4.1-latest": "6.0.0.329",
    "1.4.2-latest": "6.0.1.355",
    "1.4.3-latest": "6.2.1.358",
    "1.4.4-latest": "6.3.0.378",
    "1.4.5-latest": "6.4.2.448",
    "1.4.6-latest": "6.5.0.489",
    "1.4.7-latest": "6.6.2.534",
    "1.5-latest": "7.7.0.598",
    "1.5.1-latest": "7.7.2.682",
    "1.5.2-latest": "7.8.1.738",
    "1.5.2-recommended": "7.8.1.738",
    "1.6.1-latest": "8.9.0.775",
    "1.6.2-latest": "9.10.1.871",
    "1.6.2-recommended": "9.10.1.871",
    "1.6.3-latest": "9.11.0.878",
    "1.6.4-latest": "9.11.1.1345",
    "1.6.4-recommended": "9.11.1.1345",
    "1.7.2-latest": "10.12.2.1161",
    "1.7.2-recommended": "10.12.2.1161",
    "1.7.10-latest": "10.13.4.1614",
    "1.7.10-recommended": "10.13.4.1614",
    "1.8-latest": "11.14.4.1577",
    "1.8-recommended": "11.14.4.1563",
    "1.8.8-latest": "11.15.0.1655",
    "1.8.9-latest": "11.15.1.2318",
    "1.8.9-recommended": "11.15.1.2318",
    "1.9-latest": "12.16.1.1938",
    "1.9-recommended": "12.16.1.1887",
    "1.9.4-latest": "12.17.0.2317",
    "1.9.4-recommended": "12.17.0.2317",
    "1.10-latest": "12.18.0.2000",
    "1.10.2-latest": "12.18.3.2511",
    "1.10.2-recommended": "12.18.3.2511",
    "1.11-latest": "13.19.1.2199",
    "1.11-recommended": "13.19.1.2189",
    "1.11.2-latest": "13.20.1.2588",
    "1.11.2-recommended": "13.20.1.2588",
    "1.12-latest": "14.21.1.2443",
    "1.12-recommended": "14.21.1.2387",
    "1.12.1-latest": "14.22.1.2485",
    "1.12.1-recommended": "14.22.1.2478",
    "1.12.2-latest": "14.23.5.2864",
    "1.12.2-recommended": "14.23.5.2859",
    "1.13.2-latest": "25.0.223",
    "1.14.2-latest": "26.0.63",
    "1.14.3-latest": "27.0.60",
    "1.14.4-latest": "28.2.30",
    "1.14.4-recommended": "28.2.26",
    "1.15-latest": "29.0.4",
    "1.15.1-latest": "30.0.51",
    "1.15.2-latest": "31.2.62",
    "1.15.2-recommended": "31.2.57",
    "1.16.1-latest": "32.0.108",
    "1.16.2-latest": "33.0.61",
    "1.16.3-latest": "34.1.42",
    "1.16.3-recommended": "34.1.0",
    "1.16.4-latest": "35.1.37",
    "1.16.4-recommended": "35.1.4",
    "1.16.5-latest": "36.2.42",
    "1.16.5-recommended": "36.2.34",
    "1.17.1-latest": "37.1.1",
    "1.17.1-recommended": "37.1.1",
    "1.18-latest": "38.0.17",
    "1.18.1-latest": "39.1.2",
    "1.18.1-recommended": "39.1.0",
    "1.18.2-recommended": "40.3.0",
    "1.18.2-latest": "40.3.12",
    "1.19-latest": "41.1.0",
    "1.19-recommended": "41.1.0",
    "1.19.1-latest": "42.0.9",
    "1.19.2-recommended": "43.5.0",
    "1.19.2-latest": "43.5.2",
    "1.19.3-latest": "44.1.23",
    "1.19.3-recommended": "44.1.0",
    "1.19.4-recommended": "45.4.0",
    "1.19.4-latest": "45.4.3",
    "1.20-latest": "46.0.14",
    "1.20.1-recommended": "47.4.10",
    "1.20.1-latest": "47.4.22",
    "1.20.2-latest": "48.1.0",
    "1.20.2-recommended": "48.1.0",
    "1.20.3-latest": "49.0.2",
    "1.20.4-latest": "49.2.8",
    "1.20.4-recommended": "49.2.0",
    "1.20.6-latest": "50.2.10",
    "1.20.6-recommended": "50.2.0",
    "1.21-latest": "51.0.33",
    "1.21.1-latest": "52.1.16",
    "1.21.1-recommended": "52.1.0",
    "1.21.3-latest": "53.1.11",
    "1.21.3-recommended": "53.1.0",
    "1.21.4-latest": "54.1.17",
    "1.21.4-recommended": "54.1.14",
    "1.21.5-latest": "55.1.11",
    "1.21.5-recommended": "55.1.0",
    "1.21.6-latest": "56.0.9",
    "1.21.7-latest": "57.0.3",
    "1.21.8-latest": "58.1.20",
    "1.21.8-recommended": "58.1.0",
    "1.21.9-latest": "59.0.5",
    "1.21.10-latest": "60.1.13",
    "1.21.10-recommended": "60.1.0",
    "1.21.11-latest": "61.1.14",
    "1.21.11-recommended": "61.1.0",
    "26.1-latest": "62.0.9",
    "26.1.1-latest": "63.0.2",
    "26.1.2-latest": "64.1.0",
    "26.1.2-recommended": "64.1.0",
    "26.2-latest": "65.1.0",
    "26.2-recommended": "65.1.0"
  }
}
[00:45:58] [Forge Version Check/INFO] [ne.mi.fm.VersionChecker/]: [forge] Found status: OUTDATED Current: 47.4.0 Target: 47.4.10
[00:45:58] [Forge Version Check/INFO] [ne.mi.fm.VersionChecker/]: [mr_trek] Starting version check at https://api.modrinth.com/updates/h2jngREY/forge_updates.json
[00:45:58] [Forge Version Check/DEBUG] [ne.mi.fm.VersionChecker/]: [mr_trek] Received version check data:
{"homepage":"https://modrinth.com/mod/h2jngREY","promos":{"26.1.2-latest":"B0.6.2+mod","1.20-latest":"B0.6.2+mod","1.21.8-latest":"B0.6.2+mod","1.19-latest":"B0.6.2+mod","1.20.2-latest":"B0.6.2+mod","26.2-latest":"B0.6.2+mod","1.21.7-latest":"B0.6.2+mod","26.1.1-latest":"B0.6.2+mod","1.21.10-latest":"B0.6.2+mod","1.21.1-latest":"B0.6.2+mod","1.19.2-latest":"B0.6.2+mod","1.20.1-latest":"B0.6.2+mod","1.20.5-latest":"B0.6.2+mod","1.19.3-latest":"B0.6.2+mod","1.20.6-latest":"B0.6.2+mod","1.21.3-latest":"B0.6.2+mod","1.21.11-latest":"B0.6.2+mod","1.21-latest":"B0.6.2+mod","1.21.9-latest":"B0.6.2+mod","1.21.5-latest":"B0.6.2+mod","1.21.2-latest":"B0.6.2+mod","26.1-latest":"B0.6.2+mod","1.19.1-latest":"B0.6.2+mod","1.20.3-latest":"B0.6.2+mod","1.20.4-latest":"B0.6.2+mod","1.19.4-latest":"B0.6.2+mod","1.21.6-latest":"B0.6.2+mod","1.21.4-latest":"B0.6.2+mod"}}
[00:45:58] [Forge Version Check/INFO] [ne.mi.fm.VersionChecker/]: [mr_trek] Found status: BETA Current: 1-B0.6 Target: B0.6.2+mod
[00:45:59] [modloading-worker-0/DEBUG] [ne.mi.re.GameData/REGISTRIES]: All registries frozen
[00:45:59] [Render thread/DEBUG] [ne.mi.co.ForgeI18n/CORE]: Loading I18N data entries: 8776
[00:45:59] [Render thread/WARN] [minecraft/SoundEngine]: Missing sound for event: minecraft:item.goat_horn.play
[00:45:59] [Render thread/WARN] [minecraft/SoundEngine]: Missing sound for event: minecraft:entity.goat.screaming.horn_break
[00:45:59] [Render thread/INFO] [mojang/Library]: OpenAL initialized on device OpenAL Soft on 耳机 (UGREEN-BT505)
[00:45:59] [Render thread/INFO] [minecraft/SoundEngine]: Sound engine started
[00:45:59] [Render thread/INFO] [minecraft/TextureAtlas]: Created: 1024x512x4 minecraft:textures/atlas/blocks.png-atlas
[00:45:59] [Render thread/INFO] [minecraft/TextureAtlas]: Created: 256x256x4 minecraft:textures/atlas/signs.png-atlas
[00:45:59] [Render thread/INFO] [minecraft/TextureAtlas]: Created: 512x512x4 minecraft:textures/atlas/banner_patterns.png-atlas
[00:45:59] [Render thread/INFO] [minecraft/TextureAtlas]: Created: 512x512x4 minecraft:textures/atlas/shield_patterns.png-atlas
[00:45:59] [Render thread/INFO] [minecraft/TextureAtlas]: Created: 1024x1024x4 minecraft:textures/atlas/armor_trims.png-atlas
[00:45:59] [Render thread/INFO] [minecraft/TextureAtlas]: Created: 256x256x4 minecraft:textures/atlas/chest.png-atlas
[00:45:59] [Render thread/INFO] [minecraft/TextureAtlas]: Created: 128x64x4 minecraft:textures/atlas/decorated_pot.png-atlas
[00:45:59] [Render thread/INFO] [minecraft/TextureAtlas]: Created: 512x256x4 minecraft:textures/atlas/shulker_boxes.png-atlas
[00:45:59] [Render thread/INFO] [minecraft/TextureAtlas]: Created: 512x256x4 minecraft:textures/atlas/beds.png-atlas
[00:46:00] [Render thread/WARN] [minecraft/ShaderInstance]: Shader rendertype_entity_translucent_emissive could not find sampler named Sampler2 in the specified shader program.
[00:46:00] [Render thread/INFO] [minecraft/TextureAtlas]: Created: 256x256x0 minecraft:textures/atlas/particles.png-atlas
[00:46:00] [Render thread/INFO] [minecraft/TextureAtlas]: Created: 256x256x0 minecraft:textures/atlas/paintings.png-atlas
[00:46:00] [Render thread/INFO] [minecraft/TextureAtlas]: Created: 128x128x0 minecraft:textures/atlas/mob_effects.png-atlas
[00:46:00] [Realms Notification Availability checker #1/INFO] [mojang/RealmsClient]: Could not authorize you against Realms server: java.lang.RuntimeException: Failed to parse into SignedJWT: 0
[00:54:08] [Render thread/INFO] [minecraft/LevelStorageSource]: Deleting level 新的世界 (7)
[00:54:08] [Render thread/INFO] [minecraft/LevelStorageSource]: Attempt 1...
[00:54:11] [Render thread/INFO] [minecraft/LevelStorageSource]: Deleting level 新的世界 (6)
[00:54:11] [Render thread/INFO] [minecraft/LevelStorageSource]: Attempt 1...
[00:54:17] [Render thread/DEBUG] [ne.mi.se.ServerLifecycleHooks/CORE]: Generating PackInfo named mod:mr_epicterrain for mod file C:\Users\Rinsing\.gradle\caches\forge_gradle\deobf_dependencies\curse\maven\epic-terrain-1075383\5936468_mapped_official_1.20.1\epic-terrain-1075383-5936468_mapped_official_1.20.1.jar
[00:54:17] [Render thread/DEBUG] [ne.mi.se.ServerLifecycleHooks/CORE]: Generating PackInfo named mod:worldedit for mod file C:\Users\Rinsing\.gradle\caches\forge_gradle\deobf_dependencies\curse\maven\worldedit-225608\4586218_mapped_official_1.20.1\worldedit-225608-4586218_mapped_official_1.20.1.jar
[00:54:17] [Render thread/DEBUG] [ne.mi.se.ServerLifecycleHooks/CORE]: Generating PackInfo named mod:architectury for mod file C:\Users\Rinsing\.gradle\caches\forge_gradle\deobf_dependencies\dev\architectury\architectury-forge\9.2.14_mapped_official_1.20.1\architectury-forge-9.2.14_mapped_official_1.20.1.jar
[00:54:17] [Render thread/DEBUG] [ne.mi.se.ServerLifecycleHooks/CORE]: Generating PackInfo named mod:cloth_config for mod file C:\Users\Rinsing\.gradle\caches\forge_gradle\deobf_dependencies\me\shedaniel\cloth\cloth-config-forge\11.1.136_mapped_official_1.20.1\cloth-config-forge-11.1.136_mapped_official_1.20.1.jar
[00:54:17] [Render thread/DEBUG] [ne.mi.se.ServerLifecycleHooks/CORE]: Generating PackInfo named mod:forge for mod file /
[00:54:17] [Render thread/DEBUG] [ne.mi.se.ServerLifecycleHooks/CORE]: Generating PackInfo named mod:t_and_t for mod file C:\Users\Rinsing\.gradle\caches\forge_gradle\deobf_dependencies\local\t_and_t\t_and_t\1.12_mapped_official_1.20.1\t_and_t-1.12_mapped_official_1.20.1.jar
[00:54:17] [Render thread/DEBUG] [ne.mi.se.ServerLifecycleHooks/CORE]: Generating PackInfo named mod:mr_trek for mod file C:\Users\Rinsing\.gradle\caches\forge_gradle\deobf_dependencies\local\trek\trek\B0.6_mapped_official_1.20.1\trek-B0.6_mapped_official_1.20.1.jar
[00:54:17] [Render thread/DEBUG] [ne.mi.se.ServerLifecycleHooks/CORE]: Generating PackInfo named mod:roadweaver for mod file C:\Users\Rinsing\.gradle\caches\forge_gradle\deobf_dependencies\local\roadweaver\roadweaver-forge\2.3.0-1.20.1_mapped_official_1.20.1\roadweaver-forge-2.3.0-1.20.1_mapped_official_1.20.1.jar
[00:54:17] [Render thread/DEBUG] [ne.mi.se.ServerLifecycleHooks/CORE]: Generating PackInfo named mod:geomantia for mod file E:\Mod_Dev\StructureBinder\build\resources\main
[00:54:17] [Render thread/DEBUG] [ne.mi.se.ServerLifecycleHooks/CORE]: Generating PackInfo named mod:cristellib for mod file C:\Users\Rinsing\.gradle\caches\forge_gradle\deobf_dependencies\local\cristellib\cristellib\1.1.6_mapped_official_1.20.1\cristellib-1.1.6_mapped_official_1.20.1.jar
[00:54:17] [Render thread/DEBUG] [mixin/]: Mixing MixinLootDataManager from architectury.mixins.json into net.minecraft.world.level.storage.loot.LootDataManager
[00:54:17] [Render thread/DEBUG] [mixin/]: Mixing client.MixinCommandSourceStack from architectury.mixins.json into net.minecraft.commands.CommandSourceStack
[00:54:17] [Render thread/DEBUG] [ne.mi.co.tr.CoreModBaseTransformer/COREMOD]: Transforming net/minecraft/server/commands/SummonCommand
[00:54:18] [Render thread/INFO] [co.sk.wo.ex.pl.PlatformCommandManager/]: Registering commands with com.sk89q.worldedit.forge.ForgePlatform
[00:54:18] [Worker-Main-24/DEBUG] [ne.mi.co.tr.CoreModBaseTransformer/COREMOD]: Transforming net/minecraft/world/entity/raid/Raid
[00:54:18] [Render thread/INFO] [minecraft/RecipeManager]: Loaded 7 recipes
[00:54:18] [Render thread/INFO] [minecraft/AdvancementList]: Loaded 1273 advancements
[00:54:18] [Render thread/WARN] [minecraft/MappedRegistry]: Not all defined tags for registry ResourceKey[minecraft:root / minecraft:worldgen/biome] are present in data pack: minecraft:is_birch_forest, minecraft:is_mangrove
[00:54:18] [Render thread/INFO] [RoadWeaver/StructureDiscovery/]: 发现 220 个结构和 14 个标签
[00:54:18] [Render thread/DEBUG] [mixin/]: Mixing forge.CreateWorldScreenMixin from roadweaver.mixins.json into net.minecraft.client.gui.screens.worldselection.CreateWorldScreen$GameTab
[00:54:18] [Render thread/DEBUG] [mixin/]: Renaming synthetic method lambda$addConfigButton$0(Lnet/minecraft/client/gui/components/Button;)V to md7472ba$lambda$addConfigButton$0$0 in roadweaver.mixins.json:forge.CreateWorldScreenMixin
[00:54:22] [Render thread/INFO] [roadweaver/]: Presets loaded: 57 entries
[00:54:31] [Render thread/DEBUG] [ne.mi.se.ServerLifecycleHooks/CORE]: Generating PackInfo named mod:mr_epicterrain for mod file C:\Users\Rinsing\.gradle\caches\forge_gradle\deobf_dependencies\curse\maven\epic-terrain-1075383\5936468_mapped_official_1.20.1\epic-terrain-1075383-5936468_mapped_official_1.20.1.jar
[00:54:31] [Render thread/DEBUG] [ne.mi.se.ServerLifecycleHooks/CORE]: Generating PackInfo named mod:worldedit for mod file C:\Users\Rinsing\.gradle\caches\forge_gradle\deobf_dependencies\curse\maven\worldedit-225608\4586218_mapped_official_1.20.1\worldedit-225608-4586218_mapped_official_1.20.1.jar
[00:54:31] [Render thread/DEBUG] [ne.mi.se.ServerLifecycleHooks/CORE]: Generating PackInfo named mod:architectury for mod file C:\Users\Rinsing\.gradle\caches\forge_gradle\deobf_dependencies\dev\architectury\architectury-forge\9.2.14_mapped_official_1.20.1\architectury-forge-9.2.14_mapped_official_1.20.1.jar
[00:54:31] [Render thread/DEBUG] [ne.mi.se.ServerLifecycleHooks/CORE]: Generating PackInfo named mod:cloth_config for mod file C:\Users\Rinsing\.gradle\caches\forge_gradle\deobf_dependencies\me\shedaniel\cloth\cloth-config-forge\11.1.136_mapped_official_1.20.1\cloth-config-forge-11.1.136_mapped_official_1.20.1.jar
[00:54:31] [Render thread/DEBUG] [ne.mi.se.ServerLifecycleHooks/CORE]: Generating PackInfo named mod:forge for mod file /
[00:54:31] [Render thread/DEBUG] [ne.mi.se.ServerLifecycleHooks/CORE]: Generating PackInfo named mod:t_and_t for mod file C:\Users\Rinsing\.gradle\caches\forge_gradle\deobf_dependencies\local\t_and_t\t_and_t\1.12_mapped_official_1.20.1\t_and_t-1.12_mapped_official_1.20.1.jar
[00:54:31] [Render thread/DEBUG] [ne.mi.se.ServerLifecycleHooks/CORE]: Generating PackInfo named mod:mr_trek for mod file C:\Users\Rinsing\.gradle\caches\forge_gradle\deobf_dependencies\local\trek\trek\B0.6_mapped_official_1.20.1\trek-B0.6_mapped_official_1.20.1.jar
[00:54:31] [Render thread/DEBUG] [ne.mi.se.ServerLifecycleHooks/CORE]: Generating PackInfo named mod:roadweaver for mod file C:\Users\Rinsing\.gradle\caches\forge_gradle\deobf_dependencies\local\roadweaver\roadweaver-forge\2.3.0-1.20.1_mapped_official_1.20.1\roadweaver-forge-2.3.0-1.20.1_mapped_official_1.20.1.jar
[00:54:31] [Render thread/DEBUG] [ne.mi.se.ServerLifecycleHooks/CORE]: Generating PackInfo named mod:geomantia for mod file E:\Mod_Dev\StructureBinder\build\resources\main
[00:54:31] [Render thread/DEBUG] [ne.mi.se.ServerLifecycleHooks/CORE]: Generating PackInfo named mod:cristellib for mod file C:\Users\Rinsing\.gradle\caches\forge_gradle\deobf_dependencies\local\cristellib\cristellib\1.1.6_mapped_official_1.20.1\cristellib-1.1.6_mapped_official_1.20.1.jar
[00:54:31] [Render thread/DEBUG] [ne.mi.co.ForgeHooks/WP]: Gathering id map for writing to world save 新的世界
[00:54:31] [Render thread/DEBUG] [ne.mi.co.ForgeHooks/WP]: ID Map collection complete 新的世界
[00:54:31] [Server thread/INFO] [minecraft/IntegratedServer]: Starting integrated minecraft server version 1.20.1
[00:54:31] [Server thread/INFO] [minecraft/MinecraftServer]: Generating keypair
[00:54:31] [Server thread/DEBUG] [ne.mi.fm.co.ConfigTracker/CONFIG]: Loading configs type SERVER
[00:54:31] [Server thread/DEBUG] [ne.mi.fm.co.ConfigFileTypeHandler/CONFIG]: Built TOML config for .\saves\新的世界 (6)\serverconfig\forge-server.toml
[00:54:31] [Server thread/DEBUG] [ne.mi.fm.co.ConfigFileTypeHandler/CONFIG]: Loaded TOML config file .\saves\新的世界 (6)\serverconfig\forge-server.toml
[00:54:31] [Server thread/DEBUG] [ne.mi.fm.co.ConfigFileTypeHandler/CONFIG]: Watching TOML config file .\saves\新的世界 (6)\serverconfig\forge-server.toml for changes
[00:54:31] [Server thread/WARN] [ne.mi.co.ForgeConfigSpec/CORE]: Configuration file .\saves\新的世界 (6)\serverconfig\forge-server.toml is not correct. Correcting
[00:54:31] [Server thread/WARN] [ne.mi.co.ForgeConfigSpec/CORE]: Incorrect key server was corrected from null to its default, SimpleCommentedConfig:{}. 
[00:54:31] [Server thread/WARN] [ne.mi.co.ForgeConfigSpec/CORE]: Incorrect key server.removeErroringBlockEntities was corrected from null to its default, false. 
[00:54:31] [Server thread/DEBUG] [ne.mi.co.ForgeConfigSpec/CORE]: The comment on key server.removeErroringBlockEntities does not match the spec. This may create a backup.
[00:54:31] [Server thread/WARN] [ne.mi.co.ForgeConfigSpec/CORE]: Incorrect key server.removeErroringEntities was corrected from null to its default, false. 
[00:54:31] [Server thread/DEBUG] [ne.mi.co.ForgeConfigSpec/CORE]: The comment on key server.removeErroringEntities does not match the spec. This may create a backup.
[00:54:31] [Server thread/WARN] [ne.mi.co.ForgeConfigSpec/CORE]: Incorrect key server.fullBoundingBoxLadders was corrected from null to its default, false. 
[00:54:31] [Server thread/DEBUG] [ne.mi.co.ForgeConfigSpec/CORE]: The comment on key server.fullBoundingBoxLadders does not match the spec. This may create a backup.
[00:54:31] [Server thread/WARN] [ne.mi.co.ForgeConfigSpec/CORE]: Incorrect key server.zombieBaseSummonChance was corrected from null to its default, 0.1. 
[00:54:31] [Server thread/DEBUG] [ne.mi.co.ForgeConfigSpec/CORE]: The comment on key server.zombieBaseSummonChance does not match the spec. This may create a backup.
[00:54:31] [Server thread/WARN] [ne.mi.co.ForgeConfigSpec/CORE]: Incorrect key server.zombieBabyChance was corrected from null to its default, 0.05. 
[00:54:31] [Server thread/DEBUG] [ne.mi.co.ForgeConfigSpec/CORE]: The comment on key server.zombieBabyChance does not match the spec. This may create a backup.
[00:54:31] [Server thread/WARN] [ne.mi.co.ForgeConfigSpec/CORE]: Incorrect key server.permissionHandler was corrected from null to its default, forge:default_handler. 
[00:54:31] [Server thread/DEBUG] [ne.mi.co.ForgeConfigSpec/CORE]: The comment on key server.permissionHandler does not match the spec. This may create a backup.
[00:54:31] [Server thread/WARN] [ne.mi.co.ForgeConfigSpec/CORE]: Incorrect key server.advertiseDedicatedServerToLan was corrected from null to its default, true. 
[00:54:31] [Server thread/DEBUG] [ne.mi.co.ForgeConfigSpec/CORE]: The comment on key server.advertiseDedicatedServerToLan does not match the spec. This may create a backup.
[00:54:31] [Server thread/WARN] [ne.mi.co.ForgeConfigSpec/CORE]: Incorrect key server.useItemWithDurationZero was corrected from null to its default, false. 
[00:54:31] [Server thread/DEBUG] [ne.mi.co.ForgeConfigSpec/CORE]: The comment on key server.useItemWithDurationZero does not match the spec. This may create a backup.
[00:54:31] [Server thread/DEBUG] [ne.mi.co.ForgeConfigSpec/CORE]: The comment on key server does not match the spec. This may create a backup.
[00:54:31] [Server thread/DEBUG] [ne.mi.co.ForgeConfig/FORGEMOD]: Loaded forge config file forge-server.toml
[00:54:31] [Server thread/INFO] [co.ri.ge.sy.ci.in.wo.CityReservationMaskRegistry/]: Loaded City reservation mask registry: noVegetation=0, noVanillaStructure=0, plannedStructures=0, ledgerPlacements=0, serverRoot=.\saves\新的世界 (6)\.
[00:54:31] [Server thread/INFO] [co.ri.ge.sy.ci.in.wo.la.CityLandUseWorldgenRegistry/]: Loaded City LandUse registry: activePlans=0, appliedOwners=0
[00:54:31] [Server thread/INFO] [co.ri.ge.sy.ci.in.wo.CityDecorationWorldgenRegistry/]: Loaded City decoration v0.4 registry: activePlans=0, appliedFragments=0
[00:54:31] [Server thread/DEBUG] [ne.mi.co.tr.CoreModBaseTransformer/COREMOD]: Transforming net/minecraft/world/level/levelgen/PhantomSpawner
[00:54:31] [Server thread/DEBUG] [ne.mi.co.tr.CoreModBaseTransformer/COREMOD]: Transforming net/minecraft/world/level/levelgen/PatrolSpawner
[00:54:31] [Server thread/DEBUG] [ne.mi.co.tr.CoreModBaseTransformer/COREMOD]: Transforming net/minecraft/world/entity/npc/CatSpawner
[00:54:31] [Server thread/DEBUG] [ne.mi.co.tr.CoreModBaseTransformer/COREMOD]: Transforming net/minecraft/world/entity/ai/village/VillageSiege
[00:54:31] [Server thread/DEBUG] [mixin/]: Mixing forge.StructureManagerAccessor from roadweaver.mixins.json into net.minecraft.world.level.StructureManager
[00:54:31] [Server thread/DEBUG] [mixin/]: Mixing StructureManagerAccessor from geomantia.mixins.json into net.minecraft.world.level.StructureManager
[00:54:33] [Worker-Main-20/DEBUG] [mixin/]: Mixing forge.BeardifierMixin from roadweaver.mixins.json into net.minecraft.world.level.levelgen.Beardifier
[00:54:33] [Worker-Main-20/DEBUG] [mixin/]: Mixing CityDecorationBeardifierMixin from geomantia.mixins.json into net.minecraft.world.level.levelgen.Beardifier
[00:54:35] [Worker-Main-1/DEBUG] [io.ne.ut.in.InternalThreadLocalMap/]: -Dio.netty.threadLocalMap.stringBuilder.initialSize: 1024
[00:54:35] [Worker-Main-1/DEBUG] [io.ne.ut.in.InternalThreadLocalMap/]: -Dio.netty.threadLocalMap.stringBuilder.maxSize: 4096
[00:54:35] [Worker-Main-1/DEBUG] [io.ne.ut.in.ThreadLocalRandom/]: -Dio.netty.initialSeedUniquifier: 0x5e1aeb2160f83c4b
[00:54:35] [Worker-Main-1/DEBUG] [ne.mi.co.tr.CoreModBaseTransformer/COREMOD]: Transforming net/minecraft/world/level/NaturalSpawner
[00:54:35] [Server thread/INFO] [roadweaver/]: 未发现旧 H2 数据库，跳过迁移 dimension=minecraft:overworld
[00:54:35] [Server thread/INFO] [roadweaver/]: 未发现旧 H2 数据库，跳过迁移 dimension=minecraft:the_end
[00:54:35] [Server thread/INFO] [roadweaver/]: 未发现旧 H2 数据库，跳过迁移 dimension=minecraft:the_nether
[00:54:36] [Server thread/INFO] [roadweaver/]: 粗地形区域按 tile 加载: radiusApproxChunks=128 tiles=289 samples=263169 step=8 maxTiles=70000
[00:54:36] [RW-CoarseTile-4/INFO] [roadweaver/]: OpenCL 粗采样配置未启用，使用 CPU
[00:54:36] [RW-CoarseTile-1/INFO] [roadweaver/]: 粗高度采样使用 CPU
[00:55:19] [Server thread/INFO] [minecraft/MinecraftServer]: Preparing start region for dimension minecraft:overworld
[00:55:20] [Render thread/INFO] [minecraft/LoggerChunkProgressListener]: 准备生成区域中：0%
[00:55:20] [Render thread/INFO] [minecraft/LoggerChunkProgressListener]: 准备生成区域中：0%
[00:55:20] [Render thread/INFO] [minecraft/LoggerChunkProgressListener]: 准备生成区域中：0%
[00:55:21] [Render thread/INFO] [minecraft/LoggerChunkProgressListener]: 准备生成区域中：0%
[00:55:21] [Render thread/INFO] [minecraft/LoggerChunkProgressListener]: 准备生成区域中：0%
[00:55:22] [Render thread/INFO] [minecraft/LoggerChunkProgressListener]: 准备生成区域中：1%
[00:55:22] [Render thread/INFO] [minecraft/LoggerChunkProgressListener]: 准备生成区域中：2%
[00:55:23] [Render thread/INFO] [minecraft/LoggerChunkProgressListener]: 准备生成区域中：3%
[00:55:23] [Render thread/INFO] [minecraft/LoggerChunkProgressListener]: 准备生成区域中：4%
[00:55:24] [Render thread/INFO] [minecraft/LoggerChunkProgressListener]: 准备生成区域中：5%
[00:55:24] [Render thread/INFO] [minecraft/LoggerChunkProgressListener]: 准备生成区域中：6%
[00:55:25] [Render thread/INFO] [minecraft/LoggerChunkProgressListener]: 准备生成区域中：7%
[00:55:25] [Render thread/INFO] [minecraft/LoggerChunkProgressListener]: 准备生成区域中：9%
[00:55:26] [Render thread/INFO] [minecraft/LoggerChunkProgressListener]: 准备生成区域中：11%
[00:55:26] [Render thread/INFO] [minecraft/LoggerChunkProgressListener]: 准备生成区域中：13%
[00:55:27] [Render thread/INFO] [minecraft/LoggerChunkProgressListener]: 准备生成区域中：13%
[00:55:27] [Render thread/INFO] [minecraft/LoggerChunkProgressListener]: 准备生成区域中：15%
[00:55:28] [Render thread/INFO] [minecraft/LoggerChunkProgressListener]: 准备生成区域中：17%
[00:55:28] [Render thread/INFO] [minecraft/LoggerChunkProgressListener]: 准备生成区域中：19%
[00:55:29] [Render thread/INFO] [minecraft/LoggerChunkProgressListener]: 准备生成区域中：20%
[00:55:29] [Render thread/INFO] [minecraft/LoggerChunkProgressListener]: 准备生成区域中：22%
[00:55:30] [Render thread/INFO] [minecraft/LoggerChunkProgressListener]: 准备生成区域中：23%
[00:55:30] [Render thread/INFO] [minecraft/LoggerChunkProgressListener]: 准备生成区域中：25%
[00:55:31] [Render thread/INFO] [minecraft/LoggerChunkProgressListener]: 准备生成区域中：27%
[00:55:32] [Render thread/INFO] [minecraft/LoggerChunkProgressListener]: 准备生成区域中：29%
[00:55:32] [Render thread/INFO] [minecraft/LoggerChunkProgressListener]: 准备生成区域中：29%
[00:55:32] [Render thread/INFO] [minecraft/LoggerChunkProgressListener]: 准备生成区域中：29%
[00:55:33] [Render thread/INFO] [minecraft/LoggerChunkProgressListener]: 准备生成区域中：31%
[00:55:33] [Render thread/INFO] [minecraft/LoggerChunkProgressListener]: 准备生成区域中：33%
[00:55:34] [Render thread/INFO] [minecraft/LoggerChunkProgressListener]: 准备生成区域中：35%
[00:55:34] [Render thread/INFO] [minecraft/LoggerChunkProgressListener]: 准备生成区域中：36%
[00:55:35] [Render thread/INFO] [minecraft/LoggerChunkProgressListener]: 准备生成区域中：38%
[00:55:35] [Render thread/INFO] [minecraft/LoggerChunkProgressListener]: 准备生成区域中：41%
[00:55:36] [Render thread/INFO] [minecraft/LoggerChunkProgressListener]: 准备生成区域中：43%
[00:55:36] [Render thread/INFO] [minecraft/LoggerChunkProgressListener]: 准备生成区域中：44%
[00:55:37] [Render thread/INFO] [minecraft/LoggerChunkProgressListener]: 准备生成区域中：45%
[00:55:37] [Render thread/INFO] [minecraft/LoggerChunkProgressListener]: 准备生成区域中：47%
[00:55:38] [Render thread/INFO] [minecraft/LoggerChunkProgressListener]: 准备生成区域中：47%
[00:55:38] [Render thread/INFO] [minecraft/LoggerChunkProgressListener]: 准备生成区域中：49%
[00:55:39] [Render thread/INFO] [minecraft/LoggerChunkProgressListener]: 准备生成区域中：52%
[00:55:39] [Render thread/INFO] [minecraft/LoggerChunkProgressListener]: 准备生成区域中：54%
[00:55:40] [Render thread/INFO] [minecraft/LoggerChunkProgressListener]: 准备生成区域中：55%
[00:55:40] [Render thread/INFO] [minecraft/LoggerChunkProgressListener]: 准备生成区域中：57%
[00:55:41] [Render thread/INFO] [minecraft/LoggerChunkProgressListener]: 准备生成区域中：59%
[00:55:41] [Render thread/INFO] [minecraft/LoggerChunkProgressListener]: 准备生成区域中：61%
[00:55:42] [Render thread/INFO] [minecraft/LoggerChunkProgressListener]: 准备生成区域中：62%
[00:55:42] [Render thread/INFO] [minecraft/LoggerChunkProgressListener]: 准备生成区域中：65%
[00:55:43] [Render thread/INFO] [minecraft/LoggerChunkProgressListener]: 准备生成区域中：67%
[00:55:43] [Render thread/INFO] [minecraft/LoggerChunkProgressListener]: 准备生成区域中：68%
[00:55:44] [Render thread/INFO] [minecraft/LoggerChunkProgressListener]: 准备生成区域中：69%
[00:55:44] [Render thread/INFO] [minecraft/LoggerChunkProgressListener]: 准备生成区域中：71%
[00:55:45] [Render thread/INFO] [minecraft/LoggerChunkProgressListener]: 准备生成区域中：73%
[00:55:45] [Render thread/INFO] [minecraft/LoggerChunkProgressListener]: 准备生成区域中：74%
[00:55:46] [Render thread/INFO] [minecraft/LoggerChunkProgressListener]: 准备生成区域中：77%
[00:55:46] [Render thread/INFO] [minecraft/LoggerChunkProgressListener]: 准备生成区域中：80%
[00:55:47] [Render thread/INFO] [minecraft/LoggerChunkProgressListener]: 准备生成区域中：80%
[00:55:47] [Render thread/INFO] [minecraft/LoggerChunkProgressListener]: 准备生成区域中：83%
[00:55:48] [Render thread/INFO] [minecraft/LoggerChunkProgressListener]: 准备生成区域中：84%
[00:55:48] [Render thread/INFO] [minecraft/LoggerChunkProgressListener]: 准备生成区域中：85%
[00:55:49] [Render thread/INFO] [minecraft/LoggerChunkProgressListener]: 准备生成区域中：86%
[00:55:49] [Render thread/INFO] [minecraft/LoggerChunkProgressListener]: 准备生成区域中：89%
[00:55:50] [Render thread/INFO] [minecraft/LoggerChunkProgressListener]: 准备生成区域中：91%
[00:55:50] [Render thread/INFO] [minecraft/LoggerChunkProgressListener]: 准备生成区域中：93%
[00:55:51] [Render thread/INFO] [minecraft/LoggerChunkProgressListener]: 准备生成区域中：95%
[00:55:51] [Render thread/INFO] [minecraft/LoggerChunkProgressListener]: 准备生成区域中：96%
[00:55:52] [Render thread/INFO] [minecraft/LoggerChunkProgressListener]: 准备生成区域中：99%
[00:55:52] [Server thread/INFO] [ne.mi.se.pe.PermissionAPI/]: Successfully initialized permission handler forge:default_handler
[00:55:52] [Render thread/INFO] [minecraft/LoggerChunkProgressListener]: Time elapsed: 32531 ms
[00:55:52] [Server thread/INFO] [roadweaver/]: 已从旧道路数据补全结构状态 dimension=minecraft:overworld structures=5 connections=0
[00:55:52] [Server thread/DEBUG] [roadweaver/]: CacheManager: 缓存已初始化
[00:55:52] [Server thread/DEBUG] [roadweaver/]: ThreadPoolManager: 工作池已启动 (epoch=1, initialThreads=6, sharedThreads=4, mapThreads=2)
[00:55:52] [Server thread/INFO] [RoadWeaver/StructureDiscovery/]: 发现 220 个结构和 14 个标签
[00:55:52] [Server thread/INFO] [co.ri.ge.pl.ht.GeomantiaHttpServer/]: Geomantia GIS API server started on 127.0.0.1:5000.
[00:55:52] [Server thread/DEBUG] [io.ne.bu.AbstractByteBuf/]: -Dio.netty.buffer.checkAccessible: true
[00:55:52] [Server thread/DEBUG] [io.ne.bu.AbstractByteBuf/]: -Dio.netty.buffer.checkBounds: true
[00:55:52] [Server thread/DEBUG] [io.ne.ut.ResourceLeakDetectorFactory/]: Loaded default ResourceLeakDetector: io.netty.util.ResourceLeakDetector@7ab02ea0
[00:55:52] [Server thread/INFO] [minecraft/IntegratedServer]: Changing view distance to 32, from 10
[00:55:52] [Server thread/INFO] [minecraft/IntegratedServer]: Changing simulation distance to 8, from 0
[00:55:52] [Render thread/DEBUG] [io.ne.ch.MultithreadEventLoopGroup/]: -Dio.netty.eventLoopThreads: 32
[00:55:53] [Render thread/DEBUG] [io.ne.ch.ni.NioEventLoop/]: -Dio.netty.noKeySetOptimization: false
[00:55:53] [Render thread/DEBUG] [io.ne.ch.ni.NioEventLoop/]: -Dio.netty.selectorAutoRebuildThreshold: 512
[00:55:53] [Render thread/DEBUG] [io.ne.ut.in.PlatformDependent/]: org.jctools-core.MpscChunkedArrayQueue: available
[00:55:53] [Render thread/DEBUG] [io.ne.ch.DefaultChannelId/]: -Dio.netty.processId: 145808 (auto-detected)
[00:55:53] [Render thread/WARN] [io.ne.ut.in.SystemPropertyUtil/]: Unable to parse the boolean system property 'java.net.preferIPv6Addresses':system - using the default value: false
[00:55:53] [Render thread/DEBUG] [io.ne.ut.NetUtil/]: -Djava.net.preferIPv4Stack: false
[00:55:53] [Render thread/DEBUG] [io.ne.ut.NetUtil/]: -Djava.net.preferIPv6Addresses: false
[00:55:53] [Render thread/DEBUG] [io.ne.ut.NetUtilInitializations/]: Loopback interface: lo (Software Loopback Interface 1, 127.0.0.1)
[00:55:53] [Render thread/DEBUG] [io.ne.ut.NetUtil/]: Failed to get SOMAXCONN from sysctl and file \proc\sys\net\core\somaxconn. Default: 200
[00:55:53] [Render thread/DEBUG] [io.ne.ch.DefaultChannelId/]: -Dio.netty.machineId: 58:02:05:ff:fe:54:a9:f6 (auto-detected)
[00:55:53] [Render thread/DEBUG] [io.ne.bu.PooledByteBufAllocator/]: -Dio.netty.allocator.numHeapArenas: 32
[00:55:53] [Render thread/DEBUG] [io.ne.bu.PooledByteBufAllocator/]: -Dio.netty.allocator.numDirectArenas: 32
[00:55:53] [Render thread/DEBUG] [io.ne.bu.PooledByteBufAllocator/]: -Dio.netty.allocator.pageSize: 8192
[00:55:53] [Render thread/DEBUG] [io.ne.bu.PooledByteBufAllocator/]: -Dio.netty.allocator.maxOrder: 9
[00:55:53] [Render thread/DEBUG] [io.ne.bu.PooledByteBufAllocator/]: -Dio.netty.allocator.chunkSize: 4194304
[00:55:53] [Render thread/DEBUG] [io.ne.bu.PooledByteBufAllocator/]: -Dio.netty.allocator.smallCacheSize: 256
[00:55:53] [Render thread/DEBUG] [io.ne.bu.PooledByteBufAllocator/]: -Dio.netty.allocator.normalCacheSize: 64
[00:55:53] [Render thread/DEBUG] [io.ne.bu.PooledByteBufAllocator/]: -Dio.netty.allocator.maxCachedBufferCapacity: 32768
[00:55:53] [Render thread/DEBUG] [io.ne.bu.PooledByteBufAllocator/]: -Dio.netty.allocator.cacheTrimInterval: 8192
[00:55:53] [Render thread/DEBUG] [io.ne.bu.PooledByteBufAllocator/]: -Dio.netty.allocator.cacheTrimIntervalMillis: 0
[00:55:53] [Render thread/DEBUG] [io.ne.bu.PooledByteBufAllocator/]: -Dio.netty.allocator.useCacheForAllThreads: false
[00:55:53] [Render thread/DEBUG] [io.ne.bu.PooledByteBufAllocator/]: -Dio.netty.allocator.maxCachedByteBuffersPerChunk: 1023
[00:55:53] [Render thread/DEBUG] [io.ne.bu.ByteBufUtil/]: -Dio.netty.allocator.type: pooled
[00:55:53] [Render thread/DEBUG] [io.ne.bu.ByteBufUtil/]: -Dio.netty.threadLocalDirectBufferSize: 0
[00:55:53] [Render thread/DEBUG] [io.ne.bu.ByteBufUtil/]: -Dio.netty.maxThreadLocalCharBufferSize: 16384
[00:55:53] [Netty Local Client IO #0/DEBUG] [ne.mi.ne.HandshakeHandler/FMLHANDSHAKE]: Starting local connection.
[00:55:53] [Netty Local Client IO #0/DEBUG] [io.ne.ut.Recycler/]: -Dio.netty.recycler.maxCapacityPerThread: 4096
[00:55:53] [Netty Local Client IO #0/DEBUG] [io.ne.ut.Recycler/]: -Dio.netty.recycler.ratio: 8
[00:55:53] [Netty Local Client IO #0/DEBUG] [io.ne.ut.Recycler/]: -Dio.netty.recycler.chunkSize: 32
[00:55:53] [Netty Local Client IO #0/DEBUG] [io.ne.ut.Recycler/]: -Dio.netty.recycler.blocking: false
[00:55:53] [Netty Server IO #1/DEBUG] [ne.mi.ne.HandshakeHandler/FMLHANDSHAKE]: Starting local connection.
[00:55:53] [Server thread/DEBUG] [ne.mi.ne.HandshakeHandler/FMLHANDSHAKE]: Sending ticking packet info 'net.minecraftforge.network.HandshakeMessages$S2CModData' to 'fml:handshake' sequence 0
[00:55:54] [Server thread/DEBUG] [ne.mi.ne.HandshakeHandler/FMLHANDSHAKE]: Sending ticking packet info 'net.minecraftforge.network.HandshakeMessages$S2CModList' to 'fml:handshake' sequence 1
[00:55:54] [Server thread/DEBUG] [ne.mi.ne.HandshakeHandler/FMLHANDSHAKE]: Sending ticking packet info 'Config forge-server.toml' to 'fml:handshake' sequence 2
[00:55:54] [Netty Local Client IO #0/DEBUG] [ne.mi.ne.LoginWrapper/FMLHANDSHAKE]: Recieved login wrapper packet event for channel fml:handshake with index 0
[00:55:54] [Netty Local Client IO #0/DEBUG] [ne.mi.ne.LoginWrapper/FMLHANDSHAKE]: Recieved login wrapper packet event for channel fml:handshake with index 1
[00:55:54] [Netty Local Client IO #0/DEBUG] [ne.mi.ne.HandshakeHandler/FMLHANDSHAKE]: Logging into server with mod list [minecraft, mr_epicterrain, worldedit, architectury, cloth_config, forge, t_and_t, mr_trek, roadweaver, geomantia, cristellib]
[00:55:54] [Netty Local Client IO #0/DEBUG] [ne.mi.ne.NetworkRegistry/NETREGISTRY]: Channel 'worldedit:cui' : Version test of '1' from server : ACCEPTED
[00:55:54] [Netty Local Client IO #0/DEBUG] [ne.mi.ne.NetworkRegistry/NETREGISTRY]: Channel 'fml:loginwrapper' : Version test of 'FML3' from server : ACCEPTED
[00:55:54] [Netty Local Client IO #0/DEBUG] [ne.mi.ne.NetworkRegistry/NETREGISTRY]: Channel 'forge:tier_sorting' : Version test of '1.0' from server : ACCEPTED
[00:55:54] [Netty Local Client IO #0/DEBUG] [ne.mi.ne.NetworkRegistry/NETREGISTRY]: Channel 'fml:handshake' : Version test of 'FML3' from server : ACCEPTED
[00:55:54] [Netty Local Client IO #0/DEBUG] [ne.mi.ne.NetworkRegistry/NETREGISTRY]: Channel 'architectury:network' : Version test of '1' from server : ACCEPTED
[00:55:54] [Netty Local Client IO #0/DEBUG] [ne.mi.ne.NetworkRegistry/NETREGISTRY]: Channel 'worldedit:internal' : Version test of '1' from server : ACCEPTED
[00:55:54] [Netty Local Client IO #0/DEBUG] [ne.mi.ne.NetworkRegistry/NETREGISTRY]: Channel 'minecraft:unregister' : Version test of 'FML3' from server : ACCEPTED
[00:55:54] [Netty Local Client IO #0/DEBUG] [ne.mi.ne.NetworkRegistry/NETREGISTRY]: Channel 'fml:play' : Version test of 'FML3' from server : ACCEPTED
[00:55:54] [Netty Local Client IO #0/DEBUG] [ne.mi.ne.NetworkRegistry/NETREGISTRY]: Channel 'minecraft:register' : Version test of 'FML3' from server : ACCEPTED
[00:55:54] [Netty Local Client IO #0/DEBUG] [ne.mi.ne.NetworkRegistry/NETREGISTRY]: Channel 'forge:split' : Version test of '1.1' from server : ACCEPTED
[00:55:54] [Netty Local Client IO #0/DEBUG] [ne.mi.ne.NetworkRegistry/NETREGISTRY]: Channel 'roadweaver:map' : Version test of '1' from server : ACCEPTED
[00:55:54] [Netty Local Client IO #0/DEBUG] [ne.mi.ne.NetworkRegistry/NETREGISTRY]: Accepting channel list from server
[00:55:54] [Netty Local Client IO #0/DEBUG] [ne.mi.ne.LoginWrapper/FMLHANDSHAKE]: Dispatching wrapped packet reply for channel fml:handshake with index 1
[00:55:54] [Netty Local Client IO #0/DEBUG] [ne.mi.ne.HandshakeHandler/FMLHANDSHAKE]: Accepted server connection
[00:55:54] [Netty Server IO #1/DEBUG] [ne.mi.ne.LoginWrapper/FMLHANDSHAKE]: Recieved login wrapper packet event for channel fml:handshake with index 1
[00:55:54] [Netty Server IO #1/DEBUG] [ne.mi.ne.HandshakeHandler/FMLHANDSHAKE]: Received client indexed reply 1 of type net.minecraftforge.network.HandshakeMessages$C2SModListReply
[00:55:54] [Netty Server IO #1/DEBUG] [ne.mi.ne.HandshakeHandler/FMLHANDSHAKE]: Received client connection with modlist [minecraft, mr_epicterrain, worldedit, architectury, cloth_config, forge, t_and_t, mr_trek, roadweaver, geomantia, cristellib]
[00:55:54] [Netty Local Client IO #0/DEBUG] [ne.mi.ne.HandshakeHandler/REGISTRIES]: Expecting 19 registries: [minecraft:command_argument_type, minecraft:recipe_serializer, minecraft:sound_event, minecraft:particle_type, minecraft:villager_profession, minecraft:item, minecraft:potion, minecraft:painting_variant, forge:fluid_type, minecraft:block_entity_type, forge:display_contexts, minecraft:block, forge:entity_data_serializers, minecraft:mob_effect, minecraft:stat_type, minecraft:menu, minecraft:enchantment, minecraft:fluid, minecraft:entity_type]
[00:55:54] [Netty Local Client IO #0/DEBUG] [ne.mi.ne.LoginWrapper/FMLHANDSHAKE]: Recieved login wrapper packet event for channel fml:handshake with index 2
[00:55:54] [Netty Local Client IO #0/DEBUG] [ne.mi.ne.HandshakeHandler/FMLHANDSHAKE]: Received config sync from server
[00:55:54] [Netty Local Client IO #0/DEBUG] [ne.mi.ne.LoginWrapper/FMLHANDSHAKE]: Dispatching wrapped packet reply for channel fml:handshake with index 2
[00:55:54] [Netty Server IO #1/DEBUG] [ne.mi.ne.NetworkRegistry/NETREGISTRY]: Channel 'worldedit:cui' : Version test of '1' from client : ACCEPTED
[00:55:54] [Netty Server IO #1/DEBUG] [ne.mi.ne.NetworkRegistry/NETREGISTRY]: Channel 'fml:loginwrapper' : Version test of 'FML3' from client : ACCEPTED
[00:55:54] [Netty Server IO #1/DEBUG] [ne.mi.ne.NetworkRegistry/NETREGISTRY]: Channel 'forge:tier_sorting' : Version test of '1.0' from client : ACCEPTED
[00:55:54] [Netty Server IO #1/DEBUG] [ne.mi.ne.NetworkRegistry/NETREGISTRY]: Channel 'fml:handshake' : Version test of 'FML3' from client : ACCEPTED
[00:55:54] [Netty Server IO #1/DEBUG] [ne.mi.ne.NetworkRegistry/NETREGISTRY]: Channel 'architectury:network' : Version test of '1' from client : ACCEPTED
[00:55:54] [Netty Server IO #1/DEBUG] [ne.mi.ne.NetworkRegistry/NETREGISTRY]: Channel 'worldedit:internal' : Version test of '1' from client : ACCEPTED
[00:55:54] [Netty Server IO #1/DEBUG] [ne.mi.ne.NetworkRegistry/NETREGISTRY]: Channel 'minecraft:unregister' : Version test of 'FML3' from client : ACCEPTED
[00:55:54] [Netty Server IO #1/DEBUG] [ne.mi.ne.NetworkRegistry/NETREGISTRY]: Channel 'fml:play' : Version test of 'FML3' from client : ACCEPTED
[00:55:54] [Netty Server IO #1/DEBUG] [ne.mi.ne.NetworkRegistry/NETREGISTRY]: Channel 'minecraft:register' : Version test of 'FML3' from client : ACCEPTED
[00:55:54] [Netty Server IO #1/DEBUG] [ne.mi.ne.NetworkRegistry/NETREGISTRY]: Channel 'forge:split' : Version test of '1.1' from client : ACCEPTED
[00:55:54] [Netty Server IO #1/DEBUG] [ne.mi.ne.NetworkRegistry/NETREGISTRY]: Channel 'roadweaver:map' : Version test of '1' from client : ACCEPTED
[00:55:54] [Netty Server IO #1/DEBUG] [ne.mi.ne.NetworkRegistry/NETREGISTRY]: Accepting channel list from client
[00:55:54] [Netty Server IO #1/DEBUG] [ne.mi.ne.HandshakeHandler/FMLHANDSHAKE]: Accepted client connection mod list
[00:55:54] [Netty Server IO #1/DEBUG] [ne.mi.ne.LoginWrapper/FMLHANDSHAKE]: Recieved login wrapper packet event for channel fml:handshake with index 2
[00:55:54] [Netty Server IO #1/DEBUG] [ne.mi.ne.HandshakeHandler/FMLHANDSHAKE]: Received client indexed reply 2 of type net.minecraftforge.network.HandshakeMessages$C2SAcknowledge
[00:55:54] [Netty Server IO #1/DEBUG] [ne.mi.ne.HandshakeHandler/FMLHANDSHAKE]: Received acknowledgement from client
[00:55:54] [Server thread/DEBUG] [mixin/]: Mixing MixinChunkSerializer from architectury.mixins.json into net.minecraft.world.level.chunk.storage.ChunkSerializer
[00:55:54] [Server thread/DEBUG] [ne.mi.ne.HandshakeHandler/FMLHANDSHAKE]: Handshake complete!
[00:55:54] [Netty Local Client IO #0/INFO] [ne.mi.ne.NetworkHooks/]: Connected to a modded server.
[00:55:54] [Server thread/INFO] [minecraft/PlayerList]: Dev[local:E:59d3f457] logged in with entity id 144 at (5.5, 335.0, 3.5)
[00:55:54] [Server thread/INFO] [minecraft/MinecraftServer]: Dev加入了游戏
[00:55:54] [Render thread/INFO] [minecraft/AdvancementList]: Loaded 2 advancements
[00:55:55] [RW-Worker-1/INFO] [roadweaver/]: 粗地形区域按 tile 加载: radiusApproxChunks=256 tiles=1089 samples=1050625 step=8 maxTiles=70000
[00:55:56] [RW-Worker-2/INFO] [roadweaver/]: 粗地形区域按 tile 加载: radiusApproxChunks=256 tiles=1089 samples=1050625 step=8 maxTiles=70000
[00:56:16] [Worker-Main-23/ERROR] [minecraft/HangingEntity]: Hanging entity at invalid position: BlockPos{x=-44, y=-58, z=1458}
[00:56:18] [Worker-Main-18/ERROR] [minecraft/HangingEntity]: Hanging entity at invalid position: BlockPos{x=1410, y=-58, z=47}
[00:56:19] [Worker-Main-4/ERROR] [minecraft/HangingEntity]: Hanging entity at invalid position: BlockPos{x=1410, y=-58, z=47}
[00:56:27] [Worker-Main-7/ERROR] [minecraft/HangingEntity]: Hanging entity at invalid position: BlockPos{x=1230, y=-58, z=45}
[00:57:44] [RW-Worker-1/INFO] [roadweaver/]: 已补全已有道路区域地图粗地形瓦片 dimension=minecraft:overworld min=(-4096, -4096) max=(4096, 4096)
[00:57:54] [Server thread/INFO] [roadweaver/]: 已从旧道路数据补全结构状态 dimension=minecraft:overworld structures=1 connections=0
[00:57:55] [Server thread/INFO] [roadweaver/]: 已从旧道路数据补全结构状态 dimension=minecraft:overworld structures=1 connections=0
[00:57:56] [Server thread/INFO] [roadweaver/]: 已从旧道路数据补全结构状态 dimension=minecraft:overworld structures=2 connections=0
[00:58:02] [Server thread/INFO] [roadweaver/]: 已从旧道路数据补全结构状态 dimension=minecraft:overworld structures=1 connections=0
[00:58:07] [Server thread/INFO] [roadweaver/]: 已从旧道路数据补全结构状态 dimension=minecraft:overworld structures=1 connections=0
[00:58:11] [Server thread/INFO] [roadweaver/]: 已从旧道路数据补全结构状态 dimension=minecraft:overworld structures=2 connections=0
[00:58:18] [Server thread/INFO] [roadweaver/]: 已从旧道路数据补全结构状态 dimension=minecraft:overworld structures=2 connections=1
[00:58:19] [Server thread/INFO] [roadweaver/]: 已从旧道路数据补全结构状态 dimension=minecraft:overworld structures=1 connections=0
[00:58:24] [Server thread/INFO] [roadweaver/]: 已从旧道路数据补全结构状态 dimension=minecraft:overworld structures=1 connections=0
[00:58:26] [Server thread/INFO] [roadweaver/]: 已从旧道路数据补全结构状态 dimension=minecraft:overworld structures=1 connections=0
[00:58:31] [Server thread/INFO] [roadweaver/]: 已从旧道路数据补全结构状态 dimension=minecraft:overworld structures=1 connections=0
[00:58:35] [Server thread/INFO] [roadweaver/]: 已从旧道路数据补全结构状态 dimension=minecraft:overworld structures=2 connections=0
[00:58:39] [Server thread/INFO] [roadweaver/]: 已从旧道路数据补全结构状态 dimension=minecraft:overworld structures=1 connections=0
[00:58:43] [Server thread/INFO] [roadweaver/]: 已从旧道路数据补全结构状态 dimension=minecraft:overworld structures=1 connections=0
[00:58:44] [Server thread/INFO] [roadweaver/]: 已从旧道路数据补全结构状态 dimension=minecraft:overworld structures=1 connections=0
[00:58:48] [Server thread/INFO] [roadweaver/]: 已从旧道路数据补全结构状态 dimension=minecraft:overworld structures=1 connections=0
[00:58:49] [Server thread/INFO] [roadweaver/]: 已从旧道路数据补全结构状态 dimension=minecraft:overworld structures=1 connections=0
[00:58:52] [Server thread/INFO] [roadweaver/]: 已从旧道路数据补全结构状态 dimension=minecraft:overworld structures=0 connections=1
[00:58:57] [Server thread/WARN] [minecraft/LevelChunk]: Tried to load a block entity for block Block{minecraft:moving_piston}[facing=down,type=normal] but failed at location BlockPos{x=-483, y=261, z=228}
[00:59:04] [Worker-Main-17/ERROR] [minecraft/HangingEntity]: Hanging entity at invalid position: BlockPos{x=1410, y=-58, z=47}
[00:59:11] [Worker-Main-4/ERROR] [minecraft/Allay]: No key selector in MapLike[{event_delay:0,event_distance:0.0f,range:16,source:{source_entity:[I;44558657,-805812143,-2135634931,493044029],type:"minecraft:entity",y_offset:0.36f}}]
[00:59:16] [Worker-Main-21/ERROR] [minecraft/HangingEntity]: Hanging entity at invalid position: BlockPos{x=-44, y=-58, z=1458}
[00:59:17] [Worker-Main-7/ERROR] [minecraft/HangingEntity]: Hanging entity at invalid position: BlockPos{x=-699997, y=110, z=-700035}
[00:59:37] [Worker-Main-23/ERROR] [minecraft/HangingEntity]: Hanging entity at invalid position: BlockPos{x=1230, y=-58, z=45}
[01:00:53] [Server thread/DEBUG] [ne.mi.co.ForgeHooks/WP]: Gathering id map for writing to world save 新的世界
[01:00:53] [Server thread/DEBUG] [ne.mi.co.ForgeHooks/WP]: ID Map collection complete 新的世界
[01:04:15] [RW-Worker-3/INFO] [roadweaver/]: 粗地形区域按 tile 加载: radiusApproxChunks=256 tiles=1089 samples=1050625 step=8 maxTiles=70000
[01:04:15] [RW-Worker-4/INFO] [roadweaver/]: 粗地形区域按 tile 加载: radiusApproxChunks=256 tiles=1089 samples=1050625 step=8 maxTiles=70000
[01:04:18] [Worker-Main-21/ERROR] [minecraft/HangingEntity]: Hanging entity at invalid position: BlockPos{x=-44, y=-58, z=1458}
[01:04:21] [RW-Worker-3/INFO] [roadweaver/]: 已补全已有道路区域地图粗地形瓦片 dimension=minecraft:overworld min=(-4096, -4112) max=(4096, 4080)
[01:05:53] [Server thread/DEBUG] [ne.mi.co.ForgeHooks/WP]: Gathering id map for writing to world save 新的世界
[01:05:53] [Server thread/DEBUG] [ne.mi.co.ForgeHooks/WP]: ID Map collection complete 新的世界
[01:06:05] [Server thread/INFO] [co.ri.ge.sy.re.WorldSurveyRunner/]: W survey progress runId=epic_terrain_w_20260803_01 status=running phase=tile_scan tiles=0/289 microCells=0/4624 tileSpeed=0.00/s microSpeed=0.00/s etaMs=-1
[01:06:05] [Render thread/INFO] [minecraft/ChatComponent]: [System] [CHAT] [Geomantia] W scan tiles 0/289 (0.0%), ETA calculating
[01:06:05] [Server thread/INFO] [co.ri.ge.sy.re.WorldSurveyRunner/]: W survey progress runId=epic_terrain_w_20260803_01 status=running phase=tile_scan tiles=1/289 microCells=0/4624 tileSpeed=6.25/s microSpeed=0.00/s etaMs=46080
[01:06:05] [Server thread/INFO] [co.ri.ge.sy.re.WorldSurveyRunner/]: W survey progress runId=epic_terrain_w_20260803_01 status=running phase=tile_scan tiles=2/289 microCells=0/4624 tileSpeed=7.46/s microSpeed=0.00/s etaMs=38458
[01:06:05] [Server thread/INFO] [co.ri.ge.sy.re.WorldSurveyRunner/]: W survey progress runId=epic_terrain_w_20260803_01 status=running phase=tile_scan tiles=3/289 microCells=0/4624 tileSpeed=8.00/s microSpeed=0.00/s etaMs=35750
[01:06:05] [Server thread/INFO] [co.ri.ge.sy.re.WorldSurveyRunner/]: W survey progress runId=epic_terrain_w_20260803_01 status=running phase=tile_scan tiles=4/289 microCells=0/4624 tileSpeed=8.32/s microSpeed=0.00/s etaMs=34271
[01:06:05] [Server thread/INFO] [co.ri.ge.sy.re.WorldSurveyRunner/]: W survey progress runId=epic_terrain_w_20260803_01 status=running phase=tile_scan tiles=5/289 microCells=0/4624 tileSpeed=8.64/s microSpeed=0.00/s etaMs=32887
[01:06:06] [Server thread/INFO] [co.ri.ge.sy.re.WorldSurveyRunner/]: W survey progress runId=epic_terrain_w_20260803_01 status=running phase=tile_scan tiles=6/289 microCells=0/4624 tileSpeed=9.00/s microSpeed=0.00/s etaMs=31460
[01:06:06] [Server thread/INFO] [co.ri.ge.sy.re.WorldSurveyRunner/]: W survey progress runId=epic_terrain_w_20260803_01 status=running phase=tile_scan tiles=7/289 microCells=0/4624 tileSpeed=9.46/s microSpeed=0.00/s etaMs=29811
[01:06:06] [Server thread/INFO] [co.ri.ge.sy.re.WorldSurveyRunner/]: W survey progress runId=epic_terrain_w_20260803_01 status=running phase=tile_scan tiles=8/289 microCells=0/4624 tileSpeed=9.66/s microSpeed=0.00/s etaMs=29084
[01:06:06] [Server thread/INFO] [co.ri.ge.sy.re.WorldSurveyRunner/]: W survey progress runId=epic_terrain_w_20260803_01 status=running phase=tile_scan tiles=9/289 microCells=0/4624 tileSpeed=9.98/s microSpeed=0.00/s etaMs=28062
[01:06:06] [Server thread/INFO] [co.ri.ge.sy.re.WorldSurveyRunner/]: W survey progress runId=epic_terrain_w_20260803_01 status=running phase=tile_scan tiles=10/289 microCells=0/4624 tileSpeed=10.24/s microSpeed=0.00/s etaMs=27258
[01:06:06] [geomantia-world-survey-progress/INFO] [co.ri.ge.sy.re.WorldSurveyRunner/]: W survey progress runId=epic_terrain_w_20260803_01 status=running phase=tile_scan tiles=10/289 microCells=0/4624 tileSpeed=9.96/s microSpeed=0.00/s etaMs=28012
[01:06:06] [Server thread/INFO] [co.ri.ge.sy.re.WorldSurveyRunner/]: W survey progress runId=epic_terrain_w_20260803_01 status=running phase=tile_scan tiles=11/289 microCells=0/4624 tileSpeed=10.21/s microSpeed=0.00/s etaMs=27219
[01:06:06] [Server thread/INFO] [co.ri.ge.sy.re.WorldSurveyRunner/]: W survey progress runId=epic_terrain_w_20260803_01 status=running phase=tile_scan tiles=12/289 microCells=0/4624 tileSpeed=10.78/s microSpeed=0.00/s etaMs=25692
[01:06:06] [Server thread/INFO] [co.ri.ge.sy.re.WorldSurveyRunner/]: W survey progress runId=epic_terrain_w_20260803_01 status=running phase=tile_scan tiles=13/289 microCells=0/4624 tileSpeed=11.32/s microSpeed=0.00/s etaMs=24373
[01:06:06] [Server thread/INFO] [co.ri.ge.sy.re.WorldSurveyRunner/]: W survey progress runId=epic_terrain_w_20260803_01 status=running phase=tile_scan tiles=14/289 microCells=0/4624 tileSpeed=11.83/s microSpeed=0.00/s etaMs=23238
[01:06:06] [Server thread/INFO] [co.ri.ge.sy.re.WorldSurveyRunner/]: W survey progress runId=epic_terrain_w_20260803_01 status=running phase=tile_scan tiles=15/289 microCells=0/4624 tileSpeed=12.29/s microSpeed=0.00/s etaMs=22304
[01:06:06] [Server thread/INFO] [co.ri.ge.sy.re.WorldSurveyRunner/]: W survey progress runId=epic_terrain_w_20260803_01 status=running phase=tile_scan tiles=16/289 microCells=0/4624 tileSpeed=12.34/s microSpeed=0.00/s etaMs=22130
[01:06:06] [Server thread/INFO] [co.ri.ge.sy.re.WorldSurveyRunner/]: W survey progress runId=epic_terrain_w_20260803_01 status=running phase=tile_scan tiles=17/289 microCells=0/4624 tileSpeed=12.29/s microSpeed=0.00/s etaMs=22128
[01:06:06] [Server thread/INFO] [co.ri.ge.sy.re.WorldSurveyRunner/]: W survey progress runId=epic_terrain_w_20260803_01 status=running phase=tile_scan tiles=18/289 microCells=0/4624 tileSpeed=12.30/s microSpeed=0.00/s etaMs=22026
[01:06:06] [Server thread/INFO] [co.ri.ge.sy.re.WorldSurveyRunner/]: W survey progress runId=epic_terrain_w_20260803_01 status=running phase=tile_scan tiles=19/289 microCells=0/4624 tileSpeed=12.34/s microSpeed=0.00/s etaMs=21884
[01:06:06] [Server thread/INFO] [co.ri.ge.sy.re.WorldSurveyRunner/]: W survey progress runId=epic_terrain_w_20260803_01 status=running phase=tile_scan tiles=20/289 microCells=0/4624 tileSpeed=12.41/s microSpeed=0.00/s etaMs=21668
[01:06:07] [Server thread/INFO] [co.ri.ge.sy.re.WorldSurveyRunner/]: W survey progress runId=epic_terrain_w_20260803_01 status=running phase=tile_scan tiles=21/289 microCells=0/4624 tileSpeed=12.34/s microSpeed=0.00/s etaMs=21721
[01:06:07] [Server thread/INFO] [co.ri.ge.sy.re.WorldSurveyRunner/]: W survey progress runId=epic_terrain_w_20260803_01 status=running phase=tile_scan tiles=22/289 microCells=0/4624 tileSpeed=12.30/s microSpeed=0.00/s etaMs=21712
[01:06:07] [Server thread/INFO] [co.ri.ge.sy.re.WorldSurveyRunner/]: W survey progress runId=epic_terrain_w_20260803_01 status=running phase=tile_scan tiles=23/289 microCells=0/4624 tileSpeed=12.35/s microSpeed=0.00/s etaMs=21546
[01:06:07] [Server thread/INFO] [co.ri.ge.sy.re.WorldSurveyRunner/]: W survey progress runId=epic_terrain_w_20260803_01 status=running phase=tile_scan tiles=24/289 microCells=0/4624 tileSpeed=12.35/s microSpeed=0.00/s etaMs=21465
[01:06:07] [geomantia-world-survey-progress/INFO] [co.ri.ge.sy.re.WorldSurveyRunner/]: W survey progress runId=epic_terrain_w_20260803_01 status=running phase=tile_scan tiles=24/289 microCells=0/4624 tileSpeed=11.98/s microSpeed=0.00/s etaMs=22116
[01:06:07] [Server thread/INFO] [co.ri.ge.sy.re.WorldSurveyRunner/]: W survey progress runId=epic_terrain_w_20260803_01 status=running phase=tile_scan tiles=25/289 microCells=0/4624 tileSpeed=12.31/s microSpeed=0.00/s etaMs=21447
[01:06:07] [Server thread/INFO] [co.ri.ge.sy.re.WorldSurveyRunner/]: W survey progress runId=epic_terrain_w_20260803_01 status=running phase=tile_scan tiles=26/289 microCells=0/4624 tileSpeed=12.31/s microSpeed=0.00/s etaMs=21364
[01:06:07] [Server thread/INFO] [co.ri.ge.sy.re.WorldSurveyRunner/]: W survey progress runId=epic_terrain_w_20260803_01 status=running phase=tile_scan tiles=27/289 microCells=0/4624 tileSpeed=12.37/s microSpeed=0.00/s etaMs=21183
[01:06:07] [Server thread/INFO] [co.ri.ge.sy.re.WorldSurveyRunner/]: W survey progress runId=epic_terrain_w_20260803_01 status=running phase=tile_scan tiles=28/289 microCells=0/4624 tileSpeed=12.25/s microSpeed=0.00/s etaMs=21299
[01:06:07] [Server thread/INFO] [co.ri.ge.sy.re.WorldSurveyRunner/]: W survey progress runId=epic_terrain_w_20260803_01 status=running phase=tile_scan tiles=29/289 microCells=0/4624 tileSpeed=12.36/s microSpeed=0.00/s etaMs=21042
[01:06:07] [Server thread/INFO] [co.ri.ge.sy.re.WorldSurveyRunner/]: W survey progress runId=epic_terrain_w_20260803_01 status=running phase=tile_scan tiles=30/289 microCells=0/4624 tileSpeed=12.53/s microSpeed=0.00/s etaMs=20677
[01:06:07] [Server thread/INFO] [co.ri.ge.sy.re.WorldSurveyRunner/]: W survey progress runId=epic_terrain_w_20260803_01 status=running phase=tile_scan tiles=31/289 microCells=0/4624 tileSpeed=12.71/s microSpeed=0.00/s etaMs=20299
[01:06:07] [Server thread/INFO] [co.ri.ge.sy.re.WorldSurveyRunner/]: W survey progress runId=epic_terrain_w_20260803_01 status=running phase=tile_scan tiles=32/289 microCells=0/4624 tileSpeed=12.89/s microSpeed=0.00/s etaMs=19942
[01:06:07] [Server thread/INFO] [co.ri.ge.sy.re.WorldSurveyRunner/]: W survey progress runId=epic_terrain_w_20260803_01 status=running phase=tile_scan tiles=33/289 microCells=0/4624 tileSpeed=12.79/s microSpeed=0.00/s etaMs=20015
[01:06:07] [Server thread/INFO] [co.ri.ge.sy.re.WorldSurveyRunner/]: W survey progress runId=epic_terrain_w_20260803_01 status=running phase=tile_scan tiles=34/289 microCells=0/4624 tileSpeed=12.89/s microSpeed=0.00/s etaMs=19778
[01:06:08] [Server thread/INFO] [co.ri.ge.sy.re.WorldSurveyRunner/]: W survey progress runId=epic_terrain_w_20260803_01 status=running phase=tile_scan tiles=35/289 microCells=0/4624 tileSpeed=12.74/s microSpeed=0.00/s etaMs=19943
[01:06:08] [Server thread/INFO] [co.ri.ge.sy.re.WorldSurveyRunner/]: W survey progress runId=epic_terrain_w_20260803_01 status=running phase=tile_scan tiles=36/289 microCells=0/4624 tileSpeed=12.61/s microSpeed=0.00/s etaMs=20057
[01:06:08] [Server thread/INFO] [co.ri.ge.sy.re.WorldSurveyRunner/]: W survey progress runId=epic_terrain_w_20260803_01 status=running phase=tile_scan tiles=37/289 microCells=0/4624 tileSpeed=12.62/s microSpeed=0.00/s etaMs=19962
[01:06:08] [geomantia-world-survey-progress/INFO] [co.ri.ge.sy.re.WorldSurveyRunner/]: W survey progress runId=epic_terrain_w_20260803_01 status=running phase=tile_scan tiles=37/289 microCells=0/4624 tileSpeed=12.32/s microSpeed=0.00/s etaMs=20453
[01:06:08] [Server thread/INFO] [co.ri.ge.sy.re.WorldSurveyRunner/]: W survey progress runId=epic_terrain_w_20260803_01 status=running phase=tile_scan tiles=38/289 microCells=0/4624 tileSpeed=12.59/s microSpeed=0.00/s etaMs=19935
[01:06:08] [Server thread/INFO] [co.ri.ge.sy.re.WorldSurveyRunner/]: W survey progress runId=epic_terrain_w_20260803_01 status=running phase=tile_scan tiles=39/289 microCells=0/4624 tileSpeed=12.58/s microSpeed=0.00/s etaMs=19865
[01:06:08] [Server thread/INFO] [co.ri.ge.sy.re.WorldSurveyRunner/]: W survey progress runId=epic_terrain_w_20260803_01 status=running phase=tile_scan tiles=40/289 microCells=0/4624 tileSpeed=12.53/s microSpeed=0.00/s etaMs=19870
[01:06:08] [Server thread/INFO] [co.ri.ge.sy.re.WorldSurveyRunner/]: W survey progress runId=epic_terrain_w_20260803_01 status=running phase=tile_scan tiles=41/289 microCells=0/4624 tileSpeed=12.46/s microSpeed=0.00/s etaMs=19907
[01:06:08] [Server thread/INFO] [co.ri.ge.sy.re.WorldSurveyRunner/]: W survey progress runId=epic_terrain_w_20260803_01 status=running phase=tile_scan tiles=42/289 microCells=0/4624 tileSpeed=12.35/s microSpeed=0.00/s etaMs=20001
[01:06:08] [Server thread/INFO] [co.ri.ge.sy.re.WorldSurveyRunner/]: W survey progress runId=epic_terrain_w_20260803_01 status=running phase=tile_scan tiles=43/289 microCells=0/4624 tileSpeed=12.33/s microSpeed=0.00/s etaMs=19949
[01:06:08] [Server thread/INFO] [co.ri.ge.sy.re.WorldSurveyRunner/]: W survey progress runId=epic_terrain_w_20260803_01 status=running phase=tile_scan tiles=44/289 microCells=0/4624 tileSpeed=12.29/s microSpeed=0.00/s etaMs=19934
[01:06:09] [Server thread/INFO] [co.ri.ge.sy.re.WorldSurveyRunner/]: W survey progress runId=epic_terrain_w_20260803_01 status=running phase=tile_scan tiles=45/289 microCells=0/4624 tileSpeed=12.21/s microSpeed=0.00/s etaMs=19992
[01:06:09] [Server thread/INFO] [co.ri.ge.sy.re.WorldSurveyRunner/]: W survey progress runId=epic_terrain_w_20260803_01 status=running phase=tile_scan tiles=46/289 microCells=0/4624 tileSpeed=12.34/s microSpeed=0.00/s etaMs=19699
[01:06:09] [Server thread/INFO] [co.ri.ge.sy.re.WorldSurveyRunner/]: W survey progress runId=epic_terrain_w_20260803_01 status=running phase=tile_scan tiles=47/289 microCells=0/4624 tileSpeed=12.45/s microSpeed=0.00/s etaMs=19432
[01:06:09] [Server thread/INFO] [co.ri.ge.sy.re.WorldSurveyRunner/]: W survey progress runId=epic_terrain_w_20260803_01 status=running phase=tile_scan tiles=48/289 microCells=0/4624 tileSpeed=12.60/s microSpeed=0.00/s etaMs=19124
[01:06:09] [Server thread/INFO] [co.ri.ge.sy.re.WorldSurveyRunner/]: W survey progress runId=epic_terrain_w_20260803_01 status=running phase=tile_scan tiles=49/289 microCells=0/4624 tileSpeed=12.71/s microSpeed=0.00/s etaMs=18882
[01:06:09] [Server thread/INFO] [co.ri.ge.sy.re.WorldSurveyRunner/]: W survey progress runId=epic_terrain_w_20260803_01 status=running phase=tile_scan tiles=50/289 microCells=0/4624 tileSpeed=12.75/s microSpeed=0.00/s etaMs=18747
[01:06:09] [Server thread/INFO] [co.ri.ge.sy.re.WorldSurveyRunner/]: W survey progress runId=epic_terrain_w_20260803_01 status=running phase=tile_scan tiles=51/289 microCells=0/4624 tileSpeed=12.87/s microSpeed=0.00/s etaMs=18489
[01:06:09] [geomantia-world-survey-progress/INFO] [co.ri.ge.sy.re.WorldSurveyRunner/]: W survey progress runId=epic_terrain_w_20260803_01 status=running phase=tile_scan tiles=51/289 microCells=0/4624 tileSpeed=12.74/s microSpeed=0.00/s etaMs=18685
[01:06:09] [Server thread/INFO] [co.ri.ge.sy.re.WorldSurveyRunner/]: W survey progress runId=epic_terrain_w_20260803_01 status=running phase=tile_scan tiles=52/289 microCells=0/4624 tileSpeed=12.79/s microSpeed=0.00/s etaMs=18527
[01:06:09] [Server thread/INFO] [co.ri.ge.sy.re.WorldSurveyRunner/]: W survey progress runId=epic_terrain_w_20260803_01 status=running phase=tile_scan tiles=53/289 microCells=0/4624 tileSpeed=12.70/s microSpeed=0.00/s etaMs=18586
[01:06:09] [Server thread/INFO] [co.ri.ge.sy.re.WorldSurveyRunner/]: W survey progress runId=epic_terrain_w_20260803_01 status=running phase=tile_scan tiles=54/289 microCells=0/4624 tileSpeed=12.66/s microSpeed=0.00/s etaMs=18569
[01:06:09] [Server thread/INFO] [co.ri.ge.sy.re.WorldSurveyRunner/]: W survey progress runId=epic_terrain_w_20260803_01 status=running phase=tile_scan tiles=55/289 microCells=0/4624 tileSpeed=12.63/s microSpeed=0.00/s etaMs=18529
[01:06:09] [Server thread/INFO] [co.ri.ge.sy.re.WorldSurveyRunner/]: W survey progress runId=epic_terrain_w_20260803_01 status=running phase=tile_scan tiles=56/289 microCells=0/4624 tileSpeed=12.54/s microSpeed=0.00/s etaMs=18573
[01:06:09] [Server thread/INFO] [co.ri.ge.sy.re.WorldSurveyRunner/]: W survey progress runId=epic_terrain_w_20260803_01 status=running phase=tile_scan tiles=57/289 microCells=0/4624 tileSpeed=12.56/s microSpeed=0.00/s etaMs=18470
[01:06:09] [Server thread/INFO] [co.ri.ge.sy.re.WorldSurveyRunner/]: W survey progress runId=epic_terrain_w_20260803_01 status=running phase=tile_scan tiles=58/289 microCells=0/4624 tileSpeed=12.48/s microSpeed=0.00/s etaMs=18508
[01:06:10] [Server thread/INFO] [co.ri.ge.sy.re.WorldSurveyRunner/]: W survey progress runId=epic_terrain_w_20260803_01 status=running phase=tile_scan tiles=59/289 microCells=0/4624 tileSpeed=12.35/s microSpeed=0.00/s etaMs=18630
[01:06:10] [Server thread/INFO] [co.ri.ge.sy.re.WorldSurveyRunner/]: W survey progress runId=epic_terrain_w_20260803_01 status=running phase=tile_scan tiles=60/289 microCells=0/4624 tileSpeed=12.28/s microSpeed=0.00/s etaMs=18648
[01:06:10] [Server thread/INFO] [co.ri.ge.sy.re.WorldSurveyRunner/]: W survey progress runId=epic_terrain_w_20260803_01 status=running phase=tile_scan tiles=61/289 microCells=0/4624 tileSpeed=12.23/s microSpeed=0.00/s etaMs=18647
[01:06:10] [geomantia-world-survey-progress/INFO] [co.ri.ge.sy.re.WorldSurveyRunner/]: W survey progress runId=epic_terrain_w_20260803_01 status=running phase=tile_scan tiles=61/289 microCells=0/4624 tileSpeed=12.19/s microSpeed=0.00/s etaMs=18700
[01:06:10] [Render thread/INFO] [minecraft/ChatComponent]: [System] [CHAT] [Geomantia] W scan tiles 61/289 (21.1%), ETA 18s
[01:06:10] [Server thread/INFO] [co.ri.ge.sy.re.WorldSurveyRunner/]: W survey progress runId=epic_terrain_w_20260803_01 status=running phase=tile_scan tiles=62/289 microCells=0/4624 tileSpeed=12.18/s microSpeed=0.00/s etaMs=18632
[01:06:10] [Server thread/INFO] [co.ri.ge.sy.re.WorldSurveyRunner/]: W survey progress runId=epic_terrain_w_20260803_01 status=running phase=tile_scan tiles=63/289 microCells=0/4624 tileSpeed=12.16/s microSpeed=0.00/s etaMs=18586
[01:06:10] [Server thread/INFO] [co.ri.ge.sy.re.WorldSurveyRunner/]: W survey progress runId=epic_terrain_w_20260803_01 status=running phase=tile_scan tiles=64/289 microCells=0/4624 tileSpeed=12.25/s microSpeed=0.00/s etaMs=18373
[01:06:10] [Server thread/INFO] [co.ri.ge.sy.re.WorldSurveyRunner/]: W survey progress runId=epic_terrain_w_20260803_01 status=running phase=tile_scan tiles=65/289 microCells=0/4624 tileSpeed=12.34/s microSpeed=0.00/s etaMs=18147
[01:06:10] [Server thread/INFO] [co.ri.ge.sy.re.WorldSurveyRunner/]: W survey progress runId=epic_terrain_w_20260803_01 status=running phase=tile_scan tiles=66/289 microCells=0/4624 tileSpeed=12.38/s microSpeed=0.00/s etaMs=18012
[01:06:10] [Server thread/INFO] [co.ri.ge.sy.re.WorldSurveyRunner/]: W survey progress runId=epic_terrain_w_20260803_01 status=running phase=tile_scan tiles=67/289 microCells=0/4624 tileSpeed=12.26/s microSpeed=0.00/s etaMs=18101
[01:06:10] [Server thread/INFO] [co.ri.ge.sy.re.WorldSurveyRunner/]: W survey progress runId=epic_terrain_w_20260803_01 status=running phase=tile_scan tiles=68/289 microCells=0/4624 tileSpeed=12.26/s microSpeed=0.00/s etaMs=18025
[01:06:10] [Server thread/INFO] [co.ri.ge.sy.re.WorldSurveyRunner/]: W survey progress runId=epic_terrain_w_20260803_01 status=running phase=tile_scan tiles=69/289 microCells=0/4624 tileSpeed=12.23/s microSpeed=0.00/s etaMs=17983
[01:06:11] [Server thread/INFO] [co.ri.ge.sy.re.WorldSurveyRunner/]: W survey progress runId=epic_terrain_w_20260803_01 status=running phase=tile_scan tiles=70/289 microCells=0/4624 tileSpeed=12.24/s microSpeed=0.00/s etaMs=17899
[01:06:11] [Server thread/INFO] [co.ri.ge.sy.re.WorldSurveyRunner/]: W survey progress runId=epic_terrain_w_20260803_01 status=running phase=tile_scan tiles=71/289 microCells=0/4624 tileSpeed=12.19/s microSpeed=0.00/s etaMs=17885
[01:06:11] [Server thread/INFO] [co.ri.ge.sy.re.WorldSurveyRunner/]: W survey progress runId=epic_terrain_w_20260803_01 status=running phase=tile_scan tiles=72/289 microCells=0/4624 tileSpeed=12.17/s microSpeed=0.00/s etaMs=17833
[01:06:11] [geomantia-world-survey-progress/INFO] [co.ri.ge.sy.re.WorldSurveyRunner/]: W survey progress runId=epic_terrain_w_20260803_01 status=running phase=tile_scan tiles=72/289 microCells=0/4624 tileSpeed=11.99/s microSpeed=0.00/s etaMs=18092
[01:06:11] [Server thread/INFO] [co.ri.ge.sy.re.WorldSurveyRunner/]: W survey progress runId=epic_terrain_w_20260803_01 status=running phase=tile_scan tiles=73/289 microCells=0/4624 tileSpeed=12.15/s microSpeed=0.00/s etaMs=17774
[01:06:11] [Server thread/INFO] [co.ri.ge.sy.re.WorldSurveyRunner/]: W survey progress runId=epic_terrain_w_20260803_01 status=running phase=tile_scan tiles=74/289 microCells=0/4624 tileSpeed=12.15/s microSpeed=0.00/s etaMs=17703
[01:06:11] [Server thread/INFO] [co.ri.ge.sy.re.WorldSurveyRunner/]: W survey progress runId=epic_terrain_w_20260803_01 status=running phase=tile_scan tiles=75/289 microCells=0/4624 tileSpeed=12.04/s microSpeed=0.00/s etaMs=17768
[01:06:11] [Server thread/INFO] [co.ri.ge.sy.re.WorldSurveyRunner/]: W survey progress runId=epic_terrain_w_20260803_01 status=running phase=tile_scan tiles=76/289 microCells=0/4624 tileSpeed=11.99/s microSpeed=0.00/s etaMs=17763
[01:06:11] [Server thread/INFO] [co.ri.ge.sy.re.WorldSurveyRunner/]: W survey progress runId=epic_terrain_w_20260803_01 status=running phase=tile_scan tiles=77/289 microCells=0/4624 tileSpeed=11.93/s microSpeed=0.00/s etaMs=17769
[01:06:11] [Server thread/INFO] [co.ri.ge.sy.re.WorldSurveyRunner/]: W survey progress runId=epic_terrain_w_20260803_01 status=running phase=tile_scan tiles=78/289 microCells=0/4624 tileSpeed=11.92/s microSpeed=0.00/s etaMs=17697
[01:06:11] [Server thread/INFO] [co.ri.ge.sy.re.WorldSurveyRunner/]: W survey progress runId=epic_terrain_w_20260803_01 status=running phase=tile_scan tiles=79/289 microCells=0/4624 tileSpeed=11.96/s microSpeed=0.00/s etaMs=17555
[01:06:12] [Server thread/INFO] [co.ri.ge.sy.re.WorldSurveyRunner/]: W survey progress runId=epic_terrain_w_20260803_01 status=running phase=tile_scan tiles=80/289 microCells=0/4624 tileSpeed=11.96/s microSpeed=0.00/s etaMs=17480
[01:06:12] [Server thread/INFO] [co.ri.ge.sy.re.WorldSurveyRunner/]: W survey progress runId=epic_terrain_w_20260803_01 status=running phase=tile_scan tiles=81/289 microCells=0/4624 tileSpeed=11.95/s microSpeed=0.00/s etaMs=17400
[01:06:12] [Server thread/INFO] [co.ri.ge.sy.re.WorldSurveyRunner/]: W survey progress runId=epic_terrain_w_20260803_01 status=running phase=tile_scan tiles=82/289 microCells=0/4624 tileSpeed=11.96/s microSpeed=0.00/s etaMs=17315
[01:06:12] [Server thread/INFO] [co.ri.ge.sy.re.WorldSurveyRunner/]: W survey progress runId=epic_terrain_w_20260803_01 status=running phase=tile_scan tiles=83/289 microCells=0/4624 tileSpeed=11.94/s microSpeed=0.00/s etaMs=17247
[01:06:12] [geomantia-world-survey-progress/INFO] [co.ri.ge.sy.re.WorldSurveyRunner/]: W survey progress runId=epic_terrain_w_20260803_01 status=running phase=tile_scan tiles=83/289 microCells=0/4624 tileSpeed=11.85/s microSpeed=0.00/s etaMs=17383
[01:06:12] [Server thread/INFO] [co.ri.ge.sy.re.WorldSurveyRunner/]: W survey progress runId=epic_terrain_w_20260803_01 status=running phase=tile_scan tiles=84/289 microCells=0/4624 tileSpeed=11.90/s microSpeed=0.00/s etaMs=17222
[01:06:12] [Server thread/INFO] [co.ri.ge.sy.re.WorldSurveyRunner/]: W survey progress runId=epic_terrain_w_20260803_01 status=running phase=tile_scan tiles=85/289 microCells=0/4624 tileSpeed=11.88/s microSpeed=0.00/s etaMs=17165
[01:06:12] [Server thread/INFO] [co.ri.ge.sy.re.WorldSurveyRunner/]: W survey progress runId=epic_terrain_w_20260803_01 status=running phase=tile_scan tiles=86/289 microCells=0/4624 tileSpeed=11.88/s microSpeed=0.00/s etaMs=17087
[01:06:12] [Server thread/INFO] [co.ri.ge.sy.re.WorldSurveyRunner/]: W survey progress runId=epic_terrain_w_20260803_01 status=running phase=tile_scan tiles=87/289 microCells=0/4624 tileSpeed=11.87/s microSpeed=0.00/s etaMs=17024
[01:06:12] [Server thread/INFO] [co.ri.ge.sy.re.WorldSurveyRunner/]: W survey progress runId=epic_terrain_w_20260803_01 status=running phase=tile_scan tiles=88/289 microCells=0/4624 tileSpeed=11.83/s microSpeed=0.00/s etaMs=16987
[01:06:12] [Server thread/INFO] [co.ri.ge.sy.re.WorldSurveyRunner/]: W survey progress runId=epic_terrain_w_20260803_01 status=running phase=tile_scan tiles=89/289 microCells=0/4624 tileSpeed=11.81/s microSpeed=0.00/s etaMs=16935
[01:06:12] [Server thread/INFO] [co.ri.ge.sy.re.WorldSurveyRunner/]: W survey progress runId=epic_terrain_w_20260803_01 status=running phase=tile_scan tiles=90/289 microCells=0/4624 tileSpeed=11.77/s microSpeed=0.00/s etaMs=16902
[01:06:13] [Server thread/INFO] [co.ri.ge.sy.re.WorldSurveyRunner/]: W survey progress runId=epic_terrain_w_20260803_01 status=running phase=tile_scan tiles=91/289 microCells=0/4624 tileSpeed=11.78/s microSpeed=0.00/s etaMs=16813
[01:06:13] [Server thread/INFO] [co.ri.ge.sy.re.WorldSurveyRunner/]: W survey progress runId=epic_terrain_w_20260803_01 status=running phase=tile_scan tiles=92/289 microCells=0/4624 tileSpeed=11.71/s microSpeed=0.00/s etaMs=16820
[01:06:13] [Server thread/INFO] [co.ri.ge.sy.re.WorldSurveyRunner/]: W survey progress runId=epic_terrain_w_20260803_01 status=running phase=tile_scan tiles=93/289 microCells=0/4624 tileSpeed=11.66/s microSpeed=0.00/s etaMs=16808
[01:06:13] [geomantia-world-survey-progress/INFO] [co.ri.ge.sy.re.WorldSurveyRunner/]: W survey progress runId=epic_terrain_w_20260803_01 status=running phase=tile_scan tiles=93/289 microCells=0/4624 tileSpeed=11.62/s microSpeed=0.00/s etaMs=16869
[01:06:13] [Server thread/INFO] [co.ri.ge.sy.re.WorldSurveyRunner/]: W survey progress runId=epic_terrain_w_20260803_01 status=running phase=tile_scan tiles=94/289 microCells=0/4624 tileSpeed=11.65/s microSpeed=0.00/s etaMs=16739
[01:06:13] [Server thread/INFO] [co.ri.ge.sy.re.WorldSurveyRunner/]: W survey progress runId=epic_terrain_w_20260803_01 status=running phase=tile_scan tiles=95/289 microCells=0/4624 tileSpeed=11.66/s microSpeed=0.00/s etaMs=16633
[01:06:13] [Server thread/INFO] [co.ri.ge.sy.re.WorldSurveyRunner/]: W survey progress runId=epic_terrain_w_20260803_01 status=running phase=tile_scan tiles=96/289 microCells=0/4624 tileSpeed=11.67/s microSpeed=0.00/s etaMs=16544
[01:06:13] [Server thread/INFO] [co.ri.ge.sy.re.WorldSurveyRunner/]: W survey progress runId=epic_terrain_w_20260803_01 status=running phase=tile_scan tiles=97/289 microCells=0/4624 tileSpeed=11.66/s microSpeed=0.00/s etaMs=16463
[01:06:13] [Server thread/INFO] [co.ri.ge.sy.re.WorldSurveyRunner/]: W survey progress runId=epic_terrain_w_20260803_01 status=running phase=tile_scan tiles=98/289 microCells=0/4624 tileSpeed=11.66/s microSpeed=0.00/s etaMs=16379
[01:06:13] [Server thread/INFO] [co.ri.ge.sy.re.WorldSurveyRunner/]: W survey progress runId=epic_terrain_w_20260803_01 status=running phase=tile_scan tiles=99/289 microCells=0/4624 tileSpeed=11.66/s microSpeed=0.00/s etaMs=16294
[01:06:13] [Server thread/INFO] [co.ri.ge.sy.re.WorldSurveyRunner/]: W survey progress runId=epic_terrain_w_20260803_01 status=running phase=tile_scan tiles=100/289 microCells=0/4624 tileSpeed=11.64/s microSpeed=0.00/s etaMs=16239
[01:06:14] [Server thread/INFO] [co.ri.ge.sy.re.WorldSurveyRunner/]: W survey progress runId=epic_terrain_w_20260803_01 status=running phase=tile_scan tiles=101/289 microCells=0/4624 tileSpeed=11.65/s microSpeed=0.00/s etaMs=16134
[01:06:14] [Server thread/INFO] [co.ri.ge.sy.re.WorldSurveyRunner/]: W survey progress runId=epic_terrain_w_20260803_01 status=running phase=tile_scan tiles=102/289 microCells=0/4624 tileSpeed=11.71/s microSpeed=0.00/s etaMs=15968
[01:06:14] [Server thread/INFO] [co.ri.ge.sy.re.WorldSurveyRunner/]: W survey progress runId=epic_terrain_w_20260803_01 status=running phase=tile_scan tiles=103/289 microCells=0/4624 tileSpeed=11.69/s microSpeed=0.00/s etaMs=15906
[01:06:14] [Server thread/INFO] [co.ri.ge.sy.re.WorldSurveyRunner/]: W survey progress runId=epic_terrain_w_20260803_01 status=running phase=tile_scan tiles=104/289 microCells=0/4624 tileSpeed=11.69/s microSpeed=0.00/s etaMs=15826
[01:06:14] [geomantia-world-survey-progress/INFO] [co.ri.ge.sy.re.WorldSurveyRunner/]: W survey progress runId=epic_terrain_w_20260803_01 status=running phase=tile_scan tiles=104/289 microCells=0/4624 tileSpeed=11.55/s microSpeed=0.00/s etaMs=16015
[01:06:14] [Server thread/INFO] [co.ri.ge.sy.re.WorldSurveyRunner/]: W survey progress runId=epic_terrain_w_20260803_01 status=running phase=tile_scan tiles=105/289 microCells=0/4624 tileSpeed=11.63/s microSpeed=0.00/s etaMs=15815
[01:06:14] [Server thread/INFO] [co.ri.ge.sy.re.WorldSurveyRunner/]: W survey progress runId=epic_terrain_w_20260803_01 status=running phase=tile_scan tiles=106/289 microCells=0/4624 tileSpeed=11.60/s microSpeed=0.00/s etaMs=15769
[01:06:14] [Server thread/INFO] [co.ri.ge.sy.re.WorldSurveyRunner/]: W survey progress runId=epic_terrain_w_20260803_01 status=running phase=tile_scan tiles=107/289 microCells=0/4624 tileSpeed=11.59/s microSpeed=0.00/s etaMs=15698
[01:06:14] [Server thread/INFO] [co.ri.ge.sy.re.WorldSurveyRunner/]: W survey progress runId=epic_terrain_w_20260803_01 status=running phase=tile_scan tiles=108/289 microCells=0/4624 tileSpeed=11.60/s microSpeed=0.00/s etaMs=15598
[01:06:14] [Server thread/INFO] [co.ri.ge.sy.re.WorldSurveyRunner/]: W survey progress runId=epic_terrain_w_20260803_01 status=running phase=tile_scan tiles=109/289 microCells=0/4624 tileSpeed=11.60/s microSpeed=0.00/s etaMs=15511
[01:06:14] [Server thread/INFO] [co.ri.ge.sy.re.WorldSurveyRunner/]: W survey progress runId=epic_terrain_w_20260803_01 status=running phase=tile_scan tiles=110/289 microCells=0/4624 tileSpeed=11.59/s microSpeed=0.00/s etaMs=15448
[01:06:14] [Server thread/INFO] [co.ri.ge.sy.re.WorldSurveyRunner/]: W survey progress runId=epic_terrain_w_20260803_01 status=running phase=tile_scan tiles=111/289 microCells=0/4624 tileSpeed=11.59/s microSpeed=0.00/s etaMs=15361
[01:06:14] [Server thread/INFO] [co.ri.ge.sy.re.WorldSurveyRunner/]: W survey progress runId=epic_terrain_w_20260803_01 status=running phase=tile_scan tiles=112/289 microCells=0/4624 tileSpeed=11.60/s microSpeed=0.00/s etaMs=15265
[01:06:15] [Server thread/INFO] [co.ri.ge.sy.re.WorldSurveyRunner/]: W survey progress runId=epic_terrain_w_20260803_01 status=running phase=tile_scan tiles=113/289 microCells=0/4624 tileSpeed=11.60/s microSpeed=0.00/s etaMs=15170
[01:06:15] [Server thread/INFO] [co.ri.ge.sy.re.WorldSurveyRunner/]: W survey progress runId=epic_terrain_w_20260803_01 status=running phase=tile_scan tiles=114/289 microCells=0/4624 tileSpeed=11.60/s microSpeed=0.00/s etaMs=15090
[01:06:15] [Server thread/INFO] [co.ri.ge.sy.re.WorldSurveyRunner/]: W survey progress runId=epic_terrain_w_20260803_01 status=running phase=tile_scan tiles=115/289 microCells=0/4624 tileSpeed=11.55/s microSpeed=0.00/s etaMs=15070
[01:06:15] [geomantia-world-survey-progress/INFO] [co.ri.ge.sy.re.WorldSurveyRunner/]: W survey progress runId=epic_terrain_w_20260803_01 status=running phase=tile_scan tiles=115/289 microCells=0/4624 tileSpeed=11.50/s microSpeed=0.00/s etaMs=15136
[01:06:15] [Render thread/INFO] [minecraft/ChatComponent]: [System] [CHAT] [Geomantia] W scan tiles 115/289 (39.8%), ETA 15s
[01:06:15] [Server thread/INFO] [co.ri.ge.sy.re.WorldSurveyRunner/]: W survey progress runId=epic_terrain_w_20260803_01 status=running phase=tile_scan tiles=116/289 microCells=0/4624 tileSpeed=11.51/s microSpeed=0.00/s etaMs=15027
[01:06:15] [Server thread/INFO] [co.ri.ge.sy.re.WorldSurveyRunner/]: W survey progress runId=epic_terrain_w_20260803_01 status=running phase=tile_scan tiles=117/289 microCells=0/4624 tileSpeed=11.48/s microSpeed=0.00/s etaMs=14982
[01:06:15] [Server thread/INFO] [co.ri.ge.sy.re.WorldSurveyRunner/]: W survey progress runId=epic_terrain_w_20260803_01 status=running phase=tile_scan tiles=118/289 microCells=0/4624 tileSpeed=11.42/s microSpeed=0.00/s etaMs=14971
[01:06:15] [Server thread/INFO] [co.ri.ge.sy.re.WorldSurveyRunner/]: W survey progress runId=epic_terrain_w_20260803_01 status=running phase=tile_scan tiles=119/289 microCells=0/4624 tileSpeed=11.44/s microSpeed=0.00/s etaMs=14857
[01:06:15] [Server thread/INFO] [co.ri.ge.sy.re.WorldSurveyRunner/]: W survey progress runId=epic_terrain_w_20260803_01 status=running phase=tile_scan tiles=120/289 microCells=0/4624 tileSpeed=11.42/s microSpeed=0.00/s etaMs=14795
[01:06:15] [Server thread/INFO] [co.ri.ge.sy.re.WorldSurveyRunner/]: W survey progress runId=epic_terrain_w_20260803_01 status=running phase=tile_scan tiles=121/289 microCells=0/4624 tileSpeed=11.44/s microSpeed=0.00/s etaMs=14691
[01:06:16] [Server thread/INFO] [co.ri.ge.sy.re.WorldSurveyRunner/]: W survey progress runId=epic_terrain_w_20260803_01 status=running phase=tile_scan tiles=122/289 microCells=0/4624 tileSpeed=11.41/s microSpeed=0.00/s etaMs=14640
[01:06:16] [Server thread/INFO] [co.ri.ge.sy.re.WorldSurveyRunner/]: W survey progress runId=epic_terrain_w_20260803_01 status=running phase=tile_scan tiles=123/289 microCells=0/4624 tileSpeed=11.39/s microSpeed=0.00/s etaMs=14580
[01:06:16] [Server thread/INFO] [co.ri.ge.sy.re.WorldSurveyRunner/]: W survey progress runId=epic_terrain_w_20260803_01 status=running phase=tile_scan tiles=124/289 microCells=0/4624 tileSpeed=11.37/s microSpeed=0.00/s etaMs=14515
[01:06:16] [geomantia-world-survey-progress/INFO] [co.ri.ge.sy.re.WorldSurveyRunner/]: W survey progress runId=epic_terrain_w_20260803_01 status=running phase=tile_scan tiles=124/289 microCells=0/4624 tileSpeed=11.27/s microSpeed=0.00/s etaMs=14642
[01:06:16] [Server thread/INFO] [co.ri.ge.sy.re.WorldSurveyRunner/]: W survey progress runId=epic_terrain_w_20260803_01 status=running phase=tile_scan tiles=125/289 microCells=0/4624 tileSpeed=11.34/s microSpeed=0.00/s etaMs=14466
[01:06:16] [Server thread/INFO] [co.ri.ge.sy.re.WorldSurveyRunner/]: W survey progress runId=epic_terrain_w_20260803_01 status=running phase=tile_scan tiles=126/289 microCells=0/4624 tileSpeed=11.35/s microSpeed=0.00/s etaMs=14361
[01:06:16] [Server thread/INFO] [co.ri.ge.sy.re.WorldSurveyRunner/]: W survey progress runId=epic_terrain_w_20260803_01 status=running phase=tile_scan tiles=127/289 microCells=0/4624 tileSpeed=11.34/s microSpeed=0.00/s etaMs=14287
[01:06:16] [Server thread/INFO] [co.ri.ge.sy.re.WorldSurveyRunner/]: W survey progress runId=epic_terrain_w_20260803_01 status=running phase=tile_scan tiles=128/289 microCells=0/4624 tileSpeed=11.34/s microSpeed=0.00/s etaMs=14201
[01:06:16] [Server thread/INFO] [co.ri.ge.sy.re.WorldSurveyRunner/]: W survey progress runId=epic_terrain_w_20260803_01 status=running phase=tile_scan tiles=129/289 microCells=0/4624 tileSpeed=11.33/s microSpeed=0.00/s etaMs=14116
[01:06:16] [Server thread/INFO] [co.ri.ge.sy.re.WorldSurveyRunner/]: W survey progress runId=epic_terrain_w_20260803_01 status=running phase=tile_scan tiles=130/289 microCells=0/4624 tileSpeed=11.32/s microSpeed=0.00/s etaMs=14042
[01:06:16] [Server thread/INFO] [co.ri.ge.sy.re.WorldSurveyRunner/]: W survey progress runId=epic_terrain_w_20260803_01 status=running phase=tile_scan tiles=131/289 microCells=0/4624 tileSpeed=11.30/s microSpeed=0.00/s etaMs=13976
[01:06:17] [Server thread/INFO] [co.ri.ge.sy.re.WorldSurveyRunner/]: W survey progress runId=epic_terrain_w_20260803_01 status=running phase=tile_scan tiles=132/289 microCells=0/4624 tileSpeed=11.26/s microSpeed=0.00/s etaMs=13943
[01:06:17] [Server thread/INFO] [co.ri.ge.sy.re.WorldSurveyRunner/]: W survey progress runId=epic_terrain_w_20260803_01 status=running phase=tile_scan tiles=133/289 microCells=0/4624 tileSpeed=11.21/s microSpeed=0.00/s etaMs=13918
[01:06:17] [Server thread/INFO] [co.ri.ge.sy.re.WorldSurveyRunner/]: W survey progress runId=epic_terrain_w_20260803_01 status=running phase=tile_scan tiles=134/289 microCells=0/4624 tileSpeed=11.20/s microSpeed=0.00/s etaMs=13845
[01:06:17] [geomantia-world-survey-progress/INFO] [co.ri.ge.sy.re.WorldSurveyRunner/]: W survey progress runId=epic_terrain_w_20260803_01 status=running phase=tile_scan tiles=134/289 microCells=0/4624 tileSpeed=11.16/s microSpeed=0.00/s etaMs=13885
[01:06:17] [Server thread/INFO] [co.ri.ge.sy.re.WorldSurveyRunner/]: W survey progress runId=epic_terrain_w_20260803_01 status=running phase=tile_scan tiles=135/289 microCells=0/4624 tileSpeed=11.18/s microSpeed=0.00/s etaMs=13777
[01:06:17] [Server thread/INFO] [co.ri.ge.sy.re.WorldSurveyRunner/]: W survey progress runId=epic_terrain_w_20260803_01 status=running phase=tile_scan tiles=136/289 microCells=0/4624 tileSpeed=11.20/s microSpeed=0.00/s etaMs=13655
[01:06:17] [Server thread/INFO] [co.ri.ge.sy.re.WorldSurveyRunner/]: W survey progress runId=epic_terrain_w_20260803_01 status=running phase=tile_scan tiles=137/289 microCells=0/4624 tileSpeed=11.25/s microSpeed=0.00/s etaMs=13510
[01:06:17] [Server thread/INFO] [co.ri.ge.sy.re.WorldSurveyRunner/]: W survey progress runId=epic_terrain_w_20260803_01 status=running phase=tile_scan tiles=138/289 microCells=0/4624 tileSpeed=11.29/s microSpeed=0.00/s etaMs=13379
[01:06:17] [Server thread/INFO] [co.ri.ge.sy.re.WorldSurveyRunner/]: W survey progress runId=epic_terrain_w_20260803_01 status=running phase=tile_scan tiles=139/289 microCells=0/4624 tileSpeed=11.26/s microSpeed=0.00/s etaMs=13320
[01:06:17] [Server thread/INFO] [co.ri.ge.sy.re.WorldSurveyRunner/]: W survey progress runId=epic_terrain_w_20260803_01 status=running phase=tile_scan tiles=140/289 microCells=0/4624 tileSpeed=11.20/s microSpeed=0.00/s etaMs=13307
[01:06:17] [Server thread/INFO] [co.ri.ge.sy.re.WorldSurveyRunner/]: W survey progress runId=epic_terrain_w_20260803_01 status=running phase=tile_scan tiles=141/289 microCells=0/4624 tileSpeed=11.19/s microSpeed=0.00/s etaMs=13231
[01:06:18] [Server thread/INFO] [co.ri.ge.sy.re.WorldSurveyRunner/]: W survey progress runId=epic_terrain_w_20260803_01 status=running phase=tile_scan tiles=142/289 microCells=0/4624 tileSpeed=11.17/s microSpeed=0.00/s etaMs=13165
[01:06:18] [Server thread/INFO] [co.ri.ge.sy.re.WorldSurveyRunner/]: W survey progress runId=epic_terrain_w_20260803_01 status=running phase=tile_scan tiles=143/289 microCells=0/4624 tileSpeed=11.18/s microSpeed=0.00/s etaMs=13062
[01:06:18] [Server thread/INFO] [co.ri.ge.sy.re.WorldSurveyRunner/]: W survey progress runId=epic_terrain_w_20260803_01 status=running phase=tile_scan tiles=144/289 microCells=0/4624 tileSpeed=11.14/s microSpeed=0.00/s etaMs=13016
[01:06:18] [geomantia-world-survey-progress/INFO] [co.ri.ge.sy.re.WorldSurveyRunner/]: W survey progress runId=epic_terrain_w_20260803_01 status=running phase=tile_scan tiles=144/289 microCells=0/4624 tileSpeed=11.07/s microSpeed=0.00/s etaMs=13094
[01:06:18] [Server thread/INFO] [co.ri.ge.sy.re.WorldSurveyRunner/]: W survey progress runId=epic_terrain_w_20260803_01 status=running phase=tile_scan tiles=145/289 microCells=0/4624 tileSpeed=11.13/s microSpeed=0.00/s etaMs=12933
[01:06:18] [Server thread/INFO] [co.ri.ge.sy.re.WorldSurveyRunner/]: W survey progress runId=epic_terrain_w_20260803_01 status=running phase=tile_scan tiles=146/289 microCells=0/4624 tileSpeed=11.14/s microSpeed=0.00/s etaMs=12836
[01:06:18] [Server thread/INFO] [co.ri.ge.sy.re.WorldSurveyRunner/]: W survey progress runId=epic_terrain_w_20260803_01 status=running phase=tile_scan tiles=147/289 microCells=0/4624 tileSpeed=11.15/s microSpeed=0.00/s etaMs=12740
[01:06:18] [Server thread/INFO] [co.ri.ge.sy.re.WorldSurveyRunner/]: W survey progress runId=epic_terrain_w_20260803_01 status=running phase=tile_scan tiles=148/289 microCells=0/4624 tileSpeed=11.12/s microSpeed=0.00/s etaMs=12680
[01:06:18] [Server thread/INFO] [co.ri.ge.sy.re.WorldSurveyRunner/]: W survey progress runId=epic_terrain_w_20260803_01 status=running phase=tile_scan tiles=149/289 microCells=0/4624 tileSpeed=11.08/s microSpeed=0.00/s etaMs=12631
[01:06:18] [Server thread/INFO] [co.ri.ge.sy.re.WorldSurveyRunner/]: W survey progress runId=epic_terrain_w_20260803_01 status=running phase=tile_scan tiles=150/289 microCells=0/4624 tileSpeed=11.06/s microSpeed=0.00/s etaMs=12567
[01:06:19] [Server thread/INFO] [co.ri.ge.sy.re.WorldSurveyRunner/]: W survey progress runId=epic_terrain_w_20260803_01 status=running phase=tile_scan tiles=151/289 microCells=0/4624 tileSpeed=11.04/s microSpeed=0.00/s etaMs=12503
[01:06:19] [Server thread/INFO] [co.ri.ge.sy.re.WorldSurveyRunner/]: W survey progress runId=epic_terrain_w_20260803_01 status=running phase=tile_scan tiles=152/289 microCells=0/4624 tileSpeed=11.01/s microSpeed=0.00/s etaMs=12439
[01:06:19] [Server thread/INFO] [co.ri.ge.sy.re.WorldSurveyRunner/]: W survey progress runId=epic_terrain_w_20260803_01 status=running phase=tile_scan tiles=153/289 microCells=0/4624 tileSpeed=11.01/s microSpeed=0.00/s etaMs=12351
[01:06:19] [Server thread/INFO] [co.ri.ge.sy.re.WorldSurveyRunner/]: W survey progress runId=epic_terrain_w_20260803_01 status=running phase=tile_scan tiles=154/289 microCells=0/4624 tileSpeed=11.05/s microSpeed=0.00/s etaMs=12215
[01:06:19] [Server thread/INFO] [co.ri.ge.sy.re.WorldSurveyRunner/]: W survey progress runId=epic_terrain_w_20260803_01 status=running phase=tile_scan tiles=155/289 microCells=0/4624 tileSpeed=11.08/s microSpeed=0.00/s etaMs=12089
[01:06:19] [geomantia-world-survey-progress/INFO] [co.ri.ge.sy.re.WorldSurveyRunner/]: W survey progress runId=epic_terrain_w_20260803_01 status=running phase=tile_scan tiles=155/289 microCells=0/4624 tileSpeed=11.07/s microSpeed=0.00/s etaMs=12106
[01:06:19] [Server thread/INFO] [co.ri.ge.sy.re.WorldSurveyRunner/]: W survey progress runId=epic_terrain_w_20260803_01 status=running phase=tile_scan tiles=156/289 microCells=0/4624 tileSpeed=11.06/s microSpeed=0.00/s etaMs=12029
[01:06:19] [Server thread/INFO] [co.ri.ge.sy.re.WorldSurveyRunner/]: W survey progress runId=epic_terrain_w_20260803_01 status=running phase=tile_scan tiles=157/289 microCells=0/4624 tileSpeed=11.03/s microSpeed=0.00/s etaMs=11967
[01:06:19] [Server thread/INFO] [co.ri.ge.sy.re.WorldSurveyRunner/]: W survey progress runId=epic_terrain_w_20260803_01 status=running phase=tile_scan tiles=158/289 microCells=0/4624 tileSpeed=11.01/s microSpeed=0.00/s etaMs=11900
[01:06:19] [Server thread/INFO] [co.ri.ge.sy.re.WorldSurveyRunner/]: W survey progress runId=epic_terrain_w_20260803_01 status=running phase=tile_scan tiles=159/289 microCells=0/4624 tileSpeed=11.00/s microSpeed=0.00/s etaMs=11818
[01:06:19] [Server thread/INFO] [co.ri.ge.sy.re.WorldSurveyRunner/]: W survey progress runId=epic_terrain_w_20260803_01 status=running phase=tile_scan tiles=160/289 microCells=0/4624 tileSpeed=10.98/s microSpeed=0.00/s etaMs=11749
[01:06:20] [Server thread/INFO] [co.ri.ge.sy.re.WorldSurveyRunner/]: W survey progress runId=epic_terrain_w_20260803_01 status=running phase=tile_scan tiles=161/289 microCells=0/4624 tileSpeed=10.95/s microSpeed=0.00/s etaMs=11692
[01:06:20] [Server thread/INFO] [co.ri.ge.sy.re.WorldSurveyRunner/]: W survey progress runId=epic_terrain_w_20260803_01 status=running phase=tile_scan tiles=162/289 microCells=0/4624 tileSpeed=10.93/s microSpeed=0.00/s etaMs=11617
[01:06:20] [Server thread/INFO] [co.ri.ge.sy.re.WorldSurveyRunner/]: W survey progress runId=epic_terrain_w_20260803_01 status=running phase=tile_scan tiles=163/289 microCells=0/4624 tileSpeed=10.94/s microSpeed=0.00/s etaMs=11520
[01:06:20] [Server thread/INFO] [co.ri.ge.sy.re.WorldSurveyRunner/]: W survey progress runId=epic_terrain_w_20260803_01 status=running phase=tile_scan tiles=164/289 microCells=0/4624 tileSpeed=10.95/s microSpeed=0.00/s etaMs=11421
[01:06:20] [geomantia-world-survey-progress/INFO] [co.ri.ge.sy.re.WorldSurveyRunner/]: W survey progress runId=epic_terrain_w_20260803_01 status=running phase=tile_scan tiles=164/289 microCells=0/4624 tileSpeed=10.93/s microSpeed=0.00/s etaMs=11435
[01:06:20] [Server thread/INFO] [co.ri.ge.sy.re.WorldSurveyRunner/]: W survey progress runId=epic_terrain_w_20260803_01 status=running phase=tile_scan tiles=165/289 microCells=0/4624 tileSpeed=10.94/s microSpeed=0.00/s etaMs=11332
[01:06:20] [Render thread/INFO] [minecraft/ChatComponent]: [System] [CHAT] [Geomantia] W scan tiles 165/289 (57.1%), ETA 11s
[01:06:20] [Server thread/INFO] [co.ri.ge.sy.re.WorldSurveyRunner/]: W survey progress runId=epic_terrain_w_20260803_01 status=running phase=tile_scan tiles=166/289 microCells=0/4624 tileSpeed=10.91/s microSpeed=0.00/s etaMs=11274
[01:06:20] [Server thread/INFO] [co.ri.ge.sy.re.WorldSurveyRunner/]: W survey progress runId=epic_terrain_w_20260803_01 status=running phase=tile_scan tiles=167/289 microCells=0/4624 tileSpeed=10.88/s microSpeed=0.00/s etaMs=11212
[01:06:20] [Server thread/INFO] [co.ri.ge.sy.re.WorldSurveyRunner/]: W survey progress runId=epic_terrain_w_20260803_01 status=running phase=tile_scan tiles=168/289 microCells=0/4624 tileSpeed=10.87/s microSpeed=0.00/s etaMs=11133
[01:06:20] [Server thread/INFO] [co.ri.ge.sy.re.WorldSurveyRunner/]: W survey progress runId=epic_terrain_w_20260803_01 status=running phase=tile_scan tiles=169/289 microCells=0/4624 tileSpeed=10.86/s microSpeed=0.00/s etaMs=11053
[01:06:20] [Server thread/INFO] [co.ri.ge.sy.re.WorldSurveyRunner/]: W survey progress runId=epic_terrain_w_20260803_01 status=running phase=tile_scan tiles=170/289 microCells=0/4624 tileSpeed=10.89/s microSpeed=0.00/s etaMs=10924
[01:06:20] [Server thread/INFO] [co.ri.ge.sy.re.WorldSurveyRunner/]: W survey progress runId=epic_terrain_w_20260803_01 status=running phase=tile_scan tiles=171/289 microCells=0/4624 tileSpeed=10.93/s microSpeed=0.00/s etaMs=10798
[01:06:21] [Server thread/INFO] [co.ri.ge.sy.re.WorldSurveyRunner/]: W survey progress runId=epic_terrain_w_20260803_01 status=running phase=tile_scan tiles=172/289 microCells=0/4624 tileSpeed=10.97/s microSpeed=0.00/s etaMs=10670
[01:06:21] [Server thread/INFO] [co.ri.ge.sy.re.WorldSurveyRunner/]: W survey progress runId=epic_terrain_w_20260803_01 status=running phase=tile_scan tiles=173/289 microCells=0/4624 tileSpeed=11.00/s microSpeed=0.00/s etaMs=10543
[01:06:21] [Server thread/INFO] [co.ri.ge.sy.re.WorldSurveyRunner/]: W survey progress runId=epic_terrain_w_20260803_01 status=running phase=tile_scan tiles=174/289 microCells=0/4624 tileSpeed=11.03/s microSpeed=0.00/s etaMs=10424
[01:06:21] [Server thread/INFO] [co.ri.ge.sy.re.WorldSurveyRunner/]: W survey progress runId=epic_terrain_w_20260803_01 status=running phase=tile_scan tiles=175/289 microCells=0/4624 tileSpeed=11.02/s microSpeed=0.00/s etaMs=10347
[01:06:21] [Server thread/INFO] [co.ri.ge.sy.re.WorldSurveyRunner/]: W survey progress runId=epic_terrain_w_20260803_01 status=running phase=tile_scan tiles=176/289 microCells=0/4624 tileSpeed=11.00/s microSpeed=0.00/s etaMs=10273
[01:06:21] [geomantia-world-survey-progress/INFO] [co.ri.ge.sy.re.WorldSurveyRunner/]: W survey progress runId=epic_terrain_w_20260803_01 status=running phase=tile_scan tiles=176/289 microCells=0/4624 tileSpeed=11.00/s microSpeed=0.00/s etaMs=10275
[01:06:21] [Server thread/INFO] [co.ri.ge.sy.re.WorldSurveyRunner/]: W survey progress runId=epic_terrain_w_20260803_01 status=running phase=tile_scan tiles=177/289 microCells=0/4624 tileSpeed=11.02/s microSpeed=0.00/s etaMs=10163
[01:06:21] [Server thread/INFO] [co.ri.ge.sy.re.WorldSurveyRunner/]: W survey progress runId=epic_terrain_w_20260803_01 status=running phase=tile_scan tiles=178/289 microCells=0/4624 tileSpeed=11.04/s microSpeed=0.00/s etaMs=10059
[01:06:21] [Server thread/INFO] [co.ri.ge.sy.re.WorldSurveyRunner/]: W survey progress runId=epic_terrain_w_20260803_01 status=running phase=tile_scan tiles=179/289 microCells=0/4624 tileSpeed=11.00/s microSpeed=0.00/s etaMs=9998
[01:06:21] [Server thread/INFO] [co.ri.ge.sy.re.WorldSurveyRunner/]: W survey progress runId=epic_terrain_w_20260803_01 status=running phase=tile_scan tiles=180/289 microCells=0/4624 tileSpeed=10.99/s microSpeed=0.00/s etaMs=9921
[01:06:21] [Server thread/INFO] [co.ri.ge.sy.re.WorldSurveyRunner/]: W survey progress runId=epic_terrain_w_20260803_01 status=running phase=tile_scan tiles=181/289 microCells=0/4624 tileSpeed=10.99/s microSpeed=0.00/s etaMs=9827
[01:06:21] [Server thread/INFO] [co.ri.ge.sy.re.WorldSurveyRunner/]: W survey progress runId=epic_terrain_w_20260803_01 status=running phase=tile_scan tiles=182/289 microCells=0/4624 tileSpeed=10.98/s microSpeed=0.00/s etaMs=9742
[01:06:22] [Server thread/INFO] [co.ri.ge.sy.re.WorldSurveyRunner/]: W survey progress runId=epic_terrain_w_20260803_01 status=running phase=tile_scan tiles=183/289 microCells=0/4624 tileSpeed=10.98/s microSpeed=0.00/s etaMs=9654
[01:06:22] [Server thread/INFO] [co.ri.ge.sy.re.WorldSurveyRunner/]: W survey progress runId=epic_terrain_w_20260803_01 status=running phase=tile_scan tiles=184/289 microCells=0/4624 tileSpeed=10.97/s microSpeed=0.00/s etaMs=9568
[01:06:22] [Server thread/INFO] [co.ri.ge.sy.re.WorldSurveyRunner/]: W survey progress runId=epic_terrain_w_20260803_01 status=running phase=tile_scan tiles=185/289 microCells=0/4624 tileSpeed=10.96/s microSpeed=0.00/s etaMs=9489
[01:06:22] [Server thread/INFO] [co.ri.ge.sy.re.WorldSurveyRunner/]: W survey progress runId=epic_terrain_w_20260803_01 status=running phase=tile_scan tiles=186/289 microCells=0/4624 tileSpeed=10.99/s microSpeed=0.00/s etaMs=9372
[01:06:22] [Server thread/INFO] [co.ri.ge.sy.re.WorldSurveyRunner/]: W survey progress runId=epic_terrain_w_20260803_01 status=running phase=tile_scan tiles=187/289 microCells=0/4624 tileSpeed=11.02/s microSpeed=0.00/s etaMs=9258
[01:06:22] [geomantia-world-survey-progress/INFO] [co.ri.ge.sy.re.WorldSurveyRunner/]: W survey progress runId=epic_terrain_w_20260803_01 status=running phase=tile_scan tiles=187/289 microCells=0/4624 tileSpeed=11.00/s microSpeed=0.00/s etaMs=9275
[01:06:22] [Server thread/INFO] [co.ri.ge.sy.re.WorldSurveyRunner/]: W survey progress runId=epic_terrain_w_20260803_01 status=running phase=tile_scan tiles=188/289 microCells=0/4624 tileSpeed=11.05/s microSpeed=0.00/s etaMs=9143
[01:06:22] [Server thread/INFO] [co.ri.ge.sy.re.WorldSurveyRunner/]: W survey progress runId=epic_terrain_w_20260803_01 status=running phase=tile_scan tiles=189/289 microCells=0/4624 tileSpeed=11.08/s microSpeed=0.00/s etaMs=9028
[01:06:22] [Server thread/INFO] [co.ri.ge.sy.re.WorldSurveyRunner/]: W survey progress runId=epic_terrain_w_20260803_01 status=running phase=tile_scan tiles=190/289 microCells=0/4624 tileSpeed=11.11/s microSpeed=0.00/s etaMs=8913
[01:06:22] [Server thread/INFO] [co.ri.ge.sy.re.WorldSurveyRunner/]: W survey progress runId=epic_terrain_w_20260803_01 status=running phase=tile_scan tiles=191/289 microCells=0/4624 tileSpeed=11.14/s microSpeed=0.00/s etaMs=8797
[01:06:22] [Server thread/INFO] [co.ri.ge.sy.re.WorldSurveyRunner/]: W survey progress runId=epic_terrain_w_20260803_01 status=running phase=tile_scan tiles=192/289 microCells=0/4624 tileSpeed=11.17/s microSpeed=0.00/s etaMs=8682
[01:06:22] [Server thread/INFO] [co.ri.ge.sy.re.WorldSurveyRunner/]: W survey progress runId=epic_terrain_w_20260803_01 status=running phase=tile_scan tiles=193/289 microCells=0/4624 tileSpeed=11.21/s microSpeed=0.00/s etaMs=8566
[01:06:22] [Server thread/INFO] [co.ri.ge.sy.re.WorldSurveyRunner/]: W survey progress runId=epic_terrain_w_20260803_01 status=running phase=tile_scan tiles=194/289 microCells=0/4624 tileSpeed=11.24/s microSpeed=0.00/s etaMs=8453
[01:06:22] [Server thread/INFO] [co.ri.ge.sy.re.WorldSurveyRunner/]: W survey progress runId=epic_terrain_w_20260803_01 status=running phase=tile_scan tiles=195/289 microCells=0/4624 tileSpeed=11.27/s microSpeed=0.00/s etaMs=8340
[01:06:22] [Server thread/INFO] [co.ri.ge.sy.re.WorldSurveyRunner/]: W survey progress runId=epic_terrain_w_20260803_01 status=running phase=tile_scan tiles=196/289 microCells=0/4624 tileSpeed=11.27/s microSpeed=0.00/s etaMs=8254
[01:06:22] [Server thread/INFO] [co.ri.ge.sy.re.WorldSurveyRunner/]: W survey progress runId=epic_terrain_w_20260803_01 status=running phase=tile_scan tiles=197/289 microCells=0/4624 tileSpeed=11.26/s microSpeed=0.00/s etaMs=8168
[01:06:22] [Server thread/INFO] [co.ri.ge.sy.re.WorldSurveyRunner/]: W survey progress runId=epic_terrain_w_20260803_01 status=running phase=tile_scan tiles=198/289 microCells=0/4624 tileSpeed=11.26/s microSpeed=0.00/s etaMs=8082
[01:06:23] [Server thread/INFO] [co.ri.ge.sy.re.WorldSurveyRunner/]: W survey progress runId=epic_terrain_w_20260803_01 status=running phase=tile_scan tiles=199/289 microCells=0/4624 tileSpeed=11.26/s microSpeed=0.00/s etaMs=7994
[01:06:23] [Server thread/INFO] [co.ri.ge.sy.re.WorldSurveyRunner/]: W survey progress runId=epic_terrain_w_20260803_01 status=running phase=tile_scan tiles=200/289 microCells=0/4624 tileSpeed=11.25/s microSpeed=0.00/s etaMs=7908
[01:06:23] [Server thread/INFO] [co.ri.ge.sy.re.WorldSurveyRunner/]: W survey progress runId=epic_terrain_w_20260803_01 status=running phase=tile_scan tiles=201/289 microCells=0/4624 tileSpeed=11.25/s microSpeed=0.00/s etaMs=7820
[01:06:23] [Server thread/INFO] [co.ri.ge.sy.re.WorldSurveyRunner/]: W survey progress runId=epic_terrain_w_20260803_01 status=running phase=tile_scan tiles=202/289 microCells=0/4624 tileSpeed=11.23/s microSpeed=0.00/s etaMs=7744
[01:06:23] [geomantia-world-survey-progress/INFO] [co.ri.ge.sy.re.WorldSurveyRunner/]: W survey progress runId=epic_terrain_w_20260803_01 status=running phase=tile_scan tiles=202/289 microCells=0/4624 tileSpeed=11.22/s microSpeed=0.00/s etaMs=7754
[01:06:23] [Server thread/INFO] [co.ri.ge.sy.re.WorldSurveyRunner/]: W survey progress runId=epic_terrain_w_20260803_01 status=running phase=tile_scan tiles=203/289 microCells=0/4624 tileSpeed=11.26/s microSpeed=0.00/s etaMs=7637
[01:06:23] [Server thread/INFO] [co.ri.ge.sy.re.WorldSurveyRunner/]: W survey progress runId=epic_terrain_w_20260803_01 status=running phase=tile_scan tiles=204/289 microCells=0/4624 tileSpeed=11.29/s microSpeed=0.00/s etaMs=7529
[01:06:23] [Server thread/INFO] [co.ri.ge.sy.re.WorldSurveyRunner/]: W survey progress runId=epic_terrain_w_20260803_01 status=running phase=tile_scan tiles=205/289 microCells=0/4624 tileSpeed=11.32/s microSpeed=0.00/s etaMs=7422
[01:06:23] [Server thread/INFO] [co.ri.ge.sy.re.WorldSurveyRunner/]: W survey progress runId=epic_terrain_w_20260803_01 status=running phase=tile_scan tiles=206/289 microCells=0/4624 tileSpeed=11.35/s microSpeed=0.00/s etaMs=7315
[01:06:23] [Server thread/INFO] [co.ri.ge.sy.re.WorldSurveyRunner/]: W survey progress runId=epic_terrain_w_20260803_01 status=running phase=tile_scan tiles=207/289 microCells=0/4624 tileSpeed=11.38/s microSpeed=0.00/s etaMs=7207
[01:06:23] [Server thread/INFO] [co.ri.ge.sy.re.WorldSurveyRunner/]: W survey progress runId=epic_terrain_w_20260803_01 status=running phase=tile_scan tiles=208/289 microCells=0/4624 tileSpeed=11.41/s microSpeed=0.00/s etaMs=7101
[01:06:23] [Server thread/INFO] [co.ri.ge.sy.re.WorldSurveyRunner/]: W survey progress runId=epic_terrain_w_20260803_01 status=running phase=tile_scan tiles=209/289 microCells=0/4624 tileSpeed=11.44/s microSpeed=0.00/s etaMs=6994
[01:06:23] [Server thread/INFO] [co.ri.ge.sy.re.WorldSurveyRunner/]: W survey progress runId=epic_terrain_w_20260803_01 status=running phase=tile_scan tiles=210/289 microCells=0/4624 tileSpeed=11.47/s microSpeed=0.00/s etaMs=6888
[01:06:23] [Server thread/INFO] [co.ri.ge.sy.re.WorldSurveyRunner/]: W survey progress runId=epic_terrain_w_20260803_01 status=running phase=tile_scan tiles=211/289 microCells=0/4624 tileSpeed=11.50/s microSpeed=0.00/s etaMs=6783
[01:06:23] [Server thread/INFO] [co.ri.ge.sy.re.WorldSurveyRunner/]: W survey progress runId=epic_terrain_w_20260803_01 status=running phase=tile_scan tiles=212/289 microCells=0/4624 tileSpeed=11.53/s microSpeed=0.00/s etaMs=6678
[01:06:23] [Server thread/INFO] [co.ri.ge.sy.re.WorldSurveyRunner/]: W survey progress runId=epic_terrain_w_20260803_01 status=running phase=tile_scan tiles=213/289 microCells=0/4624 tileSpeed=11.52/s microSpeed=0.00/s etaMs=6596
[01:06:23] [Server thread/INFO] [co.ri.ge.sy.re.WorldSurveyRunner/]: W survey progress runId=epic_terrain_w_20260803_01 status=running phase=tile_scan tiles=214/289 microCells=0/4624 tileSpeed=11.51/s microSpeed=0.00/s etaMs=6518
[01:06:24] [Server thread/INFO] [co.ri.ge.sy.re.WorldSurveyRunner/]: W survey progress runId=epic_terrain_w_20260803_01 status=running phase=tile_scan tiles=215/289 microCells=0/4624 tileSpeed=11.51/s microSpeed=0.00/s etaMs=6429
[01:06:24] [Server thread/INFO] [co.ri.ge.sy.re.WorldSurveyRunner/]: W survey progress runId=epic_terrain_w_20260803_01 status=running phase=tile_scan tiles=216/289 microCells=0/4624 tileSpeed=11.51/s microSpeed=0.00/s etaMs=6342
[01:06:24] [Server thread/INFO] [co.ri.ge.sy.re.WorldSurveyRunner/]: W survey progress runId=epic_terrain_w_20260803_01 status=running phase=tile_scan tiles=217/289 microCells=0/4624 tileSpeed=11.52/s microSpeed=0.00/s etaMs=6248
[01:06:24] [Server thread/INFO] [co.ri.ge.sy.re.WorldSurveyRunner/]: W survey progress runId=epic_terrain_w_20260803_01 status=running phase=tile_scan tiles=218/289 microCells=0/4624 tileSpeed=11.55/s microSpeed=0.00/s etaMs=6146
[01:06:24] [Server thread/INFO] [co.ri.ge.sy.re.WorldSurveyRunner/]: W survey progress runId=epic_terrain_w_20260803_01 status=running phase=tile_scan tiles=219/289 microCells=0/4624 tileSpeed=11.58/s microSpeed=0.00/s etaMs=6044
[01:06:24] [Server thread/INFO] [co.ri.ge.sy.re.WorldSurveyRunner/]: W survey progress runId=epic_terrain_w_20260803_01 status=running phase=tile_scan tiles=220/289 microCells=0/4624 tileSpeed=11.60/s microSpeed=0.00/s etaMs=5948
[01:06:24] [geomantia-world-survey-progress/INFO] [co.ri.ge.sy.re.WorldSurveyRunner/]: W survey progress runId=epic_terrain_w_20260803_01 status=running phase=tile_scan tiles=220/289 microCells=0/4624 tileSpeed=11.58/s microSpeed=0.00/s etaMs=5960
[01:06:24] [Server thread/INFO] [co.ri.ge.sy.re.WorldSurveyRunner/]: W survey progress runId=epic_terrain_w_20260803_01 status=running phase=tile_scan tiles=221/289 microCells=0/4624 tileSpeed=11.63/s microSpeed=0.00/s etaMs=5848
[01:06:24] [Server thread/INFO] [co.ri.ge.sy.re.WorldSurveyRunner/]: W survey progress runId=epic_terrain_w_20260803_01 status=running phase=tile_scan tiles=222/289 microCells=0/4624 tileSpeed=11.63/s microSpeed=0.00/s etaMs=5762
[01:06:24] [Server thread/INFO] [co.ri.ge.sy.re.WorldSurveyRunner/]: W survey progress runId=epic_terrain_w_20260803_01 status=running phase=tile_scan tiles=223/289 microCells=0/4624 tileSpeed=11.63/s microSpeed=0.00/s etaMs=5673
[01:06:24] [Server thread/INFO] [co.ri.ge.sy.re.WorldSurveyRunner/]: W survey progress runId=epic_terrain_w_20260803_01 status=running phase=tile_scan tiles=224/289 microCells=0/4624 tileSpeed=11.63/s microSpeed=0.00/s etaMs=5588
[01:06:24] [Server thread/INFO] [co.ri.ge.sy.re.WorldSurveyRunner/]: W survey progress runId=epic_terrain_w_20260803_01 status=running phase=tile_scan tiles=225/289 microCells=0/4624 tileSpeed=11.63/s microSpeed=0.00/s etaMs=5504
[01:06:24] [Server thread/INFO] [co.ri.ge.sy.re.WorldSurveyRunner/]: W survey progress runId=epic_terrain_w_20260803_01 status=running phase=tile_scan tiles=226/289 microCells=0/4624 tileSpeed=11.65/s microSpeed=0.00/s etaMs=5410
[01:06:24] [Server thread/INFO] [co.ri.ge.sy.re.WorldSurveyRunner/]: W survey progress runId=epic_terrain_w_20260803_01 status=running phase=tile_scan tiles=227/289 microCells=0/4624 tileSpeed=11.65/s microSpeed=0.00/s etaMs=5322
[01:06:24] [Server thread/INFO] [co.ri.ge.sy.re.WorldSurveyRunner/]: W survey progress runId=epic_terrain_w_20260803_01 status=running phase=tile_scan tiles=228/289 microCells=0/4624 tileSpeed=11.66/s microSpeed=0.00/s etaMs=5232
[01:06:24] [Server thread/INFO] [co.ri.ge.sy.re.WorldSurveyRunner/]: W survey progress runId=epic_terrain_w_20260803_01 status=running phase=tile_scan tiles=229/289 microCells=0/4624 tileSpeed=11.68/s microSpeed=0.00/s etaMs=5137
[01:06:25] [Server thread/INFO] [co.ri.ge.sy.re.WorldSurveyRunner/]: W survey progress runId=epic_terrain_w_20260803_01 status=running phase=tile_scan tiles=230/289 microCells=0/4624 tileSpeed=11.68/s microSpeed=0.00/s etaMs=5051
[01:06:25] [Server thread/INFO] [co.ri.ge.sy.re.WorldSurveyRunner/]: W survey progress runId=epic_terrain_w_20260803_01 status=running phase=tile_scan tiles=231/289 microCells=0/4624 tileSpeed=11.66/s microSpeed=0.00/s etaMs=4976
[01:06:25] [Server thread/INFO] [co.ri.ge.sy.re.WorldSurveyRunner/]: W survey progress runId=epic_terrain_w_20260803_01 status=running phase=tile_scan tiles=232/289 microCells=0/4624 tileSpeed=11.64/s microSpeed=0.00/s etaMs=4895
[01:06:25] [geomantia-world-survey-progress/INFO] [co.ri.ge.sy.re.WorldSurveyRunner/]: W survey progress runId=epic_terrain_w_20260803_01 status=running phase=tile_scan tiles=232/289 microCells=0/4624 tileSpeed=11.60/s microSpeed=0.00/s etaMs=4915
[01:06:25] [Server thread/INFO] [co.ri.ge.sy.re.WorldSurveyRunner/]: W survey progress runId=epic_terrain_w_20260803_01 status=running phase=tile_scan tiles=233/289 microCells=0/4624 tileSpeed=11.64/s microSpeed=0.00/s etaMs=4810
[01:06:25] [Server thread/INFO] [co.ri.ge.sy.re.WorldSurveyRunner/]: W survey progress runId=epic_terrain_w_20260803_01 status=running phase=tile_scan tiles=234/289 microCells=0/4624 tileSpeed=11.67/s microSpeed=0.00/s etaMs=4712
[01:06:25] [Server thread/INFO] [co.ri.ge.sy.re.WorldSurveyRunner/]: W survey progress runId=epic_terrain_w_20260803_01 status=running phase=tile_scan tiles=235/289 microCells=0/4624 tileSpeed=11.70/s microSpeed=0.00/s etaMs=4616
[01:06:25] [Render thread/INFO] [minecraft/ChatComponent]: [System] [CHAT] [Geomantia] W scan tiles 235/289 (81.3%), ETA 4s
[01:06:25] [Server thread/INFO] [co.ri.ge.sy.re.WorldSurveyRunner/]: W survey progress runId=epic_terrain_w_20260803_01 status=running phase=tile_scan tiles=236/289 microCells=0/4624 tileSpeed=11.73/s microSpeed=0.00/s etaMs=4520
[01:06:25] [Server thread/INFO] [co.ri.ge.sy.re.WorldSurveyRunner/]: W survey progress runId=epic_terrain_w_20260803_01 status=running phase=tile_scan tiles=237/289 microCells=0/4624 tileSpeed=11.73/s microSpeed=0.00/s etaMs=4433
[01:06:25] [Server thread/INFO] [co.ri.ge.sy.re.WorldSurveyRunner/]: W survey progress runId=epic_terrain_w_20260803_01 status=running phase=tile_scan tiles=238/289 microCells=0/4624 tileSpeed=11.74/s microSpeed=0.00/s etaMs=4343
[01:06:25] [Server thread/INFO] [co.ri.ge.sy.re.WorldSurveyRunner/]: W survey progress runId=epic_terrain_w_20260803_01 status=running phase=tile_scan tiles=239/289 microCells=0/4624 tileSpeed=11.73/s microSpeed=0.00/s etaMs=4262
[01:06:25] [Server thread/INFO] [co.ri.ge.sy.re.WorldSurveyRunner/]: W survey progress runId=epic_terrain_w_20260803_01 status=running phase=tile_scan tiles=240/289 microCells=0/4624 tileSpeed=11.73/s microSpeed=0.00/s etaMs=4177
[01:06:25] [Server thread/INFO] [co.ri.ge.sy.re.WorldSurveyRunner/]: W survey progress runId=epic_terrain_w_20260803_01 status=running phase=tile_scan tiles=241/289 microCells=0/4624 tileSpeed=11.72/s microSpeed=0.00/s etaMs=4096
[01:06:26] [Server thread/INFO] [co.ri.ge.sy.re.WorldSurveyRunner/]: W survey progress runId=epic_terrain_w_20260803_01 status=running phase=tile_scan tiles=242/289 microCells=0/4624 tileSpeed=11.70/s microSpeed=0.00/s etaMs=4017
[01:06:26] [Server thread/INFO] [co.ri.ge.sy.re.WorldSurveyRunner/]: W survey progress runId=epic_terrain_w_20260803_01 status=running phase=tile_scan tiles=243/289 microCells=0/4624 tileSpeed=11.70/s microSpeed=0.00/s etaMs=3930
[01:06:26] [Server thread/INFO] [co.ri.ge.sy.re.WorldSurveyRunner/]: W survey progress runId=epic_terrain_w_20260803_01 status=running phase=tile_scan tiles=244/289 microCells=0/4624 tileSpeed=11.69/s microSpeed=0.00/s etaMs=3850
[01:06:26] [Server thread/INFO] [co.ri.ge.sy.re.WorldSurveyRunner/]: W survey progress runId=epic_terrain_w_20260803_01 status=running phase=tile_scan tiles=245/289 microCells=0/4624 tileSpeed=11.68/s microSpeed=0.00/s etaMs=3767
[01:06:26] [geomantia-world-survey-progress/INFO] [co.ri.ge.sy.re.WorldSurveyRunner/]: W survey progress runId=epic_terrain_w_20260803_01 status=running phase=tile_scan tiles=245/289 microCells=0/4624 tileSpeed=11.66/s microSpeed=0.00/s etaMs=3772
[01:06:26] [Server thread/INFO] [co.ri.ge.sy.re.WorldSurveyRunner/]: W survey progress runId=epic_terrain_w_20260803_01 status=running phase=tile_scan tiles=246/289 microCells=0/4624 tileSpeed=11.68/s microSpeed=0.00/s etaMs=3682
[01:06:26] [Server thread/INFO] [co.ri.ge.sy.re.WorldSurveyRunner/]: W survey progress runId=epic_terrain_w_20260803_01 status=running phase=tile_scan tiles=247/289 microCells=0/4624 tileSpeed=11.69/s microSpeed=0.00/s etaMs=3593
[01:06:26] [Server thread/INFO] [co.ri.ge.sy.re.WorldSurveyRunner/]: W survey progress runId=epic_terrain_w_20260803_01 status=running phase=tile_scan tiles=248/289 microCells=0/4624 tileSpeed=11.70/s microSpeed=0.00/s etaMs=3505
[01:06:26] [Server thread/INFO] [co.ri.ge.sy.re.WorldSurveyRunner/]: W survey progress runId=epic_terrain_w_20260803_01 status=running phase=tile_scan tiles=249/289 microCells=0/4624 tileSpeed=11.71/s microSpeed=0.00/s etaMs=3414
[01:06:26] [Server thread/INFO] [co.ri.ge.sy.re.WorldSurveyRunner/]: W survey progress runId=epic_terrain_w_20260803_01 status=running phase=tile_scan tiles=250/289 microCells=0/4624 tileSpeed=11.74/s microSpeed=0.00/s etaMs=3322
[01:06:26] [Server thread/INFO] [co.ri.ge.sy.re.WorldSurveyRunner/]: W survey progress runId=epic_terrain_w_20260803_01 status=running phase=tile_scan tiles=251/289 microCells=0/4624 tileSpeed=11.77/s microSpeed=0.00/s etaMs=3230
[01:06:26] [Server thread/INFO] [co.ri.ge.sy.re.WorldSurveyRunner/]: W survey progress runId=epic_terrain_w_20260803_01 status=running phase=tile_scan tiles=252/289 microCells=0/4624 tileSpeed=11.79/s microSpeed=0.00/s etaMs=3138
[01:06:26] [Server thread/INFO] [co.ri.ge.sy.re.WorldSurveyRunner/]: W survey progress runId=epic_terrain_w_20260803_01 status=running phase=tile_scan tiles=253/289 microCells=0/4624 tileSpeed=11.80/s microSpeed=0.00/s etaMs=3051
[01:06:26] [Server thread/INFO] [co.ri.ge.sy.re.WorldSurveyRunner/]: W survey progress runId=epic_terrain_w_20260803_01 status=running phase=tile_scan tiles=254/289 microCells=0/4624 tileSpeed=11.79/s microSpeed=0.00/s etaMs=2969
[01:06:26] [Server thread/INFO] [co.ri.ge.sy.re.WorldSurveyRunner/]: W survey progress runId=epic_terrain_w_20260803_01 status=running phase=tile_scan tiles=255/289 microCells=0/4624 tileSpeed=11.77/s microSpeed=0.00/s etaMs=2888
[01:06:27] [Server thread/INFO] [co.ri.ge.sy.re.WorldSurveyRunner/]: W survey progress runId=epic_terrain_w_20260803_01 status=running phase=tile_scan tiles=256/289 microCells=0/4624 tileSpeed=11.78/s microSpeed=0.00/s etaMs=2802
[01:06:27] [Server thread/INFO] [co.ri.ge.sy.re.WorldSurveyRunner/]: W survey progress runId=epic_terrain_w_20260803_01 status=running phase=tile_scan tiles=257/289 microCells=0/4624 tileSpeed=11.79/s microSpeed=0.00/s etaMs=2715
[01:06:27] [Server thread/INFO] [co.ri.ge.sy.re.WorldSurveyRunner/]: W survey progress runId=epic_terrain_w_20260803_01 status=running phase=tile_scan tiles=258/289 microCells=0/4624 tileSpeed=11.78/s microSpeed=0.00/s etaMs=2631
[01:06:27] [Server thread/INFO] [co.ri.ge.sy.re.WorldSurveyRunner/]: W survey progress runId=epic_terrain_w_20260803_01 status=running phase=tile_scan tiles=259/289 microCells=0/4624 tileSpeed=11.80/s microSpeed=0.00/s etaMs=2543
[01:06:27] [geomantia-world-survey-progress/INFO] [co.ri.ge.sy.re.WorldSurveyRunner/]: W survey progress runId=epic_terrain_w_20260803_01 status=running phase=tile_scan tiles=259/289 microCells=0/4624 tileSpeed=11.77/s microSpeed=0.00/s etaMs=2549
[01:06:27] [Server thread/INFO] [co.ri.ge.sy.re.WorldSurveyRunner/]: W survey progress runId=epic_terrain_w_20260803_01 status=running phase=tile_scan tiles=260/289 microCells=0/4624 tileSpeed=11.80/s microSpeed=0.00/s etaMs=2458
[01:06:27] [Server thread/INFO] [co.ri.ge.sy.re.WorldSurveyRunner/]: W survey progress runId=epic_terrain_w_20260803_01 status=running phase=tile_scan tiles=261/289 microCells=0/4624 tileSpeed=11.80/s microSpeed=0.00/s etaMs=2374
[01:06:27] [Server thread/INFO] [co.ri.ge.sy.re.WorldSurveyRunner/]: W survey progress runId=epic_terrain_w_20260803_01 status=running phase=tile_scan tiles=262/289 microCells=0/4624 tileSpeed=11.78/s microSpeed=0.00/s etaMs=2292
[01:06:27] [Server thread/INFO] [co.ri.ge.sy.re.WorldSurveyRunner/]: W survey progress runId=epic_terrain_w_20260803_01 status=running phase=tile_scan tiles=263/289 microCells=0/4624 tileSpeed=11.76/s microSpeed=0.00/s etaMs=2210
[01:06:27] [Server thread/INFO] [co.ri.ge.sy.re.WorldSurveyRunner/]: W survey progress runId=epic_terrain_w_20260803_01 status=running phase=tile_scan tiles=264/289 microCells=0/4624 tileSpeed=11.75/s microSpeed=0.00/s etaMs=2127
[01:06:27] [Server thread/INFO] [co.ri.ge.sy.re.WorldSurveyRunner/]: W survey progress runId=epic_terrain_w_20260803_01 status=running phase=tile_scan tiles=265/289 microCells=0/4624 tileSpeed=11.77/s microSpeed=0.00/s etaMs=2040
[01:06:27] [Server thread/INFO] [co.ri.ge.sy.re.WorldSurveyRunner/]: W survey progress runId=epic_terrain_w_20260803_01 status=running phase=tile_scan tiles=266/289 microCells=0/4624 tileSpeed=11.79/s microSpeed=0.00/s etaMs=1951
[01:06:27] [Server thread/INFO] [co.ri.ge.sy.re.WorldSurveyRunner/]: W survey progress runId=epic_terrain_w_20260803_01 status=running phase=tile_scan tiles=267/289 microCells=0/4624 tileSpeed=11.82/s microSpeed=0.00/s etaMs=1862
[01:06:27] [Server thread/INFO] [co.ri.ge.sy.re.WorldSurveyRunner/]: W survey progress runId=epic_terrain_w_20260803_01 status=running phase=tile_scan tiles=268/289 microCells=0/4624 tileSpeed=11.84/s microSpeed=0.00/s etaMs=1774
[01:06:28] [Server thread/INFO] [co.ri.ge.sy.re.WorldSurveyRunner/]: W survey progress runId=epic_terrain_w_20260803_01 status=running phase=tile_scan tiles=269/289 microCells=0/4624 tileSpeed=11.84/s microSpeed=0.00/s etaMs=1689
[01:06:28] [Server thread/INFO] [co.ri.ge.sy.re.WorldSurveyRunner/]: W survey progress runId=epic_terrain_w_20260803_01 status=running phase=tile_scan tiles=270/289 microCells=0/4624 tileSpeed=11.85/s microSpeed=0.00/s etaMs=1603
[01:06:28] [Server thread/INFO] [co.ri.ge.sy.re.WorldSurveyRunner/]: W survey progress runId=epic_terrain_w_20260803_01 status=running phase=tile_scan tiles=271/289 microCells=0/4624 tileSpeed=11.84/s microSpeed=0.00/s etaMs=1520
[01:06:28] [geomantia-world-survey-progress/INFO] [co.ri.ge.sy.re.WorldSurveyRunner/]: W survey progress runId=epic_terrain_w_20260803_01 status=running phase=tile_scan tiles=271/289 microCells=0/4624 tileSpeed=11.78/s microSpeed=0.00/s etaMs=1528
[01:06:28] [Server thread/INFO] [co.ri.ge.sy.re.WorldSurveyRunner/]: W survey progress runId=epic_terrain_w_20260803_01 status=running phase=tile_scan tiles=272/289 microCells=0/4624 tileSpeed=11.81/s microSpeed=0.00/s etaMs=1439
[01:06:28] [Server thread/INFO] [co.ri.ge.sy.re.WorldSurveyRunner/]: W survey progress runId=epic_terrain_w_20260803_01 status=running phase=tile_scan tiles=273/289 microCells=0/4624 tileSpeed=11.82/s microSpeed=0.00/s etaMs=1354
[01:06:28] [Server thread/INFO] [co.ri.ge.sy.re.WorldSurveyRunner/]: W survey progress runId=epic_terrain_w_20260803_01 status=running phase=tile_scan tiles=274/289 microCells=0/4624 tileSpeed=11.81/s microSpeed=0.00/s etaMs=1270
[01:06:28] [Server thread/INFO] [co.ri.ge.sy.re.WorldSurveyRunner/]: W survey progress runId=epic_terrain_w_20260803_01 status=running phase=tile_scan tiles=275/289 microCells=0/4624 tileSpeed=11.83/s microSpeed=0.00/s etaMs=1184
[01:06:28] [Server thread/INFO] [co.ri.ge.sy.re.WorldSurveyRunner/]: W survey progress runId=epic_terrain_w_20260803_01 status=running phase=tile_scan tiles=276/289 microCells=0/4624 tileSpeed=11.85/s microSpeed=0.00/s etaMs=1097
[01:06:28] [Server thread/INFO] [co.ri.ge.sy.re.WorldSurveyRunner/]: W survey progress runId=epic_terrain_w_20260803_01 status=running phase=tile_scan tiles=277/289 microCells=0/4624 tileSpeed=11.86/s microSpeed=0.00/s etaMs=1012
[01:06:28] [Server thread/INFO] [co.ri.ge.sy.re.WorldSurveyRunner/]: W survey progress runId=epic_terrain_w_20260803_01 status=running phase=tile_scan tiles=278/289 microCells=0/4624 tileSpeed=11.86/s microSpeed=0.00/s etaMs=927
[01:06:28] [Server thread/INFO] [co.ri.ge.sy.re.WorldSurveyRunner/]: W survey progress runId=epic_terrain_w_20260803_01 status=running phase=tile_scan tiles=279/289 microCells=0/4624 tileSpeed=11.84/s microSpeed=0.00/s etaMs=845
[01:06:29] [Server thread/INFO] [co.ri.ge.sy.re.WorldSurveyRunner/]: W survey progress runId=epic_terrain_w_20260803_01 status=running phase=tile_scan tiles=280/289 microCells=0/4624 tileSpeed=11.83/s microSpeed=0.00/s etaMs=761
[01:06:29] [Server thread/INFO] [co.ri.ge.sy.re.WorldSurveyRunner/]: W survey progress runId=epic_terrain_w_20260803_01 status=running phase=tile_scan tiles=281/289 microCells=0/4624 tileSpeed=11.81/s microSpeed=0.00/s etaMs=678
[01:06:29] [Server thread/INFO] [co.ri.ge.sy.re.WorldSurveyRunner/]: W survey progress runId=epic_terrain_w_20260803_01 status=running phase=tile_scan tiles=282/289 microCells=0/4624 tileSpeed=11.83/s microSpeed=0.00/s etaMs=592
[01:06:29] [Server thread/INFO] [co.ri.ge.sy.re.WorldSurveyRunner/]: W survey progress runId=epic_terrain_w_20260803_01 status=running phase=tile_scan tiles=283/289 microCells=0/4624 tileSpeed=11.84/s microSpeed=0.00/s etaMs=507
[01:06:29] [Server thread/INFO] [co.ri.ge.sy.re.WorldSurveyRunner/]: W survey progress runId=epic_terrain_w_20260803_01 status=running phase=tile_scan tiles=284/289 microCells=0/4624 tileSpeed=11.86/s microSpeed=0.00/s etaMs=421
[01:06:29] [geomantia-world-survey-progress/INFO] [co.ri.ge.sy.re.WorldSurveyRunner/]: W survey progress runId=epic_terrain_w_20260803_01 status=running phase=tile_scan tiles=284/289 microCells=0/4624 tileSpeed=11.83/s microSpeed=0.00/s etaMs=423
[01:06:29] [Server thread/INFO] [co.ri.ge.sy.re.WorldSurveyRunner/]: W survey progress runId=epic_terrain_w_20260803_01 status=running phase=tile_scan tiles=285/289 microCells=0/4624 tileSpeed=11.87/s microSpeed=0.00/s etaMs=337
[01:06:29] [Server thread/INFO] [co.ri.ge.sy.re.WorldSurveyRunner/]: W survey progress runId=epic_terrain_w_20260803_01 status=running phase=tile_scan tiles=286/289 microCells=0/4624 tileSpeed=11.85/s microSpeed=0.00/s etaMs=253
[01:06:29] [Server thread/INFO] [co.ri.ge.sy.re.WorldSurveyRunner/]: W survey progress runId=epic_terrain_w_20260803_01 status=running phase=tile_scan tiles=287/289 microCells=0/4624 tileSpeed=11.83/s microSpeed=0.00/s etaMs=169
[01:06:29] [Server thread/INFO] [co.ri.ge.sy.re.WorldSurveyRunner/]: W survey progress runId=epic_terrain_w_20260803_01 status=running phase=tile_scan tiles=288/289 microCells=0/4624 tileSpeed=11.82/s microSpeed=0.00/s etaMs=85
[01:06:29] [Server thread/INFO] [co.ri.ge.sy.re.WorldSurveyRunner/]: W survey progress runId=epic_terrain_w_20260803_01 status=running phase=tile_scan tiles=289/289 microCells=0/4624 tileSpeed=11.81/s microSpeed=0.00/s etaMs=-1
[01:06:29] [Server thread/INFO] [co.ri.ge.sy.re.WorldSurveyRunner/]: W survey progress runId=epic_terrain_w_20260803_01 status=running phase=micro_sampling tiles=289/289 microCells=0/4624 tileSpeed=11.81/s microSpeed=0.00/s etaMs=-1
[01:06:29] [Render thread/INFO] [minecraft/ChatComponent]: [System] [CHAT] [Geomantia] W scan micro cells 0/4624 (0.0%), ETA calculating
[01:06:30] [geomantia-world-survey-progress/INFO] [co.ri.ge.sy.re.WorldSurveyRunner/]: W survey progress runId=epic_terrain_w_20260803_01 status=running phase=micro_sampling tiles=289/289 microCells=29/4624 tileSpeed=11.55/s microSpeed=52.92/s etaMs=86830
[01:06:31] [geomantia-world-survey-progress/INFO] [co.ri.ge.sy.re.WorldSurveyRunner/]: W survey progress runId=epic_terrain_w_20260803_01 status=running phase=micro_sampling tiles=289/289 microCells=111/4624 tileSpeed=11.11/s microSpeed=72.31/s etaMs=62410
[01:06:32] [geomantia-world-survey-progress/INFO] [co.ri.ge.sy.re.WorldSurveyRunner/]: W survey progress runId=epic_terrain_w_20260803_01 status=running phase=micro_sampling tiles=289/289 microCells=188/4624 tileSpeed=10.69/s microSpeed=73.75/s etaMs=60146
[01:06:33] [geomantia-world-survey-progress/INFO] [co.ri.ge.sy.re.WorldSurveyRunner/]: W survey progress runId=epic_terrain_w_20260803_01 status=running phase=micro_sampling tiles=289/289 microCells=256/4624 tileSpeed=10.32/s microSpeed=72.38/s etaMs=60350
[01:06:34] [geomantia-world-survey-progress/INFO] [co.ri.ge.sy.re.WorldSurveyRunner/]: W survey progress runId=epic_terrain_w_20260803_01 status=running phase=micro_sampling tiles=289/289 microCells=321/4624 tileSpeed=9.96/s microSpeed=70.77/s etaMs=60805
[01:06:35] [geomantia-world-survey-progress/INFO] [co.ri.ge.sy.re.WorldSurveyRunner/]: W survey progress runId=epic_terrain_w_20260803_01 status=running phase=micro_sampling tiles=289/289 microCells=373/4624 tileSpeed=9.63/s microSpeed=67.43/s etaMs=63047
[01:06:35] [Render thread/INFO] [minecraft/ChatComponent]: [System] [CHAT] [Geomantia] W scan micro cells 373/4624 (8.1%), ETA 1m 3s
[01:06:36] [geomantia-world-survey-progress/INFO] [co.ri.ge.sy.re.WorldSurveyRunner/]: W survey progress runId=epic_terrain_w_20260803_01 status=running phase=micro_sampling tiles=289/289 microCells=438/4624 tileSpeed=9.32/s microSpeed=66.99/s etaMs=62484
[01:06:37] [geomantia-world-survey-progress/INFO] [co.ri.ge.sy.re.WorldSurveyRunner/]: W survey progress runId=epic_terrain_w_20260803_01 status=running phase=micro_sampling tiles=289/289 microCells=483/4624 tileSpeed=9.03/s microSpeed=64.09/s etaMs=64610
[01:06:38] [geomantia-world-survey-progress/INFO] [co.ri.ge.sy.re.WorldSurveyRunner/]: W survey progress runId=epic_terrain_w_20260803_01 status=running phase=micro_sampling tiles=289/289 microCells=531/4624 tileSpeed=8.76/s microSpeed=62.24/s etaMs=65758
[01:06:39] [geomantia-world-survey-progress/INFO] [co.ri.ge.sy.re.WorldSurveyRunner/]: W survey progress runId=epic_terrain_w_20260803_01 status=running phase=micro_sampling tiles=289/289 microCells=577/4624 tileSpeed=8.50/s microSpeed=60.51/s etaMs=66877
[01:06:40] [geomantia-world-survey-progress/INFO] [co.ri.ge.sy.re.WorldSurveyRunner/]: W survey progress runId=epic_terrain_w_20260803_01 status=running phase=micro_sampling tiles=289/289 microCells=618/4624 tileSpeed=8.26/s microSpeed=58.67/s etaMs=68284
[01:06:41] [geomantia-world-survey-progress/INFO] [co.ri.ge.sy.re.WorldSurveyRunner/]: W survey progress runId=epic_terrain_w_20260803_01 status=running phase=micro_sampling tiles=289/289 microCells=663/4624 tileSpeed=8.02/s microSpeed=57.45/s etaMs=68944
[01:06:41] [Render thread/INFO] [minecraft/ChatComponent]: [System] [CHAT] [Geomantia] W scan micro cells 663/4624 (14.3%), ETA 1m 8s
[01:06:42] [geomantia-world-survey-progress/INFO] [co.ri.ge.sy.re.WorldSurveyRunner/]: W survey progress runId=epic_terrain_w_20260803_01 status=running phase=micro_sampling tiles=289/289 microCells=698/4624 tileSpeed=7.81/s microSpeed=55.68/s etaMs=70516
[01:06:43] [geomantia-world-survey-progress/INFO] [co.ri.ge.sy.re.WorldSurveyRunner/]: W survey progress runId=epic_terrain_w_20260803_01 status=running phase=micro_sampling tiles=289/289 microCells=736/4624 tileSpeed=7.60/s microSpeed=54.38/s etaMs=71495
[01:06:44] [geomantia-world-survey-progress/INFO] [co.ri.ge.sy.re.WorldSurveyRunner/]: W survey progress runId=epic_terrain_w_20260803_01 status=running phase=micro_sampling tiles=289/289 microCells=777/4624 tileSpeed=7.41/s microSpeed=53.48/s etaMs=71939
[01:06:45] [geomantia-world-survey-progress/INFO] [co.ri.ge.sy.re.WorldSurveyRunner/]: W survey progress runId=epic_terrain_w_20260803_01 status=running phase=micro_sampling tiles=289/289 microCells=820/4624 tileSpeed=7.22/s microSpeed=52.79/s etaMs=72058
[01:06:46] [geomantia-world-survey-progress/INFO] [co.ri.ge.sy.re.WorldSurveyRunner/]: W survey progress runId=epic_terrain_w_20260803_01 status=running phase=micro_sampling tiles=289/289 microCells=855/4624 tileSpeed=7.05/s microSpeed=51.68/s etaMs=72929
[01:06:46] [Render thread/INFO] [minecraft/ChatComponent]: [System] [CHAT] [Geomantia] W scan micro cells 855/4624 (18.5%), ETA 1m 12s
[01:06:47] [geomantia-world-survey-progress/INFO] [co.ri.ge.sy.re.WorldSurveyRunner/]: W survey progress runId=epic_terrain_w_20260803_01 status=running phase=micro_sampling tiles=289/289 microCells=893/4624 tileSpeed=6.88/s microSpeed=50.91/s etaMs=73287
[01:06:48] [geomantia-world-survey-progress/INFO] [co.ri.ge.sy.re.WorldSurveyRunner/]: W survey progress runId=epic_terrain_w_20260803_01 status=running phase=micro_sampling tiles=289/289 microCells=926/4624 tileSpeed=6.72/s microSpeed=49.97/s etaMs=74004
[01:06:49] [geomantia-world-survey-progress/INFO] [co.ri.ge.sy.re.WorldSurveyRunner/]: W survey progress runId=epic_terrain_w_20260803_01 status=running phase=micro_sampling tiles=289/289 microCells=954/4624 tileSpeed=6.57/s microSpeed=48.81/s etaMs=75185
[01:06:50] [geomantia-world-survey-progress/INFO] [co.ri.ge.sy.re.WorldSurveyRunner/]: W survey progress runId=epic_terrain_w_20260803_01 status=running phase=micro_sampling tiles=289/289 microCells=986/4624 tileSpeed=6.42/s microSpeed=47.99/s etaMs=75815
[01:06:51] [geomantia-world-survey-progress/INFO] [co.ri.ge.sy.re.WorldSurveyRunner/]: W survey progress runId=epic_terrain_w_20260803_01 status=running phase=micro_sampling tiles=289/289 microCells=1011/4624 tileSpeed=6.28/s microSpeed=46.96/s etaMs=76942
[01:06:52] [geomantia-world-survey-progress/INFO] [co.ri.ge.sy.re.WorldSurveyRunner/]: W survey progress runId=epic_terrain_w_20260803_01 status=running phase=micro_sampling tiles=289/289 microCells=1037/4624 tileSpeed=6.15/s microSpeed=46.02/s etaMs=77952
[01:06:52] [Render thread/INFO] [minecraft/ChatComponent]: [System] [CHAT] [Geomantia] W scan micro cells 1037/4624 (22.4%), ETA 1m 17s
[01:06:53] [geomantia-world-survey-progress/INFO] [co.ri.ge.sy.re.WorldSurveyRunner/]: W survey progress runId=epic_terrain_w_20260803_01 status=running phase=micro_sampling tiles=289/289 microCells=1070/4624 tileSpeed=6.02/s microSpeed=45.47/s etaMs=78165
[01:06:54] [geomantia-world-survey-progress/INFO] [co.ri.ge.sy.re.WorldSurveyRunner/]: W survey progress runId=epic_terrain_w_20260803_01 status=running phase=micro_sampling tiles=289/289 microCells=1104/4624 tileSpeed=5.90/s microSpeed=44.99/s etaMs=78243
[01:06:55] [geomantia-world-survey-progress/INFO] [co.ri.ge.sy.re.WorldSurveyRunner/]: W survey progress runId=epic_terrain_w_20260803_01 status=running phase=micro_sampling tiles=289/289 microCells=1137/4624 tileSpeed=5.78/s microSpeed=44.53/s etaMs=78300
[01:06:56] [geomantia-world-survey-progress/INFO] [co.ri.ge.sy.re.WorldSurveyRunner/]: W survey progress runId=epic_terrain_w_20260803_01 status=running phase=micro_sampling tiles=289/289 microCells=1169/4624 tileSpeed=5.67/s microSpeed=44.05/s etaMs=78431
[01:06:57] [geomantia-world-survey-progress/INFO] [co.ri.ge.sy.re.WorldSurveyRunner/]: W survey progress runId=epic_terrain_w_20260803_01 status=running phase=micro_sampling tiles=289/289 microCells=1203/4624 tileSpeed=5.56/s microSpeed=43.70/s etaMs=78288
[01:06:58] [geomantia-world-survey-progress/INFO] [co.ri.ge.sy.re.WorldSurveyRunner/]: W survey progress runId=epic_terrain_w_20260803_01 status=running phase=micro_sampling tiles=289/289 microCells=1237/4624 tileSpeed=5.45/s microSpeed=43.34/s etaMs=78145
[01:06:58] [Render thread/INFO] [minecraft/ChatComponent]: [System] [CHAT] [Geomantia] W scan micro cells 1237/4624 (26.8%), ETA 1m 18s
[01:06:59] [geomantia-world-survey-progress/INFO] [co.ri.ge.sy.re.WorldSurveyRunner/]: W survey progress runId=epic_terrain_w_20260803_01 status=running phase=micro_sampling tiles=289/289 microCells=1271/4624 tileSpeed=5.35/s microSpeed=43.02/s etaMs=77932
[01:07:00] [geomantia-world-survey-progress/INFO] [co.ri.ge.sy.re.WorldSurveyRunner/]: W survey progress runId=epic_terrain_w_20260803_01 status=running phase=micro_sampling tiles=289/289 microCells=1304/4624 tileSpeed=5.25/s microSpeed=42.71/s etaMs=77740
[01:07:01] [geomantia-world-survey-progress/INFO] [co.ri.ge.sy.re.WorldSurveyRunner/]: W survey progress runId=epic_terrain_w_20260803_01 status=running phase=micro_sampling tiles=289/289 microCells=1344/4624 tileSpeed=5.16/s microSpeed=42.62/s etaMs=76956
[01:07:02] [geomantia-world-survey-progress/INFO] [co.ri.ge.sy.re.WorldSurveyRunner/]: W survey progress runId=epic_terrain_w_20260803_01 status=running phase=micro_sampling tiles=289/289 microCells=1376/4624 tileSpeed=5.07/s microSpeed=42.29/s etaMs=76798
[01:07:03] [geomantia-world-survey-progress/INFO] [co.ri.ge.sy.re.WorldSurveyRunner/]: W survey progress runId=epic_terrain_w_20260803_01 status=running phase=micro_sampling tiles=289/289 microCells=1413/4624 tileSpeed=4.98/s microSpeed=42.13/s etaMs=76212
[01:07:04] [geomantia-world-survey-progress/INFO] [co.ri.ge.sy.re.WorldSurveyRunner/]: W survey progress runId=epic_terrain_w_20260803_01 status=running phase=micro_sampling tiles=289/289 microCells=1454/4624 tileSpeed=4.90/s microSpeed=42.10/s etaMs=75299
[01:07:04] [Render thread/INFO] [minecraft/ChatComponent]: [System] [CHAT] [Geomantia] W scan micro cells 1454/4624 (31.4%), ETA 1m 15s
[01:07:05] [geomantia-world-survey-progress/INFO] [co.ri.ge.sy.re.WorldSurveyRunner/]: W survey progress runId=epic_terrain_w_20260803_01 status=running phase=micro_sampling tiles=289/289 microCells=1498/4624 tileSpeed=4.82/s microSpeed=42.15/s etaMs=74158
[01:07:06] [geomantia-world-survey-progress/INFO] [co.ri.ge.sy.re.WorldSurveyRunner/]: W survey progress runId=epic_terrain_w_20260803_01 status=running phase=micro_sampling tiles=289/289 microCells=1543/4624 tileSpeed=4.74/s microSpeed=42.24/s etaMs=72942
[01:07:07] [geomantia-world-survey-progress/INFO] [co.ri.ge.sy.re.WorldSurveyRunner/]: W survey progress runId=epic_terrain_w_20260803_01 status=running phase=micro_sampling tiles=289/289 microCells=1589/4624 tileSpeed=4.66/s microSpeed=42.33/s etaMs=71696
[01:07:08] [geomantia-world-survey-progress/INFO] [co.ri.ge.sy.re.WorldSurveyRunner/]: W survey progress runId=epic_terrain_w_20260803_01 status=running phase=micro_sampling tiles=289/289 microCells=1628/4624 tileSpeed=4.59/s microSpeed=42.25/s etaMs=70910
[01:07:09] [geomantia-world-survey-progress/INFO] [co.ri.ge.sy.re.WorldSurveyRunner/]: W survey progress runId=epic_terrain_w_20260803_01 status=running phase=micro_sampling tiles=289/289 microCells=1668/4624 tileSpeed=4.52/s microSpeed=42.19/s etaMs=70056
[01:07:10] [geomantia-world-survey-progress/INFO] [co.ri.ge.sy.re.WorldSurveyRunner/]: W survey progress runId=epic_terrain_w_20260803_01 status=running phase=micro_sampling tiles=289/289 microCells=1712/4624 tileSpeed=4.44/s microSpeed=42.21/s etaMs=68987
[01:07:10] [Render thread/INFO] [minecraft/ChatComponent]: [System] [CHAT] [Geomantia] W scan micro cells 1712/4624 (37.0%), ETA 1m 8s
[01:07:11] [geomantia-world-survey-progress/INFO] [co.ri.ge.sy.re.WorldSurveyRunner/]: W survey progress runId=epic_terrain_w_20260803_01 status=running phase=micro_sampling tiles=289/289 microCells=1751/4624 tileSpeed=4.38/s microSpeed=42.16/s etaMs=68145
[01:07:12] [geomantia-world-survey-progress/INFO] [co.ri.ge.sy.re.WorldSurveyRunner/]: W survey progress runId=epic_terrain_w_20260803_01 status=running phase=micro_sampling tiles=289/289 microCells=1793/4624 tileSpeed=4.31/s microSpeed=42.15/s etaMs=67164
[01:07:13] [geomantia-world-survey-progress/INFO] [co.ri.ge.sy.re.WorldSurveyRunner/]: W survey progress runId=epic_terrain_w_20260803_01 status=running phase=micro_sampling tiles=289/289 microCells=1833/4624 tileSpeed=4.25/s microSpeed=42.11/s etaMs=66281
[01:07:14] [geomantia-world-survey-progress/INFO] [co.ri.ge.sy.re.WorldSurveyRunner/]: W survey progress runId=epic_terrain_w_20260803_01 status=running phase=micro_sampling tiles=289/289 microCells=1862/4624 tileSpeed=4.19/s microSpeed=41.80/s etaMs=66071
[01:07:15] [geomantia-world-survey-progress/INFO] [co.ri.ge.sy.re.WorldSurveyRunner/]: W survey progress runId=epic_terrain_w_20260803_01 status=running phase=micro_sampling tiles=289/289 microCells=1899/4624 tileSpeed=4.13/s microSpeed=41.70/s etaMs=65343
[01:07:16] [geomantia-world-survey-progress/INFO] [co.ri.ge.sy.re.WorldSurveyRunner/]: W survey progress runId=epic_terrain_w_20260803_01 status=running phase=micro_sampling tiles=289/289 microCells=1933/4624 tileSpeed=4.07/s microSpeed=41.53/s etaMs=64790
[01:07:16] [Render thread/INFO] [minecraft/ChatComponent]: [System] [CHAT] [Geomantia] W scan micro cells 1933/4624 (41.8%), ETA 1m 4s
[01:07:17] [geomantia-world-survey-progress/INFO] [co.ri.ge.sy.re.WorldSurveyRunner/]: W survey progress runId=epic_terrain_w_20260803_01 status=running phase=micro_sampling tiles=289/289 microCells=1965/4624 tileSpeed=4.01/s microSpeed=41.34/s etaMs=64322
[01:07:18] [geomantia-world-survey-progress/INFO] [co.ri.ge.sy.re.WorldSurveyRunner/]: W survey progress runId=epic_terrain_w_20260803_01 status=running phase=micro_sampling tiles=289/289 microCells=2000/4624 tileSpeed=3.96/s microSpeed=41.20/s etaMs=63684
[01:07:19] [geomantia-world-survey-progress/INFO] [co.ri.ge.sy.re.WorldSurveyRunner/]: W survey progress runId=epic_terrain_w_20260803_01 status=running phase=micro_sampling tiles=289/289 microCells=2031/4624 tileSpeed=3.90/s microSpeed=41.00/s etaMs=63247
[01:07:20] [geomantia-world-survey-progress/INFO] [co.ri.ge.sy.re.WorldSurveyRunner/]: W survey progress runId=epic_terrain_w_20260803_01 status=running phase=micro_sampling tiles=289/289 microCells=2068/4624 tileSpeed=3.85/s microSpeed=40.92/s etaMs=62460
[01:07:21] [geomantia-world-survey-progress/INFO] [co.ri.ge.sy.re.WorldSurveyRunner/]: W survey progress runId=epic_terrain_w_20260803_01 status=running phase=micro_sampling tiles=289/289 microCells=2105/4624 tileSpeed=3.80/s microSpeed=40.84/s etaMs=61678
[01:07:21] [Render thread/INFO] [minecraft/ChatComponent]: [System] [CHAT] [Geomantia] W scan micro cells 2105/4624 (45.5%), ETA 1m 1s
[01:07:22] [geomantia-world-survey-progress/INFO] [co.ri.ge.sy.re.WorldSurveyRunner/]: W survey progress runId=epic_terrain_w_20260803_01 status=running phase=micro_sampling tiles=289/289 microCells=2150/4624 tileSpeed=3.75/s microSpeed=40.92/s etaMs=60454
[01:07:23] [geomantia-world-survey-progress/INFO] [co.ri.ge.sy.re.WorldSurveyRunner/]: W survey progress runId=epic_terrain_w_20260803_01 status=running phase=micro_sampling tiles=289/289 microCells=2204/4624 tileSpeed=3.70/s microSpeed=41.17/s etaMs=58786
[01:07:24] [geomantia-world-survey-progress/INFO] [co.ri.ge.sy.re.WorldSurveyRunner/]: W survey progress runId=epic_terrain_w_20260803_01 status=running phase=micro_sampling tiles=289/289 microCells=2250/4624 tileSpeed=3.66/s microSpeed=41.26/s etaMs=57535
[01:07:25] [geomantia-world-survey-progress/INFO] [co.ri.ge.sy.re.WorldSurveyRunner/]: W survey progress runId=epic_terrain_w_20260803_01 status=running phase=micro_sampling tiles=289/289 microCells=2302/4624 tileSpeed=3.61/s microSpeed=41.44/s etaMs=56030
[01:07:26] [geomantia-world-survey-progress/INFO] [co.ri.ge.sy.re.WorldSurveyRunner/]: W survey progress runId=epic_terrain_w_20260803_01 status=running phase=micro_sampling tiles=289/289 microCells=2344/4624 tileSpeed=3.57/s microSpeed=41.46/s etaMs=54999
[01:07:27] [geomantia-world-survey-progress/INFO] [co.ri.ge.sy.re.WorldSurveyRunner/]: W survey progress runId=epic_terrain_w_20260803_01 status=running phase=micro_sampling tiles=289/289 microCells=2382/4624 tileSpeed=3.52/s microSpeed=41.39/s etaMs=54163
[01:07:27] [Render thread/INFO] [minecraft/ChatComponent]: [System] [CHAT] [Geomantia] W scan micro cells 2382/4624 (51.5%), ETA 54s
[01:07:28] [geomantia-world-survey-progress/INFO] [co.ri.ge.sy.re.WorldSurveyRunner/]: W survey progress runId=epic_terrain_w_20260803_01 status=running phase=micro_sampling tiles=289/289 microCells=2415/4624 tileSpeed=3.48/s microSpeed=41.25/s etaMs=53548
[01:07:29] [geomantia-world-survey-progress/INFO] [co.ri.ge.sy.re.WorldSurveyRunner/]: W survey progress runId=epic_terrain_w_20260803_01 status=running phase=micro_sampling tiles=289/289 microCells=2450/4624 tileSpeed=3.44/s microSpeed=41.14/s etaMs=52839
[01:07:30] [geomantia-world-survey-progress/INFO] [co.ri.ge.sy.re.WorldSurveyRunner/]: W survey progress runId=epic_terrain_w_20260803_01 status=running phase=micro_sampling tiles=289/289 microCells=2483/4624 tileSpeed=3.40/s microSpeed=41.02/s etaMs=52195
[01:07:31] [geomantia-world-survey-progress/INFO] [co.ri.ge.sy.re.WorldSurveyRunner/]: W survey progress runId=epic_terrain_w_20260803_01 status=running phase=micro_sampling tiles=289/289 microCells=2519/4624 tileSpeed=3.36/s microSpeed=40.92/s etaMs=51437
[01:07:32] [geomantia-world-survey-progress/INFO] [co.ri.ge.sy.re.WorldSurveyRunner/]: W survey progress runId=epic_terrain_w_20260803_01 status=running phase=micro_sampling tiles=289/289 microCells=2563/4624 tileSpeed=3.32/s microSpeed=40.98/s etaMs=50288
[01:07:33] [geomantia-world-survey-progress/INFO] [co.ri.ge.sy.re.WorldSurveyRunner/]: W survey progress runId=epic_terrain_w_20260803_01 status=running phase=micro_sampling tiles=289/289 microCells=2601/4624 tileSpeed=3.28/s microSpeed=40.93/s etaMs=49422
[01:07:33] [Render thread/INFO] [minecraft/ChatComponent]: [System] [CHAT] [Geomantia] W scan micro cells 2601/4624 (56.3%), ETA 49s
[01:07:34] [geomantia-world-survey-progress/INFO] [co.ri.ge.sy.re.WorldSurveyRunner/]: W survey progress runId=epic_terrain_w_20260803_01 status=running phase=micro_sampling tiles=289/289 microCells=2647/4624 tileSpeed=3.25/s microSpeed=41.02/s etaMs=48198
[01:07:35] [geomantia-world-survey-progress/INFO] [co.ri.ge.sy.re.WorldSurveyRunner/]: W survey progress runId=epic_terrain_w_20260803_01 status=running phase=micro_sampling tiles=289/289 microCells=2695/4624 tileSpeed=3.21/s microSpeed=41.11/s etaMs=46917
[01:07:36] [geomantia-world-survey-progress/INFO] [co.ri.ge.sy.re.WorldSurveyRunner/]: W survey progress runId=epic_terrain_w_20260803_01 status=running phase=micro_sampling tiles=289/289 microCells=2738/4624 tileSpeed=3.17/s microSpeed=41.14/s etaMs=45843
[01:07:37] [geomantia-world-survey-progress/INFO] [co.ri.ge.sy.re.WorldSurveyRunner/]: W survey progress runId=epic_terrain_w_20260803_01 status=running phase=micro_sampling tiles=289/289 microCells=2782/4624 tileSpeed=3.14/s microSpeed=41.19/s etaMs=44718
[01:07:38] [geomantia-world-survey-progress/INFO] [co.ri.ge.sy.re.WorldSurveyRunner/]: W survey progress runId=epic_terrain_w_20260803_01 status=running phase=micro_sampling tiles=289/289 microCells=2822/4624 tileSpeed=3.11/s microSpeed=41.17/s etaMs=43768
[01:07:39] [geomantia-world-survey-progress/INFO] [co.ri.ge.sy.re.WorldSurveyRunner/]: W survey progress runId=epic_terrain_w_20260803_01 status=running phase=micro_sampling tiles=289/289 microCells=2867/4624 tileSpeed=3.07/s microSpeed=41.23/s etaMs=42618
[01:07:39] [Render thread/INFO] [minecraft/ChatComponent]: [System] [CHAT] [Geomantia] W scan micro cells 2867/4624 (62.0%), ETA 42s
[01:07:40] [geomantia-world-survey-progress/INFO] [co.ri.ge.sy.re.WorldSurveyRunner/]: W survey progress runId=epic_terrain_w_20260803_01 status=running phase=micro_sampling tiles=289/289 microCells=2909/4624 tileSpeed=3.04/s microSpeed=41.24/s etaMs=41588
[01:07:41] [geomantia-world-survey-progress/INFO] [co.ri.ge.sy.re.WorldSurveyRunner/]: W survey progress runId=epic_terrain_w_20260803_01 status=running phase=micro_sampling tiles=289/289 microCells=2954/4624 tileSpeed=3.01/s microSpeed=41.29/s etaMs=40442
[01:07:42] [geomantia-world-survey-progress/INFO] [co.ri.ge.sy.re.WorldSurveyRunner/]: W survey progress runId=epic_terrain_w_20260803_01 status=running phase=micro_sampling tiles=289/289 microCells=2994/4624 tileSpeed=2.98/s microSpeed=41.27/s etaMs=39492
[01:07:43] [geomantia-world-survey-progress/INFO] [co.ri.ge.sy.re.WorldSurveyRunner/]: W survey progress runId=epic_terrain_w_20260803_01 status=running phase=micro_sampling tiles=289/289 microCells=3037/4624 tileSpeed=2.95/s microSpeed=41.30/s etaMs=38428
[01:07:44] [geomantia-world-survey-progress/INFO] [co.ri.ge.sy.re.WorldSurveyRunner/]: W survey progress runId=epic_terrain_w_20260803_01 status=running phase=micro_sampling tiles=289/289 microCells=3067/4624 tileSpeed=2.92/s microSpeed=41.15/s etaMs=37836
[01:07:45] [geomantia-world-survey-progress/INFO] [co.ri.ge.sy.re.WorldSurveyRunner/]: W survey progress runId=epic_terrain_w_20260803_01 status=running phase=micro_sampling tiles=289/289 microCells=3107/4624 tileSpeed=2.89/s microSpeed=41.14/s etaMs=36878
[01:07:45] [Render thread/INFO] [minecraft/ChatComponent]: [System] [CHAT] [Geomantia] W scan micro cells 3107/4624 (67.2%), ETA 36s
[01:07:46] [geomantia-world-survey-progress/INFO] [co.ri.ge.sy.re.WorldSurveyRunner/]: W survey progress runId=epic_terrain_w_20260803_01 status=running phase=micro_sampling tiles=289/289 microCells=3150/4624 tileSpeed=2.86/s microSpeed=41.16/s etaMs=35814
[01:07:47] [geomantia-world-survey-progress/INFO] [co.ri.ge.sy.re.WorldSurveyRunner/]: W survey progress runId=epic_terrain_w_20260803_01 status=running phase=micro_sampling tiles=289/289 microCells=3185/4624 tileSpeed=2.83/s microSpeed=41.08/s etaMs=35032
[01:07:48] [geomantia-world-survey-progress/INFO] [co.ri.ge.sy.re.WorldSurveyRunner/]: W survey progress runId=epic_terrain_w_20260803_01 status=running phase=micro_sampling tiles=289/289 microCells=3229/4624 tileSpeed=2.81/s microSpeed=41.11/s etaMs=33935
[01:07:49] [geomantia-world-survey-progress/INFO] [co.ri.ge.sy.re.WorldSurveyRunner/]: W survey progress runId=epic_terrain_w_20260803_01 status=running phase=micro_sampling tiles=289/289 microCells=3268/4624 tileSpeed=2.78/s microSpeed=41.09/s etaMs=33001
[01:07:50] [geomantia-world-survey-progress/INFO] [co.ri.ge.sy.re.WorldSurveyRunner/]: W survey progress runId=epic_terrain_w_20260803_01 status=running phase=micro_sampling tiles=289/289 microCells=3306/4624 tileSpeed=2.75/s microSpeed=41.05/s etaMs=32111
[01:07:50] [Render thread/INFO] [minecraft/ChatComponent]: [System] [CHAT] [Geomantia] W scan micro cells 3306/4624 (71.5%), ETA 32s
[01:07:51] [geomantia-world-survey-progress/INFO] [co.ri.ge.sy.re.WorldSurveyRunner/]: W survey progress runId=epic_terrain_w_20260803_01 status=running phase=micro_sampling tiles=289/289 microCells=3347/4624 tileSpeed=2.73/s microSpeed=41.04/s etaMs=31115
[01:07:52] [geomantia-world-survey-progress/INFO] [co.ri.ge.sy.re.WorldSurveyRunner/]: W survey progress runId=epic_terrain_w_20260803_01 status=running phase=micro_sampling tiles=289/289 microCells=3388/4624 tileSpeed=2.70/s microSpeed=41.05/s etaMs=30108
[01:07:53] [geomantia-world-survey-progress/INFO] [co.ri.ge.sy.re.WorldSurveyRunner/]: W survey progress runId=epic_terrain_w_20260803_01 status=running phase=micro_sampling tiles=289/289 microCells=3439/4624 tileSpeed=2.68/s microSpeed=41.16/s etaMs=28787
[01:07:54] [geomantia-world-survey-progress/INFO] [co.ri.ge.sy.re.WorldSurveyRunner/]: W survey progress runId=epic_terrain_w_20260803_01 status=running phase=micro_sampling tiles=289/289 microCells=3483/4624 tileSpeed=2.65/s microSpeed=41.20/s etaMs=27692
[01:07:55] [geomantia-world-survey-progress/INFO] [co.ri.ge.sy.re.WorldSurveyRunner/]: W survey progress runId=epic_terrain_w_20260803_01 status=running phase=micro_sampling tiles=289/289 microCells=3535/4624 tileSpeed=2.63/s microSpeed=41.33/s etaMs=26350
[01:07:56] [geomantia-world-survey-progress/INFO] [co.ri.ge.sy.re.WorldSurveyRunner/]: W survey progress runId=epic_terrain_w_20260803_01 status=running phase=micro_sampling tiles=289/289 microCells=3576/4624 tileSpeed=2.60/s microSpeed=41.33/s etaMs=25359
[01:07:56] [Render thread/INFO] [minecraft/ChatComponent]: [System] [CHAT] [Geomantia] W scan micro cells 3576/4624 (77.3%), ETA 25s
[01:07:57] [geomantia-world-survey-progress/INFO] [co.ri.ge.sy.re.WorldSurveyRunner/]: W survey progress runId=epic_terrain_w_20260803_01 status=running phase=micro_sampling tiles=289/289 microCells=3615/4624 tileSpeed=2.58/s microSpeed=41.30/s etaMs=24432
[01:07:58] [geomantia-world-survey-progress/INFO] [co.ri.ge.sy.re.WorldSurveyRunner/]: W survey progress runId=epic_terrain_w_20260803_01 status=running phase=micro_sampling tiles=289/289 microCells=3654/4624 tileSpeed=2.56/s microSpeed=41.27/s etaMs=23502
[01:07:59] [geomantia-world-survey-progress/INFO] [co.ri.ge.sy.re.WorldSurveyRunner/]: W survey progress runId=epic_terrain_w_20260803_01 status=running phase=micro_sampling tiles=289/289 microCells=3703/4624 tileSpeed=2.53/s microSpeed=41.36/s etaMs=22270
[01:08:00] [geomantia-world-survey-progress/INFO] [co.ri.ge.sy.re.WorldSurveyRunner/]: W survey progress runId=epic_terrain_w_20260803_01 status=running phase=micro_sampling tiles=289/289 microCells=3754/4624 tileSpeed=2.51/s microSpeed=41.46/s etaMs=20984
[01:08:01] [geomantia-world-survey-progress/INFO] [co.ri.ge.sy.re.WorldSurveyRunner/]: W survey progress runId=epic_terrain_w_20260803_01 status=running phase=micro_sampling tiles=289/289 microCells=3800/4624 tileSpeed=2.49/s microSpeed=41.51/s etaMs=19851
[01:08:01] [Render thread/INFO] [minecraft/ChatComponent]: [System] [CHAT] [Geomantia] W scan micro cells 3800/4624 (82.2%), ETA 19s
[01:08:02] [geomantia-world-survey-progress/INFO] [co.ri.ge.sy.re.WorldSurveyRunner/]: W survey progress runId=epic_terrain_w_20260803_01 status=running phase=micro_sampling tiles=289/289 microCells=3854/4624 tileSpeed=2.47/s microSpeed=41.65/s etaMs=18487
[01:08:03] [geomantia-world-survey-progress/INFO] [co.ri.ge.sy.re.WorldSurveyRunner/]: W survey progress runId=epic_terrain_w_20260803_01 status=running phase=micro_sampling tiles=289/289 microCells=3903/4624 tileSpeed=2.45/s microSpeed=41.73/s etaMs=17278
[01:08:04] [geomantia-world-survey-progress/INFO] [co.ri.ge.sy.re.WorldSurveyRunner/]: W survey progress runId=epic_terrain_w_20260803_01 status=running phase=micro_sampling tiles=289/289 microCells=3952/4624 tileSpeed=2.43/s microSpeed=41.80/s etaMs=16078
[01:08:05] [geomantia-world-survey-progress/INFO] [co.ri.ge.sy.re.WorldSurveyRunner/]: W survey progress runId=epic_terrain_w_20260803_01 status=running phase=micro_sampling tiles=289/289 microCells=3996/4624 tileSpeed=2.41/s microSpeed=41.82/s etaMs=15016
[01:08:06] [geomantia-world-survey-progress/INFO] [co.ri.ge.sy.re.WorldSurveyRunner/]: W survey progress runId=epic_terrain_w_20260803_01 status=running phase=micro_sampling tiles=289/289 microCells=4047/4624 tileSpeed=2.39/s microSpeed=41.92/s etaMs=13763
[01:08:07] [geomantia-world-survey-progress/INFO] [co.ri.ge.sy.re.WorldSurveyRunner/]: W survey progress runId=epic_terrain_w_20260803_01 status=running phase=micro_sampling tiles=289/289 microCells=4095/4624 tileSpeed=2.37/s microSpeed=41.98/s etaMs=12602
[01:08:07] [Render thread/INFO] [minecraft/ChatComponent]: [System] [CHAT] [Geomantia] W scan micro cells 4095/4624 (88.6%), ETA 12s
[01:08:08] [geomantia-world-survey-progress/INFO] [co.ri.ge.sy.re.WorldSurveyRunner/]: W survey progress runId=epic_terrain_w_20260803_01 status=running phase=micro_sampling tiles=289/289 microCells=4147/4624 tileSpeed=2.35/s microSpeed=42.08/s etaMs=11336
[01:08:09] [geomantia-world-survey-progress/INFO] [co.ri.ge.sy.re.WorldSurveyRunner/]: W survey progress runId=epic_terrain_w_20260803_01 status=running phase=micro_sampling tiles=289/289 microCells=4186/4624 tileSpeed=2.33/s microSpeed=42.05/s etaMs=10416
[01:08:10] [geomantia-world-survey-progress/INFO] [co.ri.ge.sy.re.WorldSurveyRunner/]: W survey progress runId=epic_terrain_w_20260803_01 status=running phase=micro_sampling tiles=289/289 microCells=4223/4624 tileSpeed=2.31/s microSpeed=42.01/s etaMs=9546
[01:08:11] [geomantia-world-survey-progress/INFO] [co.ri.ge.sy.re.WorldSurveyRunner/]: W survey progress runId=epic_terrain_w_20260803_01 status=running phase=micro_sampling tiles=289/289 microCells=4256/4624 tileSpeed=2.29/s microSpeed=41.92/s etaMs=8779
[01:08:12] [geomantia-world-survey-progress/INFO] [co.ri.ge.sy.re.WorldSurveyRunner/]: W survey progress runId=epic_terrain_w_20260803_01 status=running phase=micro_sampling tiles=289/289 microCells=4288/4624 tileSpeed=2.28/s microSpeed=41.82/s etaMs=8034
[01:08:13] [geomantia-world-survey-progress/INFO] [co.ri.ge.sy.re.WorldSurveyRunner/]: W survey progress runId=epic_terrain_w_20260803_01 status=running phase=micro_sampling tiles=289/289 microCells=4320/4624 tileSpeed=2.26/s microSpeed=41.73/s etaMs=7286
[01:08:13] [Render thread/INFO] [minecraft/ChatComponent]: [System] [CHAT] [Geomantia] W scan micro cells 4320/4624 (93.4%), ETA 7s
[01:08:14] [geomantia-world-survey-progress/INFO] [co.ri.ge.sy.re.WorldSurveyRunner/]: W survey progress runId=epic_terrain_w_20260803_01 status=running phase=micro_sampling tiles=289/289 microCells=4347/4624 tileSpeed=2.24/s microSpeed=41.59/s etaMs=6661
[01:08:15] [geomantia-world-survey-progress/INFO] [co.ri.ge.sy.re.WorldSurveyRunner/]: W survey progress runId=epic_terrain_w_20260803_01 status=running phase=micro_sampling tiles=289/289 microCells=4376/4624 tileSpeed=2.22/s microSpeed=41.47/s etaMs=5981
[01:08:16] [geomantia-world-survey-progress/INFO] [co.ri.ge.sy.re.WorldSurveyRunner/]: W survey progress runId=epic_terrain_w_20260803_01 status=running phase=micro_sampling tiles=289/289 microCells=4401/4624 tileSpeed=2.21/s microSpeed=41.31/s etaMs=5398
[01:08:17] [geomantia-world-survey-progress/INFO] [co.ri.ge.sy.re.WorldSurveyRunner/]: W survey progress runId=epic_terrain_w_20260803_01 status=running phase=micro_sampling tiles=289/289 microCells=4422/4624 tileSpeed=2.19/s microSpeed=41.12/s etaMs=4912
[01:08:18] [geomantia-world-survey-progress/INFO] [co.ri.ge.sy.re.WorldSurveyRunner/]: W survey progress runId=epic_terrain_w_20260803_01 status=running phase=micro_sampling tiles=289/289 microCells=4445/4624 tileSpeed=2.17/s microSpeed=40.96/s etaMs=4370
[01:08:19] [geomantia-world-survey-progress/INFO] [co.ri.ge.sy.re.WorldSurveyRunner/]: W survey progress runId=epic_terrain_w_20260803_01 status=running phase=micro_sampling tiles=289/289 microCells=4463/4624 tileSpeed=2.16/s microSpeed=40.75/s etaMs=3951
[01:08:19] [Render thread/INFO] [minecraft/ChatComponent]: [System] [CHAT] [Geomantia] W scan micro cells 4463/4624 (96.5%), ETA 3s
[01:08:20] [geomantia-world-survey-progress/INFO] [co.ri.ge.sy.re.WorldSurveyRunner/]: W survey progress runId=epic_terrain_w_20260803_01 status=running phase=micro_sampling tiles=289/289 microCells=4485/4624 tileSpeed=2.14/s microSpeed=40.58/s etaMs=3426
[01:08:21] [geomantia-world-survey-progress/INFO] [co.ri.ge.sy.re.WorldSurveyRunner/]: W survey progress runId=epic_terrain_w_20260803_01 status=running phase=micro_sampling tiles=289/289 microCells=4504/4624 tileSpeed=2.12/s microSpeed=40.38/s etaMs=2971
[01:08:22] [geomantia-world-survey-progress/INFO] [co.ri.ge.sy.re.WorldSurveyRunner/]: W survey progress runId=epic_terrain_w_20260803_01 status=running phase=micro_sampling tiles=289/289 microCells=4516/4624 tileSpeed=2.11/s microSpeed=40.13/s etaMs=2691
[01:08:23] [geomantia-world-survey-progress/INFO] [co.ri.ge.sy.re.WorldSurveyRunner/]: W survey progress runId=epic_terrain_w_20260803_01 status=running phase=micro_sampling tiles=289/289 microCells=4530/4624 tileSpeed=2.09/s microSpeed=39.90/s etaMs=2356
[01:08:24] [geomantia-world-survey-progress/INFO] [co.ri.ge.sy.re.WorldSurveyRunner/]: W survey progress runId=epic_terrain_w_20260803_01 status=running phase=micro_sampling tiles=289/289 microCells=4545/4624 tileSpeed=2.08/s microSpeed=39.68/s etaMs=1991
[01:08:25] [geomantia-world-survey-progress/INFO] [co.ri.ge.sy.re.WorldSurveyRunner/]: W survey progress runId=epic_terrain_w_20260803_01 status=running phase=micro_sampling tiles=289/289 microCells=4563/4624 tileSpeed=2.06/s microSpeed=39.50/s etaMs=1544
[01:08:25] [Render thread/INFO] [minecraft/ChatComponent]: [System] [CHAT] [Geomantia] W scan micro cells 4563/4624 (98.7%), ETA 1s
[01:08:26] [geomantia-world-survey-progress/INFO] [co.ri.ge.sy.re.WorldSurveyRunner/]: W survey progress runId=epic_terrain_w_20260803_01 status=running phase=micro_sampling tiles=289/289 microCells=4582/4624 tileSpeed=2.05/s microSpeed=39.32/s etaMs=1068
[01:08:27] [geomantia-world-survey-progress/INFO] [co.ri.ge.sy.re.WorldSurveyRunner/]: W survey progress runId=epic_terrain_w_20260803_01 status=running phase=micro_sampling tiles=289/289 microCells=4597/4624 tileSpeed=2.04/s microSpeed=39.11/s etaMs=690
[01:08:28] [geomantia-world-survey-progress/INFO] [co.ri.ge.sy.re.WorldSurveyRunner/]: W survey progress runId=epic_terrain_w_20260803_01 status=running phase=micro_sampling tiles=289/289 microCells=4609/4624 tileSpeed=2.02/s microSpeed=38.88/s etaMs=386
[01:08:29] [geomantia-world-survey-progress/INFO] [co.ri.ge.sy.re.WorldSurveyRunner/]: W survey progress runId=epic_terrain_w_20260803_01 status=running phase=micro_sampling tiles=289/289 microCells=4617/4624 tileSpeed=2.01/s microSpeed=38.63/s etaMs=181
[01:08:30] [geomantia-world-survey-progress/INFO] [co.ri.ge.sy.re.WorldSurveyRunner/]: W survey progress runId=epic_terrain_w_20260803_01 status=running phase=micro_sampling tiles=289/289 microCells=4620/4624 tileSpeed=1.99/s microSpeed=38.33/s etaMs=104
[01:08:31] [geomantia-world-survey-progress/INFO] [co.ri.ge.sy.re.WorldSurveyRunner/]: W survey progress runId=epic_terrain_w_20260803_01 status=running phase=micro_sampling tiles=289/289 microCells=4624/4624 tileSpeed=1.98/s microSpeed=38.05/s etaMs=0
[01:08:31] [Render thread/INFO] [minecraft/ChatComponent]: [System] [CHAT] [Geomantia] W scan micro cells 4624/4624 (100.0%), ETA 0s
[01:08:31] [Server thread/INFO] [co.ri.ge.sy.re.WorldSurveyRunner/]: W survey progress runId=epic_terrain_w_20260803_01 status=completed phase=complete tiles=289/289 microCells=4624/4624 tileSpeed=1.98/s microSpeed=38.03/s etaMs=0
[01:08:31] [Server thread/INFO] [co.ri.ge.sy.re.WorldSurveyRunner/]: W survey progress runId=epic_terrain_w_20260803_01 status=completed phase=complete tiles=289/289 microCells=4624/4624 tileSpeed=1.98/s microSpeed=38.03/s etaMs=0
[01:08:31] [Render thread/INFO] [minecraft/ChatComponent]: [System] [CHAT] [Geomantia] W scan completed (epic_terrain_w_20260803_01) in 2m 26s
[01:08:32] [Server thread/WARN] [minecraft/MinecraftServer]: Can't keep up! Is the server overloaded? Running 146663ms or 2933 ticks behind
[01:10:44] [Server thread/INFO] [minecraft/Villager]: Villager Villager['图书管理员'/20, l='ServerLevel[新的世界]', x=24.30, y=342.00, z=-21.51] died, message: '图书管理员被僵尸杀死了'
[01:13:20] [Server thread/DEBUG] [ne.mi.co.ForgeHooks/WP]: Gathering id map for writing to world save 新的世界
[01:13:20] [Server thread/DEBUG] [ne.mi.co.ForgeHooks/WP]: ID Map collection complete 新的世界
[01:18:18] [Server thread/WARN] [minecraft/MinecraftServer]: Can't keep up! Is the server overloaded? Running 42389ms or 847 ticks behind
[01:18:37] [Server thread/INFO] [minecraft/Villager]: Villager Villager['图书管理员'/25, l='ServerLevel[新的世界]', x=24.59, y=335.59, z=-40.51] died, message: '图书管理员被僵尸杀死了'
[01:18:37] [Render thread/INFO] [minecraft/Villager]: Villager Villager['图书管理员'/25, l='ClientLevel', x=24.56, y=336.00, z=-40.51] died, message: '图书管理员死了'
[01:19:02] [Server thread/DEBUG] [ne.mi.co.ForgeHooks/WP]: Gathering id map for writing to world save 新的世界
[01:19:02] [Server thread/DEBUG] [ne.mi.co.ForgeHooks/WP]: ID Map collection complete 新的世界
[01:24:02] [Server thread/DEBUG] [ne.mi.co.ForgeHooks/WP]: Gathering id map for writing to world save 新的世界
[01:24:02] [Server thread/DEBUG] [ne.mi.co.ForgeHooks/WP]: ID Map collection complete 新的世界
[01:25:00] [Server thread/INFO] [minecraft/Villager]: Villager Villager['农民'/28, l='ServerLevel[新的世界]', x=13.12, y=342.00, z=-20.49] died, message: '农民被僵尸杀死了'
[01:29:02] [Server thread/DEBUG] [ne.mi.co.ForgeHooks/WP]: Gathering id map for writing to world save 新的世界
[01:29:02] [Server thread/DEBUG] [ne.mi.co.ForgeHooks/WP]: ID Map collection complete 新的世界
[01:30:05] [Server thread/DEBUG] [ne.mi.se.ServerLifecycleHooks/CORE]: Generating PackInfo named mod:mr_epicterrain for mod file C:\Users\Rinsing\.gradle\caches\forge_gradle\deobf_dependencies\curse\maven\epic-terrain-1075383\5936468_mapped_official_1.20.1\epic-terrain-1075383-5936468_mapped_official_1.20.1.jar
[01:30:05] [Server thread/DEBUG] [ne.mi.se.ServerLifecycleHooks/CORE]: Generating PackInfo named mod:worldedit for mod file C:\Users\Rinsing\.gradle\caches\forge_gradle\deobf_dependencies\curse\maven\worldedit-225608\4586218_mapped_official_1.20.1\worldedit-225608-4586218_mapped_official_1.20.1.jar
[01:30:05] [Server thread/DEBUG] [ne.mi.se.ServerLifecycleHooks/CORE]: Generating PackInfo named mod:architectury for mod file C:\Users\Rinsing\.gradle\caches\forge_gradle\deobf_dependencies\dev\architectury\architectury-forge\9.2.14_mapped_official_1.20.1\architectury-forge-9.2.14_mapped_official_1.20.1.jar
[01:30:05] [Server thread/DEBUG] [ne.mi.se.ServerLifecycleHooks/CORE]: Generating PackInfo named mod:cloth_config for mod file C:\Users\Rinsing\.gradle\caches\forge_gradle\deobf_dependencies\me\shedaniel\cloth\cloth-config-forge\11.1.136_mapped_official_1.20.1\cloth-config-forge-11.1.136_mapped_official_1.20.1.jar
[01:30:05] [Server thread/DEBUG] [ne.mi.se.ServerLifecycleHooks/CORE]: Generating PackInfo named mod:forge for mod file /
[01:30:05] [Server thread/DEBUG] [ne.mi.se.ServerLifecycleHooks/CORE]: Generating PackInfo named mod:t_and_t for mod file C:\Users\Rinsing\.gradle\caches\forge_gradle\deobf_dependencies\local\t_and_t\t_and_t\1.12_mapped_official_1.20.1\t_and_t-1.12_mapped_official_1.20.1.jar
[01:30:05] [Server thread/DEBUG] [ne.mi.se.ServerLifecycleHooks/CORE]: Generating PackInfo named mod:mr_trek for mod file C:\Users\Rinsing\.gradle\caches\forge_gradle\deobf_dependencies\local\trek\trek\B0.6_mapped_official_1.20.1\trek-B0.6_mapped_official_1.20.1.jar
[01:30:05] [Server thread/DEBUG] [ne.mi.se.ServerLifecycleHooks/CORE]: Generating PackInfo named mod:roadweaver for mod file C:\Users\Rinsing\.gradle\caches\forge_gradle\deobf_dependencies\local\roadweaver\roadweaver-forge\2.3.0-1.20.1_mapped_official_1.20.1\roadweaver-forge-2.3.0-1.20.1_mapped_official_1.20.1.jar
[01:30:05] [Server thread/DEBUG] [ne.mi.se.ServerLifecycleHooks/CORE]: Generating PackInfo named mod:geomantia for mod file E:\Mod_Dev\StructureBinder\build\resources\main
[01:30:05] [Server thread/DEBUG] [ne.mi.se.ServerLifecycleHooks/CORE]: Generating PackInfo named mod:cristellib for mod file C:\Users\Rinsing\.gradle\caches\forge_gradle\deobf_dependencies\local\cristellib\cristellib\1.1.6_mapped_official_1.20.1\cristellib-1.1.6_mapped_official_1.20.1.jar
[01:30:05] [Server thread/INFO] [minecraft/MinecraftServer]: 重新加载中！
[01:30:05] [Render thread/INFO] [minecraft/ChatComponent]: [System] [CHAT] [Server: 重新加载中！]
[01:30:05] [Server thread/INFO] [minecraft/RecipeManager]: Loaded 7 recipes
[01:30:05] [Server thread/INFO] [minecraft/AdvancementList]: Loaded 1273 advancements
[01:30:05] [Server thread/WARN] [minecraft/MappedRegistry]: Not all defined tags for registry ResourceKey[minecraft:root / minecraft:worldgen/biome] are present in data pack: minecraft:is_birch_forest, minecraft:is_mangrove
[01:30:05] [Render thread/INFO] [minecraft/AdvancementList]: Loaded 2 advancements
[01:34:02] [Server thread/DEBUG] [ne.mi.co.ForgeHooks/WP]: Gathering id map for writing to world save 新的世界
[01:34:02] [Server thread/DEBUG] [ne.mi.co.ForgeHooks/WP]: ID Map collection complete 新的世界
[01:35:51] [Server thread/INFO] [co.ri.ge.sy.ci.in.wo.CityReservationMaskRegistry/]: Activated City reservation mask: noVegetation=248, noVanillaStructure=248, plannedStructures=78, serverRoot=.\saves\新的世界 (6)\.
[01:39:02] [Server thread/DEBUG] [ne.mi.co.ForgeHooks/WP]: Gathering id map for writing to world save 新的世界
[01:39:02] [Server thread/DEBUG] [ne.mi.co.ForgeHooks/WP]: ID Map collection complete 新的世界
[01:39:41] [Server thread/INFO] [minecraft/Villager]: Villager Villager['傻子'/26, l='ServerLevel[新的世界]', x=14.80, y=342.80, z=-21.70] died, message: '傻子被僵尸杀死了'
[01:44:02] [Server thread/DEBUG] [ne.mi.co.ForgeHooks/WP]: Gathering id map for writing to world save 新的世界
[01:44:02] [Server thread/DEBUG] [ne.mi.co.ForgeHooks/WP]: ID Map collection complete 新的世界
[01:48:40] [RW-Worker-1/INFO] [roadweaver/]: 粗地形区域按 tile 加载: radiusApproxChunks=256 tiles=1089 samples=1050625 step=8 maxTiles=70000
[01:48:41] [RW-Worker-3/INFO] [roadweaver/]: 粗地形区域按 tile 加载: radiusApproxChunks=256 tiles=1089 samples=1050625 step=8 maxTiles=70000
[01:48:45] [RW-Worker-1/INFO] [roadweaver/]: 已补全已有道路区域地图粗地形瓦片 dimension=minecraft:overworld min=(-4112, -4096) max=(4080, 4096)
[01:48:47] [Server thread/INFO] [roadweaver/]: 已从旧道路数据补全结构状态 dimension=minecraft:overworld structures=0 connections=1
[01:48:48] [Server thread/INFO] [roadweaver/]: 已从旧道路数据补全结构状态 dimension=minecraft:overworld structures=0 connections=1
[01:48:55] [Server thread/INFO] [roadweaver/]: 已从旧道路数据补全结构状态 dimension=minecraft:overworld structures=0 connections=1
[01:49:02] [Server thread/DEBUG] [ne.mi.co.ForgeHooks/WP]: Gathering id map for writing to world save 新的世界
[01:49:02] [Server thread/DEBUG] [ne.mi.co.ForgeHooks/WP]: ID Map collection complete 新的世界
[01:49:03] [Server thread/INFO] [roadweaver/]: 已从旧道路数据补全结构状态 dimension=minecraft:overworld structures=0 connections=1
[01:50:37] [Worker-Main-11/INFO] [co.ri.ge.sy.ci.in.wo.CityReservationMaskRegistry/]: City worldgen structure hook reached planned owner chunk 169,23 for residential_west_ward_required_001 (geomantia:city/stubbs/residential/household_01)
[01:50:37] [Worker-Main-11/INFO] [co.ri.ge.sy.ci.in.wo.CityReservationMaskRegistry/]: City planned structures matched chunk 169,23: 1
[01:50:37] [Worker-Main-11/INFO] [co.ri.ge.sy.ci.in.wo.MinecraftCityWorldgenStructurePlacer/]: Injected City template terrain StructureStart residential_west_ward_required_001 geomantia:city/stubbs/residential/household_01 at 169,23 with datum 104
[01:50:37] [Worker-Main-11/INFO] [co.ri.ge.sy.ci.in.wo.CityReservationMaskRegistry/]: City worldgen structure hook reached planned owner chunk 169,25 for artisan_industry_quarter_connectivity_013 (geomantia:city/stubbs/commercial/tavern_01)
[01:50:37] [Worker-Main-11/INFO] [co.ri.ge.sy.ci.in.wo.CityReservationMaskRegistry/]: City planned structures matched chunk 169,25: 1
[01:50:37] [Worker-Main-11/INFO] [co.ri.ge.sy.ci.in.wo.MinecraftCityWorldgenStructurePlacer/]: Injected City template terrain StructureStart artisan_industry_quarter_connectivity_013 geomantia:city/stubbs/commercial/tavern_01 at 169,25 with datum 104
[01:50:37] [Worker-Main-5/INFO] [co.ri.ge.sy.ci.in.wo.CityReservationMaskRegistry/]: City worldgen structure hook reached planned owner chunk 170,25 for artisan_industry_quarter_connectivity_013 (geomantia:city/stubbs/commercial/tavern_01)
[01:50:37] [Worker-Main-5/INFO] [co.ri.ge.sy.ci.in.wo.CityReservationMaskRegistry/]: City planned structures matched chunk 170,25: 1
[01:50:37] [Worker-Main-5/INFO] [co.ri.ge.sy.ci.in.wo.CityReservationMaskRegistry/]: City worldgen structure hook reached planned owner chunk 169,26 for artisan_industry_quarter_connectivity_013 (geomantia:city/stubbs/commercial/tavern_01)
[01:50:37] [Worker-Main-5/INFO] [co.ri.ge.sy.ci.in.wo.CityReservationMaskRegistry/]: City planned structures matched chunk 169,26: 1
[01:50:37] [Worker-Main-5/INFO] [co.ri.ge.sy.ci.in.wo.CityReservationMaskRegistry/]: City worldgen structure hook reached planned owner chunk 170,26 for artisan_industry_quarter_connectivity_013 (geomantia:city/stubbs/commercial/tavern_01)
[01:50:37] [Worker-Main-5/INFO] [co.ri.ge.sy.ci.in.wo.CityReservationMaskRegistry/]: City planned structures matched chunk 170,26: 1
[01:50:37] [Worker-Main-5/INFO] [co.ri.ge.sy.ci.in.wo.CityReservationMaskRegistry/]: City worldgen structure hook reached planned owner chunk 167,23 for residential_west_ward_connectivity_009 (geomantia:city/stubbs/residential/household_01)
[01:50:37] [Worker-Main-5/INFO] [co.ri.ge.sy.ci.in.wo.CityReservationMaskRegistry/]: City planned structures matched chunk 167,23: 1
[01:50:37] [Worker-Main-5/INFO] [co.ri.ge.sy.ci.in.wo.CityReservationMaskRegistry/]: City worldgen structure hook reached planned owner chunk 171,25 for artisan_industry_quarter_connectivity_013 (geomantia:city/stubbs/commercial/tavern_01)
[01:50:37] [Worker-Main-5/INFO] [co.ri.ge.sy.ci.in.wo.CityReservationMaskRegistry/]: City planned structures matched chunk 171,25: 1
[01:50:37] [Worker-Main-5/INFO] [co.ri.ge.sy.ci.in.wo.CityReservationMaskRegistry/]: City worldgen structure hook reached planned owner chunk 171,26 for artisan_industry_quarter_connectivity_013 (geomantia:city/stubbs/commercial/tavern_01)
[01:50:37] [Worker-Main-5/INFO] [co.ri.ge.sy.ci.in.wo.CityReservationMaskRegistry/]: City planned structures matched chunk 171,26: 1
[01:50:37] [Worker-Main-5/INFO] [co.ri.ge.sy.ci.in.wo.CityReservationMaskRegistry/]: City worldgen structure hook reached planned owner chunk 169,27 for artisan_industry_quarter_connectivity_013 (geomantia:city/stubbs/commercial/tavern_01)
[01:50:37] [Worker-Main-5/INFO] [co.ri.ge.sy.ci.in.wo.CityReservationMaskRegistry/]: City planned structures matched chunk 169,27: 1
[01:50:37] [Worker-Main-5/INFO] [co.ri.ge.sy.ci.in.wo.CityReservationMaskRegistry/]: City worldgen structure hook reached planned owner chunk 170,27 for artisan_industry_quarter_connectivity_013 (geomantia:city/stubbs/commercial/tavern_01)
[01:50:37] [Worker-Main-5/INFO] [co.ri.ge.sy.ci.in.wo.CityReservationMaskRegistry/]: City planned structures matched chunk 170,27: 1
[01:50:37] [Worker-Main-5/INFO] [co.ri.ge.sy.ci.in.wo.CityReservationMaskRegistry/]: City worldgen structure hook reached planned owner chunk 171,27 for artisan_industry_quarter_connectivity_013 (geomantia:city/stubbs/commercial/tavern_01)
[01:50:37] [Worker-Main-5/INFO] [co.ri.ge.sy.ci.in.wo.CityReservationMaskRegistry/]: City planned structures matched chunk 171,27: 1
[01:50:37] [Worker-Main-5/INFO] [co.ri.ge.sy.ci.in.wo.CityReservationMaskRegistry/]: City worldgen structure hook reached planned owner chunk 170,22 for residential_west_ward_required_002 (geomantia:city/stubbs/residential/household_02)
[01:50:37] [Worker-Main-5/INFO] [co.ri.ge.sy.ci.in.wo.CityReservationMaskRegistry/]: City planned structures matched chunk 170,22: 1
[01:50:37] [Worker-Main-5/INFO] [co.ri.ge.sy.ci.in.wo.CityReservationMaskRegistry/]: City worldgen structure hook reached planned owner chunk 172,22 for residential_west_ward_connectivity_003 (geomantia:city/stubbs/residential/household_01)
[01:50:37] [Worker-Main-5/INFO] [co.ri.ge.sy.ci.in.wo.CityReservationMaskRegistry/]: City planned structures matched chunk 172,22: 2
[01:50:37] [Worker-Main-5/INFO] [co.ri.ge.sy.ci.in.wo.MinecraftCityWorldgenStructurePlacer/]: Injected City template terrain StructureStart residential_west_ward_connectivity_004 geomantia:city/stubbs/residential/household_02 at 172,22 with datum 104
[01:50:37] [Worker-Main-5/INFO] [co.ri.ge.sy.ci.in.wo.CityReservationMaskRegistry/]: City worldgen structure hook reached planned owner chunk 166,23 for residential_west_ward_connectivity_009 (geomantia:city/stubbs/residential/household_01)
[01:50:37] [Worker-Main-5/INFO] [co.ri.ge.sy.ci.in.wo.CityReservationMaskRegistry/]: City planned structures matched chunk 166,23: 1
[01:50:37] [Worker-Main-5/INFO] [co.ri.ge.sy.ci.in.wo.MinecraftCityWorldgenStructurePlacer/]: Injected City template terrain StructureStart residential_west_ward_connectivity_009 geomantia:city/stubbs/residential/household_01 at 166,23 with datum 104
[01:50:37] [Worker-Main-5/INFO] [co.ri.ge.sy.ci.in.wo.CityReservationMaskRegistry/]: City worldgen structure hook reached planned owner chunk 172,23 for residential_west_ward_connectivity_004 (geomantia:city/stubbs/residential/household_02)
[01:50:37] [Worker-Main-5/INFO] [co.ri.ge.sy.ci.in.wo.CityReservationMaskRegistry/]: City planned structures matched chunk 172,23: 1
[01:50:37] [Worker-Main-5/INFO] [co.ri.ge.sy.ci.in.wo.CityReservationMaskRegistry/]: City worldgen structure hook reached planned owner chunk 172,24 for artisan_industry_quarter_connectivity_010 (geomantia:city/stubbs/commercial/tavern_01)
[01:50:37] [Worker-Main-5/INFO] [co.ri.ge.sy.ci.in.wo.CityReservationMaskRegistry/]: City planned structures matched chunk 172,24: 1
[01:50:37] [Worker-Main-5/INFO] [co.ri.ge.sy.ci.in.wo.MinecraftCityWorldgenStructurePlacer/]: Injected City template terrain StructureStart artisan_industry_quarter_connectivity_010 geomantia:city/stubbs/commercial/tavern_01 at 172,24 with datum 104
[01:50:37] [Worker-Main-5/INFO] [co.ri.ge.sy.ci.in.wo.CityReservationMaskRegistry/]: City worldgen structure hook reached planned owner chunk 166,25 for residential_west_ward_connectivity_012 (geomantia:city/stubbs/residential/household_01)
[01:50:37] [Worker-Main-5/INFO] [co.ri.ge.sy.ci.in.wo.CityReservationMaskRegistry/]: City planned structures matched chunk 166,25: 1
[01:50:37] [Worker-Main-5/INFO] [co.ri.ge.sy.ci.in.wo.CityReservationMaskRegistry/]: City worldgen structure hook reached planned owner chunk 172,25 for artisan_industry_quarter_connectivity_010 (geomantia:city/stubbs/commercial/tavern_01)
[01:50:37] [Worker-Main-5/INFO] [co.ri.ge.sy.ci.in.wo.CityReservationMaskRegistry/]: City planned structures matched chunk 172,25: 1
[01:50:37] [Worker-Main-5/INFO] [co.ri.ge.sy.ci.in.wo.CityReservationMaskRegistry/]: City worldgen structure hook reached planned owner chunk 166,26 for residential_west_ward_connectivity_012 (geomantia:city/stubbs/residential/household_01)
[01:50:37] [Worker-Main-5/INFO] [co.ri.ge.sy.ci.in.wo.CityReservationMaskRegistry/]: City planned structures matched chunk 166,26: 1
[01:50:37] [Worker-Main-5/INFO] [co.ri.ge.sy.ci.in.wo.CityReservationMaskRegistry/]: City worldgen structure hook reached planned owner chunk 172,26 for artisan_industry_quarter_connectivity_010 (geomantia:city/stubbs/commercial/tavern_01)
[01:50:37] [Worker-Main-5/INFO] [co.ri.ge.sy.ci.in.wo.CityReservationMaskRegistry/]: City planned structures matched chunk 172,26: 1
[01:50:37] [Worker-Main-5/INFO] [co.ri.ge.sy.ci.in.wo.CityReservationMaskRegistry/]: City worldgen structure hook reached planned owner chunk 166,28 for agricultural_west_belt_connectivity_016 (geomantia:city/stubbs/agriculture/farm_storage_house_01)
[01:50:37] [Worker-Main-5/INFO] [co.ri.ge.sy.ci.in.wo.CityReservationMaskRegistry/]: City planned structures matched chunk 166,28: 1
[01:50:37] [Worker-Main-5/INFO] [co.ri.ge.sy.ci.in.wo.MinecraftCityWorldgenStructurePlacer/]: Injected City template terrain StructureStart agricultural_west_belt_connectivity_016 geomantia:city/stubbs/agriculture/farm_storage_house_01 at 166,28 with datum 96
[01:50:37] [Worker-Main-5/INFO] [co.ri.ge.sy.ci.in.wo.CityReservationMaskRegistry/]: City worldgen structure hook reached planned owner chunk 167,28 for agricultural_west_belt_connectivity_016 (geomantia:city/stubbs/agriculture/farm_storage_house_01)
[01:50:37] [Worker-Main-5/INFO] [co.ri.ge.sy.ci.in.wo.CityReservationMaskRegistry/]: City planned structures matched chunk 167,28: 1
[01:50:37] [Worker-Main-5/INFO] [co.ri.ge.sy.ci.in.wo.CityReservationMaskRegistry/]: City worldgen structure hook reached planned owner chunk 170,28 for artisan_industry_quarter_connectivity_012 (geomantia:city/stubbs/commercial/general_store_01)
[01:50:37] [Worker-Main-5/INFO] [co.ri.ge.sy.ci.in.wo.CityReservationMaskRegistry/]: City planned structures matched chunk 170,28: 1
[01:50:37] [Worker-Main-5/INFO] [co.ri.ge.sy.ci.in.wo.MinecraftCityWorldgenStructurePlacer/]: Injected City template terrain StructureStart artisan_industry_quarter_connectivity_012 geomantia:city/stubbs/commercial/general_store_01 at 170,28 with datum 104
[01:50:37] [Worker-Main-5/INFO] [co.ri.ge.sy.ci.in.wo.CityReservationMaskRegistry/]: City worldgen structure hook reached planned owner chunk 171,28 for artisan_industry_quarter_connectivity_012 (geomantia:city/stubbs/commercial/general_store_01)
[01:50:37] [Worker-Main-5/INFO] [co.ri.ge.sy.ci.in.wo.CityReservationMaskRegistry/]: City planned structures matched chunk 171,28: 1
[01:50:37] [Worker-Main-5/INFO] [co.ri.ge.sy.ci.in.wo.CityReservationMaskRegistry/]: City worldgen structure hook reached planned owner chunk 172,28 for artisan_industry_quarter_connectivity_009 (geomantia:city/stubbs/commercial/general_store_01)
[01:50:37] [Worker-Main-5/INFO] [co.ri.ge.sy.ci.in.wo.CityReservationMaskRegistry/]: City planned structures matched chunk 172,28: 1
[01:50:37] [Worker-Main-5/INFO] [co.ri.ge.sy.ci.in.wo.MinecraftCityWorldgenStructurePlacer/]: Injected City template terrain StructureStart artisan_industry_quarter_connectivity_009 geomantia:city/stubbs/commercial/general_store_01 at 172,28 with datum 104
[01:50:37] [Worker-Main-5/INFO] [co.ri.ge.sy.ci.in.wo.CityReservationMaskRegistry/]: City worldgen structure hook reached planned owner chunk 166,21 for residential_west_ward_connectivity_010 (geomantia:city/stubbs/residential/household_02)
[01:50:37] [Worker-Main-5/INFO] [co.ri.ge.sy.ci.in.wo.CityReservationMaskRegistry/]: City planned structures matched chunk 166,21: 1
[01:50:37] [Worker-Main-5/INFO] [co.ri.ge.sy.ci.in.wo.MinecraftCityWorldgenStructurePlacer/]: Injected City template terrain StructureStart residential_west_ward_connectivity_010 geomantia:city/stubbs/residential/household_02 at 166,21 with datum 104
[01:50:37] [Worker-Main-5/INFO] [co.ri.ge.sy.ci.in.wo.CityReservationMaskRegistry/]: City worldgen structure hook reached planned owner chunk 167,21 for residential_west_ward_connectivity_010 (geomantia:city/stubbs/residential/household_02)
[01:50:37] [Worker-Main-5/INFO] [co.ri.ge.sy.ci.in.wo.CityReservationMaskRegistry/]: City planned structures matched chunk 167,21: 1
[01:50:37] [Worker-Main-5/INFO] [co.ri.ge.sy.ci.in.wo.CityReservationMaskRegistry/]: City worldgen structure hook reached planned owner chunk 170,21 for residential_west_ward_required_002 (geomantia:city/stubbs/residential/household_02)
[01:50:37] [Worker-Main-5/INFO] [co.ri.ge.sy.ci.in.wo.CityReservationMaskRegistry/]: City planned structures matched chunk 170,21: 1
[01:50:37] [Worker-Main-5/INFO] [co.ri.ge.sy.ci.in.wo.MinecraftCityWorldgenStructurePlacer/]: Injected City template terrain StructureStart residential_west_ward_required_002 geomantia:city/stubbs/residential/household_02 at 170,21 with datum 104
[01:50:37] [Worker-Main-5/INFO] [co.ri.ge.sy.ci.in.wo.CityReservationMaskRegistry/]: City worldgen structure hook reached planned owner chunk 172,21 for residential_west_ward_connectivity_003 (geomantia:city/stubbs/residential/household_01)
[01:50:37] [Worker-Main-5/INFO] [co.ri.ge.sy.ci.in.wo.CityReservationMaskRegistry/]: City planned structures matched chunk 172,21: 1
[01:50:37] [Worker-Main-5/INFO] [co.ri.ge.sy.ci.in.wo.MinecraftCityWorldgenStructurePlacer/]: Injected City template terrain StructureStart residential_west_ward_connectivity_003 geomantia:city/stubbs/residential/household_01 at 172,21 with datum 104
[01:50:37] [Worker-Main-5/INFO] [co.ri.ge.sy.ci.in.wo.CityReservationMaskRegistry/]: City worldgen structure hook reached planned owner chunk 173,21 for residential_west_ward_connectivity_003 (geomantia:city/stubbs/residential/household_01)
[01:50:37] [Worker-Main-5/INFO] [co.ri.ge.sy.ci.in.wo.CityReservationMaskRegistry/]: City planned structures matched chunk 173,21: 1
[01:50:37] [Worker-Main-5/INFO] [co.ri.ge.sy.ci.in.wo.CityReservationMaskRegistry/]: City worldgen structure hook reached planned owner chunk 165,22 for residential_west_ward_connectivity_011 (geomantia:city/stubbs/residential/civilian_house_03)
[01:50:37] [Worker-Main-5/INFO] [co.ri.ge.sy.ci.in.wo.CityReservationMaskRegistry/]: City planned structures matched chunk 165,22: 1
[01:50:37] [Worker-Main-11/INFO] [co.ri.ge.sy.ci.in.wo.CityReservationMaskRegistry/]: City worldgen structure hook reached planned owner chunk 173,22 for residential_west_ward_connectivity_003 (geomantia:city/stubbs/residential/household_01)
[01:50:37] [Worker-Main-11/INFO] [co.ri.ge.sy.ci.in.wo.CityReservationMaskRegistry/]: City planned structures matched chunk 173,22: 2
[01:50:37] [Worker-Main-11/INFO] [co.ri.ge.sy.ci.in.wo.CityReservationMaskRegistry/]: City worldgen structure hook reached planned owner chunk 165,23 for residential_west_ward_connectivity_011 (geomantia:city/stubbs/residential/civilian_house_03)
[01:50:37] [Worker-Main-11/INFO] [co.ri.ge.sy.ci.in.wo.CityReservationMaskRegistry/]: City planned structures matched chunk 165,23: 1
[01:50:37] [Worker-Main-11/INFO] [co.ri.ge.sy.ci.in.wo.CityReservationMaskRegistry/]: City worldgen structure hook reached planned owner chunk 173,23 for residential_west_ward_connectivity_004 (geomantia:city/stubbs/residential/household_02)
[01:50:37] [Worker-Main-11/INFO] [co.ri.ge.sy.ci.in.wo.CityReservationMaskRegistry/]: City planned structures matched chunk 173,23: 1
[01:50:37] [Worker-Main-11/INFO] [co.ri.ge.sy.ci.in.wo.CityReservationMaskRegistry/]: City worldgen structure hook reached planned owner chunk 173,24 for artisan_industry_quarter_connectivity_010 (geomantia:city/stubbs/commercial/tavern_01)
[01:50:37] [Worker-Main-11/INFO] [co.ri.ge.sy.ci.in.wo.CityReservationMaskRegistry/]: City planned structures matched chunk 173,24: 1
[01:50:37] [Worker-Main-11/INFO] [co.ri.ge.sy.ci.in.wo.CityReservationMaskRegistry/]: City worldgen structure hook reached planned owner chunk 165,25 for residential_west_ward_connectivity_012 (geomantia:city/stubbs/residential/household_01)
[01:50:37] [Worker-Main-11/INFO] [co.ri.ge.sy.ci.in.wo.CityReservationMaskRegistry/]: City planned structures matched chunk 165,25: 1
[01:50:37] [Worker-Main-11/INFO] [co.ri.ge.sy.ci.in.wo.MinecraftCityWorldgenStructurePlacer/]: Injected City template terrain StructureStart residential_west_ward_connectivity_012 geomantia:city/stubbs/residential/household_01 at 165,25 with datum 104
[01:50:37] [Worker-Main-11/INFO] [co.ri.ge.sy.ci.in.wo.CityReservationMaskRegistry/]: City worldgen structure hook reached planned owner chunk 173,25 for artisan_industry_quarter_connectivity_010 (geomantia:city/stubbs/commercial/tavern_01)
[01:50:37] [Worker-Main-11/INFO] [co.ri.ge.sy.ci.in.wo.CityReservationMaskRegistry/]: City planned structures matched chunk 173,25: 1
[01:50:37] [Worker-Main-11/INFO] [co.ri.ge.sy.ci.in.wo.CityReservationMaskRegistry/]: City worldgen structure hook reached planned owner chunk 165,26 for residential_west_ward_connectivity_012 (geomantia:city/stubbs/residential/household_01)
[01:50:37] [Worker-Main-11/INFO] [co.ri.ge.sy.ci.in.wo.CityReservationMaskRegistry/]: City planned structures matched chunk 165,26: 2
[01:50:37] [Worker-Main-11/INFO] [co.ri.ge.sy.ci.in.wo.CityReservationMaskRegistry/]: City worldgen structure hook reached planned owner chunk 173,26 for artisan_industry_quarter_connectivity_010 (geomantia:city/stubbs/commercial/tavern_01)
[01:50:37] [Worker-Main-11/INFO] [co.ri.ge.sy.ci.in.wo.CityReservationMaskRegistry/]: City planned structures matched chunk 173,26: 1
[01:50:37] [Worker-Main-11/INFO] [co.ri.ge.sy.ci.in.wo.CityReservationMaskRegistry/]: City worldgen structure hook reached planned owner chunk 165,27 for residential_west_ward_connectivity_013 (geomantia:city/stubbs/residential/household_02)
[01:50:37] [Worker-Main-11/INFO] [co.ri.ge.sy.ci.in.wo.CityReservationMaskRegistry/]: City planned structures matched chunk 165,27: 1
[01:50:37] [Worker-Main-11/INFO] [co.ri.ge.sy.ci.in.wo.CityReservationMaskRegistry/]: City worldgen structure hook reached planned owner chunk 173,28 for artisan_industry_quarter_connectivity_009 (geomantia:city/stubbs/commercial/general_store_01)
[01:50:37] [Worker-Main-11/INFO] [co.ri.ge.sy.ci.in.wo.CityReservationMaskRegistry/]: City planned structures matched chunk 173,28: 1
[01:50:37] [Worker-Main-11/INFO] [co.ri.ge.sy.ci.in.wo.CityReservationMaskRegistry/]: City worldgen structure hook reached planned owner chunk 166,29 for agricultural_west_belt_connectivity_016 (geomantia:city/stubbs/agriculture/farm_storage_house_01)
[01:50:37] [Worker-Main-11/INFO] [co.ri.ge.sy.ci.in.wo.CityReservationMaskRegistry/]: City planned structures matched chunk 166,29: 1
[01:50:37] [Worker-Main-11/INFO] [co.ri.ge.sy.ci.in.wo.CityReservationMaskRegistry/]: City worldgen structure hook reached planned owner chunk 167,29 for agricultural_west_belt_connectivity_016 (geomantia:city/stubbs/agriculture/farm_storage_house_01)
[01:50:37] [Worker-Main-11/INFO] [co.ri.ge.sy.ci.in.wo.CityReservationMaskRegistry/]: City planned structures matched chunk 167,29: 1
[01:50:37] [Worker-Main-11/INFO] [co.ri.ge.sy.ci.in.wo.CityReservationMaskRegistry/]: City worldgen structure hook reached planned owner chunk 170,29 for artisan_industry_quarter_connectivity_012 (geomantia:city/stubbs/commercial/general_store_01)
[01:50:37] [Worker-Main-11/INFO] [co.ri.ge.sy.ci.in.wo.CityReservationMaskRegistry/]: City planned structures matched chunk 170,29: 1
[01:50:37] [Worker-Main-11/INFO] [co.ri.ge.sy.ci.in.wo.CityReservationMaskRegistry/]: City worldgen structure hook reached planned owner chunk 171,29 for artisan_industry_quarter_connectivity_012 (geomantia:city/stubbs/commercial/general_store_01)
[01:50:37] [Worker-Main-11/INFO] [co.ri.ge.sy.ci.in.wo.CityReservationMaskRegistry/]: City planned structures matched chunk 171,29: 1
[01:50:37] [Worker-Main-11/INFO] [co.ri.ge.sy.ci.in.wo.CityReservationMaskRegistry/]: City worldgen structure hook reached planned owner chunk 172,29 for artisan_industry_quarter_connectivity_009 (geomantia:city/stubbs/commercial/general_store_01)
[01:50:37] [Worker-Main-11/INFO] [co.ri.ge.sy.ci.in.wo.CityReservationMaskRegistry/]: City planned structures matched chunk 172,29: 1
[01:50:37] [Worker-Main-11/INFO] [co.ri.ge.sy.ci.in.wo.CityReservationMaskRegistry/]: City worldgen structure hook reached planned owner chunk 173,29 for artisan_industry_quarter_connectivity_009 (geomantia:city/stubbs/commercial/general_store_01)
[01:50:37] [Worker-Main-11/INFO] [co.ri.ge.sy.ci.in.wo.CityReservationMaskRegistry/]: City planned structures matched chunk 173,29: 1
[01:50:37] [Worker-Main-11/INFO] [co.ri.ge.sy.ci.in.wo.CityReservationMaskRegistry/]: City worldgen structure hook reached planned owner chunk 166,20 for residential_west_ward_connectivity_014 (geomantia:city/stubbs/residential/civilian_house_03)
[01:50:37] [Worker-Main-11/INFO] [co.ri.ge.sy.ci.in.wo.CityReservationMaskRegistry/]: City planned structures matched chunk 166,20: 1
[01:50:37] [Worker-Main-11/INFO] [co.ri.ge.sy.ci.in.wo.CityReservationMaskRegistry/]: City worldgen structure hook reached planned owner chunk 167,20 for residential_west_ward_connectivity_014 (geomantia:city/stubbs/residential/civilian_house_03)
[01:50:37] [Worker-Main-11/INFO] [co.ri.ge.sy.ci.in.wo.CityReservationMaskRegistry/]: City planned structures matched chunk 167,20: 1
[01:50:37] [Worker-Main-11/INFO] [co.ri.ge.sy.ci.in.wo.CityReservationMaskRegistry/]: City worldgen structure hook reached planned owner chunk 172,20 for residential_west_ward_connectivity_005 (geomantia:city/stubbs/residential/civilian_house_03)
[01:50:37] [Worker-Main-11/INFO] [co.ri.ge.sy.ci.in.wo.CityReservationMaskRegistry/]: City planned structures matched chunk 172,20: 1
[01:50:37] [Worker-Main-11/INFO] [co.ri.ge.sy.ci.in.wo.CityReservationMaskRegistry/]: City worldgen structure hook reached planned owner chunk 173,20 for residential_west_ward_connectivity_005 (geomantia:city/stubbs/residential/civilian_house_03)
[01:50:37] [Worker-Main-11/INFO] [co.ri.ge.sy.ci.in.wo.CityReservationMaskRegistry/]: City planned structures matched chunk 173,20: 1
[01:50:37] [Worker-Main-11/INFO] [co.ri.ge.sy.ci.in.wo.CityReservationMaskRegistry/]: City worldgen structure hook reached planned owner chunk 164,22 for residential_west_ward_connectivity_011 (geomantia:city/stubbs/residential/civilian_house_03)
[01:50:37] [Worker-Main-11/INFO] [co.ri.ge.sy.ci.in.wo.CityReservationMaskRegistry/]: City planned structures matched chunk 164,22: 1
[01:50:37] [Worker-Main-11/INFO] [co.ri.ge.sy.ci.in.wo.MinecraftCityWorldgenStructurePlacer/]: Injected City template terrain StructureStart residential_west_ward_connectivity_011 geomantia:city/stubbs/residential/civilian_house_03 at 164,22 with datum 104
[01:50:37] [Worker-Main-11/INFO] [co.ri.ge.sy.ci.in.wo.CityReservationMaskRegistry/]: City worldgen structure hook reached planned owner chunk 164,23 for residential_west_ward_connectivity_011 (geomantia:city/stubbs/residential/civilian_house_03)
[01:50:37] [Worker-Main-11/INFO] [co.ri.ge.sy.ci.in.wo.CityReservationMaskRegistry/]: City planned structures matched chunk 164,23: 1
[01:50:37] [Worker-Main-11/INFO] [co.ri.ge.sy.ci.in.wo.CityReservationMaskRegistry/]: City worldgen structure hook reached planned owner chunk 164,26 for residential_west_ward_connectivity_013 (geomantia:city/stubbs/residential/household_02)
[01:50:37] [Worker-Main-11/INFO] [co.ri.ge.sy.ci.in.wo.CityReservationMaskRegistry/]: City planned structures matched chunk 164,26: 1
[01:50:37] [Worker-Main-11/INFO] [co.ri.ge.sy.ci.in.wo.MinecraftCityWorldgenStructurePlacer/]: Injected City template terrain StructureStart residential_west_ward_connectivity_013 geomantia:city/stubbs/residential/household_02 at 164,26 with datum 104
[01:50:37] [Worker-Main-11/INFO] [co.ri.ge.sy.ci.in.wo.CityReservationMaskRegistry/]: City worldgen structure hook reached planned owner chunk 164,27 for residential_west_ward_connectivity_013 (geomantia:city/stubbs/residential/household_02)
[01:50:37] [Worker-Main-11/INFO] [co.ri.ge.sy.ci.in.wo.CityReservationMaskRegistry/]: City worldgen structure hook reached planned owner chunk 164,27 for residential_west_ward_connectivity_013 (geomantia:city/stubbs/residential/household_02)
[01:50:37] [Worker-Main-11/INFO] [co.ri.ge.sy.ci.in.wo.CityReservationMaskRegistry/]: City worldgen structure hook reached planned owner chunk 164,27 for residential_west_ward_connectivity_013 (geomantia:city/stubbs/residential/household_02)
[01:50:37] [Worker-Main-11/INFO] [co.ri.ge.sy.ci.in.wo.CityReservationMaskRegistry/]: City worldgen structure hook reached planned owner chunk 164,27 for residential_west_ward_connectivity_013 (geomantia:city/stubbs/residential/household_02)
[01:50:37] [Worker-Main-11/INFO] [co.ri.ge.sy.ci.in.wo.CityReservationMaskRegistry/]: City worldgen structure hook reached planned owner chunk 164,27 for residential_west_ward_connectivity_013 (geomantia:city/stubbs/residential/household_02)
[01:50:37] [Worker-Main-11/INFO] [co.ri.ge.sy.ci.in.wo.CityReservationMaskRegistry/]: City worldgen structure hook reached planned owner chunk 164,27 for residential_west_ward_connectivity_013 (geomantia:city/stubbs/residential/household_02)
[01:50:37] [Worker-Main-11/INFO] [co.ri.ge.sy.ci.in.wo.CityReservationMaskRegistry/]: City worldgen structure hook reached planned owner chunk 164,27 for residential_west_ward_connectivity_013 (geomantia:city/stubbs/residential/household_02)
[01:50:37] [Worker-Main-11/INFO] [co.ri.ge.sy.ci.in.wo.CityReservationMaskRegistry/]: City worldgen structure hook reached planned owner chunk 164,27 for residential_west_ward_connectivity_013 (geomantia:city/stubbs/residential/household_02)
[01:50:37] [Worker-Main-11/INFO] [co.ri.ge.sy.ci.in.wo.CityReservationMaskRegistry/]: City worldgen structure hook reached planned owner chunk 164,27 for residential_west_ward_connectivity_013 (geomantia:city/stubbs/residential/household_02)
[01:50:37] [Worker-Main-11/INFO] [co.ri.ge.sy.ci.in.wo.CityReservationMaskRegistry/]: City worldgen structure hook reached planned owner chunk 164,27 for residential_west_ward_connectivity_013 (geomantia:city/stubbs/residential/household_02)
[01:50:37] [Worker-Main-11/INFO] [co.ri.ge.sy.ci.in.wo.CityReservationMaskRegistry/]: City worldgen structure hook reached planned owner chunk 164,27 for residential_west_ward_connectivity_013 (geomantia:city/stubbs/residential/household_02)
[01:50:37] [Worker-Main-11/INFO] [co.ri.ge.sy.ci.in.wo.CityReservationMaskRegistry/]: City worldgen structure hook reached planned owner chunk 164,27 for residential_west_ward_connectivity_013 (geomantia:city/stubbs/residential/household_02)
[01:50:37] [Worker-Main-11/INFO] [co.ri.ge.sy.ci.in.wo.CityReservationMaskRegistry/]: City worldgen structure hook reached planned owner chunk 164,27 for residential_west_ward_connectivity_013 (geomantia:city/stubbs/residential/household_02)
[01:50:37] [Worker-Main-11/INFO] [co.ri.ge.sy.ci.in.wo.CityReservationMaskRegistry/]: City planned structures matched chunk 164,27: 1
[01:50:37] [Worker-Main-11/INFO] [co.ri.ge.sy.ci.in.wo.CityReservationMaskRegistry/]: City worldgen structure hook reached planned owner chunk 174,28 for artisan_industry_quarter_connectivity_008 (geomantia:city/stubbs/commercial/town_workshop_01)
[01:50:37] [Worker-Main-11/INFO] [co.ri.ge.sy.ci.in.wo.CityReservationMaskRegistry/]: City planned structures matched chunk 174,28: 1
[01:50:37] [Worker-Main-11/INFO] [co.ri.ge.sy.ci.in.wo.MinecraftCityWorldgenStructurePlacer/]: Injected City template terrain StructureStart artisan_industry_quarter_connectivity_008 geomantia:city/stubbs/commercial/town_workshop_01 at 174,28 with datum 104
[01:50:37] [Worker-Main-11/INFO] [co.ri.ge.sy.ci.in.wo.CityReservationMaskRegistry/]: City worldgen structure hook reached planned owner chunk 174,29 for artisan_industry_quarter_connectivity_008 (geomantia:city/stubbs/commercial/town_workshop_01)
[01:50:37] [Worker-Main-11/INFO] [co.ri.ge.sy.ci.in.wo.CityReservationMaskRegistry/]: City planned structures matched chunk 174,29: 1
[01:50:37] [Worker-Main-11/INFO] [co.ri.ge.sy.ci.in.wo.CityReservationMaskRegistry/]: City worldgen structure hook reached planned owner chunk 166,30 for agricultural_west_belt_connectivity_016 (geomantia:city/stubbs/agriculture/farm_storage_house_01)
[01:50:37] [Worker-Main-11/INFO] [co.ri.ge.sy.ci.in.wo.CityReservationMaskRegistry/]: City planned structures matched chunk 166,30: 1
[01:50:37] [Worker-Main-11/INFO] [co.ri.ge.sy.ci.in.wo.CityReservationMaskRegistry/]: City worldgen structure hook reached planned owner chunk 167,30 for agricultural_west_belt_connectivity_016 (geomantia:city/stubbs/agriculture/farm_storage_house_01)
[01:50:37] [Worker-Main-11/INFO] [co.ri.ge.sy.ci.in.wo.CityReservationMaskRegistry/]: City planned structures matched chunk 167,30: 1
[01:50:37] [Worker-Main-11/INFO] [co.ri.ge.sy.ci.in.wo.CityReservationMaskRegistry/]: City worldgen structure hook reached planned owner chunk 174,30 for artisan_industry_quarter_connectivity_007 (geomantia:city/stubbs/commercial/tavern_01)
[01:50:37] [Worker-Main-11/INFO] [co.ri.ge.sy.ci.in.wo.CityReservationMaskRegistry/]: City planned structures matched chunk 174,30: 1
[01:50:37] [Worker-Main-11/INFO] [co.ri.ge.sy.ci.in.wo.MinecraftCityWorldgenStructurePlacer/]: Injected City template terrain StructureStart artisan_industry_quarter_connectivity_007 geomantia:city/stubbs/commercial/tavern_01 at 174,30 with datum 104
[01:50:37] [Worker-Main-11/INFO] [co.ri.ge.sy.ci.in.wo.CityReservationMaskRegistry/]: City worldgen structure hook reached planned owner chunk 166,19 for residential_west_ward_connectivity_014 (geomantia:city/stubbs/residential/civilian_house_03)
[01:50:37] [Worker-Main-11/INFO] [co.ri.ge.sy.ci.in.wo.CityReservationMaskRegistry/]: City planned structures matched chunk 166,19: 1
[01:50:37] [Worker-Main-11/INFO] [co.ri.ge.sy.ci.in.wo.CityReservationMaskRegistry/]: City worldgen structure hook reached planned owner chunk 167,19 for residential_west_ward_connectivity_014 (geomantia:city/stubbs/residential/civilian_house_03)
[01:50:37] [Worker-Main-11/INFO] [co.ri.ge.sy.ci.in.wo.CityReservationMaskRegistry/]: City worldgen structure hook reached planned owner chunk 167,19 for residential_west_ward_connectivity_014 (geomantia:city/stubbs/residential/civilian_house_03)
[01:50:37] [Worker-Main-11/INFO] [co.ri.ge.sy.ci.in.wo.CityReservationMaskRegistry/]: City worldgen structure hook reached planned owner chunk 167,19 for residential_west_ward_connectivity_014 (geomantia:city/stubbs/residential/civilian_house_03)
[01:50:37] [Worker-Main-11/INFO] [co.ri.ge.sy.ci.in.wo.CityReservationMaskRegistry/]: City planned structures matched chunk 167,19: 1
[01:50:37] [Worker-Main-11/INFO] [co.ri.ge.sy.ci.in.wo.CityReservationMaskRegistry/]: City worldgen structure hook reached planned owner chunk 172,19 for residential_west_ward_connectivity_005 (geomantia:city/stubbs/residential/civilian_house_03)
[01:50:37] [Worker-Main-11/INFO] [co.ri.ge.sy.ci.in.wo.CityReservationMaskRegistry/]: City planned structures matched chunk 172,19: 1
[01:50:37] [Worker-Main-11/INFO] [co.ri.ge.sy.ci.in.wo.CityReservationMaskRegistry/]: City worldgen structure hook reached planned owner chunk 173,19 for residential_west_ward_connectivity_005 (geomantia:city/stubbs/residential/civilian_house_03)
[01:50:37] [Worker-Main-11/INFO] [co.ri.ge.sy.ci.in.wo.CityReservationMaskRegistry/]: City planned structures matched chunk 173,19: 1
[01:50:37] [Worker-Main-11/INFO] [co.ri.ge.sy.ci.in.wo.CityReservationMaskRegistry/]: City worldgen structure hook reached planned owner chunk 175,19 for residential_west_ward_connectivity_006 (geomantia:city/stubbs/residential/household_01)
[01:50:37] [Worker-Main-11/INFO] [co.ri.ge.sy.ci.in.wo.CityReservationMaskRegistry/]: City planned structures matched chunk 175,19: 2
[01:50:37] [Worker-Main-11/INFO] [co.ri.ge.sy.ci.in.wo.MinecraftCityWorldgenStructurePlacer/]: Injected City template terrain StructureStart residential_west_ward_connectivity_006 geomantia:city/stubbs/residential/household_01 at 175,19 with datum 105
[01:50:37] [Worker-Main-11/INFO] [co.ri.ge.sy.ci.in.wo.CityReservationMaskRegistry/]: City worldgen structure hook reached planned owner chunk 163,20 for residential_west_ward_connectivity_020 (geomantia:city/stubbs/residential/civilian_house_03)
[01:50:37] [Worker-Main-11/INFO] [co.ri.ge.sy.ci.in.wo.CityReservationMaskRegistry/]: City planned structures matched chunk 163,20: 1
[01:50:37] [Worker-Main-11/INFO] [co.ri.ge.sy.ci.in.wo.CityReservationMaskRegistry/]: City worldgen structure hook reached planned owner chunk 175,20 for residential_west_ward_connectivity_006 (geomantia:city/stubbs/residential/household_01)
[01:50:37] [Worker-Main-11/INFO] [co.ri.ge.sy.ci.in.wo.CityReservationMaskRegistry/]: City planned structures matched chunk 175,20: 1
[01:50:37] [Worker-Main-11/INFO] [co.ri.ge.sy.ci.in.wo.CityReservationMaskRegistry/]: City worldgen structure hook reached planned owner chunk 163,21 for residential_west_ward_connectivity_020 (geomantia:city/stubbs/residential/civilian_house_03)
[01:50:37] [Worker-Main-11/INFO] [co.ri.ge.sy.ci.in.wo.CityReservationMaskRegistry/]: City planned structures matched chunk 163,21: 1
[01:50:37] [Worker-Main-11/INFO] [co.ri.ge.sy.ci.in.wo.CityReservationMaskRegistry/]: City worldgen structure hook reached planned owner chunk 163,22 for residential_west_ward_connectivity_016 (geomantia:city/stubbs/residential/household_02)
[01:50:37] [Worker-Main-11/INFO] [co.ri.ge.sy.ci.in.wo.CityReservationMaskRegistry/]: City planned structures matched chunk 163,22: 1
[01:50:37] [Worker-Main-11/INFO] [co.ri.ge.sy.ci.in.wo.CityReservationMaskRegistry/]: City worldgen structure hook reached planned owner chunk 163,23 for residential_west_ward_connectivity_016 (geomantia:city/stubbs/residential/household_02)
[01:50:37] [Worker-Main-11/INFO] [co.ri.ge.sy.ci.in.wo.CityReservationMaskRegistry/]: City planned structures matched chunk 163,23: 1
[01:50:37] [Worker-Main-11/INFO] [co.ri.ge.sy.ci.in.wo.CityReservationMaskRegistry/]: City worldgen structure hook reached planned owner chunk 175,23 for civic_market_core_required_001 (geomantia:city/stubbs/commercial/general_store_01)
[01:50:37] [Worker-Main-11/INFO] [co.ri.ge.sy.ci.in.wo.CityReservationMaskRegistry/]: City planned structures matched chunk 175,23: 1
[01:50:37] [Worker-Main-11/INFO] [co.ri.ge.sy.ci.in.wo.MinecraftCityWorldgenStructurePlacer/]: Injected City template terrain StructureStart civic_market_core_required_001 geomantia:city/stubbs/commercial/general_store_01 at 175,23 with datum 105
[01:50:37] [Worker-Main-11/INFO] [co.ri.ge.sy.ci.in.wo.CityReservationMaskRegistry/]: City worldgen structure hook reached planned owner chunk 163,24 for residential_west_ward_connectivity_015 (geomantia:city/stubbs/residential/household_01)
[01:50:37] [Worker-Main-11/INFO] [co.ri.ge.sy.ci.in.wo.CityReservationMaskRegistry/]: City planned structures matched chunk 163,24: 1
[01:50:37] [Worker-Main-11/INFO] [co.ri.ge.sy.ci.in.wo.CityReservationMaskRegistry/]: City worldgen structure hook reached planned owner chunk 175,24 for civic_market_core_required_001 (geomantia:city/stubbs/commercial/general_store_01)
[01:50:37] [Worker-Main-11/INFO] [co.ri.ge.sy.ci.in.wo.CityReservationMaskRegistry/]: City planned structures matched chunk 175,24: 1
[01:50:37] [Worker-Main-11/INFO] [co.ri.ge.sy.ci.in.wo.CityReservationMaskRegistry/]: City worldgen structure hook reached planned owner chunk 163,25 for residential_west_ward_connectivity_015 (geomantia:city/stubbs/residential/household_01)
[01:50:37] [Worker-Main-11/INFO] [co.ri.ge.sy.ci.in.wo.CityReservationMaskRegistry/]: City planned structures matched chunk 163,25: 1
[01:50:37] [Worker-Main-11/INFO] [co.ri.ge.sy.ci.in.wo.CityReservationMaskRegistry/]: City worldgen structure hook reached planned owner chunk 175,25 for civic_market_core_required_002 (geomantia:city/stubbs/commercial/tavern_01)
[01:50:37] [Worker-Main-11/INFO] [co.ri.ge.sy.ci.in.wo.CityReservationMaskRegistry/]: City planned structures matched chunk 175,25: 1
[01:50:37] [Worker-Main-11/INFO] [co.ri.ge.sy.ci.in.wo.MinecraftCityWorldgenStructurePlacer/]: Injected City template terrain StructureStart civic_market_core_required_002 geomantia:city/stubbs/commercial/tavern_01 at 175,25 with datum 105
[01:50:37] [Worker-Main-11/INFO] [co.ri.ge.sy.ci.in.wo.CityReservationMaskRegistry/]: City worldgen structure hook reached planned owner chunk 175,26 for civic_market_core_required_002 (geomantia:city/stubbs/commercial/tavern_01)
[01:50:37] [Worker-Main-11/INFO] [co.ri.ge.sy.ci.in.wo.CityReservationMaskRegistry/]: City planned structures matched chunk 175,26: 1
[01:50:37] [Worker-Main-11/INFO] [co.ri.ge.sy.ci.in.wo.CityReservationMaskRegistry/]: City worldgen structure hook reached planned owner chunk 175,27 for civic_market_core_required_002 (geomantia:city/stubbs/commercial/tavern_01)
[01:50:37] [Worker-Main-11/INFO] [co.ri.ge.sy.ci.in.wo.CityReservationMaskRegistry/]: City planned structures matched chunk 175,27: 1
[01:50:37] [Worker-Main-11/INFO] [co.ri.ge.sy.ci.in.wo.CityReservationMaskRegistry/]: City worldgen structure hook reached planned owner chunk 175,28 for artisan_industry_quarter_connectivity_008 (geomantia:city/stubbs/commercial/town_workshop_01)
[01:50:37] [Worker-Main-11/INFO] [co.ri.ge.sy.ci.in.wo.CityReservationMaskRegistry/]: City planned structures matched chunk 175,28: 1
[01:50:37] [Worker-Main-11/INFO] [co.ri.ge.sy.ci.in.wo.CityReservationMaskRegistry/]: City worldgen structure hook reached planned owner chunk 163,29 for agricultural_west_belt_connectivity_011 (geomantia:city/stubbs/agriculture/farm_storage_house_01)
[01:50:37] [Worker-Main-11/INFO] [co.ri.ge.sy.ci.in.wo.CityReservationMaskRegistry/]: City planned structures matched chunk 163,29: 1
[01:50:37] [Worker-Main-11/INFO] [co.ri.ge.sy.ci.in.wo.CityReservationMaskRegistry/]: City worldgen structure hook reached planned owner chunk 175,29 for artisan_industry_quarter_connectivity_008 (geomantia:city/stubbs/commercial/town_workshop_01)
[01:50:37] [Worker-Main-11/INFO] [co.ri.ge.sy.ci.in.wo.CityReservationMaskRegistry/]: City worldgen structure hook reached planned owner chunk 175,29 for artisan_industry_quarter_connectivity_008 (geomantia:city/stubbs/commercial/town_workshop_01)
[01:50:37] [Worker-Main-11/INFO] [co.ri.ge.sy.ci.in.wo.CityReservationMaskRegistry/]: City planned structures matched chunk 175,29: 1
[01:50:37] [Worker-Main-11/INFO] [co.ri.ge.sy.ci.in.wo.CityReservationMaskRegistry/]: City worldgen structure hook reached planned owner chunk 163,30 for agricultural_west_belt_connectivity_011 (geomantia:city/stubbs/agriculture/farm_storage_house_01)
[01:50:37] [Worker-Main-11/INFO] [co.ri.ge.sy.ci.in.wo.CityReservationMaskRegistry/]: City planned structures matched chunk 163,30: 1
[01:50:37] [Worker-Main-11/INFO] [co.ri.ge.sy.ci.in.wo.CityReservationMaskRegistry/]: City worldgen structure hook reached planned owner chunk 175,30 for artisan_industry_quarter_connectivity_007 (geomantia:city/stubbs/commercial/tavern_01)
[01:50:37] [Worker-Main-11/INFO] [co.ri.ge.sy.ci.in.wo.CityReservationMaskRegistry/]: City planned structures matched chunk 175,30: 1
[01:50:37] [Worker-Main-11/INFO] [co.ri.ge.sy.ci.in.wo.CityReservationMaskRegistry/]: City worldgen structure hook reached planned owner chunk 163,31 for agricultural_west_belt_connectivity_011 (geomantia:city/stubbs/agriculture/farm_storage_house_01)
[01:50:37] [Worker-Main-11/INFO] [co.ri.ge.sy.ci.in.wo.CityReservationMaskRegistry/]: City planned structures matched chunk 163,31: 1
[01:50:37] [Worker-Main-11/INFO] [co.ri.ge.sy.ci.in.wo.CityReservationMaskRegistry/]: City worldgen structure hook reached planned owner chunk 174,31 for artisan_industry_quarter_connectivity_007 (geomantia:city/stubbs/commercial/tavern_01)
[01:50:37] [Worker-Main-11/INFO] [co.ri.ge.sy.ci.in.wo.CityReservationMaskRegistry/]: City planned structures matched chunk 174,31: 1
[01:50:37] [Worker-Main-11/INFO] [co.ri.ge.sy.ci.in.wo.CityReservationMaskRegistry/]: City worldgen structure hook reached planned owner chunk 175,31 for artisan_industry_quarter_connectivity_007 (geomantia:city/stubbs/commercial/tavern_01)
[01:50:37] [Worker-Main-11/INFO] [co.ri.ge.sy.ci.in.wo.CityReservationMaskRegistry/]: City planned structures matched chunk 175,31: 1
[01:50:37] [Worker-Main-11/INFO] [co.ri.ge.sy.ci.in.wo.CityReservationMaskRegistry/]: City worldgen structure hook reached planned owner chunk 166,18 for residential_west_ward_connectivity_014 (geomantia:city/stubbs/residential/civilian_house_03)
[01:50:37] [Worker-Main-11/INFO] [co.ri.ge.sy.ci.in.wo.CityReservationMaskRegistry/]: City planned structures matched chunk 166,18: 1
[01:50:37] [Worker-Main-11/INFO] [co.ri.ge.sy.ci.in.wo.MinecraftCityWorldgenStructurePlacer/]: Injected City template terrain StructureStart residential_west_ward_connectivity_014 geomantia:city/stubbs/residential/civilian_house_03 at 166,18 with datum 104
[01:50:37] [Worker-Main-11/INFO] [co.ri.ge.sy.ci.in.wo.CityReservationMaskRegistry/]: City worldgen structure hook reached planned owner chunk 167,18 for residential_west_ward_connectivity_014 (geomantia:city/stubbs/residential/civilian_house_03)
[01:50:37] [Worker-Main-11/INFO] [co.ri.ge.sy.ci.in.wo.CityReservationMaskRegistry/]: City planned structures matched chunk 167,18: 1
[01:50:37] [Worker-Main-11/INFO] [co.ri.ge.sy.ci.in.wo.CityReservationMaskRegistry/]: City worldgen structure hook reached planned owner chunk 169,18 for agricultural_west_belt_connectivity_015 (geomantia:city/stubbs/agriculture/farm_storage_house_01)
[01:50:37] [Worker-Main-11/INFO] [co.ri.ge.sy.ci.in.wo.CityReservationMaskRegistry/]: City planned structures matched chunk 169,18: 1
[01:50:37] [Worker-Main-11/INFO] [co.ri.ge.sy.ci.in.wo.CityReservationMaskRegistry/]: City worldgen structure hook reached planned owner chunk 170,18 for agricultural_west_belt_connectivity_015 (geomantia:city/stubbs/agriculture/farm_storage_house_01)
[01:50:37] [Worker-Main-11/INFO] [co.ri.ge.sy.ci.in.wo.CityReservationMaskRegistry/]: City planned structures matched chunk 170,18: 1
[01:50:37] [Worker-Main-11/INFO] [co.ri.ge.sy.ci.in.wo.CityReservationMaskRegistry/]: City worldgen structure hook reached planned owner chunk 172,18 for residential_west_ward_connectivity_005 (geomantia:city/stubbs/residential/civilian_house_03)
[01:50:37] [Worker-Main-11/INFO] [co.ri.ge.sy.ci.in.wo.CityReservationMaskRegistry/]: City planned structures matched chunk 172,18: 1
[01:50:37] [Worker-Main-11/INFO] [co.ri.ge.sy.ci.in.wo.MinecraftCityWorldgenStructurePlacer/]: Injected City template terrain StructureStart residential_west_ward_connectivity_005 geomantia:city/stubbs/residential/civilian_house_03 at 172,18 with datum 104
[01:50:37] [Worker-Main-11/INFO] [co.ri.ge.sy.ci.in.wo.CityReservationMaskRegistry/]: City worldgen structure hook reached planned owner chunk 173,18 for residential_west_ward_connectivity_005 (geomantia:city/stubbs/residential/civilian_house_03)
[01:50:37] [Worker-Main-11/INFO] [co.ri.ge.sy.ci.in.wo.CityReservationMaskRegistry/]: City planned structures matched chunk 173,18: 1
[01:50:37] [Worker-Main-11/INFO] [co.ri.ge.sy.ci.in.wo.CityReservationMaskRegistry/]: City worldgen structure hook reached planned owner chunk 175,18 for residential_west_ward_connectivity_007 (geomantia:city/stubbs/residential/household_02)
[01:50:37] [Worker-Main-11/INFO] [co.ri.ge.sy.ci.in.wo.CityReservationMaskRegistry/]: City planned structures matched chunk 175,18: 1
[01:50:37] [Worker-Main-11/INFO] [co.ri.ge.sy.ci.in.wo.MinecraftCityWorldgenStructurePlacer/]: Injected City template terrain StructureStart residential_west_ward_connectivity_007 geomantia:city/stubbs/residential/household_02 at 175,18 with datum 105
[01:50:37] [Worker-Main-11/INFO] [co.ri.ge.sy.ci.in.wo.CityReservationMaskRegistry/]: City worldgen structure hook reached planned owner chunk 176,18 for residential_west_ward_connectivity_007 (geomantia:city/stubbs/residential/household_02)
[01:50:37] [Worker-Main-11/INFO] [co.ri.ge.sy.ci.in.wo.CityReservationMaskRegistry/]: City planned structures matched chunk 176,18: 1
[01:50:37] [Worker-Main-11/INFO] [co.ri.ge.sy.ci.in.wo.CityReservationMaskRegistry/]: City worldgen structure hook reached planned owner chunk 176,19 for residential_west_ward_connectivity_006 (geomantia:city/stubbs/residential/household_01)
[01:50:37] [Worker-Main-11/INFO] [co.ri.ge.sy.ci.in.wo.CityReservationMaskRegistry/]: City planned structures matched chunk 176,19: 2
[01:50:37] [Worker-Main-11/INFO] [co.ri.ge.sy.ci.in.wo.CityReservationMaskRegistry/]: City worldgen structure hook reached planned owner chunk 162,20 for residential_west_ward_connectivity_020 (geomantia:city/stubbs/residential/civilian_house_03)
[01:50:37] [Worker-Main-11/INFO] [co.ri.ge.sy.ci.in.wo.CityReservationMaskRegistry/]: City planned structures matched chunk 162,20: 1
[01:50:37] [Worker-Main-11/INFO] [co.ri.ge.sy.ci.in.wo.MinecraftCityWorldgenStructurePlacer/]: Injected City template terrain StructureStart residential_west_ward_connectivity_020 geomantia:city/stubbs/residential/civilian_house_03 at 162,20 with datum 104
[01:50:37] [Worker-Main-5/INFO] [co.ri.ge.sy.ci.in.wo.CityReservationMaskRegistry/]: City worldgen structure hook reached planned owner chunk 176,20 for residential_west_ward_connectivity_006 (geomantia:city/stubbs/residential/household_01)
[01:50:37] [Worker-Main-5/INFO] [co.ri.ge.sy.ci.in.wo.CityReservationMaskRegistry/]: City planned structures matched chunk 176,20: 1
[01:50:37] [Worker-Main-5/INFO] [co.ri.ge.sy.ci.in.wo.CityReservationMaskRegistry/]: City worldgen structure hook reached planned owner chunk 162,21 for residential_west_ward_connectivity_020 (geomantia:city/stubbs/residential/civilian_house_03)
[01:50:37] [Worker-Main-5/INFO] [co.ri.ge.sy.ci.in.wo.CityReservationMaskRegistry/]: City planned structures matched chunk 162,21: 1
[01:50:37] [Worker-Main-5/INFO] [co.ri.ge.sy.ci.in.wo.CityReservationMaskRegistry/]: City worldgen structure hook reached planned owner chunk 162,22 for residential_west_ward_connectivity_016 (geomantia:city/stubbs/residential/household_02)
[01:50:37] [Worker-Main-5/INFO] [co.ri.ge.sy.ci.in.wo.CityReservationMaskRegistry/]: City worldgen structure hook reached planned owner chunk 162,22 for residential_west_ward_connectivity_016 (geomantia:city/stubbs/residential/household_02)
[01:50:37] [Worker-Main-5/INFO] [co.ri.ge.sy.ci.in.wo.CityReservationMaskRegistry/]: City planned structures matched chunk 162,22: 1
[01:50:37] [Worker-Main-5/INFO] [co.ri.ge.sy.ci.in.wo.MinecraftCityWorldgenStructurePlacer/]: Injected City template terrain StructureStart residential_west_ward_connectivity_016 geomantia:city/stubbs/residential/household_02 at 162,22 with datum 104
[01:50:37] [Worker-Main-5/INFO] [co.ri.ge.sy.ci.in.wo.CityReservationMaskRegistry/]: City worldgen structure hook reached planned owner chunk 162,23 for residential_west_ward_connectivity_016 (geomantia:city/stubbs/residential/household_02)
[01:50:37] [Worker-Main-5/INFO] [co.ri.ge.sy.ci.in.wo.CityReservationMaskRegistry/]: City planned structures matched chunk 162,23: 1
[01:50:37] [Worker-Main-5/INFO] [co.ri.ge.sy.ci.in.wo.CityReservationMaskRegistry/]: City worldgen structure hook reached planned owner chunk 162,24 for residential_west_ward_connectivity_015 (geomantia:city/stubbs/residential/household_01)
[01:50:37] [Worker-Main-5/INFO] [co.ri.ge.sy.ci.in.wo.CityReservationMaskRegistry/]: City planned structures matched chunk 162,24: 1
[01:50:37] [Worker-Main-5/INFO] [co.ri.ge.sy.ci.in.wo.MinecraftCityWorldgenStructurePlacer/]: Injected City template terrain StructureStart residential_west_ward_connectivity_015 geomantia:city/stubbs/residential/household_01 at 162,24 with datum 104
[01:50:37] [Worker-Main-5/INFO] [co.ri.ge.sy.ci.in.wo.CityReservationMaskRegistry/]: City worldgen structure hook reached planned owner chunk 162,25 for residential_west_ward_connectivity_015 (geomantia:city/stubbs/residential/household_01)
[01:50:37] [Worker-Main-5/INFO] [co.ri.ge.sy.ci.in.wo.CityReservationMaskRegistry/]: City planned structures matched chunk 162,25: 1
[01:50:37] [Worker-Main-5/INFO] [co.ri.ge.sy.ci.in.wo.CityReservationMaskRegistry/]: City worldgen structure hook reached planned owner chunk 176,25 for civic_market_core_required_002 (geomantia:city/stubbs/commercial/tavern_01)
[01:50:37] [Worker-Main-5/INFO] [co.ri.ge.sy.ci.in.wo.CityReservationMaskRegistry/]: City planned structures matched chunk 176,25: 1
[01:50:37] [Worker-Main-5/INFO] [co.ri.ge.sy.ci.in.wo.CityReservationMaskRegistry/]: City worldgen structure hook reached planned owner chunk 162,26 for residential_west_ward_connectivity_018 (geomantia:city/stubbs/residential/household_01)
[01:50:37] [Worker-Main-5/INFO] [co.ri.ge.sy.ci.in.wo.CityReservationMaskRegistry/]: City planned structures matched chunk 162,26: 1
[01:50:37] [Worker-Main-5/INFO] [co.ri.ge.sy.ci.in.wo.CityReservationMaskRegistry/]: City worldgen structure hook reached planned owner chunk 176,26 for civic_market_core_required_002 (geomantia:city/stubbs/commercial/tavern_01)
[01:50:37] [Worker-Main-5/INFO] [co.ri.ge.sy.ci.in.wo.CityReservationMaskRegistry/]: City planned structures matched chunk 176,26: 1
[01:50:37] [Worker-Main-5/INFO] [co.ri.ge.sy.ci.in.wo.CityReservationMaskRegistry/]: City worldgen structure hook reached planned owner chunk 162,27 for residential_west_ward_connectivity_018 (geomantia:city/stubbs/residential/household_01)
[01:50:37] [Worker-Main-5/INFO] [co.ri.ge.sy.ci.in.wo.CityReservationMaskRegistry/]: City planned structures matched chunk 162,27: 1
[01:50:37] [Worker-Main-5/INFO] [co.ri.ge.sy.ci.in.wo.CityReservationMaskRegistry/]: City worldgen structure hook reached planned owner chunk 176,27 for civic_market_core_required_002 (geomantia:city/stubbs/commercial/tavern_01)
[01:50:37] [Worker-Main-5/INFO] [co.ri.ge.sy.ci.in.wo.CityReservationMaskRegistry/]: City planned structures matched chunk 176,27: 1
[01:50:37] [Worker-Main-5/INFO] [co.ri.ge.sy.ci.in.wo.CityReservationMaskRegistry/]: City worldgen structure hook reached planned owner chunk 162,29 for agricultural_west_belt_connectivity_011 (geomantia:city/stubbs/agriculture/farm_storage_house_01)
[01:50:37] [Worker-Main-5/INFO] [co.ri.ge.sy.ci.in.wo.CityReservationMaskRegistry/]: City planned structures matched chunk 162,29: 1
[01:50:37] [Worker-Main-5/INFO] [co.ri.ge.sy.ci.in.wo.MinecraftCityWorldgenStructurePlacer/]: Injected City template terrain StructureStart agricultural_west_belt_connectivity_011 geomantia:city/stubbs/agriculture/farm_storage_house_01 at 162,29 with datum 104
[01:50:37] [Worker-Main-5/INFO] [co.ri.ge.sy.ci.in.wo.CityReservationMaskRegistry/]: City worldgen structure hook reached planned owner chunk 162,30 for agricultural_west_belt_connectivity_011 (geomantia:city/stubbs/agriculture/farm_storage_house_01)
[01:50:37] [Worker-Main-5/INFO] [co.ri.ge.sy.ci.in.wo.CityReservationMaskRegistry/]: City planned structures matched chunk 162,30: 1
[01:50:37] [Worker-Main-5/INFO] [co.ri.ge.sy.ci.in.wo.CityReservationMaskRegistry/]: City worldgen structure hook reached planned owner chunk 176,30 for artisan_industry_quarter_connectivity_007 (geomantia:city/stubbs/commercial/tavern_01)
[01:50:37] [Worker-Main-5/INFO] [co.ri.ge.sy.ci.in.wo.CityReservationMaskRegistry/]: City planned structures matched chunk 176,30: 1
[01:50:37] [Worker-Main-5/INFO] [co.ri.ge.sy.ci.in.wo.CityReservationMaskRegistry/]: City worldgen structure hook reached planned owner chunk 162,31 for agricultural_west_belt_connectivity_011 (geomantia:city/stubbs/agriculture/farm_storage_house_01)
[01:50:37] [Worker-Main-5/INFO] [co.ri.ge.sy.ci.in.wo.CityReservationMaskRegistry/]: City planned structures matched chunk 162,31: 1
[01:50:37] [Worker-Main-5/INFO] [co.ri.ge.sy.ci.in.wo.CityReservationMaskRegistry/]: City worldgen structure hook reached planned owner chunk 176,31 for artisan_industry_quarter_connectivity_004 (geomantia:city/stubbs/commercial/tavern_01)
[01:50:37] [Worker-Main-5/INFO] [co.ri.ge.sy.ci.in.wo.CityReservationMaskRegistry/]: City planned structures matched chunk 176,31: 2
[01:50:37] [Worker-Main-5/INFO] [co.ri.ge.sy.ci.in.wo.MinecraftCityWorldgenStructurePlacer/]: Injected City template terrain StructureStart artisan_industry_quarter_connectivity_004 geomantia:city/stubbs/commercial/tavern_01 at 176,31 with datum 104
[01:50:37] [Worker-Main-17/INFO] [co.ri.ge.sy.ci.in.wo.CityReservationMaskRegistry/]: City worldgen structure hook reached planned owner chunk 174,32 for artisan_industry_quarter_connectivity_007 (geomantia:city/stubbs/commercial/tavern_01)
[01:50:37] [Worker-Main-17/INFO] [co.ri.ge.sy.ci.in.wo.CityReservationMaskRegistry/]: City planned structures matched chunk 174,32: 1
[01:50:37] [Worker-Main-17/INFO] [co.ri.ge.sy.ci.in.wo.CityReservationMaskRegistry/]: City worldgen structure hook reached planned owner chunk 175,32 for artisan_industry_quarter_connectivity_007 (geomantia:city/stubbs/commercial/tavern_01)
[01:50:37] [Worker-Main-17/INFO] [co.ri.ge.sy.ci.in.wo.CityReservationMaskRegistry/]: City planned structures matched chunk 175,32: 1
[01:50:37] [Worker-Main-17/INFO] [co.ri.ge.sy.ci.in.wo.CityReservationMaskRegistry/]: City worldgen structure hook reached planned owner chunk 176,32 for artisan_industry_quarter_connectivity_004 (geomantia:city/stubbs/commercial/tavern_01)
[01:50:37] [Worker-Main-17/INFO] [co.ri.ge.sy.ci.in.wo.CityReservationMaskRegistry/]: City planned structures matched chunk 176,32: 2
[01:50:37] [Worker-Main-17/INFO] [co.ri.ge.sy.ci.in.wo.CityReservationMaskRegistry/]: City worldgen structure hook reached planned owner chunk 165,17 for agricultural_west_belt_connectivity_014 (geomantia:city/stubbs/agriculture/farm_storage_house_01)
[01:50:37] [Worker-Main-17/INFO] [co.ri.ge.sy.ci.in.wo.CityReservationMaskRegistry/]: City planned structures matched chunk 165,17: 1
[01:50:37] [Worker-Main-17/INFO] [co.ri.ge.sy.ci.in.wo.CityReservationMaskRegistry/]: City worldgen structure hook reached planned owner chunk 166,17 for agricultural_west_belt_connectivity_014 (geomantia:city/stubbs/agriculture/farm_storage_house_01)
[01:50:37] [Worker-Main-17/INFO] [co.ri.ge.sy.ci.in.wo.CityReservationMaskRegistry/]: City planned structures matched chunk 166,17: 1
[01:50:37] [Worker-Main-17/INFO] [co.ri.ge.sy.ci.in.wo.CityReservationMaskRegistry/]: City worldgen structure hook reached planned owner chunk 169,17 for agricultural_west_belt_connectivity_015 (geomantia:city/stubbs/agriculture/farm_storage_house_01)
[01:50:37] [Worker-Main-17/INFO] [co.ri.ge.sy.ci.in.wo.CityReservationMaskRegistry/]: City planned structures matched chunk 169,17: 1
[01:50:37] [Worker-Main-17/INFO] [co.ri.ge.sy.ci.in.wo.CityReservationMaskRegistry/]: City worldgen structure hook reached planned owner chunk 170,17 for agricultural_west_belt_connectivity_015 (geomantia:city/stubbs/agriculture/farm_storage_house_01)
[01:50:37] [Worker-Main-17/INFO] [co.ri.ge.sy.ci.in.wo.CityReservationMaskRegistry/]: City worldgen structure hook reached planned owner chunk 170,17 for agricultural_west_belt_connectivity_015 (geomantia:city/stubbs/agriculture/farm_storage_house_01)
[01:50:37] [Worker-Main-17/INFO] [co.ri.ge.sy.ci.in.wo.CityReservationMaskRegistry/]: City planned structures matched chunk 170,17: 1
[01:50:37] [Worker-Main-17/INFO] [co.ri.ge.sy.ci.in.wo.CityReservationMaskRegistry/]: City worldgen structure hook reached planned owner chunk 172,17 for residential_west_ward_connectivity_008 (geomantia:city/stubbs/residential/civilian_house_03)
[01:50:37] [Worker-Main-17/INFO] [co.ri.ge.sy.ci.in.wo.CityReservationMaskRegistry/]: City planned structures matched chunk 172,17: 1
[01:50:37] [Worker-Main-17/INFO] [co.ri.ge.sy.ci.in.wo.CityReservationMaskRegistry/]: City worldgen structure hook reached planned owner chunk 173,17 for residential_west_ward_connectivity_008 (geomantia:city/stubbs/residential/civilian_house_03)
[01:50:37] [Worker-Main-17/INFO] [co.ri.ge.sy.ci.in.wo.CityReservationMaskRegistry/]: City planned structures matched chunk 173,17: 1
[01:50:37] [Worker-Main-17/INFO] [co.ri.ge.sy.ci.in.wo.CityReservationMaskRegistry/]: City worldgen structure hook reached planned owner chunk 174,17 for agricultural_west_belt_connectivity_020 (geomantia:city/stubbs/agriculture/farm_storage_house_01)
[01:50:37] [Worker-Main-17/INFO] [co.ri.ge.sy.ci.in.wo.CityReservationMaskRegistry/]: City planned structures matched chunk 174,17: 1
[01:50:37] [Worker-Main-17/INFO] [co.ri.ge.sy.ci.in.wo.CityReservationMaskRegistry/]: City worldgen structure hook reached planned owner chunk 175,17 for agricultural_west_belt_connectivity_020 (geomantia:city/stubbs/agriculture/farm_storage_house_01)
[01:50:37] [Worker-Main-17/INFO] [co.ri.ge.sy.ci.in.wo.CityReservationMaskRegistry/]: City planned structures matched chunk 175,17: 1
[01:50:37] [Worker-Main-5/INFO] [co.ri.ge.sy.ci.in.wo.CityReservationMaskRegistry/]: City worldgen structure hook reached planned owner chunk 161,19 for agricultural_west_belt_connectivity_013 (geomantia:city/stubbs/agriculture/farm_storage_house_01)
[01:50:37] [Worker-Main-5/INFO] [co.ri.ge.sy.ci.in.wo.CityReservationMaskRegistry/]: City planned structures matched chunk 161,19: 1
[01:50:37] [Worker-Main-5/INFO] [co.ri.ge.sy.ci.in.wo.CityReservationMaskRegistry/]: City worldgen structure hook reached planned owner chunk 161,20 for agricultural_west_belt_connectivity_013 (geomantia:city/stubbs/agriculture/farm_storage_house_01)
[01:50:37] [Worker-Main-5/INFO] [co.ri.ge.sy.ci.in.wo.CityReservationMaskRegistry/]: City planned structures matched chunk 161,20: 1
[01:50:37] [Worker-Main-5/INFO] [co.ri.ge.sy.ci.in.wo.CityReservationMaskRegistry/]: City worldgen structure hook reached planned owner chunk 161,21 for agricultural_west_belt_connectivity_013 (geomantia:city/stubbs/agriculture/farm_storage_house_01)
[01:50:37] [Worker-Main-5/INFO] [co.ri.ge.sy.ci.in.wo.CityReservationMaskRegistry/]: City planned structures matched chunk 161,21: 1
[01:50:37] [Worker-Main-5/INFO] [co.ri.ge.sy.ci.in.wo.CityReservationMaskRegistry/]: City worldgen structure hook reached planned owner chunk 161,23 for residential_west_ward_connectivity_017 (geomantia:city/stubbs/residential/civilian_house_03)
[01:50:37] [Worker-Main-5/INFO] [co.ri.ge.sy.ci.in.wo.CityReservationMaskRegistry/]: City planned structures matched chunk 161,23: 1
[01:50:37] [Worker-Main-5/INFO] [co.ri.ge.sy.ci.in.wo.CityReservationMaskRegistry/]: City worldgen structure hook reached planned owner chunk 177,23 for civic_market_core_fill_009 (geomantia:city/stubbs/commercial/town_workshop_01)
[01:50:37] [Worker-Main-5/INFO] [co.ri.ge.sy.ci.in.wo.CityReservationMaskRegistry/]: City planned structures matched chunk 177,23: 1
[01:50:37] [Worker-Main-5/INFO] [co.ri.ge.sy.ci.in.wo.MinecraftCityWorldgenStructurePlacer/]: Injected City template terrain StructureStart civic_market_core_fill_009 geomantia:city/stubbs/commercial/town_workshop_01 at 177,23 with datum 105
[01:50:37] [Worker-Main-5/INFO] [co.ri.ge.sy.ci.in.wo.CityReservationMaskRegistry/]: City worldgen structure hook reached planned owner chunk 161,24 for residential_west_ward_connectivity_017 (geomantia:city/stubbs/residential/civilian_house_03)
[01:50:37] [Worker-Main-5/INFO] [co.ri.ge.sy.ci.in.wo.CityReservationMaskRegistry/]: City planned structures matched chunk 161,24: 1
[01:50:37] [Worker-Main-5/INFO] [co.ri.ge.sy.ci.in.wo.CityReservationMaskRegistry/]: City worldgen structure hook reached planned owner chunk 161,25 for residential_west_ward_connectivity_017 (geomantia:city/stubbs/residential/civilian_house_03)
[01:50:37] [Worker-Main-5/INFO] [co.ri.ge.sy.ci.in.wo.CityReservationMaskRegistry/]: City planned structures matched chunk 161,25: 1
[01:50:37] [Worker-Main-5/INFO] [co.ri.ge.sy.ci.in.wo.CityReservationMaskRegistry/]: City worldgen structure hook reached planned owner chunk 177,25 for civic_market_core_required_002 (geomantia:city/stubbs/commercial/tavern_01)
[01:50:37] [Worker-Main-5/INFO] [co.ri.ge.sy.ci.in.wo.CityReservationMaskRegistry/]: City planned structures matched chunk 177,25: 1
[01:50:37] [Worker-Main-5/INFO] [co.ri.ge.sy.ci.in.wo.CityReservationMaskRegistry/]: City worldgen structure hook reached planned owner chunk 161,26 for residential_west_ward_connectivity_018 (geomantia:city/stubbs/residential/household_01)
[01:50:37] [Worker-Main-5/INFO] [co.ri.ge.sy.ci.in.wo.CityReservationMaskRegistry/]: City planned structures matched chunk 161,26: 1
[01:50:37] [Worker-Main-5/INFO] [co.ri.ge.sy.ci.in.wo.MinecraftCityWorldgenStructurePlacer/]: Injected City template terrain StructureStart residential_west_ward_connectivity_018 geomantia:city/stubbs/residential/household_01 at 161,26 with datum 104
[01:50:37] [Worker-Main-5/INFO] [co.ri.ge.sy.ci.in.wo.CityReservationMaskRegistry/]: City worldgen structure hook reached planned owner chunk 177,26 for civic_market_core_required_002 (geomantia:city/stubbs/commercial/tavern_01)
[01:50:37] [Worker-Main-5/INFO] [co.ri.ge.sy.ci.in.wo.CityReservationMaskRegistry/]: City planned structures matched chunk 177,26: 1
[01:50:37] [Worker-Main-5/INFO] [co.ri.ge.sy.ci.in.wo.CityReservationMaskRegistry/]: City worldgen structure hook reached planned owner chunk 161,27 for residential_west_ward_connectivity_018 (geomantia:city/stubbs/residential/household_01)
[01:50:37] [Worker-Main-5/INFO] [co.ri.ge.sy.ci.in.wo.CityReservationMaskRegistry/]: City planned structures matched chunk 161,27: 2
[01:50:37] [Worker-Main-5/INFO] [co.ri.ge.sy.ci.in.wo.CityReservationMaskRegistry/]: City worldgen structure hook reached planned owner chunk 177,27 for civic_market_core_required_002 (geomantia:city/stubbs/commercial/tavern_01)
[01:50:37] [Worker-Main-5/INFO] [co.ri.ge.sy.ci.in.wo.CityReservationMaskRegistry/]: City planned structures matched chunk 177,27: 1
[01:50:37] [Worker-Main-5/INFO] [co.ri.ge.sy.ci.in.wo.CityReservationMaskRegistry/]: City worldgen structure hook reached planned owner chunk 161,28 for residential_west_ward_connectivity_019 (geomantia:city/stubbs/residential/household_02)
[01:50:37] [Worker-Main-5/INFO] [co.ri.ge.sy.ci.in.wo.CityReservationMaskRegistry/]: City planned structures matched chunk 161,28: 1
[01:50:37] [Worker-Main-5/INFO] [co.ri.ge.sy.ci.in.wo.CityReservationMaskRegistry/]: City worldgen structure hook reached planned owner chunk 177,29 for civic_market_core_fill_010 (geomantia:city/stubbs/commercial/town_workshop_01)
[01:50:37] [Worker-Main-5/INFO] [co.ri.ge.sy.ci.in.wo.CityReservationMaskRegistry/]: City planned structures matched chunk 177,29: 1
[01:50:37] [Worker-Main-5/INFO] [co.ri.ge.sy.ci.in.wo.MinecraftCityWorldgenStructurePlacer/]: Injected City template terrain StructureStart civic_market_core_fill_010 geomantia:city/stubbs/commercial/town_workshop_01 at 177,29 with datum 105
[01:50:37] [Worker-Main-5/INFO] [co.ri.ge.sy.ci.in.wo.CityReservationMaskRegistry/]: City worldgen structure hook reached planned owner chunk 177,31 for artisan_industry_quarter_connectivity_004 (geomantia:city/stubbs/commercial/tavern_01)
[01:50:37] [Worker-Main-5/INFO] [co.ri.ge.sy.ci.in.wo.CityReservationMaskRegistry/]: City planned structures matched chunk 177,31: 1
[01:50:37] [Worker-Main-5/INFO] [co.ri.ge.sy.ci.in.wo.CityReservationMaskRegistry/]: City worldgen structure hook reached planned owner chunk 177,32 for artisan_industry_quarter_connectivity_004 (geomantia:city/stubbs/commercial/tavern_01)
[01:50:37] [Worker-Main-5/INFO] [co.ri.ge.sy.ci.in.wo.CityReservationMaskRegistry/]: City planned structures matched chunk 177,32: 1
[01:50:37] [Worker-Main-11/INFO] [co.ri.ge.sy.ci.in.wo.CityReservationMaskRegistry/]: City worldgen structure hook reached planned owner chunk 176,33 for artisan_industry_quarter_connectivity_004 (geomantia:city/stubbs/commercial/tavern_01)
[01:50:37] [Worker-Main-11/INFO] [co.ri.ge.sy.ci.in.wo.CityReservationMaskRegistry/]: City planned structures matched chunk 176,33: 1
[01:50:37] [Worker-Main-11/INFO] [co.ri.ge.sy.ci.in.wo.CityReservationMaskRegistry/]: City worldgen structure hook reached planned owner chunk 177,33 for artisan_industry_quarter_connectivity_004 (geomantia:city/stubbs/commercial/tavern_01)
[01:50:37] [Worker-Main-11/INFO] [co.ri.ge.sy.ci.in.wo.CityReservationMaskRegistry/]: City planned structures matched chunk 177,33: 1
[01:50:37] [Worker-Main-37/INFO] [co.ri.ge.sy.ci.in.wo.CityReservationMaskRegistry/]: City worldgen structure hook reached planned owner chunk 165,16 for agricultural_west_belt_connectivity_014 (geomantia:city/stubbs/agriculture/farm_storage_house_01)
[01:50:37] [Worker-Main-37/INFO] [co.ri.ge.sy.ci.in.wo.CityReservationMaskRegistry/]: City planned structures matched chunk 165,16: 1
[01:50:37] [Worker-Main-37/INFO] [co.ri.ge.sy.ci.in.wo.CityReservationMaskRegistry/]: City worldgen structure hook reached planned owner chunk 166,16 for agricultural_west_belt_connectivity_014 (geomantia:city/stubbs/agriculture/farm_storage_house_01)
[01:50:37] [Worker-Main-37/INFO] [co.ri.ge.sy.ci.in.wo.CityReservationMaskRegistry/]: City planned structures matched chunk 166,16: 1
[01:50:37] [Worker-Main-37/INFO] [co.ri.ge.sy.ci.in.wo.CityReservationMaskRegistry/]: City worldgen structure hook reached planned owner chunk 169,16 for agricultural_west_belt_connectivity_015 (geomantia:city/stubbs/agriculture/farm_storage_house_01)
[01:50:37] [Worker-Main-37/INFO] [co.ri.ge.sy.ci.in.wo.CityReservationMaskRegistry/]: City planned structures matched chunk 169,16: 1
[01:50:37] [Worker-Main-37/INFO] [co.ri.ge.sy.ci.in.wo.MinecraftCityWorldgenStructurePlacer/]: Injected City template terrain StructureStart agricultural_west_belt_connectivity_015 geomantia:city/stubbs/agriculture/farm_storage_house_01 at 169,16 with datum 104
[01:50:37] [Worker-Main-37/INFO] [co.ri.ge.sy.ci.in.wo.CityReservationMaskRegistry/]: City worldgen structure hook reached planned owner chunk 170,16 for agricultural_west_belt_connectivity_015 (geomantia:city/stubbs/agriculture/farm_storage_house_01)
[01:50:37] [Worker-Main-37/INFO] [co.ri.ge.sy.ci.in.wo.CityReservationMaskRegistry/]: City planned structures matched chunk 170,16: 1
[01:50:37] [Worker-Main-11/INFO] [co.ri.ge.sy.ci.in.wo.CityReservationMaskRegistry/]: City worldgen structure hook reached planned owner chunk 172,16 for residential_west_ward_connectivity_008 (geomantia:city/stubbs/residential/civilian_house_03)
[01:50:37] [Worker-Main-11/INFO] [co.ri.ge.sy.ci.in.wo.CityReservationMaskRegistry/]: City planned structures matched chunk 172,16: 1
[01:50:37] [Worker-Main-11/INFO] [co.ri.ge.sy.ci.in.wo.MinecraftCityWorldgenStructurePlacer/]: Injected City template terrain StructureStart residential_west_ward_connectivity_008 geomantia:city/stubbs/residential/civilian_house_03 at 172,16 with datum 105
[01:50:37] [Worker-Main-11/INFO] [co.ri.ge.sy.ci.in.wo.CityReservationMaskRegistry/]: City worldgen structure hook reached planned owner chunk 173,16 for residential_west_ward_connectivity_008 (geomantia:city/stubbs/residential/civilian_house_03)
[01:50:37] [Worker-Main-11/INFO] [co.ri.ge.sy.ci.in.wo.CityReservationMaskRegistry/]: City worldgen structure hook reached planned owner chunk 173,16 for residential_west_ward_connectivity_008 (geomantia:city/stubbs/residential/civilian_house_03)
[01:50:37] [Worker-Main-11/INFO] [co.ri.ge.sy.ci.in.wo.CityReservationMaskRegistry/]: City planned structures matched chunk 173,16: 1
[01:50:37] [Worker-Main-11/INFO] [co.ri.ge.sy.ci.in.wo.CityReservationMaskRegistry/]: City worldgen structure hook reached planned owner chunk 174,16 for agricultural_west_belt_connectivity_020 (geomantia:city/stubbs/agriculture/farm_storage_house_01)
[01:50:37] [Worker-Main-11/INFO] [co.ri.ge.sy.ci.in.wo.CityReservationMaskRegistry/]: City planned structures matched chunk 174,16: 1
[01:50:37] [Worker-Main-11/INFO] [co.ri.ge.sy.ci.in.wo.CityReservationMaskRegistry/]: City worldgen structure hook reached planned owner chunk 175,16 for agricultural_west_belt_connectivity_020 (geomantia:city/stubbs/agriculture/farm_storage_house_01)
[01:50:37] [Worker-Main-11/INFO] [co.ri.ge.sy.ci.in.wo.CityReservationMaskRegistry/]: City planned structures matched chunk 175,16: 1
[01:50:37] [Worker-Main-5/INFO] [co.ri.ge.sy.ci.in.wo.CityReservationMaskRegistry/]: City worldgen structure hook reached planned owner chunk 160,19 for agricultural_west_belt_connectivity_013 (geomantia:city/stubbs/agriculture/farm_storage_house_01)
[01:50:37] [Worker-Main-5/INFO] [co.ri.ge.sy.ci.in.wo.CityReservationMaskRegistry/]: City worldgen structure hook reached planned owner chunk 160,19 for agricultural_west_belt_connectivity_013 (geomantia:city/stubbs/agriculture/farm_storage_house_01)
[01:50:37] [Worker-Main-5/INFO] [co.ri.ge.sy.ci.in.wo.CityReservationMaskRegistry/]: City planned structures matched chunk 160,19: 1
[01:50:37] [Worker-Main-5/INFO] [co.ri.ge.sy.ci.in.wo.CityReservationMaskRegistry/]: City worldgen structure hook reached planned owner chunk 160,20 for agricultural_west_belt_connectivity_013 (geomantia:city/stubbs/agriculture/farm_storage_house_01)
[01:50:37] [Worker-Main-5/INFO] [co.ri.ge.sy.ci.in.wo.CityReservationMaskRegistry/]: City planned structures matched chunk 160,20: 1
[01:50:37] [Worker-Main-5/INFO] [co.ri.ge.sy.ci.in.wo.CityReservationMaskRegistry/]: City worldgen structure hook reached planned owner chunk 160,21 for agricultural_west_belt_connectivity_013 (geomantia:city/stubbs/agriculture/farm_storage_house_01)
[01:50:37] [Worker-Main-5/INFO] [co.ri.ge.sy.ci.in.wo.CityReservationMaskRegistry/]: City planned structures matched chunk 160,21: 1
[01:50:37] [Worker-Main-5/INFO] [co.ri.ge.sy.ci.in.wo.CityReservationMaskRegistry/]: City worldgen structure hook reached planned owner chunk 160,23 for residential_west_ward_connectivity_017 (geomantia:city/stubbs/residential/civilian_house_03)
[01:50:37] [Worker-Main-5/INFO] [co.ri.ge.sy.ci.in.wo.CityReservationMaskRegistry/]: City planned structures matched chunk 160,23: 1
[01:50:37] [Worker-Main-5/INFO] [co.ri.ge.sy.ci.in.wo.MinecraftCityWorldgenStructurePlacer/]: Injected City template terrain StructureStart residential_west_ward_connectivity_017 geomantia:city/stubbs/residential/civilian_house_03 at 160,23 with datum 103
[01:50:37] [Worker-Main-5/INFO] [co.ri.ge.sy.ci.in.wo.CityReservationMaskRegistry/]: City worldgen structure hook reached planned owner chunk 160,24 for residential_west_ward_connectivity_017 (geomantia:city/stubbs/residential/civilian_house_03)
[01:50:37] [Worker-Main-5/INFO] [co.ri.ge.sy.ci.in.wo.CityReservationMaskRegistry/]: City planned structures matched chunk 160,24: 1
[01:50:37] [Worker-Main-5/INFO] [co.ri.ge.sy.ci.in.wo.CityReservationMaskRegistry/]: City worldgen structure hook reached planned owner chunk 160,25 for residential_west_ward_connectivity_017 (geomantia:city/stubbs/residential/civilian_house_03)
[01:50:37] [Worker-Main-5/INFO] [co.ri.ge.sy.ci.in.wo.CityReservationMaskRegistry/]: City planned structures matched chunk 160,25: 1
[01:50:37] [Worker-Main-5/INFO] [co.ri.ge.sy.ci.in.wo.CityReservationMaskRegistry/]: City worldgen structure hook reached planned owner chunk 160,27 for residential_west_ward_connectivity_019 (geomantia:city/stubbs/residential/household_02)
[01:50:37] [Worker-Main-5/INFO] [co.ri.ge.sy.ci.in.wo.CityReservationMaskRegistry/]: City planned structures matched chunk 160,27: 1
[01:50:37] [Worker-Main-5/INFO] [co.ri.ge.sy.ci.in.wo.MinecraftCityWorldgenStructurePlacer/]: Injected City template terrain StructureStart residential_west_ward_connectivity_019 geomantia:city/stubbs/residential/household_02 at 160,27 with datum 104
[01:50:37] [Worker-Main-5/INFO] [co.ri.ge.sy.ci.in.wo.CityReservationMaskRegistry/]: City worldgen structure hook reached planned owner chunk 160,28 for residential_west_ward_connectivity_019 (geomantia:city/stubbs/residential/household_02)
[01:50:37] [Worker-Main-5/INFO] [co.ri.ge.sy.ci.in.wo.CityReservationMaskRegistry/]: City planned structures matched chunk 160,28: 1
[01:50:37] [Worker-Main-5/INFO] [co.ri.ge.sy.ci.in.wo.CityReservationMaskRegistry/]: City worldgen structure hook reached planned owner chunk 178,16 for agricultural_west_belt_connectivity_021 (geomantia:city/stubbs/agriculture/farm_storage_house_01)
[01:50:37] [Worker-Main-5/INFO] [co.ri.ge.sy.ci.in.wo.CityReservationMaskRegistry/]: City planned structures matched chunk 178,16: 1
[01:50:37] [Worker-Main-5/INFO] [co.ri.ge.sy.ci.in.wo.MinecraftCityWorldgenStructurePlacer/]: Injected City template terrain StructureStart agricultural_west_belt_connectivity_021 geomantia:city/stubbs/agriculture/farm_storage_house_01 at 178,16 with datum 107
[01:50:37] [Worker-Main-5/INFO] [co.ri.ge.sy.ci.in.wo.CityReservationMaskRegistry/]: City worldgen structure hook reached planned owner chunk 178,17 for agricultural_west_belt_connectivity_021 (geomantia:city/stubbs/agriculture/farm_storage_house_01)
[01:50:37] [Worker-Main-5/INFO] [co.ri.ge.sy.ci.in.wo.CityReservationMaskRegistry/]: City planned structures matched chunk 178,17: 1
[01:50:37] [Worker-Main-5/INFO] [co.ri.ge.sy.ci.in.wo.CityReservationMaskRegistry/]: City worldgen structure hook reached planned owner chunk 178,18 for agricultural_west_belt_connectivity_021 (geomantia:city/stubbs/agriculture/farm_storage_house_01)
[01:50:37] [Worker-Main-5/INFO] [co.ri.ge.sy.ci.in.wo.CityReservationMaskRegistry/]: City planned structures matched chunk 178,18: 1
[01:50:37] [Worker-Main-5/INFO] [co.ri.ge.sy.ci.in.wo.CityReservationMaskRegistry/]: City worldgen structure hook reached planned owner chunk 178,20 for civic_market_core_connectivity_008 (geomantia:city/stubbs/commercial/tavern_01)
[01:50:37] [Worker-Main-5/INFO] [co.ri.ge.sy.ci.in.wo.CityReservationMaskRegistry/]: City planned structures matched chunk 178,20: 1
[01:50:37] [Worker-Main-5/INFO] [co.ri.ge.sy.ci.in.wo.MinecraftCityWorldgenStructurePlacer/]: Injected City template terrain StructureStart civic_market_core_connectivity_008 geomantia:city/stubbs/commercial/tavern_01 at 178,20 with datum 106
[01:50:37] [Worker-Main-5/INFO] [co.ri.ge.sy.ci.in.wo.CityReservationMaskRegistry/]: City worldgen structure hook reached planned owner chunk 178,21 for civic_market_core_connectivity_008 (geomantia:city/stubbs/commercial/tavern_01)
[01:50:37] [Worker-Main-5/INFO] [co.ri.ge.sy.ci.in.wo.CityReservationMaskRegistry/]: City planned structures matched chunk 178,21: 1
[01:50:37] [Worker-Main-5/INFO] [co.ri.ge.sy.ci.in.wo.CityReservationMaskRegistry/]: City worldgen structure hook reached planned owner chunk 178,22 for civic_market_core_connectivity_008 (geomantia:city/stubbs/commercial/tavern_01)
[01:50:37] [Worker-Main-5/INFO] [co.ri.ge.sy.ci.in.wo.CityReservationMaskRegistry/]: City planned structures matched chunk 178,22: 1
[01:50:37] [Worker-Main-5/INFO] [co.ri.ge.sy.ci.in.wo.CityReservationMaskRegistry/]: City worldgen structure hook reached planned owner chunk 178,23 for civic_market_core_connectivity_004 (geomantia:city/stubbs/commercial/general_store_01)
[01:50:37] [Worker-Main-5/INFO] [co.ri.ge.sy.ci.in.wo.CityReservationMaskRegistry/]: City planned structures matched chunk 178,23: 1
[01:50:37] [Worker-Main-5/INFO] [co.ri.ge.sy.ci.in.wo.MinecraftCityWorldgenStructurePlacer/]: Injected City template terrain StructureStart civic_market_core_connectivity_004 geomantia:city/stubbs/commercial/general_store_01 at 178,23 with datum 106
[01:50:37] [Worker-Main-5/INFO] [co.ri.ge.sy.ci.in.wo.CityReservationMaskRegistry/]: City worldgen structure hook reached planned owner chunk 178,24 for civic_market_core_connectivity_004 (geomantia:city/stubbs/commercial/general_store_01)
[01:50:37] [Worker-Main-5/INFO] [co.ri.ge.sy.ci.in.wo.CityReservationMaskRegistry/]: City planned structures matched chunk 178,24: 1
[01:50:37] [Worker-Main-5/INFO] [co.ri.ge.sy.ci.in.wo.CityReservationMaskRegistry/]: City worldgen structure hook reached planned owner chunk 178,26 for civic_market_core_connectivity_003 (geomantia:city/stubbs/commercial/town_workshop_01)
[01:50:37] [Worker-Main-5/INFO] [co.ri.ge.sy.ci.in.wo.CityReservationMaskRegistry/]: City planned structures matched chunk 178,26: 1
[01:50:37] [Worker-Main-5/INFO] [co.ri.ge.sy.ci.in.wo.MinecraftCityWorldgenStructurePlacer/]: Injected City template terrain StructureStart civic_market_core_connectivity_003 geomantia:city/stubbs/commercial/town_workshop_01 at 178,26 with datum 105
[01:50:37] [Worker-Main-5/INFO] [co.ri.ge.sy.ci.in.wo.CityReservationMaskRegistry/]: City worldgen structure hook reached planned owner chunk 178,27 for civic_market_core_connectivity_003 (geomantia:city/stubbs/commercial/town_workshop_01)
[01:50:37] [Worker-Main-5/INFO] [co.ri.ge.sy.ci.in.wo.CityReservationMaskRegistry/]: City planned structures matched chunk 178,27: 1
[01:50:37] [Worker-Main-5/INFO] [co.ri.ge.sy.ci.in.wo.CityReservationMaskRegistry/]: City worldgen structure hook reached planned owner chunk 178,28 for artisan_industry_quarter_connectivity_011 (geomantia:city/stubbs/commercial/town_workshop_01)
[01:50:37] [Worker-Main-5/INFO] [co.ri.ge.sy.ci.in.wo.CityReservationMaskRegistry/]: City planned structures matched chunk 178,28: 1
[01:50:37] [Worker-Main-5/INFO] [co.ri.ge.sy.ci.in.wo.MinecraftCityWorldgenStructurePlacer/]: Injected City template terrain StructureStart artisan_industry_quarter_connectivity_011 geomantia:city/stubbs/commercial/town_workshop_01 at 178,28 with datum 105
[01:50:37] [Worker-Main-5/INFO] [co.ri.ge.sy.ci.in.wo.CityReservationMaskRegistry/]: City worldgen structure hook reached planned owner chunk 178,29 for artisan_industry_quarter_connectivity_011 (geomantia:city/stubbs/commercial/town_workshop_01)
[01:50:37] [Worker-Main-5/INFO] [co.ri.ge.sy.ci.in.wo.CityReservationMaskRegistry/]: City planned structures matched chunk 178,29: 1
[01:50:37] [Worker-Main-5/INFO] [co.ri.ge.sy.ci.in.wo.CityReservationMaskRegistry/]: City worldgen structure hook reached planned owner chunk 178,31 for artisan_industry_quarter_connectivity_004 (geomantia:city/stubbs/commercial/tavern_01)
[01:50:37] [Worker-Main-5/INFO] [co.ri.ge.sy.ci.in.wo.CityReservationMaskRegistry/]: City planned structures matched chunk 178,31: 1
[01:50:37] [Worker-Main-37/INFO] [co.ri.ge.sy.ci.in.wo.CityReservationMaskRegistry/]: City worldgen structure hook reached planned owner chunk 178,32 for artisan_industry_quarter_connectivity_004 (geomantia:city/stubbs/commercial/tavern_01)
[01:50:37] [Worker-Main-37/INFO] [co.ri.ge.sy.ci.in.wo.CityReservationMaskRegistry/]: City planned structures matched chunk 178,32: 1
[01:50:37] [Worker-Main-5/INFO] [co.ri.ge.sy.ci.in.wo.CityReservationMaskRegistry/]: City worldgen structure hook reached planned owner chunk 178,33 for artisan_industry_quarter_connectivity_004 (geomantia:city/stubbs/commercial/tavern_01)
[01:50:37] [Worker-Main-5/INFO] [co.ri.ge.sy.ci.in.wo.CityReservationMaskRegistry/]: City planned structures matched chunk 178,33: 1
[01:50:37] [Worker-Main-22/INFO] [co.ri.ge.sy.ci.in.wo.CityReservationMaskRegistry/]: City worldgen structure hook reached planned owner chunk 174,34 for artisan_industry_quarter_connectivity_003 (geomantia:city/stubbs/commercial/general_store_01)
[01:50:37] [Worker-Main-22/INFO] [co.ri.ge.sy.ci.in.wo.CityReservationMaskRegistry/]: City planned structures matched chunk 174,34: 1
[01:50:37] [Worker-Main-22/INFO] [co.ri.ge.sy.ci.in.wo.MinecraftCityWorldgenStructurePlacer/]: Injected City template terrain StructureStart artisan_industry_quarter_connectivity_003 geomantia:city/stubbs/commercial/general_store_01 at 174,34 with datum 104
[01:50:37] [Worker-Main-17/INFO] [co.ri.ge.sy.ci.in.wo.CityReservationMaskRegistry/]: City worldgen structure hook reached planned owner chunk 175,34 for artisan_industry_quarter_connectivity_003 (geomantia:city/stubbs/commercial/general_store_01)
[01:50:37] [Worker-Main-17/INFO] [co.ri.ge.sy.ci.in.wo.CityReservationMaskRegistry/]: City planned structures matched chunk 175,34: 1
[01:50:37] [Worker-Main-17/INFO] [co.ri.ge.sy.ci.in.wo.CityReservationMaskRegistry/]: City worldgen structure hook reached planned owner chunk 177,34 for artisan_industry_quarter_connectivity_002 (geomantia:city/stubbs/commercial/town_workshop_01)
[01:50:37] [Worker-Main-17/INFO] [co.ri.ge.sy.ci.in.wo.CityReservationMaskRegistry/]: City planned structures matched chunk 177,34: 1
[01:50:37] [Worker-Main-17/INFO] [co.ri.ge.sy.ci.in.wo.CityReservationMaskRegistry/]: City worldgen structure hook reached planned owner chunk 178,34 for artisan_industry_quarter_connectivity_005 (geomantia:city/stubbs/commercial/town_workshop_01)
[01:50:37] [Worker-Main-17/INFO] [co.ri.ge.sy.ci.in.wo.CityReservationMaskRegistry/]: City planned structures matched chunk 178,34: 1
[01:50:37] [Worker-Main-17/INFO] [co.ri.ge.sy.ci.in.wo.MinecraftCityWorldgenStructurePlacer/]: Injected City template terrain StructureStart artisan_industry_quarter_connectivity_005 geomantia:city/stubbs/commercial/town_workshop_01 at 178,34 with datum 106
[01:50:37] [Worker-Main-38/INFO] [co.ri.ge.sy.ci.in.wo.CityReservationMaskRegistry/]: City worldgen structure hook reached planned owner chunk 176,34 for artisan_industry_quarter_connectivity_002 (geomantia:city/stubbs/commercial/town_workshop_01)
[01:50:37] [Worker-Main-38/INFO] [co.ri.ge.sy.ci.in.wo.CityReservationMaskRegistry/]: City planned structures matched chunk 176,34: 1
[01:50:37] [Worker-Main-38/INFO] [co.ri.ge.sy.ci.in.wo.MinecraftCityWorldgenStructurePlacer/]: Injected City template terrain StructureStart artisan_industry_quarter_connectivity_002 geomantia:city/stubbs/commercial/town_workshop_01 at 176,34 with datum 105
[01:50:37] [Worker-Main-17/INFO] [co.ri.ge.sy.ci.in.wo.CityReservationMaskRegistry/]: City worldgen structure hook reached planned owner chunk 165,15 for agricultural_west_belt_connectivity_014 (geomantia:city/stubbs/agriculture/farm_storage_house_01)
[01:50:37] [Worker-Main-17/INFO] [co.ri.ge.sy.ci.in.wo.CityReservationMaskRegistry/]: City planned structures matched chunk 165,15: 1
[01:50:37] [Worker-Main-17/INFO] [co.ri.ge.sy.ci.in.wo.MinecraftCityWorldgenStructurePlacer/]: Injected City template terrain StructureStart agricultural_west_belt_connectivity_014 geomantia:city/stubbs/agriculture/farm_storage_house_01 at 165,15 with datum 104
[01:50:37] [Worker-Main-5/INFO] [co.ri.ge.sy.ci.in.wo.CityReservationMaskRegistry/]: City worldgen structure hook reached planned owner chunk 166,15 for agricultural_west_belt_connectivity_014 (geomantia:city/stubbs/agriculture/farm_storage_house_01)
[01:50:37] [Worker-Main-5/INFO] [co.ri.ge.sy.ci.in.wo.CityReservationMaskRegistry/]: City planned structures matched chunk 166,15: 1
[01:50:37] [Worker-Main-21/INFO] [co.ri.ge.sy.ci.in.wo.CityReservationMaskRegistry/]: City worldgen structure hook reached planned owner chunk 172,15 for agricultural_west_belt_connectivity_019 (geomantia:city/stubbs/agriculture/farm_storage_house_01)
[01:50:37] [Worker-Main-21/INFO] [co.ri.ge.sy.ci.in.wo.CityReservationMaskRegistry/]: City planned structures matched chunk 172,15: 1
[01:50:37] [Worker-Main-21/INFO] [co.ri.ge.sy.ci.in.wo.CityReservationMaskRegistry/]: City worldgen structure hook reached planned owner chunk 171,15 for agricultural_west_belt_connectivity_019 (geomantia:city/stubbs/agriculture/farm_storage_house_01)
[01:50:37] [Worker-Main-21/INFO] [co.ri.ge.sy.ci.in.wo.CityReservationMaskRegistry/]: City planned structures matched chunk 171,15: 1
[01:50:37] [Worker-Main-21/INFO] [co.ri.ge.sy.ci.in.wo.CityReservationMaskRegistry/]: City worldgen structure hook reached planned owner chunk 174,15 for agricultural_west_belt_connectivity_020 (geomantia:city/stubbs/agriculture/farm_storage_house_01)
[01:50:37] [Worker-Main-21/INFO] [co.ri.ge.sy.ci.in.wo.CityReservationMaskRegistry/]: City planned structures matched chunk 174,15: 1
[01:50:37] [Worker-Main-21/INFO] [co.ri.ge.sy.ci.in.wo.MinecraftCityWorldgenStructurePlacer/]: Injected City template terrain StructureStart agricultural_west_belt_connectivity_020 geomantia:city/stubbs/agriculture/farm_storage_house_01 at 174,15 with datum 105
[01:50:37] [Worker-Main-21/INFO] [co.ri.ge.sy.ci.in.wo.CityReservationMaskRegistry/]: City worldgen structure hook reached planned owner chunk 175,15 for agricultural_west_belt_connectivity_020 (geomantia:city/stubbs/agriculture/farm_storage_house_01)
[01:50:37] [Worker-Main-21/INFO] [co.ri.ge.sy.ci.in.wo.CityReservationMaskRegistry/]: City planned structures matched chunk 175,15: 1
[01:50:37] [Worker-Main-37/INFO] [co.ri.ge.sy.ci.in.wo.CityReservationMaskRegistry/]: City worldgen structure hook reached planned owner chunk 159,19 for agricultural_west_belt_connectivity_013 (geomantia:city/stubbs/agriculture/farm_storage_house_01)
[01:50:37] [Worker-Main-37/INFO] [co.ri.ge.sy.ci.in.wo.CityReservationMaskRegistry/]: City planned structures matched chunk 159,19: 1
[01:50:37] [Worker-Main-37/INFO] [co.ri.ge.sy.ci.in.wo.MinecraftCityWorldgenStructurePlacer/]: Injected City template terrain StructureStart agricultural_west_belt_connectivity_013 geomantia:city/stubbs/agriculture/farm_storage_house_01 at 159,19 with datum 103
[01:50:37] [Worker-Main-11/INFO] [co.ri.ge.sy.ci.in.wo.CityReservationMaskRegistry/]: City worldgen structure hook reached planned owner chunk 159,20 for agricultural_west_belt_connectivity_013 (geomantia:city/stubbs/agriculture/farm_storage_house_01)
[01:50:37] [Worker-Main-11/INFO] [co.ri.ge.sy.ci.in.wo.CityReservationMaskRegistry/]: City planned structures matched chunk 159,20: 1
[01:50:37] [Worker-Main-11/INFO] [co.ri.ge.sy.ci.in.wo.CityReservationMaskRegistry/]: City worldgen structure hook reached planned owner chunk 159,22 for agricultural_west_belt_connectivity_010 (geomantia:city/stubbs/agriculture/farm_storage_house_01)
[01:50:37] [Worker-Main-11/INFO] [co.ri.ge.sy.ci.in.wo.CityReservationMaskRegistry/]: City planned structures matched chunk 159,22: 1
[01:50:37] [Worker-Main-11/INFO] [co.ri.ge.sy.ci.in.wo.CityReservationMaskRegistry/]: City worldgen structure hook reached planned owner chunk 159,21 for agricultural_west_belt_connectivity_013 (geomantia:city/stubbs/agriculture/farm_storage_house_01)
[01:50:37] [Worker-Main-11/INFO] [co.ri.ge.sy.ci.in.wo.CityReservationMaskRegistry/]: City planned structures matched chunk 159,21: 1
[01:50:37] [Worker-Main-11/INFO] [co.ri.ge.sy.ci.in.wo.CityReservationMaskRegistry/]: City worldgen structure hook reached planned owner chunk 159,23 for agricultural_west_belt_connectivity_010 (geomantia:city/stubbs/agriculture/farm_storage_house_01)
[01:50:37] [Worker-Main-11/INFO] [co.ri.ge.sy.ci.in.wo.CityReservationMaskRegistry/]: City planned structures matched chunk 159,23: 1
[01:50:37] [Worker-Main-11/INFO] [co.ri.ge.sy.ci.in.wo.CityReservationMaskRegistry/]: City worldgen structure hook reached planned owner chunk 159,24 for agricultural_west_belt_connectivity_010 (geomantia:city/stubbs/agriculture/farm_storage_house_01)
[01:50:37] [Worker-Main-11/INFO] [co.ri.ge.sy.ci.in.wo.CityReservationMaskRegistry/]: City planned structures matched chunk 159,24: 1
[01:50:37] [Worker-Main-11/INFO] [co.ri.ge.sy.ci.in.wo.CityReservationMaskRegistry/]: City worldgen structure hook reached planned owner chunk 159,26 for agricultural_west_belt_connectivity_008 (geomantia:city/stubbs/agriculture/farm_storage_house_01)
[01:50:37] [Worker-Main-11/INFO] [co.ri.ge.sy.ci.in.wo.CityReservationMaskRegistry/]: City planned structures matched chunk 159,26: 1
[01:50:37] [Worker-Main-11/INFO] [co.ri.ge.sy.ci.in.wo.CityReservationMaskRegistry/]: City worldgen structure hook reached planned owner chunk 159,27 for agricultural_west_belt_connectivity_008 (geomantia:city/stubbs/agriculture/farm_storage_house_01)
[01:50:37] [Worker-Main-11/INFO] [co.ri.ge.sy.ci.in.wo.CityReservationMaskRegistry/]: City planned structures matched chunk 159,27: 1
[01:50:37] [Worker-Main-11/INFO] [co.ri.ge.sy.ci.in.wo.CityReservationMaskRegistry/]: City worldgen structure hook reached planned owner chunk 159,29 for agricultural_west_belt_connectivity_009 (geomantia:city/stubbs/agriculture/farm_storage_house_01)
[01:50:37] [Worker-Main-11/INFO] [co.ri.ge.sy.ci.in.wo.CityReservationMaskRegistry/]: City planned structures matched chunk 159,29: 1
[01:50:37] [Worker-Main-11/INFO] [co.ri.ge.sy.ci.in.wo.CityReservationMaskRegistry/]: City worldgen structure hook reached planned owner chunk 179,17 for agricultural_west_belt_connectivity_021 (geomantia:city/stubbs/agriculture/farm_storage_house_01)
[01:50:37] [Worker-Main-11/INFO] [co.ri.ge.sy.ci.in.wo.CityReservationMaskRegistry/]: City planned structures matched chunk 179,17: 1
[01:50:37] [Worker-Main-11/INFO] [co.ri.ge.sy.ci.in.wo.CityReservationMaskRegistry/]: City worldgen structure hook reached planned owner chunk 179,18 for agricultural_west_belt_connectivity_021 (geomantia:city/stubbs/agriculture/farm_storage_house_01)
[01:50:37] [Worker-Main-11/INFO] [co.ri.ge.sy.ci.in.wo.CityReservationMaskRegistry/]: City planned structures matched chunk 179,18: 1
[01:50:37] [Worker-Main-11/INFO] [co.ri.ge.sy.ci.in.wo.CityReservationMaskRegistry/]: City worldgen structure hook reached planned owner chunk 179,16 for agricultural_west_belt_connectivity_021 (geomantia:city/stubbs/agriculture/farm_storage_house_01)
[01:50:37] [Worker-Main-11/INFO] [co.ri.ge.sy.ci.in.wo.CityReservationMaskRegistry/]: City planned structures matched chunk 179,16: 1
[01:50:37] [Worker-Main-11/INFO] [co.ri.ge.sy.ci.in.wo.CityReservationMaskRegistry/]: City worldgen structure hook reached planned owner chunk 179,20 for civic_market_core_connectivity_008 (geomantia:city/stubbs/commercial/tavern_01)
[01:50:37] [Worker-Main-11/INFO] [co.ri.ge.sy.ci.in.wo.CityReservationMaskRegistry/]: City planned structures matched chunk 179,20: 1
[01:50:37] [Worker-Main-11/INFO] [co.ri.ge.sy.ci.in.wo.CityReservationMaskRegistry/]: City worldgen structure hook reached planned owner chunk 179,21 for civic_market_core_connectivity_008 (geomantia:city/stubbs/commercial/tavern_01)
[01:50:37] [Worker-Main-11/INFO] [co.ri.ge.sy.ci.in.wo.CityReservationMaskRegistry/]: City planned structures matched chunk 179,21: 1
[01:50:37] [Worker-Main-11/INFO] [co.ri.ge.sy.ci.in.wo.CityReservationMaskRegistry/]: City worldgen structure hook reached planned owner chunk 179,23 for civic_market_core_connectivity_004 (geomantia:city/stubbs/commercial/general_store_01)
[01:50:37] [Worker-Main-11/INFO] [co.ri.ge.sy.ci.in.wo.CityReservationMaskRegistry/]: City planned structures matched chunk 179,23: 1
[01:50:37] [Worker-Main-11/INFO] [co.ri.ge.sy.ci.in.wo.CityReservationMaskRegistry/]: City worldgen structure hook reached planned owner chunk 179,22 for civic_market_core_connectivity_008 (geomantia:city/stubbs/commercial/tavern_01)
[01:50:37] [Worker-Main-11/INFO] [co.ri.ge.sy.ci.in.wo.CityReservationMaskRegistry/]: City planned structures matched chunk 179,22: 1
[01:50:37] [Worker-Main-11/INFO] [co.ri.ge.sy.ci.in.wo.CityReservationMaskRegistry/]: City worldgen structure hook reached planned owner chunk 179,24 for civic_market_core_connectivity_004 (geomantia:city/stubbs/commercial/general_store_01)
[01:50:37] [Worker-Main-11/INFO] [co.ri.ge.sy.ci.in.wo.CityReservationMaskRegistry/]: City planned structures matched chunk 179,24: 1
[01:50:37] [Worker-Main-11/INFO] [co.ri.ge.sy.ci.in.wo.CityReservationMaskRegistry/]: City worldgen structure hook reached planned owner chunk 179,26 for civic_market_core_connectivity_003 (geomantia:city/stubbs/commercial/town_workshop_01)
[01:50:37] [Worker-Main-11/INFO] [co.ri.ge.sy.ci.in.wo.CityReservationMaskRegistry/]: City planned structures matched chunk 179,26: 1
[01:50:37] [Worker-Main-11/INFO] [co.ri.ge.sy.ci.in.wo.CityReservationMaskRegistry/]: City worldgen structure hook reached planned owner chunk 179,28 for artisan_industry_quarter_connectivity_011 (geomantia:city/stubbs/commercial/town_workshop_01)
[01:50:37] [Worker-Main-11/INFO] [co.ri.ge.sy.ci.in.wo.CityReservationMaskRegistry/]: City planned structures matched chunk 179,28: 1
[01:50:37] [Worker-Main-11/INFO] [co.ri.ge.sy.ci.in.wo.CityReservationMaskRegistry/]: City worldgen structure hook reached planned owner chunk 179,27 for civic_market_core_connectivity_003 (geomantia:city/stubbs/commercial/town_workshop_01)
[01:50:37] [Worker-Main-11/INFO] [co.ri.ge.sy.ci.in.wo.CityReservationMaskRegistry/]: City planned structures matched chunk 179,27: 1
[01:50:37] [Worker-Main-11/INFO] [co.ri.ge.sy.ci.in.wo.CityReservationMaskRegistry/]: City worldgen structure hook reached planned owner chunk 179,29 for artisan_industry_quarter_connectivity_011 (geomantia:city/stubbs/commercial/town_workshop_01)
[01:50:37] [Worker-Main-11/INFO] [co.ri.ge.sy.ci.in.wo.CityReservationMaskRegistry/]: City planned structures matched chunk 179,29: 1
[01:50:37] [Worker-Main-11/INFO] [co.ri.ge.sy.ci.in.wo.CityReservationMaskRegistry/]: City worldgen structure hook reached planned owner chunk 159,31 for agricultural_west_belt_connectivity_012 (geomantia:city/stubbs/agriculture/farm_storage_house_01)
[01:50:37] [Worker-Main-11/INFO] [co.ri.ge.sy.ci.in.wo.CityReservationMaskRegistry/]: City planned structures matched chunk 159,31: 1
[01:50:37] [Worker-Main-11/INFO] [co.ri.ge.sy.ci.in.wo.CityReservationMaskRegistry/]: City worldgen structure hook reached planned owner chunk 159,30 for agricultural_west_belt_connectivity_009 (geomantia:city/stubbs/agriculture/farm_storage_house_01)
[01:50:37] [Worker-Main-11/INFO] [co.ri.ge.sy.ci.in.wo.CityReservationMaskRegistry/]: City planned structures matched chunk 159,30: 1
[01:50:37] [Worker-Main-5/INFO] [co.ri.ge.sy.ci.in.wo.CityReservationMaskRegistry/]: City worldgen structure hook reached planned owner chunk 159,32 for agricultural_west_belt_connectivity_012 (geomantia:city/stubbs/agriculture/farm_storage_house_01)
[01:50:37] [Worker-Main-5/INFO] [co.ri.ge.sy.ci.in.wo.CityReservationMaskRegistry/]: City planned structures matched chunk 159,32: 1
[01:50:38] [Worker-Main-22/INFO] [co.ri.ge.sy.ci.in.wo.CityReservationMaskRegistry/]: City worldgen structure hook reached planned owner chunk 159,33 for agricultural_west_belt_connectivity_012 (geomantia:city/stubbs/agriculture/farm_storage_house_01)
[01:50:38] [Worker-Main-22/INFO] [co.ri.ge.sy.ci.in.wo.CityReservationMaskRegistry/]: City planned structures matched chunk 159,33: 1
[01:50:38] [Worker-Main-21/INFO] [co.ri.ge.sy.ci.in.wo.CityReservationMaskRegistry/]: City worldgen structure hook reached planned owner chunk 179,32 for artisan_industry_quarter_connectivity_006 (geomantia:city/stubbs/commercial/general_store_01)
[01:50:38] [Worker-Main-21/INFO] [co.ri.ge.sy.ci.in.wo.CityReservationMaskRegistry/]: City planned structures matched chunk 179,32: 1
[01:50:38] [Worker-Main-21/INFO] [co.ri.ge.sy.ci.in.wo.MinecraftCityWorldgenStructurePlacer/]: Injected City template terrain StructureStart artisan_industry_quarter_connectivity_006 geomantia:city/stubbs/commercial/general_store_01 at 179,32 with datum 106
[01:50:38] [Worker-Main-5/INFO] [co.ri.ge.sy.ci.in.wo.CityReservationMaskRegistry/]: City worldgen structure hook reached planned owner chunk 179,33 for artisan_industry_quarter_connectivity_006 (geomantia:city/stubbs/commercial/general_store_01)
[01:50:38] [Worker-Main-5/INFO] [co.ri.ge.sy.ci.in.wo.CityReservationMaskRegistry/]: City planned structures matched chunk 179,33: 1
[01:50:38] [Worker-Main-18/INFO] [co.ri.ge.sy.ci.in.wo.CityReservationMaskRegistry/]: City worldgen structure hook reached planned owner chunk 179,34 for artisan_industry_quarter_connectivity_005 (geomantia:city/stubbs/commercial/town_workshop_01)
[01:50:38] [Worker-Main-18/INFO] [co.ri.ge.sy.ci.in.wo.CityReservationMaskRegistry/]: City planned structures matched chunk 179,34: 1
[01:50:38] [Worker-Main-4/INFO] [co.ri.ge.sy.ci.in.wo.CityReservationMaskRegistry/]: City worldgen structure hook reached planned owner chunk 174,35 for artisan_industry_quarter_connectivity_003 (geomantia:city/stubbs/commercial/general_store_01)
[01:50:38] [Worker-Main-4/INFO] [co.ri.ge.sy.ci.in.wo.CityReservationMaskRegistry/]: City planned structures matched chunk 174,35: 1
[01:50:38] [Worker-Main-4/INFO] [co.ri.ge.sy.ci.in.wo.CityReservationMaskRegistry/]: City worldgen structure hook reached planned owner chunk 175,35 for artisan_industry_quarter_connectivity_003 (geomantia:city/stubbs/commercial/general_store_01)
[01:50:38] [Worker-Main-4/INFO] [co.ri.ge.sy.ci.in.wo.CityReservationMaskRegistry/]: City planned structures matched chunk 175,35: 1
[01:50:38] [Worker-Main-38/INFO] [co.ri.ge.sy.ci.in.wo.CityReservationMaskRegistry/]: City worldgen structure hook reached planned owner chunk 176,35 for artisan_industry_quarter_connectivity_002 (geomantia:city/stubbs/commercial/town_workshop_01)
[01:50:38] [Worker-Main-38/INFO] [co.ri.ge.sy.ci.in.wo.CityReservationMaskRegistry/]: City planned structures matched chunk 176,35: 1
[01:50:38] [Worker-Main-23/INFO] [co.ri.ge.sy.ci.in.wo.CityReservationMaskRegistry/]: City worldgen structure hook reached planned owner chunk 177,35 for artisan_industry_quarter_connectivity_002 (geomantia:city/stubbs/commercial/town_workshop_01)
[01:50:38] [Worker-Main-23/INFO] [co.ri.ge.sy.ci.in.wo.CityReservationMaskRegistry/]: City planned structures matched chunk 177,35: 1
[01:50:38] [Worker-Main-38/INFO] [co.ri.ge.sy.ci.in.wo.CityReservationMaskRegistry/]: City worldgen structure hook reached planned owner chunk 178,35 for artisan_industry_quarter_connectivity_005 (geomantia:city/stubbs/commercial/town_workshop_01)
[01:50:38] [Worker-Main-38/INFO] [co.ri.ge.sy.ci.in.wo.CityReservationMaskRegistry/]: City planned structures matched chunk 178,35: 1
[01:50:38] [Worker-Main-17/INFO] [co.ri.ge.sy.ci.in.wo.CityReservationMaskRegistry/]: City worldgen structure hook reached planned owner chunk 179,35 for artisan_industry_quarter_connectivity_005 (geomantia:city/stubbs/commercial/town_workshop_01)
[01:50:38] [Worker-Main-17/INFO] [co.ri.ge.sy.ci.in.wo.CityReservationMaskRegistry/]: City worldgen structure hook reached planned owner chunk 179,35 for artisan_industry_quarter_connectivity_005 (geomantia:city/stubbs/commercial/town_workshop_01)
[01:50:38] [Worker-Main-17/INFO] [co.ri.ge.sy.ci.in.wo.CityReservationMaskRegistry/]: City worldgen structure hook reached planned owner chunk 179,35 for artisan_industry_quarter_connectivity_005 (geomantia:city/stubbs/commercial/town_workshop_01)
[01:50:38] [Worker-Main-17/INFO] [co.ri.ge.sy.ci.in.wo.CityReservationMaskRegistry/]: City worldgen structure hook reached planned owner chunk 179,35 for artisan_industry_quarter_connectivity_005 (geomantia:city/stubbs/commercial/town_workshop_01)
[01:50:38] [Worker-Main-17/INFO] [co.ri.ge.sy.ci.in.wo.CityReservationMaskRegistry/]: City worldgen structure hook reached planned owner chunk 179,35 for artisan_industry_quarter_connectivity_005 (geomantia:city/stubbs/commercial/town_workshop_01)
[01:50:38] [Worker-Main-17/INFO] [co.ri.ge.sy.ci.in.wo.CityReservationMaskRegistry/]: City worldgen structure hook reached planned owner chunk 179,35 for artisan_industry_quarter_connectivity_005 (geomantia:city/stubbs/commercial/town_workshop_01)
[01:50:38] [Worker-Main-17/INFO] [co.ri.ge.sy.ci.in.wo.CityReservationMaskRegistry/]: City worldgen structure hook reached planned owner chunk 179,35 for artisan_industry_quarter_connectivity_005 (geomantia:city/stubbs/commercial/town_workshop_01)
[01:50:38] [Worker-Main-17/INFO] [co.ri.ge.sy.ci.in.wo.CityReservationMaskRegistry/]: City worldgen structure hook reached planned owner chunk 179,35 for artisan_industry_quarter_connectivity_005 (geomantia:city/stubbs/commercial/town_workshop_01)
[01:50:38] [Worker-Main-17/INFO] [co.ri.ge.sy.ci.in.wo.CityReservationMaskRegistry/]: City worldgen structure hook reached planned owner chunk 179,35 for artisan_industry_quarter_connectivity_005 (geomantia:city/stubbs/commercial/town_workshop_01)
[01:50:38] [Worker-Main-17/INFO] [co.ri.ge.sy.ci.in.wo.CityReservationMaskRegistry/]: City worldgen structure hook reached planned owner chunk 179,35 for artisan_industry_quarter_connectivity_005 (geomantia:city/stubbs/commercial/town_workshop_01)
[01:50:38] [Worker-Main-17/INFO] [co.ri.ge.sy.ci.in.wo.CityReservationMaskRegistry/]: City worldgen structure hook reached planned owner chunk 179,35 for artisan_industry_quarter_connectivity_005 (geomantia:city/stubbs/commercial/town_workshop_01)
[01:50:38] [Worker-Main-17/INFO] [co.ri.ge.sy.ci.in.wo.CityReservationMaskRegistry/]: City worldgen structure hook reached planned owner chunk 179,35 for artisan_industry_quarter_connectivity_005 (geomantia:city/stubbs/commercial/town_workshop_01)
[01:50:38] [Worker-Main-17/INFO] [co.ri.ge.sy.ci.in.wo.CityReservationMaskRegistry/]: City worldgen structure hook reached planned owner chunk 179,35 for artisan_industry_quarter_connectivity_005 (geomantia:city/stubbs/commercial/town_workshop_01)
[01:50:38] [Worker-Main-17/INFO] [co.ri.ge.sy.ci.in.wo.CityReservationMaskRegistry/]: City worldgen structure hook reached planned owner chunk 179,35 for artisan_industry_quarter_connectivity_005 (geomantia:city/stubbs/commercial/town_workshop_01)
[01:50:38] [Worker-Main-17/INFO] [co.ri.ge.sy.ci.in.wo.CityReservationMaskRegistry/]: City planned structures matched chunk 179,35: 1
[01:50:38] [Worker-Main-22/INFO] [co.ri.ge.sy.ci.in.wo.CityReservationMaskRegistry/]: City worldgen structure hook reached planned owner chunk 165,14 for agricultural_west_belt_connectivity_017 (geomantia:city/stubbs/agriculture/farm_storage_house_01)
[01:50:38] [Worker-Main-22/INFO] [co.ri.ge.sy.ci.in.wo.CityReservationMaskRegistry/]: City planned structures matched chunk 165,14: 1
[01:50:38] [Worker-Main-22/INFO] [co.ri.ge.sy.ci.in.wo.CityReservationMaskRegistry/]: City worldgen structure hook reached planned owner chunk 166,14 for agricultural_west_belt_connectivity_017 (geomantia:city/stubbs/agriculture/farm_storage_house_01)
[01:50:38] [Worker-Main-22/INFO] [co.ri.ge.sy.ci.in.wo.CityReservationMaskRegistry/]: City planned structures matched chunk 166,14: 1
[01:50:38] [Worker-Main-22/INFO] [co.ri.ge.sy.ci.in.wo.CityReservationMaskRegistry/]: City worldgen structure hook reached planned owner chunk 168,14 for agricultural_west_belt_connectivity_018 (geomantia:city/stubbs/agriculture/farm_storage_house_01)
[01:50:38] [Worker-Main-22/INFO] [co.ri.ge.sy.ci.in.wo.CityReservationMaskRegistry/]: City planned structures matched chunk 168,14: 1
[01:50:38] [Worker-Main-22/INFO] [co.ri.ge.sy.ci.in.wo.CityReservationMaskRegistry/]: City worldgen structure hook reached planned owner chunk 169,14 for agricultural_west_belt_connectivity_018 (geomantia:city/stubbs/agriculture/farm_storage_house_01)
[01:50:38] [Worker-Main-22/INFO] [co.ri.ge.sy.ci.in.wo.CityReservationMaskRegistry/]: City planned structures matched chunk 169,14: 1
[01:50:38] [Worker-Main-22/INFO] [co.ri.ge.sy.ci.in.wo.CityReservationMaskRegistry/]: City worldgen structure hook reached planned owner chunk 171,14 for agricultural_west_belt_connectivity_019 (geomantia:city/stubbs/agriculture/farm_storage_house_01)
[01:50:38] [Worker-Main-22/INFO] [co.ri.ge.sy.ci.in.wo.CityReservationMaskRegistry/]: City planned structures matched chunk 171,14: 1
[01:50:38] [Worker-Main-22/INFO] [co.ri.ge.sy.ci.in.wo.CityReservationMaskRegistry/]: City worldgen structure hook reached planned owner chunk 172,14 for agricultural_west_belt_connectivity_019 (geomantia:city/stubbs/agriculture/farm_storage_house_01)
[01:50:38] [Worker-Main-22/INFO] [co.ri.ge.sy.ci.in.wo.CityReservationMaskRegistry/]: City planned structures matched chunk 172,14: 1
[01:50:38] [Worker-Main-22/INFO] [co.ri.ge.sy.ci.in.wo.CityReservationMaskRegistry/]: City worldgen structure hook reached planned owner chunk 174,14 for agricultural_west_belt_connectivity_024 (geomantia:city/stubbs/agriculture/farm_storage_house_01)
[01:50:38] [Worker-Main-22/INFO] [co.ri.ge.sy.ci.in.wo.CityReservationMaskRegistry/]: City planned structures matched chunk 174,14: 1
[01:50:38] [Worker-Main-22/INFO] [co.ri.ge.sy.ci.in.wo.CityReservationMaskRegistry/]: City worldgen structure hook reached planned owner chunk 175,14 for agricultural_west_belt_connectivity_024 (geomantia:city/stubbs/agriculture/farm_storage_house_01)
[01:50:38] [Worker-Main-22/INFO] [co.ri.ge.sy.ci.in.wo.CityReservationMaskRegistry/]: City planned structures matched chunk 175,14: 1
[01:50:38] [Worker-Main-37/INFO] [co.ri.ge.sy.ci.in.wo.CityReservationMaskRegistry/]: City worldgen structure hook reached planned owner chunk 180,17 for agricultural_west_belt_connectivity_022 (geomantia:city/stubbs/agriculture/farm_storage_house_01)
[01:50:38] [Worker-Main-37/INFO] [co.ri.ge.sy.ci.in.wo.CityReservationMaskRegistry/]: City worldgen structure hook reached planned owner chunk 180,17 for agricultural_west_belt_connectivity_022 (geomantia:city/stubbs/agriculture/farm_storage_house_01)
[01:50:38] [Worker-Main-37/INFO] [co.ri.ge.sy.ci.in.wo.CityReservationMaskRegistry/]: City planned structures matched chunk 180,17: 1
[01:50:38] [Worker-Main-37/INFO] [co.ri.ge.sy.ci.in.wo.MinecraftCityWorldgenStructurePlacer/]: Injected City template terrain StructureStart agricultural_west_belt_connectivity_022 geomantia:city/stubbs/agriculture/farm_storage_house_01 at 180,17 with datum 107
[01:50:38] [Worker-Main-23/INFO] [co.ri.ge.sy.ci.in.wo.CityReservationMaskRegistry/]: City worldgen structure hook reached planned owner chunk 180,18 for agricultural_west_belt_connectivity_022 (geomantia:city/stubbs/agriculture/farm_storage_house_01)
[01:50:38] [Worker-Main-23/INFO] [co.ri.ge.sy.ci.in.wo.CityReservationMaskRegistry/]: City planned structures matched chunk 180,18: 1
[01:50:38] [Worker-Main-23/INFO] [co.ri.ge.sy.ci.in.wo.CityReservationMaskRegistry/]: City worldgen structure hook reached planned owner chunk 180,19 for agricultural_west_belt_connectivity_022 (geomantia:city/stubbs/agriculture/farm_storage_house_01)
[01:50:38] [Worker-Main-23/INFO] [co.ri.ge.sy.ci.in.wo.CityReservationMaskRegistry/]: City planned structures matched chunk 180,19: 1
[01:50:38] [Worker-Main-23/INFO] [co.ri.ge.sy.ci.in.wo.CityReservationMaskRegistry/]: City worldgen structure hook reached planned owner chunk 180,23 for agricultural_west_belt_connectivity_023 (geomantia:city/stubbs/agriculture/farm_storage_house_01)
[01:50:38] [Worker-Main-23/INFO] [co.ri.ge.sy.ci.in.wo.CityReservationMaskRegistry/]: City planned structures matched chunk 180,23: 1
[01:50:38] [Worker-Main-23/INFO] [co.ri.ge.sy.ci.in.wo.MinecraftCityWorldgenStructurePlacer/]: Injected City template terrain StructureStart agricultural_west_belt_connectivity_023 geomantia:city/stubbs/agriculture/farm_storage_house_01 at 180,23 with datum 106
[01:50:38] [Worker-Main-18/INFO] [co.ri.ge.sy.ci.in.wo.CityReservationMaskRegistry/]: City worldgen structure hook reached planned owner chunk 180,22 for civic_market_core_connectivity_006 (geomantia:city/stubbs/commercial/town_workshop_01)
[01:50:38] [Worker-Main-18/INFO] [co.ri.ge.sy.ci.in.wo.CityReservationMaskRegistry/]: City planned structures matched chunk 180,22: 1
[01:50:38] [Worker-Main-18/INFO] [co.ri.ge.sy.ci.in.wo.MinecraftCityWorldgenStructurePlacer/]: Injected City template terrain StructureStart civic_market_core_connectivity_006 geomantia:city/stubbs/commercial/town_workshop_01 at 180,22 with datum 107
[01:50:38] [Worker-Main-17/INFO] [co.ri.ge.sy.ci.in.wo.CityReservationMaskRegistry/]: City worldgen structure hook reached planned owner chunk 180,24 for agricultural_west_belt_connectivity_023 (geomantia:city/stubbs/agriculture/farm_storage_house_01)
[01:50:38] [Worker-Main-17/INFO] [co.ri.ge.sy.ci.in.wo.CityReservationMaskRegistry/]: City worldgen structure hook reached planned owner chunk 180,24 for agricultural_west_belt_connectivity_023 (geomantia:city/stubbs/agriculture/farm_storage_house_01)
[01:50:38] [Worker-Main-17/INFO] [co.ri.ge.sy.ci.in.wo.CityReservationMaskRegistry/]: City planned structures matched chunk 180,24: 1
[01:50:38] [Worker-Main-17/INFO] [co.ri.ge.sy.ci.in.wo.CityReservationMaskRegistry/]: City worldgen structure hook reached planned owner chunk 180,25 for agricultural_west_belt_connectivity_023 (geomantia:city/stubbs/agriculture/farm_storage_house_01)
[01:50:38] [Worker-Main-17/INFO] [co.ri.ge.sy.ci.in.wo.CityReservationMaskRegistry/]: City planned structures matched chunk 180,25: 1
[01:50:38] [Worker-Main-38/INFO] [co.ri.ge.sy.ci.in.wo.CityReservationMaskRegistry/]: City worldgen structure hook reached planned owner chunk 180,32 for artisan_industry_quarter_connectivity_006 (geomantia:city/stubbs/commercial/general_store_01)
[01:50:38] [Worker-Main-38/INFO] [co.ri.ge.sy.ci.in.wo.CityReservationMaskRegistry/]: City planned structures matched chunk 180,32: 1
[01:50:38] [Worker-Main-5/INFO] [co.ri.ge.sy.ci.in.wo.CityReservationMaskRegistry/]: City worldgen structure hook reached planned owner chunk 180,33 for artisan_industry_quarter_connectivity_006 (geomantia:city/stubbs/commercial/general_store_01)
[01:50:38] [Worker-Main-5/INFO] [co.ri.ge.sy.ci.in.wo.CityReservationMaskRegistry/]: City planned structures matched chunk 180,33: 1
[01:50:38] [Worker-Main-14/INFO] [co.ri.ge.sy.ci.in.wo.CityReservationMaskRegistry/]: City worldgen structure hook reached planned owner chunk 158,22 for agricultural_west_belt_connectivity_010 (geomantia:city/stubbs/agriculture/farm_storage_house_01)
[01:50:38] [Worker-Main-14/INFO] [co.ri.ge.sy.ci.in.wo.CityReservationMaskRegistry/]: City planned structures matched chunk 158,22: 1
[01:50:38] [Worker-Main-14/INFO] [co.ri.ge.sy.ci.in.wo.MinecraftCityWorldgenStructurePlacer/]: Injected City template terrain StructureStart agricultural_west_belt_connectivity_010 geomantia:city/stubbs/agriculture/farm_storage_house_01 at 158,22 with datum 102
[01:50:38] [Worker-Main-17/INFO] [co.ri.ge.sy.ci.in.wo.CityReservationMaskRegistry/]: City worldgen structure hook reached planned owner chunk 158,23 for agricultural_west_belt_connectivity_010 (geomantia:city/stubbs/agriculture/farm_storage_house_01)
[01:50:38] [Worker-Main-17/INFO] [co.ri.ge.sy.ci.in.wo.CityReservationMaskRegistry/]: City planned structures matched chunk 158,23: 1
[01:50:38] [Worker-Main-17/INFO] [co.ri.ge.sy.ci.in.wo.CityReservationMaskRegistry/]: City worldgen structure hook reached planned owner chunk 158,24 for agricultural_west_belt_connectivity_010 (geomantia:city/stubbs/agriculture/farm_storage_house_01)
[01:50:38] [Worker-Main-17/INFO] [co.ri.ge.sy.ci.in.wo.CityReservationMaskRegistry/]: City worldgen structure hook reached planned owner chunk 158,24 for agricultural_west_belt_connectivity_010 (geomantia:city/stubbs/agriculture/farm_storage_house_01)
[01:50:38] [Worker-Main-17/INFO] [co.ri.ge.sy.ci.in.wo.CityReservationMaskRegistry/]: City planned structures matched chunk 158,24: 1
[01:50:38] [Worker-Main-17/INFO] [co.ri.ge.sy.ci.in.wo.CityReservationMaskRegistry/]: City worldgen structure hook reached planned owner chunk 158,26 for agricultural_west_belt_connectivity_008 (geomantia:city/stubbs/agriculture/farm_storage_house_01)
[01:50:38] [Worker-Main-17/INFO] [co.ri.ge.sy.ci.in.wo.CityReservationMaskRegistry/]: City planned structures matched chunk 158,26: 1
[01:50:38] [Worker-Main-17/INFO] [co.ri.ge.sy.ci.in.wo.MinecraftCityWorldgenStructurePlacer/]: Injected City template terrain StructureStart agricultural_west_belt_connectivity_008 geomantia:city/stubbs/agriculture/farm_storage_house_01 at 158,26 with datum 103
[01:50:38] [Worker-Main-38/INFO] [co.ri.ge.sy.ci.in.wo.CityReservationMaskRegistry/]: City worldgen structure hook reached planned owner chunk 158,27 for agricultural_west_belt_connectivity_008 (geomantia:city/stubbs/agriculture/farm_storage_house_01)
[01:50:38] [Worker-Main-38/INFO] [co.ri.ge.sy.ci.in.wo.CityReservationMaskRegistry/]: City planned structures matched chunk 158,27: 1
[01:50:38] [Worker-Main-18/INFO] [co.ri.ge.sy.ci.in.wo.CityReservationMaskRegistry/]: City worldgen structure hook reached planned owner chunk 158,30 for agricultural_west_belt_connectivity_009 (geomantia:city/stubbs/agriculture/farm_storage_house_01)
[01:50:38] [Worker-Main-18/INFO] [co.ri.ge.sy.ci.in.wo.CityReservationMaskRegistry/]: City planned structures matched chunk 158,30: 1
[01:50:38] [Worker-Main-18/INFO] [co.ri.ge.sy.ci.in.wo.CityReservationMaskRegistry/]: City worldgen structure hook reached planned owner chunk 158,29 for agricultural_west_belt_connectivity_009 (geomantia:city/stubbs/agriculture/farm_storage_house_01)
[01:50:38] [Worker-Main-18/INFO] [co.ri.ge.sy.ci.in.wo.CityReservationMaskRegistry/]: City planned structures matched chunk 158,29: 1
[01:50:38] [Worker-Main-18/INFO] [co.ri.ge.sy.ci.in.wo.MinecraftCityWorldgenStructurePlacer/]: Injected City template terrain StructureStart agricultural_west_belt_connectivity_009 geomantia:city/stubbs/agriculture/farm_storage_house_01 at 158,29 with datum 104
[01:50:38] [Worker-Main-18/INFO] [co.ri.ge.sy.ci.in.wo.CityReservationMaskRegistry/]: City worldgen structure hook reached planned owner chunk 158,31 for agricultural_west_belt_connectivity_012 (geomantia:city/stubbs/agriculture/farm_storage_house_01)
[01:50:38] [Worker-Main-18/INFO] [co.ri.ge.sy.ci.in.wo.CityReservationMaskRegistry/]: City planned structures matched chunk 158,31: 1
[01:50:38] [Worker-Main-18/INFO] [co.ri.ge.sy.ci.in.wo.MinecraftCityWorldgenStructurePlacer/]: Injected City template terrain StructureStart agricultural_west_belt_connectivity_012 geomantia:city/stubbs/agriculture/farm_storage_house_01 at 158,31 with datum 104
[01:50:38] [Worker-Main-19/INFO] [co.ri.ge.sy.ci.in.wo.CityReservationMaskRegistry/]: City worldgen structure hook reached planned owner chunk 158,32 for agricultural_west_belt_connectivity_012 (geomantia:city/stubbs/agriculture/farm_storage_house_01)
[01:50:38] [Worker-Main-19/INFO] [co.ri.ge.sy.ci.in.wo.CityReservationMaskRegistry/]: City planned structures matched chunk 158,32: 1
[01:50:38] [Worker-Main-38/INFO] [co.ri.ge.sy.ci.in.wo.CityReservationMaskRegistry/]: City worldgen structure hook reached planned owner chunk 158,33 for agricultural_west_belt_connectivity_012 (geomantia:city/stubbs/agriculture/farm_storage_house_01)
[01:50:38] [Worker-Main-38/INFO] [co.ri.ge.sy.ci.in.wo.CityReservationMaskRegistry/]: City planned structures matched chunk 158,33: 1
[01:50:38] [Worker-Main-44/INFO] [co.ri.ge.sy.ci.in.wo.CityReservationMaskRegistry/]: City worldgen structure hook reached planned owner chunk 165,13 for agricultural_west_belt_connectivity_017 (geomantia:city/stubbs/agriculture/farm_storage_house_01)
[01:50:38] [Worker-Main-44/INFO] [co.ri.ge.sy.ci.in.wo.CityReservationMaskRegistry/]: City planned structures matched chunk 165,13: 1
[01:50:38] [Worker-Main-7/INFO] [co.ri.ge.sy.ci.in.wo.CityReservationMaskRegistry/]: City worldgen structure hook reached planned owner chunk 166,13 for agricultural_west_belt_connectivity_017 (geomantia:city/stubbs/agriculture/farm_storage_house_01)
[01:50:38] [Worker-Main-7/INFO] [co.ri.ge.sy.ci.in.wo.CityReservationMaskRegistry/]: City planned structures matched chunk 166,13: 1
[01:50:38] [Worker-Main-7/INFO] [co.ri.ge.sy.ci.in.wo.CityReservationMaskRegistry/]: City worldgen structure hook reached planned owner chunk 168,13 for agricultural_west_belt_connectivity_018 (geomantia:city/stubbs/agriculture/farm_storage_house_01)
[01:50:38] [Worker-Main-7/INFO] [co.ri.ge.sy.ci.in.wo.CityReservationMaskRegistry/]: City planned structures matched chunk 168,13: 1
[01:50:38] [Worker-Main-7/INFO] [co.ri.ge.sy.ci.in.wo.CityReservationMaskRegistry/]: City worldgen structure hook reached planned owner chunk 169,13 for agricultural_west_belt_connectivity_018 (geomantia:city/stubbs/agriculture/farm_storage_house_01)
[01:50:38] [Worker-Main-7/INFO] [co.ri.ge.sy.ci.in.wo.CityReservationMaskRegistry/]: City planned structures matched chunk 169,13: 1
[01:50:38] [Worker-Main-7/INFO] [co.ri.ge.sy.ci.in.wo.CityReservationMaskRegistry/]: City worldgen structure hook reached planned owner chunk 171,13 for agricultural_west_belt_connectivity_019 (geomantia:city/stubbs/agriculture/farm_storage_house_01)
[01:50:38] [Worker-Main-7/INFO] [co.ri.ge.sy.ci.in.wo.CityReservationMaskRegistry/]: City planned structures matched chunk 171,13: 1
[01:50:38] [Worker-Main-7/INFO] [co.ri.ge.sy.ci.in.wo.MinecraftCityWorldgenStructurePlacer/]: Injected City template terrain StructureStart agricultural_west_belt_connectivity_019 geomantia:city/stubbs/agriculture/farm_storage_house_01 at 171,13 with datum 105
[01:50:38] [Worker-Main-4/INFO] [co.ri.ge.sy.ci.in.wo.CityReservationMaskRegistry/]: City worldgen structure hook reached planned owner chunk 172,13 for agricultural_west_belt_connectivity_019 (geomantia:city/stubbs/agriculture/farm_storage_house_01)
[01:50:38] [Worker-Main-4/INFO] [co.ri.ge.sy.ci.in.wo.CityReservationMaskRegistry/]: City planned structures matched chunk 172,13: 1
[01:50:38] [Worker-Main-4/INFO] [co.ri.ge.sy.ci.in.wo.CityReservationMaskRegistry/]: City worldgen structure hook reached planned owner chunk 174,13 for agricultural_west_belt_connectivity_024 (geomantia:city/stubbs/agriculture/farm_storage_house_01)
[01:50:38] [Worker-Main-4/INFO] [co.ri.ge.sy.ci.in.wo.CityReservationMaskRegistry/]: City planned structures matched chunk 174,13: 1
[01:50:38] [Worker-Main-4/INFO] [co.ri.ge.sy.ci.in.wo.CityReservationMaskRegistry/]: City worldgen structure hook reached planned owner chunk 175,13 for agricultural_west_belt_connectivity_024 (geomantia:city/stubbs/agriculture/farm_storage_house_01)
[01:50:38] [Worker-Main-4/INFO] [co.ri.ge.sy.ci.in.wo.CityReservationMaskRegistry/]: City planned structures matched chunk 175,13: 1
[01:50:38] [Worker-Main-11/INFO] [co.ri.ge.sy.ci.in.wo.CityReservationMaskRegistry/]: City worldgen structure hook reached planned owner chunk 181,17 for agricultural_west_belt_connectivity_022 (geomantia:city/stubbs/agriculture/farm_storage_house_01)
[01:50:38] [Worker-Main-11/INFO] [co.ri.ge.sy.ci.in.wo.CityReservationMaskRegistry/]: City planned structures matched chunk 181,17: 1
[01:50:38] [Worker-Main-11/INFO] [co.ri.ge.sy.ci.in.wo.CityReservationMaskRegistry/]: City worldgen structure hook reached planned owner chunk 181,19 for agricultural_west_belt_connectivity_022 (geomantia:city/stubbs/agriculture/farm_storage_house_01)
[01:50:38] [Worker-Main-11/INFO] [co.ri.ge.sy.ci.in.wo.CityReservationMaskRegistry/]: City worldgen structure hook reached planned owner chunk 181,19 for agricultural_west_belt_connectivity_022 (geomantia:city/stubbs/agriculture/farm_storage_house_01)
[01:50:38] [Worker-Main-11/INFO] [co.ri.ge.sy.ci.in.wo.CityReservationMaskRegistry/]: City worldgen structure hook reached planned owner chunk 181,19 for agricultural_west_belt_connectivity_022 (geomantia:city/stubbs/agriculture/farm_storage_house_01)
[01:50:38] [Worker-Main-11/INFO] [co.ri.ge.sy.ci.in.wo.CityReservationMaskRegistry/]: City planned structures matched chunk 181,19: 1
[01:50:38] [Worker-Main-11/INFO] [co.ri.ge.sy.ci.in.wo.CityReservationMaskRegistry/]: City worldgen structure hook reached planned owner chunk 181,18 for agricultural_west_belt_connectivity_022 (geomantia:city/stubbs/agriculture/farm_storage_house_01)
[01:50:38] [Worker-Main-11/INFO] [co.ri.ge.sy.ci.in.wo.CityReservationMaskRegistry/]: City planned structures matched chunk 181,18: 1
[01:50:38] [Worker-Main-11/INFO] [co.ri.ge.sy.ci.in.wo.CityReservationMaskRegistry/]: City worldgen structure hook reached planned owner chunk 181,22 for civic_market_core_connectivity_006 (geomantia:city/stubbs/commercial/town_workshop_01)
[01:50:38] [Worker-Main-11/INFO] [co.ri.ge.sy.ci.in.wo.CityReservationMaskRegistry/]: City planned structures matched chunk 181,22: 1
[01:50:38] [Worker-Main-11/INFO] [co.ri.ge.sy.ci.in.wo.CityReservationMaskRegistry/]: City worldgen structure hook reached planned owner chunk 181,24 for agricultural_west_belt_connectivity_023 (geomantia:city/stubbs/agriculture/farm_storage_house_01)
[01:50:38] [Worker-Main-11/INFO] [co.ri.ge.sy.ci.in.wo.CityReservationMaskRegistry/]: City planned structures matched chunk 181,24: 1
[01:50:38] [Worker-Main-11/INFO] [co.ri.ge.sy.ci.in.wo.CityReservationMaskRegistry/]: City worldgen structure hook reached planned owner chunk 181,23 for agricultural_west_belt_connectivity_023 (geomantia:city/stubbs/agriculture/farm_storage_house_01)
[01:50:38] [Worker-Main-11/INFO] [co.ri.ge.sy.ci.in.wo.CityReservationMaskRegistry/]: City planned structures matched chunk 181,23: 1
[01:50:38] [Worker-Main-11/INFO] [co.ri.ge.sy.ci.in.wo.CityReservationMaskRegistry/]: City worldgen structure hook reached planned owner chunk 181,25 for agricultural_west_belt_connectivity_023 (geomantia:city/stubbs/agriculture/farm_storage_house_01)
[01:50:38] [Worker-Main-11/INFO] [co.ri.ge.sy.ci.in.wo.CityReservationMaskRegistry/]: City planned structures matched chunk 181,25: 1
[01:50:38] [Worker-Main-14/INFO] [co.ri.ge.sy.ci.in.wo.CityReservationMaskRegistry/]: City worldgen structure hook reached planned owner chunk 157,28 for agricultural_west_belt_connectivity_006 (geomantia:city/stubbs/agriculture/farm_storage_house_01)
[01:50:38] [Worker-Main-14/INFO] [co.ri.ge.sy.ci.in.wo.CityReservationMaskRegistry/]: City planned structures matched chunk 157,28: 1
[01:50:38] [Worker-Main-14/INFO] [co.ri.ge.sy.ci.in.wo.CityReservationMaskRegistry/]: City worldgen structure hook reached planned owner chunk 157,29 for agricultural_west_belt_connectivity_006 (geomantia:city/stubbs/agriculture/farm_storage_house_01)
[01:50:38] [Worker-Main-14/INFO] [co.ri.ge.sy.ci.in.wo.CityReservationMaskRegistry/]: City planned structures matched chunk 157,29: 1
[01:50:38] [Worker-Main-14/INFO] [co.ri.ge.sy.ci.in.wo.CityReservationMaskRegistry/]: City worldgen structure hook reached planned owner chunk 157,30 for agricultural_west_belt_connectivity_006 (geomantia:city/stubbs/agriculture/farm_storage_house_01)
[01:50:38] [Worker-Main-14/INFO] [co.ri.ge.sy.ci.in.wo.CityReservationMaskRegistry/]: City planned structures matched chunk 157,30: 1
[01:50:39] [Worker-Main-22/INFO] [co.ri.ge.sy.ci.in.wo.CityReservationMaskRegistry/]: Recorded completed City template worldgen placement residential_west_ward_required_001 geomantia:city/stubbs/residential/household_01 after 1 owner chunks at datum 104
[01:50:39] [Server thread/INFO] [minecraft/MinecraftServer]: [Dev: 已将Dev传送至2712.500000, 450.000000, 400.500000]
[01:50:39] [Render thread/INFO] [minecraft/ChatComponent]: [System] [CHAT] 已将Dev传送至2712.500000, 450.000000, 400.500000
[01:50:39] [Worker-Main-44/INFO] [co.ri.ge.sy.ci.in.wo.CityReservationMaskRegistry/]: City worldgen structure hook reached planned owner chunk 177,37 for artisan_industry_quarter_required_001 (geomantia:city/stubbs/commercial/town_workshop_01)
[01:50:39] [Worker-Main-44/INFO] [co.ri.ge.sy.ci.in.wo.CityReservationMaskRegistry/]: City planned structures matched chunk 177,37: 1
[01:50:39] [Worker-Main-44/INFO] [co.ri.ge.sy.ci.in.wo.MinecraftCityWorldgenStructurePlacer/]: Injected City template terrain StructureStart artisan_industry_quarter_required_001 geomantia:city/stubbs/commercial/town_workshop_01 at 177,37 with datum 106
[01:50:39] [RW-Worker-3/INFO] [roadweaver/]: 粗地形区域按 tile 加载: radiusApproxChunks=256 tiles=1089 samples=1050625 step=8 maxTiles=70000
[01:50:39] [Server thread/WARN] [minecraft/MinecraftServer]: Can't keep up! Is the server overloaded? Running 2081ms or 41 ticks behind
[01:50:39] [RW-Worker-4/INFO] [roadweaver/]: 粗地形区域按 tile 加载: radiusApproxChunks=256 tiles=1089 samples=1050625 step=8 maxTiles=70000
[01:50:39] [Worker-Main-4/INFO] [co.ri.ge.sy.ci.in.wo.CityReservationMaskRegistry/]: Recorded completed City template worldgen placement artisan_industry_quarter_connectivity_013 geomantia:city/stubbs/commercial/tavern_01 after 9 owner chunks at datum 104
[01:50:40] [Worker-Main-38/INFO] [co.ri.ge.sy.ci.in.wo.CityReservationMaskRegistry/]: City worldgen structure hook reached planned owner chunk 165,12 for agricultural_west_belt_connectivity_017 (geomantia:city/stubbs/agriculture/farm_storage_house_01)
[01:50:40] [Worker-Main-38/INFO] [co.ri.ge.sy.ci.in.wo.CityReservationMaskRegistry/]: City planned structures matched chunk 165,12: 1
[01:50:40] [Worker-Main-38/INFO] [co.ri.ge.sy.ci.in.wo.MinecraftCityWorldgenStructurePlacer/]: Injected City template terrain StructureStart agricultural_west_belt_connectivity_017 geomantia:city/stubbs/agriculture/farm_storage_house_01 at 165,12 with datum 104
[01:50:40] [Worker-Main-38/INFO] [co.ri.ge.sy.ci.in.wo.CityReservationMaskRegistry/]: City worldgen structure hook reached planned owner chunk 166,12 for agricultural_west_belt_connectivity_017 (geomantia:city/stubbs/agriculture/farm_storage_house_01)
[01:50:40] [Worker-Main-38/INFO] [co.ri.ge.sy.ci.in.wo.CityReservationMaskRegistry/]: City planned structures matched chunk 166,12: 1
[01:50:40] [Worker-Main-19/INFO] [co.ri.ge.sy.ci.in.wo.CityReservationMaskRegistry/]: City worldgen structure hook reached planned owner chunk 168,12 for agricultural_west_belt_connectivity_018 (geomantia:city/stubbs/agriculture/farm_storage_house_01)
[01:50:40] [Worker-Main-19/INFO] [co.ri.ge.sy.ci.in.wo.CityReservationMaskRegistry/]: City planned structures matched chunk 168,12: 1
[01:50:40] [Worker-Main-19/INFO] [co.ri.ge.sy.ci.in.wo.MinecraftCityWorldgenStructurePlacer/]: Injected City template terrain StructureStart agricultural_west_belt_connectivity_018 geomantia:city/stubbs/agriculture/farm_storage_house_01 at 168,12 with datum 105
[01:50:40] [Worker-Main-19/INFO] [co.ri.ge.sy.ci.in.wo.CityReservationMaskRegistry/]: City worldgen structure hook reached planned owner chunk 169,12 for agricultural_west_belt_connectivity_018 (geomantia:city/stubbs/agriculture/farm_storage_house_01)
[01:50:40] [Worker-Main-19/INFO] [co.ri.ge.sy.ci.in.wo.CityReservationMaskRegistry/]: City planned structures matched chunk 169,12: 1
[01:50:40] [Worker-Main-19/INFO] [co.ri.ge.sy.ci.in.wo.CityReservationMaskRegistry/]: City worldgen structure hook reached planned owner chunk 174,12 for agricultural_west_belt_connectivity_024 (geomantia:city/stubbs/agriculture/farm_storage_house_01)
[01:50:40] [Worker-Main-19/INFO] [co.ri.ge.sy.ci.in.wo.CityReservationMaskRegistry/]: City planned structures matched chunk 174,12: 1
[01:50:40] [Worker-Main-19/INFO] [co.ri.ge.sy.ci.in.wo.MinecraftCityWorldgenStructurePlacer/]: Injected City template terrain StructureStart agricultural_west_belt_connectivity_024 geomantia:city/stubbs/agriculture/farm_storage_house_01 at 174,12 with datum 106
[01:50:40] [Worker-Main-22/INFO] [co.ri.ge.sy.ci.in.wo.CityReservationMaskRegistry/]: City worldgen structure hook reached planned owner chunk 175,12 for agricultural_west_belt_connectivity_024 (geomantia:city/stubbs/agriculture/farm_storage_house_01)
[01:50:40] [Worker-Main-22/INFO] [co.ri.ge.sy.ci.in.wo.CityReservationMaskRegistry/]: City worldgen structure hook reached planned owner chunk 175,12 for agricultural_west_belt_connectivity_024 (geomantia:city/stubbs/agriculture/farm_storage_house_01)
[01:50:40] [Worker-Main-22/INFO] [co.ri.ge.sy.ci.in.wo.CityReservationMaskRegistry/]: City planned structures matched chunk 175,12: 1
[01:50:40] [Worker-Main-5/INFO] [co.ri.ge.sy.ci.in.wo.CityReservationMaskRegistry/]: City worldgen structure hook reached planned owner chunk 182,29 for civic_market_core_connectivity_005 (geomantia:city/stubbs/commercial/tavern_01)
[01:50:40] [Worker-Main-5/INFO] [co.ri.ge.sy.ci.in.wo.CityReservationMaskRegistry/]: City planned structures matched chunk 182,29: 1
[01:50:40] [Worker-Main-5/INFO] [co.ri.ge.sy.ci.in.wo.CityReservationMaskRegistry/]: City worldgen structure hook reached planned owner chunk 182,27 for civic_market_core_connectivity_005 (geomantia:city/stubbs/commercial/tavern_01)
[01:50:40] [Worker-Main-5/INFO] [co.ri.ge.sy.ci.in.wo.CityReservationMaskRegistry/]: City planned structures matched chunk 182,27: 1
[01:50:40] [Worker-Main-5/INFO] [co.ri.ge.sy.ci.in.wo.MinecraftCityWorldgenStructurePlacer/]: Injected City template terrain StructureStart civic_market_core_connectivity_005 geomantia:city/stubbs/commercial/tavern_01 at 182,27 with datum 106
[01:50:40] [Worker-Main-21/INFO] [co.ri.ge.sy.ci.in.wo.CityReservationMaskRegistry/]: City worldgen structure hook reached planned owner chunk 182,28 for civic_market_core_connectivity_005 (geomantia:city/stubbs/commercial/tavern_01)
[01:50:40] [Worker-Main-21/INFO] [co.ri.ge.sy.ci.in.wo.CityReservationMaskRegistry/]: City planned structures matched chunk 182,28: 1
[01:50:41] [Worker-Main-37/INFO] [co.ri.ge.sy.ci.in.wo.CityReservationMaskRegistry/]: City worldgen structure hook reached planned owner chunk 156,25 for agricultural_west_belt_connectivity_004 (geomantia:city/stubbs/agriculture/farm_storage_house_01)
[01:50:41] [Worker-Main-37/INFO] [co.ri.ge.sy.ci.in.wo.CityReservationMaskRegistry/]: City planned structures matched chunk 156,25: 1
[01:50:41] [Worker-Main-37/INFO] [co.ri.ge.sy.ci.in.wo.CityReservationMaskRegistry/]: City worldgen structure hook reached planned owner chunk 156,26 for agricultural_west_belt_connectivity_004 (geomantia:city/stubbs/agriculture/farm_storage_house_01)
[01:50:41] [Worker-Main-37/INFO] [co.ri.ge.sy.ci.in.wo.CityReservationMaskRegistry/]: City planned structures matched chunk 156,26: 1
[01:50:41] [Worker-Main-44/INFO] [co.ri.ge.sy.ci.in.wo.CityReservationMaskRegistry/]: City worldgen structure hook reached planned owner chunk 156,27 for agricultural_west_belt_connectivity_004 (geomantia:city/stubbs/agriculture/farm_storage_house_01)
[01:50:41] [Worker-Main-44/INFO] [co.ri.ge.sy.ci.in.wo.CityReservationMaskRegistry/]: City planned structures matched chunk 156,27: 1
[01:50:41] [Worker-Main-44/INFO] [co.ri.ge.sy.ci.in.wo.CityReservationMaskRegistry/]: City worldgen structure hook reached planned owner chunk 156,28 for agricultural_west_belt_connectivity_006 (geomantia:city/stubbs/agriculture/farm_storage_house_01)
[01:50:41] [Worker-Main-44/INFO] [co.ri.ge.sy.ci.in.wo.CityReservationMaskRegistry/]: City planned structures matched chunk 156,28: 1
[01:50:41] [Worker-Main-44/INFO] [co.ri.ge.sy.ci.in.wo.MinecraftCityWorldgenStructurePlacer/]: Injected City template terrain StructureStart agricultural_west_belt_connectivity_006 geomantia:city/stubbs/agriculture/farm_storage_house_01 at 156,28 with datum 103
[01:50:41] [Worker-Main-17/INFO] [co.ri.ge.sy.ci.in.wo.CityReservationMaskRegistry/]: City worldgen structure hook reached planned owner chunk 156,29 for agricultural_west_belt_connectivity_006 (geomantia:city/stubbs/agriculture/farm_storage_house_01)
[01:50:41] [Worker-Main-17/INFO] [co.ri.ge.sy.ci.in.wo.CityReservationMaskRegistry/]: City planned structures matched chunk 156,29: 1
[01:50:41] [Worker-Main-17/INFO] [co.ri.ge.sy.ci.in.wo.CityReservationMaskRegistry/]: City worldgen structure hook reached planned owner chunk 156,30 for agricultural_west_belt_connectivity_006 (geomantia:city/stubbs/agriculture/farm_storage_house_01)
[01:50:41] [Worker-Main-17/INFO] [co.ri.ge.sy.ci.in.wo.CityReservationMaskRegistry/]: City planned structures matched chunk 156,30: 1
[01:50:41] [Worker-Main-38/INFO] [co.ri.ge.sy.ci.in.wo.CityReservationMaskRegistry/]: Recorded completed City template worldgen placement residential_west_ward_connectivity_009 geomantia:city/stubbs/residential/household_01 after 2 owner chunks at datum 104
[01:50:42] [Worker-Main-44/INFO] [co.ri.ge.sy.ci.in.wo.CityReservationMaskRegistry/]: Recorded completed City template worldgen placement residential_west_ward_required_002 geomantia:city/stubbs/residential/household_02 after 2 owner chunks at datum 104
[01:50:42] [Worker-Main-22/INFO] [co.ri.ge.sy.ci.in.wo.CityReservationMaskRegistry/]: Recorded completed City template worldgen placement residential_west_ward_connectivity_010 geomantia:city/stubbs/residential/household_02 after 2 owner chunks at datum 104
[01:50:42] [Worker-Main-21/INFO] [co.ri.ge.sy.ci.in.wo.CityReservationMaskRegistry/]: Recorded completed City template worldgen placement artisan_industry_quarter_connectivity_012 geomantia:city/stubbs/commercial/general_store_01 after 4 owner chunks at datum 104
[01:50:42] [Worker-Main-21/INFO] [co.ri.ge.sy.ci.in.wo.CityReservationMaskRegistry/]: City worldgen structure hook reached planned owner chunk 183,17 for agricultural_west_belt_connectivity_025 (geomantia:city/stubbs/agriculture/farm_storage_house_01)
[01:50:42] [Worker-Main-21/INFO] [co.ri.ge.sy.ci.in.wo.CityReservationMaskRegistry/]: City planned structures matched chunk 183,17: 1
[01:50:42] [Worker-Main-21/INFO] [co.ri.ge.sy.ci.in.wo.MinecraftCityWorldgenStructurePlacer/]: Injected City template terrain StructureStart agricultural_west_belt_connectivity_025 geomantia:city/stubbs/agriculture/farm_storage_house_01 at 183,17 with datum 108
[01:50:42] [Worker-Main-11/INFO] [co.ri.ge.sy.ci.in.wo.CityReservationMaskRegistry/]: City worldgen structure hook reached planned owner chunk 183,18 for agricultural_west_belt_connectivity_025 (geomantia:city/stubbs/agriculture/farm_storage_house_01)
[01:50:42] [Worker-Main-11/INFO] [co.ri.ge.sy.ci.in.wo.CityReservationMaskRegistry/]: City planned structures matched chunk 183,18: 1
[01:50:42] [Worker-Main-11/INFO] [co.ri.ge.sy.ci.in.wo.CityReservationMaskRegistry/]: City worldgen structure hook reached planned owner chunk 183,19 for agricultural_west_belt_connectivity_025 (geomantia:city/stubbs/agriculture/farm_storage_house_01)
[01:50:42] [Worker-Main-11/INFO] [co.ri.ge.sy.ci.in.wo.CityReservationMaskRegistry/]: City planned structures matched chunk 183,19: 1
[01:50:42] [Worker-Main-1/INFO] [co.ri.ge.sy.ci.in.wo.CityReservationMaskRegistry/]: City worldgen structure hook reached planned owner chunk 183,21 for residential_east_ward_fill_003 (geomantia:city/stubbs/residential/household_01)
[01:50:42] [Worker-Main-1/INFO] [co.ri.ge.sy.ci.in.wo.CityReservationMaskRegistry/]: City planned structures matched chunk 183,21: 1
[01:50:42] [Worker-Main-1/INFO] [co.ri.ge.sy.ci.in.wo.MinecraftCityWorldgenStructurePlacer/]: Injected City template terrain StructureStart residential_east_ward_fill_003 geomantia:city/stubbs/residential/household_01 at 183,21 with datum 107
[01:50:42] [Worker-Main-1/INFO] [co.ri.ge.sy.ci.in.wo.CityReservationMaskRegistry/]: City worldgen structure hook reached planned owner chunk 183,23 for residential_east_ward_required_001 (geomantia:city/stubbs/residential/household_02)
[01:50:42] [Worker-Main-1/INFO] [co.ri.ge.sy.ci.in.wo.CityReservationMaskRegistry/]: City planned structures matched chunk 183,23: 1
[01:50:42] [Worker-Main-1/INFO] [co.ri.ge.sy.ci.in.wo.MinecraftCityWorldgenStructurePlacer/]: Injected City template terrain StructureStart residential_east_ward_required_001 geomantia:city/stubbs/residential/household_02 at 183,23 with datum 107
[01:50:42] [Worker-Main-22/INFO] [co.ri.ge.sy.ci.in.wo.CityReservationMaskRegistry/]: City worldgen structure hook reached planned owner chunk 183,25 for civic_market_core_connectivity_007 (geomantia:city/stubbs/commercial/general_store_01)
[01:50:42] [Worker-Main-22/INFO] [co.ri.ge.sy.ci.in.wo.CityReservationMaskRegistry/]: City worldgen structure hook reached planned owner chunk 183,25 for civic_market_core_connectivity_007 (geomantia:city/stubbs/commercial/general_store_01)
[01:50:42] [Worker-Main-22/INFO] [co.ri.ge.sy.ci.in.wo.CityReservationMaskRegistry/]: City worldgen structure hook reached planned owner chunk 183,25 for civic_market_core_connectivity_007 (geomantia:city/stubbs/commercial/general_store_01)
[01:50:42] [Worker-Main-22/INFO] [co.ri.ge.sy.ci.in.wo.CityReservationMaskRegistry/]: City planned structures matched chunk 183,25: 1
[01:50:42] [Worker-Main-22/INFO] [co.ri.ge.sy.ci.in.wo.MinecraftCityWorldgenStructurePlacer/]: Injected City template terrain StructureStart civic_market_core_connectivity_007 geomantia:city/stubbs/commercial/general_store_01 at 183,25 with datum 107
[01:50:42] [Worker-Main-21/INFO] [co.ri.ge.sy.ci.in.wo.CityReservationMaskRegistry/]: City worldgen structure hook reached planned owner chunk 183,26 for civic_market_core_connectivity_007 (geomantia:city/stubbs/commercial/general_store_01)
[01:50:42] [Worker-Main-21/INFO] [co.ri.ge.sy.ci.in.wo.CityReservationMaskRegistry/]: City planned structures matched chunk 183,26: 1
[01:50:42] [Worker-Main-21/INFO] [co.ri.ge.sy.ci.in.wo.CityReservationMaskRegistry/]: City worldgen structure hook reached planned owner chunk 183,27 for civic_market_core_connectivity_005 (geomantia:city/stubbs/commercial/tavern_01)
[01:50:42] [Worker-Main-21/INFO] [co.ri.ge.sy.ci.in.wo.CityReservationMaskRegistry/]: City planned structures matched chunk 183,27: 1
[01:50:42] [Worker-Main-1/INFO] [co.ri.ge.sy.ci.in.wo.CityReservationMaskRegistry/]: City worldgen structure hook reached planned owner chunk 183,28 for civic_market_core_connectivity_005 (geomantia:city/stubbs/commercial/tavern_01)
[01:50:42] [Worker-Main-1/INFO] [co.ri.ge.sy.ci.in.wo.CityReservationMaskRegistry/]: City planned structures matched chunk 183,28: 1
[01:50:42] [Worker-Main-1/INFO] [co.ri.ge.sy.ci.in.wo.CityReservationMaskRegistry/]: City worldgen structure hook reached planned owner chunk 183,29 for civic_market_core_connectivity_005 (geomantia:city/stubbs/commercial/tavern_01)
[01:50:42] [Worker-Main-1/INFO] [co.ri.ge.sy.ci.in.wo.CityReservationMaskRegistry/]: City planned structures matched chunk 183,29: 1
[01:50:43] [Worker-Main-21/INFO] [co.ri.ge.sy.ci.in.wo.CityReservationMaskRegistry/]: Recorded completed City template worldgen placement artisan_industry_quarter_connectivity_009 geomantia:city/stubbs/commercial/general_store_01 after 4 owner chunks at datum 104
[01:50:43] [Worker-Main-21/INFO] [co.ri.ge.sy.ci.in.wo.CityReservationMaskRegistry/]: Recorded completed City template worldgen placement residential_west_ward_connectivity_003 geomantia:city/stubbs/residential/household_01 after 4 owner chunks at datum 104
[01:50:43] [Worker-Main-21/INFO] [co.ri.ge.sy.ci.in.wo.CityReservationMaskRegistry/]: Recorded completed City template worldgen placement artisan_industry_quarter_connectivity_010 geomantia:city/stubbs/commercial/tavern_01 after 6 owner chunks at datum 104
[01:50:43] [Worker-Main-21/INFO] [co.ri.ge.sy.ci.in.wo.CityReservationMaskRegistry/]: Recorded completed City template worldgen placement residential_west_ward_connectivity_004 geomantia:city/stubbs/residential/household_02 after 4 owner chunks at datum 104
[01:50:43] [Worker-Main-19/INFO] [co.ri.ge.sy.ci.in.wo.CityReservationMaskRegistry/]: City worldgen structure hook reached planned owner chunk 155,25 for agricultural_west_belt_connectivity_004 (geomantia:city/stubbs/agriculture/farm_storage_house_01)
[01:50:43] [Worker-Main-19/INFO] [co.ri.ge.sy.ci.in.wo.CityReservationMaskRegistry/]: City planned structures matched chunk 155,25: 1
[01:50:43] [Worker-Main-1/INFO] [co.ri.ge.sy.ci.in.wo.CityReservationMaskRegistry/]: City worldgen structure hook reached planned owner chunk 155,26 for agricultural_west_belt_connectivity_004 (geomantia:city/stubbs/agriculture/farm_storage_house_01)
[01:50:43] [Worker-Main-1/INFO] [co.ri.ge.sy.ci.in.wo.CityReservationMaskRegistry/]: City planned structures matched chunk 155,26: 1
[01:50:43] [Worker-Main-1/INFO] [co.ri.ge.sy.ci.in.wo.CityReservationMaskRegistry/]: City worldgen structure hook reached planned owner chunk 155,27 for agricultural_west_belt_connectivity_004 (geomantia:city/stubbs/agriculture/farm_storage_house_01)
[01:50:43] [Worker-Main-1/INFO] [co.ri.ge.sy.ci.in.wo.CityReservationMaskRegistry/]: City planned structures matched chunk 155,27: 1
[01:50:44] [Worker-Main-44/INFO] [co.ri.ge.sy.ci.in.wo.CityReservationMaskRegistry/]: Recorded completed City template worldgen placement residential_west_ward_connectivity_012 geomantia:city/stubbs/residential/household_01 after 4 owner chunks at datum 104
[01:50:44] [Worker-Main-18/INFO] [co.ri.ge.sy.ci.in.wo.CityReservationMaskRegistry/]: City worldgen structure hook reached planned owner chunk 154,25 for agricultural_west_belt_connectivity_004 (geomantia:city/stubbs/agriculture/farm_storage_house_01)
[01:50:44] [Worker-Main-18/INFO] [co.ri.ge.sy.ci.in.wo.CityReservationMaskRegistry/]: City planned structures matched chunk 154,25: 1
[01:50:44] [Worker-Main-18/INFO] [co.ri.ge.sy.ci.in.wo.MinecraftCityWorldgenStructurePlacer/]: Injected City template terrain StructureStart agricultural_west_belt_connectivity_004 geomantia:city/stubbs/agriculture/farm_storage_house_01 at 154,25 with datum 100
[01:50:44] [Worker-Main-18/INFO] [co.ri.ge.sy.ci.in.wo.CityReservationMaskRegistry/]: City worldgen structure hook reached planned owner chunk 154,26 for agricultural_west_belt_connectivity_004 (geomantia:city/stubbs/agriculture/farm_storage_house_01)
[01:50:44] [Worker-Main-18/INFO] [co.ri.ge.sy.ci.in.wo.CityReservationMaskRegistry/]: City planned structures matched chunk 154,26: 1
[01:50:44] [Worker-Main-18/INFO] [co.ri.ge.sy.ci.in.wo.CityReservationMaskRegistry/]: City worldgen structure hook reached planned owner chunk 154,27 for agricultural_west_belt_connectivity_004 (geomantia:city/stubbs/agriculture/farm_storage_house_01)
[01:50:44] [Worker-Main-18/INFO] [co.ri.ge.sy.ci.in.wo.CityReservationMaskRegistry/]: City planned structures matched chunk 154,27: 1
[01:50:45] [Worker-Main-14/INFO] [co.ri.ge.sy.ci.in.wo.CityReservationMaskRegistry/]: Recorded completed City template worldgen placement agricultural_west_belt_connectivity_016 geomantia:city/stubbs/agriculture/farm_storage_house_01 after 6 owner chunks at datum 96
[01:50:45] [Worker-Main-14/INFO] [co.ri.ge.sy.ci.in.wo.CityReservationMaskRegistry/]: Recorded completed City template worldgen placement residential_west_ward_connectivity_013 geomantia:city/stubbs/residential/household_02 after 4 owner chunks at datum 104
[01:50:45] [Worker-Main-11/INFO] [co.ri.ge.sy.ci.in.wo.CityReservationMaskRegistry/]: City worldgen structure hook reached planned owner chunk 184,17 for agricultural_west_belt_connectivity_025 (geomantia:city/stubbs/agriculture/farm_storage_house_01)
[01:50:45] [Worker-Main-11/INFO] [co.ri.ge.sy.ci.in.wo.CityReservationMaskRegistry/]: City worldgen structure hook reached planned owner chunk 184,17 for agricultural_west_belt_connectivity_025 (geomantia:city/stubbs/agriculture/farm_storage_house_01)
[01:50:45] [Worker-Main-11/INFO] [co.ri.ge.sy.ci.in.wo.CityReservationMaskRegistry/]: City worldgen structure hook reached planned owner chunk 184,17 for agricultural_west_belt_connectivity_025 (geomantia:city/stubbs/agriculture/farm_storage_house_01)
[01:50:45] [Worker-Main-11/INFO] [co.ri.ge.sy.ci.in.wo.CityReservationMaskRegistry/]: City planned structures matched chunk 184,17: 1
[01:50:45] [Worker-Main-11/INFO] [co.ri.ge.sy.ci.in.wo.CityReservationMaskRegistry/]: City worldgen structure hook reached planned owner chunk 184,18 for agricultural_west_belt_connectivity_025 (geomantia:city/stubbs/agriculture/farm_storage_house_01)
[01:50:45] [Worker-Main-11/INFO] [co.ri.ge.sy.ci.in.wo.CityReservationMaskRegistry/]: City planned structures matched chunk 184,18: 1
[01:50:45] [Worker-Main-11/INFO] [co.ri.ge.sy.ci.in.wo.CityReservationMaskRegistry/]: City worldgen structure hook reached planned owner chunk 184,19 for agricultural_west_belt_connectivity_025 (geomantia:city/stubbs/agriculture/farm_storage_house_01)
[01:50:45] [Worker-Main-11/INFO] [co.ri.ge.sy.ci.in.wo.CityReservationMaskRegistry/]: City planned structures matched chunk 184,19: 1
[01:50:45] [Worker-Main-17/INFO] [co.ri.ge.sy.ci.in.wo.CityReservationMaskRegistry/]: City worldgen structure hook reached planned owner chunk 184,25 for civic_market_core_connectivity_007 (geomantia:city/stubbs/commercial/general_store_01)
[01:50:45] [Worker-Main-17/INFO] [co.ri.ge.sy.ci.in.wo.CityReservationMaskRegistry/]: City planned structures matched chunk 184,25: 1
[01:50:45] [Worker-Main-17/INFO] [co.ri.ge.sy.ci.in.wo.CityReservationMaskRegistry/]: City worldgen structure hook reached planned owner chunk 184,26 for civic_market_core_connectivity_007 (geomantia:city/stubbs/commercial/general_store_01)
[01:50:45] [Worker-Main-17/INFO] [co.ri.ge.sy.ci.in.wo.CityReservationMaskRegistry/]: City planned structures matched chunk 184,26: 1
[01:50:46] [Worker-Main-14/INFO] [co.ri.ge.sy.ci.in.wo.CityReservationMaskRegistry/]: Recorded completed City template worldgen placement residential_west_ward_connectivity_011 geomantia:city/stubbs/residential/civilian_house_03 after 4 owner chunks at datum 104
[01:50:46] [Worker-Main-5/INFO] [co.ri.ge.sy.ci.in.wo.CityReservationMaskRegistry/]: City worldgen structure hook reached planned owner chunk 153,21 for agricultural_west_belt_connectivity_007 (geomantia:city/stubbs/agriculture/farm_storage_house_01)
[01:50:46] [Worker-Main-5/INFO] [co.ri.ge.sy.ci.in.wo.CityReservationMaskRegistry/]: City planned structures matched chunk 153,21: 1
[01:50:46] [Worker-Main-5/INFO] [co.ri.ge.sy.ci.in.wo.CityReservationMaskRegistry/]: City worldgen structure hook reached planned owner chunk 153,22 for agricultural_west_belt_connectivity_007 (geomantia:city/stubbs/agriculture/farm_storage_house_01)
[01:50:46] [Worker-Main-5/INFO] [co.ri.ge.sy.ci.in.wo.CityReservationMaskRegistry/]: City planned structures matched chunk 153,22: 1
[01:50:46] [Worker-Main-5/INFO] [co.ri.ge.sy.ci.in.wo.CityReservationMaskRegistry/]: City worldgen structure hook reached planned owner chunk 153,23 for agricultural_west_belt_connectivity_007 (geomantia:city/stubbs/agriculture/farm_storage_house_01)
[01:50:46] [Worker-Main-5/INFO] [co.ri.ge.sy.ci.in.wo.CityReservationMaskRegistry/]: City planned structures matched chunk 153,23: 1
[01:50:46] [Worker-Main-5/INFO] [co.ri.ge.sy.ci.in.wo.CityReservationMaskRegistry/]: City worldgen structure hook reached planned owner chunk 153,24 for agricultural_west_belt_connectivity_003 (geomantia:city/stubbs/agriculture/farm_storage_house_01)
[01:50:46] [Worker-Main-5/INFO] [co.ri.ge.sy.ci.in.wo.CityReservationMaskRegistry/]: City planned structures matched chunk 153,24: 1
[01:50:46] [Worker-Main-5/INFO] [co.ri.ge.sy.ci.in.wo.CityReservationMaskRegistry/]: City worldgen structure hook reached planned owner chunk 153,25 for agricultural_west_belt_connectivity_003 (geomantia:city/stubbs/agriculture/farm_storage_house_01)
[01:50:46] [Worker-Main-5/INFO] [co.ri.ge.sy.ci.in.wo.CityReservationMaskRegistry/]: City planned structures matched chunk 153,25: 1
[01:50:46] [Worker-Main-18/INFO] [co.ri.ge.sy.ci.in.wo.CityReservationMaskRegistry/]: City worldgen structure hook reached planned owner chunk 153,26 for agricultural_west_belt_connectivity_003 (geomantia:city/stubbs/agriculture/farm_storage_house_01)
[01:50:46] [Worker-Main-18/INFO] [co.ri.ge.sy.ci.in.wo.CityReservationMaskRegistry/]: City planned structures matched chunk 153,26: 1
[01:50:46] [Worker-Main-18/INFO] [co.ri.ge.sy.ci.in.wo.CityReservationMaskRegistry/]: City worldgen structure hook reached planned owner chunk 153,27 for agricultural_west_belt_connectivity_002 (geomantia:city/stubbs/agriculture/farm_storage_house_01)
[01:50:46] [Worker-Main-18/INFO] [co.ri.ge.sy.ci.in.wo.CityReservationMaskRegistry/]: City planned structures matched chunk 153,27: 1
[01:50:46] [Worker-Main-18/INFO] [co.ri.ge.sy.ci.in.wo.CityReservationMaskRegistry/]: City worldgen structure hook reached planned owner chunk 153,28 for agricultural_west_belt_connectivity_002 (geomantia:city/stubbs/agriculture/farm_storage_house_01)
[01:50:46] [Worker-Main-18/INFO] [co.ri.ge.sy.ci.in.wo.CityReservationMaskRegistry/]: City planned structures matched chunk 153,28: 1
[01:50:46] [Worker-Main-18/INFO] [co.ri.ge.sy.ci.in.wo.CityReservationMaskRegistry/]: City worldgen structure hook reached planned owner chunk 153,30 for agricultural_west_belt_connectivity_005 (geomantia:city/stubbs/agriculture/farm_storage_house_01)
[01:50:46] [Worker-Main-18/INFO] [co.ri.ge.sy.ci.in.wo.CityReservationMaskRegistry/]: City planned structures matched chunk 153,30: 1
[01:50:46] [Worker-Main-4/INFO] [co.ri.ge.sy.ci.in.wo.CityReservationMaskRegistry/]: City worldgen structure hook reached planned owner chunk 153,31 for agricultural_west_belt_connectivity_005 (geomantia:city/stubbs/agriculture/farm_storage_house_01)
[01:50:46] [Worker-Main-4/INFO] [co.ri.ge.sy.ci.in.wo.CityReservationMaskRegistry/]: City planned structures matched chunk 153,31: 1
[01:50:47] [Worker-Main-37/INFO] [co.ri.ge.sy.ci.in.wo.CityReservationMaskRegistry/]: City worldgen structure hook reached planned owner chunk 185,21 for residential_east_ward_required_002 (geomantia:city/stubbs/residential/civilian_house_03)
[01:50:47] [Worker-Main-37/INFO] [co.ri.ge.sy.ci.in.wo.CityReservationMaskRegistry/]: City planned structures matched chunk 185,21: 1
[01:50:47] [Worker-Main-37/INFO] [co.ri.ge.sy.ci.in.wo.MinecraftCityWorldgenStructurePlacer/]: Injected City template terrain StructureStart residential_east_ward_required_002 geomantia:city/stubbs/residential/civilian_house_03 at 185,21 with datum 108
[01:50:47] [Worker-Main-23/INFO] [co.ri.ge.sy.ci.in.wo.CityReservationMaskRegistry/]: City worldgen structure hook reached planned owner chunk 185,23 for residential_east_ward_required_002 (geomantia:city/stubbs/residential/civilian_house_03)
[01:50:47] [Worker-Main-23/INFO] [co.ri.ge.sy.ci.in.wo.CityReservationMaskRegistry/]: City planned structures matched chunk 185,23: 1
[01:50:47] [Worker-Main-23/INFO] [co.ri.ge.sy.ci.in.wo.CityReservationMaskRegistry/]: City worldgen structure hook reached planned owner chunk 185,25 for residential_east_ward_fill_005 (geomantia:city/stubbs/residential/civilian_house_03)
[01:50:47] [Worker-Main-23/INFO] [co.ri.ge.sy.ci.in.wo.CityReservationMaskRegistry/]: City planned structures matched chunk 185,25: 1
[01:50:47] [Worker-Main-23/INFO] [co.ri.ge.sy.ci.in.wo.CityReservationMaskRegistry/]: City worldgen structure hook reached planned owner chunk 185,22 for residential_east_ward_required_002 (geomantia:city/stubbs/residential/civilian_house_03)
[01:50:47] [Worker-Main-23/INFO] [co.ri.ge.sy.ci.in.wo.CityReservationMaskRegistry/]: City planned structures matched chunk 185,22: 1
[01:50:47] [Worker-Main-23/INFO] [co.ri.ge.sy.ci.in.wo.CityReservationMaskRegistry/]: City worldgen structure hook reached planned owner chunk 185,24 for residential_east_ward_fill_005 (geomantia:city/stubbs/residential/civilian_house_03)
[01:50:47] [Worker-Main-23/INFO] [co.ri.ge.sy.ci.in.wo.CityReservationMaskRegistry/]: City planned structures matched chunk 185,24: 1
[01:50:47] [Worker-Main-23/INFO] [co.ri.ge.sy.ci.in.wo.MinecraftCityWorldgenStructurePlacer/]: Injected City template terrain StructureStart residential_east_ward_fill_005 geomantia:city/stubbs/residential/civilian_house_03 at 185,24 with datum 108
[01:50:48] [Worker-Main-21/INFO] [co.ri.ge.sy.ci.in.wo.CityReservationMaskRegistry/]: Recorded completed City template worldgen placement artisan_industry_quarter_connectivity_008 geomantia:city/stubbs/commercial/town_workshop_01 after 4 owner chunks at datum 104
[01:50:48] [Server thread/INFO] [minecraft/IntegratedServer]: Saving and pausing game...
[01:50:48] [Server thread/INFO] [minecraft/MinecraftServer]: Saving chunks for level 'ServerLevel[新的世界]'/minecraft:overworld
[01:50:48] [Server thread/INFO] [minecraft/MinecraftServer]: Saving chunks for level 'ServerLevel[新的世界]'/minecraft:the_end
[01:50:48] [Server thread/INFO] [minecraft/MinecraftServer]: Saving chunks for level 'ServerLevel[新的世界]'/minecraft:the_nether
[01:50:48] [Server thread/DEBUG] [ne.mi.co.ForgeHooks/WP]: Gathering id map for writing to world save 新的世界
[01:50:48] [Server thread/DEBUG] [ne.mi.co.ForgeHooks/WP]: ID Map collection complete 新的世界
[01:50:50] [Worker-Main-18/INFO] [co.ri.ge.sy.ci.in.wo.CityReservationMaskRegistry/]: Recorded completed City template worldgen placement civic_market_core_required_001 geomantia:city/stubbs/commercial/general_store_01 after 2 owner chunks at datum 105
[01:50:50] [Worker-Main-21/INFO] [co.ri.ge.sy.ci.in.wo.CityReservationMaskRegistry/]: City worldgen structure hook reached planned owner chunk 152,21 for agricultural_west_belt_connectivity_007 (geomantia:city/stubbs/agriculture/farm_storage_house_01)
[01:50:50] [Worker-Main-21/INFO] [co.ri.ge.sy.ci.in.wo.CityReservationMaskRegistry/]: City planned structures matched chunk 152,21: 1
[01:50:50] [Worker-Main-21/INFO] [co.ri.ge.sy.ci.in.wo.MinecraftCityWorldgenStructurePlacer/]: Injected City template terrain StructureStart agricultural_west_belt_connectivity_007 geomantia:city/stubbs/agriculture/farm_storage_house_01 at 152,21 with datum 95
[01:50:50] [Worker-Main-18/INFO] [co.ri.ge.sy.ci.in.wo.CityReservationMaskRegistry/]: City worldgen structure hook reached planned owner chunk 152,22 for agricultural_west_belt_connectivity_007 (geomantia:city/stubbs/agriculture/farm_storage_house_01)
[01:50:50] [Worker-Main-18/INFO] [co.ri.ge.sy.ci.in.wo.CityReservationMaskRegistry/]: City planned structures matched chunk 152,22: 1
[01:50:50] [Worker-Main-18/INFO] [co.ri.ge.sy.ci.in.wo.CityReservationMaskRegistry/]: City worldgen structure hook reached planned owner chunk 152,23 for agricultural_west_belt_connectivity_007 (geomantia:city/stubbs/agriculture/farm_storage_house_01)
[01:50:50] [Worker-Main-18/INFO] [co.ri.ge.sy.ci.in.wo.CityReservationMaskRegistry/]: City planned structures matched chunk 152,23: 1
[01:50:50] [Worker-Main-18/INFO] [co.ri.ge.sy.ci.in.wo.CityReservationMaskRegistry/]: City worldgen structure hook reached planned owner chunk 152,24 for agricultural_west_belt_connectivity_003 (geomantia:city/stubbs/agriculture/farm_storage_house_01)
[01:50:50] [Worker-Main-18/INFO] [co.ri.ge.sy.ci.in.wo.CityReservationMaskRegistry/]: City planned structures matched chunk 152,24: 1
[01:50:50] [Worker-Main-18/INFO] [co.ri.ge.sy.ci.in.wo.MinecraftCityWorldgenStructurePlacer/]: Injected City template terrain StructureStart agricultural_west_belt_connectivity_003 geomantia:city/stubbs/agriculture/farm_storage_house_01 at 152,24 with datum 96
[01:50:50] [Worker-Main-18/INFO] [co.ri.ge.sy.ci.in.wo.CityReservationMaskRegistry/]: City worldgen structure hook reached planned owner chunk 152,25 for agricultural_west_belt_connectivity_003 (geomantia:city/stubbs/agriculture/farm_storage_house_01)
[01:50:50] [Worker-Main-18/INFO] [co.ri.ge.sy.ci.in.wo.CityReservationMaskRegistry/]: City planned structures matched chunk 152,25: 1
[01:50:50] [Worker-Main-18/INFO] [co.ri.ge.sy.ci.in.wo.CityReservationMaskRegistry/]: City worldgen structure hook reached planned owner chunk 152,26 for agricultural_west_belt_connectivity_003 (geomantia:city/stubbs/agriculture/farm_storage_house_01)
[01:50:50] [Worker-Main-18/INFO] [co.ri.ge.sy.ci.in.wo.CityReservationMaskRegistry/]: City planned structures matched chunk 152,26: 1
[01:50:50] [Worker-Main-17/INFO] [co.ri.ge.sy.ci.in.wo.CityReservationMaskRegistry/]: City worldgen structure hook reached planned owner chunk 152,27 for agricultural_west_belt_connectivity_002 (geomantia:city/stubbs/agriculture/farm_storage_house_01)
[01:50:50] [Worker-Main-17/INFO] [co.ri.ge.sy.ci.in.wo.CityReservationMaskRegistry/]: City planned structures matched chunk 152,27: 1
[01:50:50] [Worker-Main-17/INFO] [co.ri.ge.sy.ci.in.wo.MinecraftCityWorldgenStructurePlacer/]: Injected City template terrain StructureStart agricultural_west_belt_connectivity_002 geomantia:city/stubbs/agriculture/farm_storage_house_01 at 152,27 with datum 98
[01:50:50] [Worker-Main-38/INFO] [co.ri.ge.sy.ci.in.wo.CityReservationMaskRegistry/]: City worldgen structure hook reached planned owner chunk 152,28 for agricultural_west_belt_connectivity_002 (geomantia:city/stubbs/agriculture/farm_storage_house_01)
[01:50:50] [Worker-Main-38/INFO] [co.ri.ge.sy.ci.in.wo.CityReservationMaskRegistry/]: City planned structures matched chunk 152,28: 1
[01:50:50] [Worker-Main-4/INFO] [co.ri.ge.sy.ci.in.wo.CityReservationMaskRegistry/]: City worldgen structure hook reached planned owner chunk 152,30 for agricultural_west_belt_connectivity_005 (geomantia:city/stubbs/agriculture/farm_storage_house_01)
[01:50:50] [Worker-Main-4/INFO] [co.ri.ge.sy.ci.in.wo.CityReservationMaskRegistry/]: City planned structures matched chunk 152,30: 1
[01:50:50] [Worker-Main-4/INFO] [co.ri.ge.sy.ci.in.wo.MinecraftCityWorldgenStructurePlacer/]: Injected City template terrain StructureStart agricultural_west_belt_connectivity_005 geomantia:city/stubbs/agriculture/farm_storage_house_01 at 152,30 with datum 101
[01:50:50] [Worker-Main-11/INFO] [co.ri.ge.sy.ci.in.wo.CityReservationMaskRegistry/]: City worldgen structure hook reached planned owner chunk 152,31 for agricultural_west_belt_connectivity_005 (geomantia:city/stubbs/agriculture/farm_storage_house_01)
[01:50:50] [Worker-Main-11/INFO] [co.ri.ge.sy.ci.in.wo.CityReservationMaskRegistry/]: City planned structures matched chunk 152,31: 1
[01:50:51] [Worker-Main-5/INFO] [co.ri.ge.sy.ci.in.wo.CityReservationMaskRegistry/]: Recorded completed City template worldgen placement residential_west_ward_connectivity_020 geomantia:city/stubbs/residential/civilian_house_03 after 4 owner chunks at datum 104
[01:50:51] [Worker-Main-23/INFO] [co.ri.ge.sy.ci.in.wo.CityReservationMaskRegistry/]: Recorded completed City template worldgen placement residential_west_ward_connectivity_016 geomantia:city/stubbs/residential/household_02 after 4 owner chunks at datum 104
[01:50:52] [Worker-Main-22/INFO] [co.ri.ge.sy.ci.in.wo.CityReservationMaskRegistry/]: Recorded completed City template worldgen placement residential_west_ward_connectivity_014 geomantia:city/stubbs/residential/civilian_house_03 after 6 owner chunks at datum 104
[01:50:52] [Worker-Main-5/INFO] [co.ri.ge.sy.ci.in.wo.CityReservationMaskRegistry/]: Recorded completed City template worldgen placement residential_west_ward_connectivity_005 geomantia:city/stubbs/residential/civilian_house_03 after 6 owner chunks at datum 104
[01:50:52] [Worker-Main-14/INFO] [co.ri.ge.sy.ci.in.wo.CityReservationMaskRegistry/]: City worldgen structure hook reached planned owner chunk 186,21 for residential_east_ward_required_002 (geomantia:city/stubbs/residential/civilian_house_03)
[01:50:52] [Worker-Main-14/INFO] [co.ri.ge.sy.ci.in.wo.CityReservationMaskRegistry/]: City planned structures matched chunk 186,21: 1
[01:50:52] [Worker-Main-14/INFO] [co.ri.ge.sy.ci.in.wo.CityReservationMaskRegistry/]: City worldgen structure hook reached planned owner chunk 186,22 for residential_east_ward_required_002 (geomantia:city/stubbs/residential/civilian_house_03)
[01:50:52] [Worker-Main-14/INFO] [co.ri.ge.sy.ci.in.wo.CityReservationMaskRegistry/]: City planned structures matched chunk 186,22: 1
[01:50:52] [Worker-Main-5/INFO] [co.ri.ge.sy.ci.in.wo.CityReservationMaskRegistry/]: City worldgen structure hook reached planned owner chunk 186,23 for residential_east_ward_required_002 (geomantia:city/stubbs/residential/civilian_house_03)
[01:50:52] [Worker-Main-5/INFO] [co.ri.ge.sy.ci.in.wo.CityReservationMaskRegistry/]: City planned structures matched chunk 186,23: 1
[01:50:52] [Worker-Main-44/INFO] [co.ri.ge.sy.ci.in.wo.CityReservationMaskRegistry/]: City worldgen structure hook reached planned owner chunk 186,24 for residential_east_ward_fill_005 (geomantia:city/stubbs/residential/civilian_house_03)
[01:50:52] [Worker-Main-44/INFO] [co.ri.ge.sy.ci.in.wo.CityReservationMaskRegistry/]: City planned structures matched chunk 186,24: 1
[01:50:52] [Worker-Main-17/INFO] [co.ri.ge.sy.ci.in.wo.CityReservationMaskRegistry/]: City worldgen structure hook reached planned owner chunk 186,25 for residential_east_ward_fill_005 (geomantia:city/stubbs/residential/civilian_house_03)
[01:50:52] [Worker-Main-17/INFO] [co.ri.ge.sy.ci.in.wo.CityReservationMaskRegistry/]: City planned structures matched chunk 186,25: 1
[01:50:53] [Worker-Main-5/INFO] [co.ri.ge.sy.ci.in.wo.CityReservationMaskRegistry/]: Recorded completed City template worldgen placement residential_west_ward_connectivity_006 geomantia:city/stubbs/residential/household_01 after 4 owner chunks at datum 105
[01:50:53] [Worker-Main-5/INFO] [co.ri.ge.sy.ci.in.wo.CityReservationMaskRegistry/]: Recorded completed City template worldgen placement residential_west_ward_connectivity_007 geomantia:city/stubbs/residential/household_02 after 4 owner chunks at datum 105
[01:50:53] [Worker-Main-21/INFO] [co.ri.ge.sy.ci.in.wo.CityReservationMaskRegistry/]: City worldgen structure hook reached planned owner chunk 187,17 for residential_east_ward_fill_009 (geomantia:city/stubbs/residential/household_02)
[01:50:53] [Worker-Main-21/INFO] [co.ri.ge.sy.ci.in.wo.CityReservationMaskRegistry/]: City planned structures matched chunk 187,17: 1
[01:50:53] [Worker-Main-21/INFO] [co.ri.ge.sy.ci.in.wo.MinecraftCityWorldgenStructurePlacer/]: Injected City template terrain StructureStart residential_east_ward_fill_009 geomantia:city/stubbs/residential/household_02 at 187,17 with datum 108
[01:50:53] [Worker-Main-21/INFO] [co.ri.ge.sy.ci.in.wo.CityReservationMaskRegistry/]: City worldgen structure hook reached planned owner chunk 187,19 for residential_east_ward_fill_007 (geomantia:city/stubbs/residential/household_02)
[01:50:53] [Worker-Main-21/INFO] [co.ri.ge.sy.ci.in.wo.CityReservationMaskRegistry/]: City planned structures matched chunk 187,19: 1
[01:50:53] [Worker-Main-21/INFO] [co.ri.ge.sy.ci.in.wo.MinecraftCityWorldgenStructurePlacer/]: Injected City template terrain StructureStart residential_east_ward_fill_007 geomantia:city/stubbs/residential/household_02 at 187,19 with datum 108
[01:50:53] [Worker-Main-21/INFO] [co.ri.ge.sy.ci.in.wo.CityReservationMaskRegistry/]: City worldgen structure hook reached planned owner chunk 187,21 for residential_east_ward_fill_004 (geomantia:city/stubbs/residential/household_02)
[01:50:53] [Worker-Main-21/INFO] [co.ri.ge.sy.ci.in.wo.CityReservationMaskRegistry/]: City planned structures matched chunk 187,21: 1
[01:50:53] [Worker-Main-21/INFO] [co.ri.ge.sy.ci.in.wo.MinecraftCityWorldgenStructurePlacer/]: Injected City template terrain StructureStart residential_east_ward_fill_004 geomantia:city/stubbs/residential/household_02 at 187,21 with datum 108
[01:50:53] [Worker-Main-19/INFO] [co.ri.ge.sy.ci.in.wo.CityReservationMaskRegistry/]: City worldgen structure hook reached planned owner chunk 187,23 for residential_east_ward_fill_006 (geomantia:city/stubbs/residential/household_01)
[01:50:53] [Worker-Main-19/INFO] [co.ri.ge.sy.ci.in.wo.CityReservationMaskRegistry/]: City planned structures matched chunk 187,23: 1
[01:50:53] [Worker-Main-19/INFO] [co.ri.ge.sy.ci.in.wo.MinecraftCityWorldgenStructurePlacer/]: Injected City template terrain StructureStart residential_east_ward_fill_006 geomantia:city/stubbs/residential/household_01 at 187,23 with datum 108
[01:50:53] [Worker-Main-7/INFO] [co.ri.ge.sy.ci.in.wo.CityReservationMaskRegistry/]: City worldgen structure hook reached planned owner chunk 187,25 for residential_east_ward_fill_008 (geomantia:city/stubbs/residential/household_01)
[01:50:53] [Worker-Main-7/INFO] [co.ri.ge.sy.ci.in.wo.CityReservationMaskRegistry/]: City planned structures matched chunk 187,25: 1
[01:50:53] [Worker-Main-7/INFO] [co.ri.ge.sy.ci.in.wo.MinecraftCityWorldgenStructurePlacer/]: Injected City template terrain StructureStart residential_east_ward_fill_008 geomantia:city/stubbs/residential/household_01 at 187,25 with datum 108
[01:50:54] [Worker-Main-11/INFO] [co.ri.ge.sy.ci.in.wo.CityReservationMaskRegistry/]: Recorded completed City template worldgen placement civic_market_core_fill_009 geomantia:city/stubbs/commercial/town_workshop_01 after 1 owner chunks at datum 105
[01:50:54] [Worker-Main-1/INFO] [co.ri.ge.sy.ci.in.wo.CityReservationMaskRegistry/]: Recorded completed City template worldgen placement civic_market_core_fill_010 geomantia:city/stubbs/commercial/town_workshop_01 after 1 owner chunks at datum 105
[01:50:54] [Worker-Main-38/INFO] [co.ri.ge.sy.ci.in.wo.CityReservationMaskRegistry/]: Recorded completed City template worldgen placement civic_market_core_required_002 geomantia:city/stubbs/commercial/tavern_01 after 9 owner chunks at datum 105
[01:50:57] [Worker-Main-1/INFO] [co.ri.ge.sy.ci.in.wo.CityReservationMaskRegistry/]: Recorded completed City template worldgen placement agricultural_west_belt_connectivity_015 geomantia:city/stubbs/agriculture/farm_storage_house_01 after 6 owner chunks at datum 104
[01:50:58] [Worker-Main-44/INFO] [co.ri.ge.sy.ci.in.wo.CityReservationMaskRegistry/]: Recorded completed City template worldgen placement residential_west_ward_connectivity_008 geomantia:city/stubbs/residential/civilian_house_03 after 4 owner chunks at datum 105
[01:50:58] [Worker-Main-18/INFO] [co.ri.ge.sy.ci.in.wo.CityReservationMaskRegistry/]: City worldgen structure hook reached planned owner chunk 189,23 for residential_east_ward_fill_010 (geomantia:city/stubbs/residential/household_01)
[01:50:58] [Worker-Main-18/INFO] [co.ri.ge.sy.ci.in.wo.CityReservationMaskRegistry/]: City planned structures matched chunk 189,23: 1
[01:50:58] [Worker-Main-18/INFO] [co.ri.ge.sy.ci.in.wo.MinecraftCityWorldgenStructurePlacer/]: Injected City template terrain StructureStart residential_east_ward_fill_010 geomantia:city/stubbs/residential/household_01 at 189,23 with datum 108
[01:50:58] [Worker-Main-17/INFO] [co.ri.ge.sy.ci.in.wo.CityReservationMaskRegistry/]: Recorded completed City template worldgen placement artisan_industry_quarter_connectivity_011 geomantia:city/stubbs/commercial/town_workshop_01 after 4 owner chunks at datum 105
[01:50:58] [Worker-Main-38/INFO] [co.ri.ge.sy.ci.in.wo.CityReservationMaskRegistry/]: Recorded completed City template worldgen placement civic_market_core_connectivity_003 geomantia:city/stubbs/commercial/town_workshop_01 after 4 owner chunks at datum 105
[01:50:58] [Worker-Main-14/INFO] [co.ri.ge.sy.ci.in.wo.CityReservationMaskRegistry/]: Recorded completed City template worldgen placement civic_market_core_connectivity_008 geomantia:city/stubbs/commercial/tavern_01 after 6 owner chunks at datum 106
[01:50:58] [Worker-Main-19/INFO] [co.ri.ge.sy.ci.in.wo.CityReservationMaskRegistry/]: Recorded completed City template worldgen placement civic_market_core_connectivity_004 geomantia:city/stubbs/commercial/general_store_01 after 4 owner chunks at datum 106
[01:50:59] [Worker-Main-11/INFO] [co.ri.ge.sy.ci.in.wo.CityReservationMaskRegistry/]: Recorded completed City template worldgen placement agricultural_west_belt_connectivity_021 geomantia:city/stubbs/agriculture/farm_storage_house_01 after 6 owner chunks at datum 107
[01:51:01] [Worker-Main-22/INFO] [co.ri.ge.sy.ci.in.wo.CityReservationMaskRegistry/]: Recorded completed City template worldgen placement civic_market_core_connectivity_006 geomantia:city/stubbs/commercial/town_workshop_01 after 2 owner chunks at datum 107
[01:51:01] [Worker-Main-22/INFO] [co.ri.ge.sy.ci.in.wo.CityReservationMaskRegistry/]: Recorded completed City template worldgen placement agricultural_west_belt_connectivity_023 geomantia:city/stubbs/agriculture/farm_storage_house_01 after 6 owner chunks at datum 106
[01:51:01] [Worker-Main-37/INFO] [co.ri.ge.sy.ci.in.wo.CityReservationMaskRegistry/]: Recorded completed City template worldgen placement agricultural_west_belt_connectivity_022 geomantia:city/stubbs/agriculture/farm_storage_house_01 after 6 owner chunks at datum 107
[01:51:02] [Worker-Main-18/INFO] [co.ri.ge.sy.ci.in.wo.CityReservationMaskRegistry/]: Recorded completed City template worldgen placement agricultural_west_belt_connectivity_020 geomantia:city/stubbs/agriculture/farm_storage_house_01 after 6 owner chunks at datum 105
[01:51:04] [Worker-Main-38/INFO] [co.ri.ge.sy.ci.in.wo.CityReservationMaskRegistry/]: Recorded completed City template worldgen placement civic_market_core_connectivity_005 geomantia:city/stubbs/commercial/tavern_01 after 6 owner chunks at datum 106
[01:51:04] [Worker-Main-11/INFO] [co.ri.ge.sy.ci.in.wo.CityReservationMaskRegistry/]: Recorded completed City template worldgen placement residential_east_ward_fill_003 geomantia:city/stubbs/residential/household_01 after 1 owner chunks at datum 107
[01:51:04] [Worker-Main-44/INFO] [co.ri.ge.sy.ci.in.wo.CityReservationMaskRegistry/]: Recorded completed City template worldgen placement residential_east_ward_required_001 geomantia:city/stubbs/residential/household_02 after 1 owner chunks at datum 107
[01:51:05] [Worker-Main-11/INFO] [co.ri.ge.sy.ci.in.wo.CityReservationMaskRegistry/]: Recorded completed City template worldgen placement civic_market_core_connectivity_007 geomantia:city/stubbs/commercial/general_store_01 after 4 owner chunks at datum 107
[01:51:06] [Worker-Main-11/INFO] [co.ri.ge.sy.ci.in.wo.CityReservationMaskRegistry/]: Recorded completed City template worldgen placement agricultural_west_belt_connectivity_025 geomantia:city/stubbs/agriculture/farm_storage_house_01 after 6 owner chunks at datum 108
[01:51:06] [Worker-Main-14/INFO] [co.ri.ge.sy.ci.in.wo.CityReservationMaskRegistry/]: Recorded completed City template worldgen placement agricultural_west_belt_connectivity_019 geomantia:city/stubbs/agriculture/farm_storage_house_01 after 6 owner chunks at datum 105
[01:51:09] [Worker-Main-17/INFO] [co.ri.ge.sy.ci.in.wo.CityReservationMaskRegistry/]: Recorded completed City template worldgen placement residential_east_ward_required_002 geomantia:city/stubbs/residential/civilian_house_03 after 6 owner chunks at datum 108
[01:51:09] [Worker-Main-4/INFO] [co.ri.ge.sy.ci.in.wo.CityReservationMaskRegistry/]: Recorded completed City template worldgen placement residential_east_ward_fill_005 geomantia:city/stubbs/residential/civilian_house_03 after 4 owner chunks at datum 108
[01:51:10] [Worker-Main-44/INFO] [co.ri.ge.sy.ci.in.wo.CityReservationMaskRegistry/]: Recorded completed City template worldgen placement agricultural_west_belt_connectivity_024 geomantia:city/stubbs/agriculture/farm_storage_house_01 after 6 owner chunks at datum 106
[01:51:11] [Worker-Main-14/INFO] [co.ri.ge.sy.ci.in.wo.CityReservationMaskRegistry/]: Recorded completed City template worldgen placement residential_east_ward_fill_006 geomantia:city/stubbs/residential/household_01 after 1 owner chunks at datum 108
[01:51:11] [Worker-Main-37/INFO] [co.ri.ge.sy.ci.in.wo.CityReservationMaskRegistry/]: Recorded completed City template worldgen placement residential_east_ward_fill_009 geomantia:city/stubbs/residential/household_02 after 1 owner chunks at datum 108
[01:51:11] [Worker-Main-4/INFO] [co.ri.ge.sy.ci.in.wo.CityReservationMaskRegistry/]: Recorded completed City template worldgen placement residential_east_ward_fill_004 geomantia:city/stubbs/residential/household_02 after 1 owner chunks at datum 108
[01:51:12] [Worker-Main-1/INFO] [co.ri.ge.sy.ci.in.wo.CityReservationMaskRegistry/]: Recorded completed City template worldgen placement residential_east_ward_fill_008 geomantia:city/stubbs/residential/household_01 after 1 owner chunks at datum 108
[01:51:12] [Worker-Main-14/INFO] [co.ri.ge.sy.ci.in.wo.CityReservationMaskRegistry/]: Recorded completed City template worldgen placement residential_east_ward_fill_007 geomantia:city/stubbs/residential/household_02 after 1 owner chunks at datum 108
[01:51:13] [Worker-Main-23/INFO] [co.ri.ge.sy.ci.in.wo.CityReservationMaskRegistry/]: Recorded completed City template worldgen placement artisan_industry_quarter_connectivity_007 geomantia:city/stubbs/commercial/tavern_01 after 9 owner chunks at datum 104
[01:51:14] [Worker-Main-14/INFO] [co.ri.ge.sy.ci.in.wo.CityReservationMaskRegistry/]: Recorded completed City template worldgen placement residential_east_ward_fill_010 geomantia:city/stubbs/residential/household_01 after 1 owner chunks at datum 108
[01:51:15] [Worker-Main-14/INFO] [co.ri.ge.sy.ci.in.wo.CityReservationMaskRegistry/]: Recorded completed City template worldgen placement artisan_industry_quarter_connectivity_006 geomantia:city/stubbs/commercial/general_store_01 after 4 owner chunks at datum 106
[01:51:16] [Worker-Main-17/INFO] [co.ri.ge.sy.ci.in.wo.CityReservationMaskRegistry/]: Recorded completed City template worldgen placement artisan_industry_quarter_connectivity_004 geomantia:city/stubbs/commercial/tavern_01 after 9 owner chunks at datum 104
[01:51:20] [Worker-Main-4/INFO] [co.ri.ge.sy.ci.in.wo.CityReservationMaskRegistry/]: Recorded completed City template worldgen placement artisan_industry_quarter_connectivity_002 geomantia:city/stubbs/commercial/town_workshop_01 after 4 owner chunks at datum 105
[01:51:20] [Worker-Main-19/INFO] [co.ri.ge.sy.ci.in.wo.CityReservationMaskRegistry/]: Recorded completed City template worldgen placement artisan_industry_quarter_connectivity_003 geomantia:city/stubbs/commercial/general_store_01 after 4 owner chunks at datum 104
[01:51:20] [Worker-Main-23/INFO] [co.ri.ge.sy.ci.in.wo.CityReservationMaskRegistry/]: Recorded completed City template worldgen placement artisan_industry_quarter_connectivity_005 geomantia:city/stubbs/commercial/town_workshop_01 after 4 owner chunks at datum 106
[01:51:24] [Worker-Main-4/INFO] [co.ri.ge.sy.ci.in.wo.CityReservationMaskRegistry/]: Recorded completed City template worldgen placement artisan_industry_quarter_required_001 geomantia:city/stubbs/commercial/town_workshop_01 after 1 owner chunks at datum 106
[01:51:24] [Worker-Main-7/ERROR] [minecraft/HangingEntity]: Hanging entity at invalid position: BlockPos{x=-700003, y=101, z=-700038}
[01:51:24] [Worker-Main-7/ERROR] [minecraft/HangingEntity]: Hanging entity at invalid position: BlockPos{x=0, y=0, z=0}
[01:51:24] [Worker-Main-7/ERROR] [minecraft/HangingEntity]: Hanging entity at invalid position: BlockPos{x=-699992, y=107, z=-700035}
[01:51:24] [Worker-Main-7/ERROR] [minecraft/HangingEntity]: Hanging entity at invalid position: BlockPos{x=-699992, y=107, z=-700038}
[01:51:24] [Worker-Main-7/ERROR] [minecraft/HangingEntity]: Hanging entity at invalid position: BlockPos{x=-699995, y=101, z=-700029}
[01:51:24] [Worker-Main-7/ERROR] [minecraft/HangingEntity]: Hanging entity at invalid position: BlockPos{x=-699997, y=101, z=-700029}
[01:51:24] [Worker-Main-7/ERROR] [minecraft/HangingEntity]: Hanging entity at invalid position: BlockPos{x=-699992, y=107, z=-700032}
[01:51:28] [RW-Worker-3/INFO] [roadweaver/]: 已补全已有道路区域地图粗地形瓦片 dimension=minecraft:overworld min=(-1392, -3696) max=(6800, 4496)
[01:51:35] [Server thread/INFO] [roadweaver/]: 已从旧道路数据补全结构状态 dimension=minecraft:overworld structures=1 connections=0
[01:51:36] [Server thread/INFO] [roadweaver/]: 已从旧道路数据补全结构状态 dimension=minecraft:overworld structures=1 connections=0
[01:51:38] [Server thread/INFO] [minecraft/MinecraftServer]: Dev达成了目标[天空即为极限]
[01:51:38] [Render thread/INFO] [minecraft/ChatComponent]: [System] [CHAT] Dev达成了目标[天空即为极限]
[01:51:38] [Render thread/INFO] [minecraft/AdvancementList]: Loaded 7 advancements
[01:51:42] [Server thread/INFO] [roadweaver/]: 已从旧道路数据补全结构状态 dimension=minecraft:overworld structures=3 connections=0
[01:51:44] [Server thread/INFO] [roadweaver/]: 已从旧道路数据补全结构状态 dimension=minecraft:overworld structures=2 connections=0
[01:51:45] [Server thread/INFO] [roadweaver/]: 已从旧道路数据补全结构状态 dimension=minecraft:overworld structures=0 connections=1
[01:52:04] [Server thread/INFO] [minecraft/IntegratedServer]: Saving and pausing game...
[01:52:04] [Server thread/INFO] [minecraft/MinecraftServer]: Saving chunks for level 'ServerLevel[新的世界]'/minecraft:overworld
[01:52:04] [Server thread/INFO] [minecraft/MinecraftServer]: Saving chunks for level 'ServerLevel[新的世界]'/minecraft:the_end
[01:52:04] [Server thread/INFO] [minecraft/MinecraftServer]: Saving chunks for level 'ServerLevel[新的世界]'/minecraft:the_nether
[01:52:04] [Server thread/DEBUG] [ne.mi.co.ForgeHooks/WP]: Gathering id map for writing to world save 新的世界
[01:52:04] [Server thread/DEBUG] [ne.mi.co.ForgeHooks/WP]: ID Map collection complete 新的世界
[01:52:05] [Worker-Main-17/INFO] [co.ri.ge.sy.ci.in.wo.CityReservationMaskRegistry/]: Recorded completed City template worldgen placement agricultural_west_belt_connectivity_011 geomantia:city/stubbs/agriculture/farm_storage_house_01 after 6 owner chunks at datum 104
[01:52:05] [Worker-Main-18/INFO] [co.ri.ge.sy.ci.in.wo.CityReservationMaskRegistry/]: Recorded completed City template worldgen placement residential_west_ward_connectivity_015 geomantia:city/stubbs/residential/household_01 after 4 owner chunks at datum 104
[01:52:06] [Worker-Main-19/INFO] [co.ri.ge.sy.ci.in.wo.CityReservationMaskRegistry/]: Recorded completed City template worldgen placement residential_west_ward_connectivity_018 geomantia:city/stubbs/residential/household_01 after 4 owner chunks at datum 104
[01:52:07] [Worker-Main-7/INFO] [co.ri.ge.sy.ci.in.wo.CityReservationMaskRegistry/]: City worldgen structure hook reached planned owner chunk 150,27 for agricultural_west_belt_required_001 (geomantia:city/stubbs/agriculture/farm_storage_house_01)
[01:52:07] [Worker-Main-7/INFO] [co.ri.ge.sy.ci.in.wo.CityReservationMaskRegistry/]: City planned structures matched chunk 150,27: 1
[01:52:07] [Worker-Main-22/INFO] [co.ri.ge.sy.ci.in.wo.CityReservationMaskRegistry/]: City worldgen structure hook reached planned owner chunk 150,28 for agricultural_west_belt_required_001 (geomantia:city/stubbs/agriculture/farm_storage_house_01)
[01:52:07] [Worker-Main-22/INFO] [co.ri.ge.sy.ci.in.wo.CityReservationMaskRegistry/]: City planned structures matched chunk 150,28: 1
[01:52:08] [Worker-Main-19/INFO] [co.ri.ge.sy.ci.in.wo.CityReservationMaskRegistry/]: Recorded completed City template worldgen placement residential_west_ward_connectivity_019 geomantia:city/stubbs/residential/household_02 after 4 owner chunks at datum 104
[01:52:08] [Worker-Main-37/INFO] [co.ri.ge.sy.ci.in.wo.CityReservationMaskRegistry/]: Recorded completed City template worldgen placement residential_west_ward_connectivity_017 geomantia:city/stubbs/residential/civilian_house_03 after 6 owner chunks at datum 103
[01:52:09] [Worker-Main-14/INFO] [co.ri.ge.sy.ci.in.wo.CityReservationMaskRegistry/]: City worldgen structure hook reached planned owner chunk 149,27 for agricultural_west_belt_required_001 (geomantia:city/stubbs/agriculture/farm_storage_house_01)
[01:52:09] [Worker-Main-14/INFO] [co.ri.ge.sy.ci.in.wo.CityReservationMaskRegistry/]: City planned structures matched chunk 149,27: 1
[01:52:09] [Worker-Main-14/INFO] [co.ri.ge.sy.ci.in.wo.MinecraftCityWorldgenStructurePlacer/]: Injected City template terrain StructureStart agricultural_west_belt_required_001 geomantia:city/stubbs/agriculture/farm_storage_house_01 at 149,27 with datum 96
[01:52:09] [Worker-Main-14/INFO] [co.ri.ge.sy.ci.in.wo.CityReservationMaskRegistry/]: City worldgen structure hook reached planned owner chunk 149,28 for agricultural_west_belt_required_001 (geomantia:city/stubbs/agriculture/farm_storage_house_01)
[01:52:09] [Worker-Main-14/INFO] [co.ri.ge.sy.ci.in.wo.CityReservationMaskRegistry/]: City planned structures matched chunk 149,28: 1
[01:52:11] [Worker-Main-4/INFO] [co.ri.ge.sy.ci.in.wo.CityReservationMaskRegistry/]: Recorded completed City template worldgen placement agricultural_west_belt_connectivity_008 geomantia:city/stubbs/agriculture/farm_storage_house_01 after 4 owner chunks at datum 103
[01:52:11] [Worker-Main-7/INFO] [co.ri.ge.sy.ci.in.wo.CityReservationMaskRegistry/]: Recorded completed City template worldgen placement agricultural_west_belt_connectivity_012 geomantia:city/stubbs/agriculture/farm_storage_house_01 after 6 owner chunks at datum 104
[01:52:11] [Worker-Main-17/INFO] [co.ri.ge.sy.ci.in.wo.CityReservationMaskRegistry/]: Recorded completed City template worldgen placement agricultural_west_belt_connectivity_009 geomantia:city/stubbs/agriculture/farm_storage_house_01 after 4 owner chunks at datum 104
[01:52:15] [Worker-Main-19/INFO] [co.ri.ge.sy.ci.in.wo.CityReservationMaskRegistry/]: Recorded completed City template worldgen placement agricultural_west_belt_connectivity_006 geomantia:city/stubbs/agriculture/farm_storage_house_01 after 6 owner chunks at datum 103
[01:52:20] [Worker-Main-7/INFO] [co.ri.ge.sy.ci.in.wo.CityReservationMaskRegistry/]: Recorded completed City template worldgen placement agricultural_west_belt_connectivity_005 geomantia:city/stubbs/agriculture/farm_storage_house_01 after 4 owner chunks at datum 101
[01:52:20] [Worker-Main-38/INFO] [co.ri.ge.sy.ci.in.wo.CityReservationMaskRegistry/]: Recorded completed City template worldgen placement agricultural_west_belt_connectivity_002 geomantia:city/stubbs/agriculture/farm_storage_house_01 after 4 owner chunks at datum 98
[01:52:21] [Worker-Main-7/INFO] [co.ri.ge.sy.ci.in.wo.CityReservationMaskRegistry/]: Recorded completed City template worldgen placement agricultural_west_belt_connectivity_004 geomantia:city/stubbs/agriculture/farm_storage_house_01 after 9 owner chunks at datum 100
[01:52:24] [Worker-Main-18/INFO] [co.ri.ge.sy.ci.in.wo.CityReservationMaskRegistry/]: Recorded completed City template worldgen placement agricultural_west_belt_connectivity_003 geomantia:city/stubbs/agriculture/farm_storage_house_01 after 6 owner chunks at datum 96
[01:52:27] [Worker-Main-14/INFO] [co.ri.ge.sy.ci.in.wo.CityReservationMaskRegistry/]: Recorded completed City template worldgen placement agricultural_west_belt_required_001 geomantia:city/stubbs/agriculture/farm_storage_house_01 after 4 owner chunks at datum 96
[01:52:28] [Worker-Main-19/INFO] [co.ri.ge.sy.ci.in.wo.CityReservationMaskRegistry/]: Recorded completed City template worldgen placement agricultural_west_belt_connectivity_010 geomantia:city/stubbs/agriculture/farm_storage_house_01 after 6 owner chunks at datum 102
[01:52:31] [Worker-Main-1/INFO] [co.ri.ge.sy.ci.in.wo.CityReservationMaskRegistry/]: Recorded completed City template worldgen placement agricultural_west_belt_connectivity_007 geomantia:city/stubbs/agriculture/farm_storage_house_01 after 6 owner chunks at datum 95
[01:52:47] [Worker-Main-19/ERROR] [minecraft/HangingEntity]: Hanging entity at invalid position: BlockPos{x=-22, y=-57, z=626}
[01:52:47] [Worker-Main-19/ERROR] [minecraft/HangingEntity]: Hanging entity at invalid position: BlockPos{x=-14, y=-57, z=626}
[01:52:47] [Worker-Main-5/ERROR] [minecraft/HangingEntity]: Hanging entity at invalid position: BlockPos{x=-22, y=-57, z=618}
[01:52:47] [Worker-Main-5/ERROR] [minecraft/HangingEntity]: Hanging entity at invalid position: BlockPos{x=-14, y=-57, z=618}
[01:53:06] [Worker-Main-21/INFO] [co.ri.ge.sy.ci.in.wo.CityReservationMaskRegistry/]: Recorded completed City template worldgen placement agricultural_west_belt_connectivity_013 geomantia:city/stubbs/agriculture/farm_storage_house_01 after 9 owner chunks at datum 103
[01:53:13] [Worker-Main-22/INFO] [co.ri.ge.sy.ci.in.wo.CityReservationMaskRegistry/]: Recorded completed City template worldgen placement agricultural_west_belt_connectivity_014 geomantia:city/stubbs/agriculture/farm_storage_house_01 after 6 owner chunks at datum 104
[01:53:14] [Worker-Main-19/INFO] [co.ri.ge.sy.ci.in.wo.CityReservationMaskRegistry/]: Recorded completed City template worldgen placement agricultural_west_belt_connectivity_017 geomantia:city/stubbs/agriculture/farm_storage_house_01 after 6 owner chunks at datum 104
[01:53:18] [Worker-Main-18/INFO] [co.ri.ge.sy.ci.in.wo.CityReservationMaskRegistry/]: Recorded completed City template worldgen placement agricultural_west_belt_connectivity_018 geomantia:city/stubbs/agriculture/farm_storage_house_01 after 6 owner chunks at datum 105
[01:54:08] [Server thread/DEBUG] [ne.mi.co.ForgeHooks/WP]: Gathering id map for writing to world save 新的世界
[01:54:08] [Server thread/DEBUG] [ne.mi.co.ForgeHooks/WP]: ID Map collection complete 新的世界
[01:54:27] [Worker-Main-38/ERROR] [minecraft/HangingEntity]: Hanging entity at invalid position: BlockPos{x=-700003, y=101, z=-700038}
[01:54:27] [Worker-Main-38/ERROR] [minecraft/HangingEntity]: Hanging entity at invalid position: BlockPos{x=0, y=0, z=0}
[01:54:27] [Worker-Main-38/ERROR] [minecraft/HangingEntity]: Hanging entity at invalid position: BlockPos{x=-699992, y=107, z=-700035}
[01:54:27] [Worker-Main-38/ERROR] [minecraft/HangingEntity]: Hanging entity at invalid position: BlockPos{x=-699992, y=107, z=-700038}
[01:54:27] [Worker-Main-38/ERROR] [minecraft/HangingEntity]: Hanging entity at invalid position: BlockPos{x=-699995, y=101, z=-700029}
[01:54:27] [Worker-Main-38/ERROR] [minecraft/HangingEntity]: Hanging entity at invalid position: BlockPos{x=-699997, y=101, z=-700029}
[01:54:27] [Worker-Main-38/ERROR] [minecraft/HangingEntity]: Hanging entity at invalid position: BlockPos{x=-699992, y=107, z=-700032}
[01:55:39] [Server thread/INFO] [minecraft/IntegratedServer]: Saving and pausing game...
[01:55:39] [Server thread/INFO] [minecraft/MinecraftServer]: Saving chunks for level 'ServerLevel[新的世界]'/minecraft:overworld
[01:55:39] [Server thread/INFO] [minecraft/MinecraftServer]: Saving chunks for level 'ServerLevel[新的世界]'/minecraft:the_end
[01:55:39] [Server thread/INFO] [minecraft/MinecraftServer]: Saving chunks for level 'ServerLevel[新的世界]'/minecraft:the_nether
[01:55:39] [Server thread/DEBUG] [ne.mi.co.ForgeHooks/WP]: Gathering id map for writing to world save 新的世界
[01:55:39] [Server thread/DEBUG] [ne.mi.co.ForgeHooks/WP]: ID Map collection complete 新的世界
[01:57:16] [Render thread/INFO] [minecraft/AdvancementList]: Loaded 16 advancements
[01:57:29] [Server thread/INFO] [minecraft/IntegratedServer]: Saving and pausing game...
[01:57:29] [Server thread/INFO] [minecraft/MinecraftServer]: Saving chunks for level 'ServerLevel[新的世界]'/minecraft:overworld
[01:57:29] [Server thread/INFO] [minecraft/MinecraftServer]: Saving chunks for level 'ServerLevel[新的世界]'/minecraft:the_end
[01:57:29] [Server thread/INFO] [minecraft/MinecraftServer]: Saving chunks for level 'ServerLevel[新的世界]'/minecraft:the_nether
[01:57:29] [Server thread/DEBUG] [ne.mi.co.ForgeHooks/WP]: Gathering id map for writing to world save 新的世界
[01:57:29] [Server thread/DEBUG] [ne.mi.co.ForgeHooks/WP]: ID Map collection complete 新的世界
[01:57:29] [Server thread/INFO] [minecraft/ServerGamePacketListenerImpl]: Dev lost connection: 连接中断
[01:57:29] [Server thread/INFO] [minecraft/MinecraftServer]: Dev退出了游戏
[01:57:29] [Server thread/INFO] [minecraft/ServerGamePacketListenerImpl]: Stopping singleplayer server as player logged out
[01:57:29] [Server thread/DEBUG] [roadweaver/]: CacheManager: 所有缓存已清理
[01:57:29] [Server thread/DEBUG] [roadweaver/]: ThreadPoolManager: 工作池已关闭 (epoch=2)
[01:57:29] [Server thread/INFO] [co.ri.ge.pl.ht.GeomantiaHttpServer/]: Geomantia GIS API server stopped.
[01:57:29] [Server thread/INFO] [minecraft/MinecraftServer]: Stopping server
[01:57:29] [Server thread/INFO] [minecraft/MinecraftServer]: Saving players
[01:57:29] [Server thread/INFO] [minecraft/MinecraftServer]: Saving worlds
[01:57:30] [Server thread/INFO] [minecraft/MinecraftServer]: Saving chunks for level 'ServerLevel[新的世界]'/minecraft:overworld
[01:57:31] [Server thread/INFO] [minecraft/MinecraftServer]: Saving chunks for level 'ServerLevel[新的世界]'/minecraft:the_end
[01:57:31] [Server thread/INFO] [minecraft/MinecraftServer]: Saving chunks for level 'ServerLevel[新的世界]'/minecraft:the_nether
[01:57:31] [Server thread/DEBUG] [ne.mi.co.ForgeHooks/WP]: Gathering id map for writing to world save 新的世界
[01:57:31] [Server thread/DEBUG] [ne.mi.co.ForgeHooks/WP]: ID Map collection complete 新的世界
[01:57:31] [Server thread/INFO] [minecraft/MinecraftServer]: ThreadedAnvilChunkStorage (新的世界 (6)): All chunks are saved
[01:57:31] [Server thread/INFO] [minecraft/MinecraftServer]: ThreadedAnvilChunkStorage (DIM1): All chunks are saved
[01:57:31] [Server thread/INFO] [minecraft/MinecraftServer]: ThreadedAnvilChunkStorage (DIM-1): All chunks are saved
[01:57:31] [Server thread/INFO] [minecraft/MinecraftServer]: ThreadedAnvilChunkStorage: All dimensions are saved
[01:57:31] [Server thread/DEBUG] [ne.mi.re.GameData/REGISTRIES]: Reverting to FROZEN data state.
[01:57:31] [Server thread/DEBUG] [ne.mi.re.ForgeRegistry/REGISTRIES]: Registry minecraft:block Sync: ACTIVE -> FROZEN
[01:57:31] [Server thread/DEBUG] [ne.mi.re.ForgeRegistry/REGISTRIES]: Registry minecraft:fluid Sync: ACTIVE -> FROZEN
[01:57:31] [Server thread/DEBUG] [ne.mi.re.ForgeRegistry/REGISTRIES]: Registry minecraft:item Sync: ACTIVE -> FROZEN
[01:57:31] [Server thread/DEBUG] [ne.mi.re.ForgeRegistry/REGISTRIES]: Registry minecraft:mob_effect Sync: ACTIVE -> FROZEN
[01:57:31] [Server thread/DEBUG] [ne.mi.re.ForgeRegistry/REGISTRIES]: Registry minecraft:sound_event Sync: ACTIVE -> FROZEN
[01:57:31] [Server thread/DEBUG] [ne.mi.re.ForgeRegistry/REGISTRIES]: Registry minecraft:potion Sync: ACTIVE -> FROZEN
[01:57:31] [Server thread/DEBUG] [ne.mi.re.ForgeRegistry/REGISTRIES]: Registry minecraft:enchantment Sync: ACTIVE -> FROZEN
[01:57:31] [Server thread/DEBUG] [ne.mi.re.ForgeRegistry/REGISTRIES]: Registry minecraft:entity_type Sync: ACTIVE -> FROZEN
[01:57:31] [Server thread/DEBUG] [ne.mi.re.ForgeRegistry/REGISTRIES]: Registry minecraft:block_entity_type Sync: ACTIVE -> FROZEN
[01:57:31] [Server thread/DEBUG] [ne.mi.re.ForgeRegistry/REGISTRIES]: Registry minecraft:particle_type Sync: ACTIVE -> FROZEN
[01:57:31] [Server thread/DEBUG] [ne.mi.re.ForgeRegistry/REGISTRIES]: Registry minecraft:menu Sync: ACTIVE -> FROZEN
[01:57:31] [Server thread/DEBUG] [ne.mi.re.ForgeRegistry/REGISTRIES]: Registry minecraft:painting_variant Sync: ACTIVE -> FROZEN
[01:57:31] [Server thread/DEBUG] [ne.mi.re.ForgeRegistry/REGISTRIES]: Registry minecraft:recipe_type Sync: ACTIVE -> FROZEN
[01:57:31] [Server thread/DEBUG] [ne.mi.re.ForgeRegistry/REGISTRIES]: Registry minecraft:recipe_serializer Sync: ACTIVE -> FROZEN
[01:57:31] [Server thread/DEBUG] [ne.mi.re.ForgeRegistry/REGISTRIES]: Registry minecraft:attribute Sync: ACTIVE -> FROZEN
[01:57:31] [Server thread/DEBUG] [ne.mi.re.ForgeRegistry/REGISTRIES]: Registry minecraft:stat_type Sync: ACTIVE -> FROZEN
[01:57:31] [Server thread/DEBUG] [ne.mi.re.ForgeRegistry/REGISTRIES]: Registry minecraft:command_argument_type Sync: ACTIVE -> FROZEN
[01:57:31] [Server thread/DEBUG] [ne.mi.re.ForgeRegistry/REGISTRIES]: Registry minecraft:villager_profession Sync: ACTIVE -> FROZEN
[01:57:31] [Server thread/DEBUG] [ne.mi.re.ForgeRegistry/REGISTRIES]: Registry minecraft:point_of_interest_type Sync: ACTIVE -> FROZEN
[01:57:31] [Server thread/DEBUG] [ne.mi.re.ForgeRegistry/REGISTRIES]: Registry minecraft:memory_module_type Sync: ACTIVE -> FROZEN
[01:57:31] [Server thread/DEBUG] [ne.mi.re.ForgeRegistry/REGISTRIES]: Registry minecraft:sensor_type Sync: ACTIVE -> FROZEN
[01:57:31] [Server thread/DEBUG] [ne.mi.re.ForgeRegistry/REGISTRIES]: Registry minecraft:schedule Sync: ACTIVE -> FROZEN
[01:57:31] [Server thread/DEBUG] [ne.mi.re.ForgeRegistry/REGISTRIES]: Registry minecraft:activity Sync: ACTIVE -> FROZEN
[01:57:31] [Server thread/DEBUG] [ne.mi.re.ForgeRegistry/REGISTRIES]: Registry minecraft:worldgen/carver Sync: ACTIVE -> FROZEN
[01:57:31] [Server thread/DEBUG] [ne.mi.re.ForgeRegistry/REGISTRIES]: Registry minecraft:worldgen/feature Sync: ACTIVE -> FROZEN
[01:57:31] [Server thread/DEBUG] [ne.mi.re.ForgeRegistry/REGISTRIES]: Registry minecraft:chunk_status Sync: ACTIVE -> FROZEN
[01:57:31] [Server thread/DEBUG] [ne.mi.re.ForgeRegistry/REGISTRIES]: Registry minecraft:worldgen/block_state_provider_type Sync: ACTIVE -> FROZEN
[01:57:31] [Server thread/DEBUG] [ne.mi.re.ForgeRegistry/REGISTRIES]: Registry minecraft:worldgen/foliage_placer_type Sync: ACTIVE -> FROZEN
[01:57:31] [Server thread/DEBUG] [ne.mi.re.ForgeRegistry/REGISTRIES]: Registry minecraft:worldgen/tree_decorator_type Sync: ACTIVE -> FROZEN
[01:57:31] [Server thread/DEBUG] [ne.mi.re.ForgeRegistry/REGISTRIES]: Registry minecraft:worldgen/biome Sync: ACTIVE -> FROZEN
[01:57:31] [Server thread/DEBUG] [ne.mi.re.ForgeRegistry/REGISTRIES]: Registry forge:entity_data_serializers Sync: ACTIVE -> FROZEN
[01:57:31] [Server thread/DEBUG] [ne.mi.re.ForgeRegistry/REGISTRIES]: Registry forge:global_loot_modifier_serializers Sync: ACTIVE -> FROZEN
[01:57:31] [Server thread/DEBUG] [ne.mi.re.ForgeRegistry/REGISTRIES]: Registry forge:biome_modifier_serializers Sync: ACTIVE -> FROZEN
[01:57:31] [Server thread/DEBUG] [ne.mi.re.ForgeRegistry/REGISTRIES]: Registry forge:fluid_type Sync: ACTIVE -> FROZEN
[01:57:31] [Server thread/DEBUG] [ne.mi.re.ForgeRegistry/REGISTRIES]: Registry forge:structure_modifier_serializers Sync: ACTIVE -> FROZEN
[01:57:31] [Server thread/DEBUG] [ne.mi.re.ForgeRegistry/REGISTRIES]: Registry forge:holder_set_type Sync: ACTIVE -> FROZEN
[01:57:31] [Server thread/DEBUG] [ne.mi.re.ForgeRegistry/REGISTRIES]: Registry forge:display_contexts Sync: ACTIVE -> FROZEN
[01:57:31] [Server thread/DEBUG] [ne.mi.re.ObjectHolderRegistry/REGISTRIES]: Applying holder lookups
[01:57:31] [Server thread/DEBUG] [ne.mi.re.ObjectHolderRegistry/REGISTRIES]: Holder lookups applied
[01:57:31] [Server thread/DEBUG] [ne.mi.re.GameData/REGISTRIES]: FROZEN state restored.
[01:57:31] [Server thread/DEBUG] [ne.mi.fm.co.ConfigTracker/CONFIG]: Unloading configs type SERVER
[01:57:34] [Render thread/DEBUG] [ne.mi.se.ServerLifecycleHooks/CORE]: Generating PackInfo named mod:mr_epicterrain for mod file C:\Users\Rinsing\.gradle\caches\forge_gradle\deobf_dependencies\curse\maven\epic-terrain-1075383\5936468_mapped_official_1.20.1\epic-terrain-1075383-5936468_mapped_official_1.20.1.jar
[01:57:34] [Render thread/DEBUG] [ne.mi.se.ServerLifecycleHooks/CORE]: Generating PackInfo named mod:worldedit for mod file C:\Users\Rinsing\.gradle\caches\forge_gradle\deobf_dependencies\curse\maven\worldedit-225608\4586218_mapped_official_1.20.1\worldedit-225608-4586218_mapped_official_1.20.1.jar
[01:57:34] [Render thread/DEBUG] [ne.mi.se.ServerLifecycleHooks/CORE]: Generating PackInfo named mod:architectury for mod file C:\Users\Rinsing\.gradle\caches\forge_gradle\deobf_dependencies\dev\architectury\architectury-forge\9.2.14_mapped_official_1.20.1\architectury-forge-9.2.14_mapped_official_1.20.1.jar
[01:57:34] [Render thread/DEBUG] [ne.mi.se.ServerLifecycleHooks/CORE]: Generating PackInfo named mod:cloth_config for mod file C:\Users\Rinsing\.gradle\caches\forge_gradle\deobf_dependencies\me\shedaniel\cloth\cloth-config-forge\11.1.136_mapped_official_1.20.1\cloth-config-forge-11.1.136_mapped_official_1.20.1.jar
[01:57:34] [Render thread/DEBUG] [ne.mi.se.ServerLifecycleHooks/CORE]: Generating PackInfo named mod:forge for mod file /
[01:57:34] [Render thread/DEBUG] [ne.mi.se.ServerLifecycleHooks/CORE]: Generating PackInfo named mod:t_and_t for mod file C:\Users\Rinsing\.gradle\caches\forge_gradle\deobf_dependencies\local\t_and_t\t_and_t\1.12_mapped_official_1.20.1\t_and_t-1.12_mapped_official_1.20.1.jar
[01:57:34] [Render thread/DEBUG] [ne.mi.se.ServerLifecycleHooks/CORE]: Generating PackInfo named mod:mr_trek for mod file C:\Users\Rinsing\.gradle\caches\forge_gradle\deobf_dependencies\local\trek\trek\B0.6_mapped_official_1.20.1\trek-B0.6_mapped_official_1.20.1.jar
[01:57:34] [Render thread/DEBUG] [ne.mi.se.ServerLifecycleHooks/CORE]: Generating PackInfo named mod:roadweaver for mod file C:\Users\Rinsing\.gradle\caches\forge_gradle\deobf_dependencies\local\roadweaver\roadweaver-forge\2.3.0-1.20.1_mapped_official_1.20.1\roadweaver-forge-2.3.0-1.20.1_mapped_official_1.20.1.jar
[01:57:34] [Render thread/DEBUG] [ne.mi.se.ServerLifecycleHooks/CORE]: Generating PackInfo named mod:geomantia for mod file E:\Mod_Dev\StructureBinder\build\resources\main
[01:57:34] [Render thread/DEBUG] [ne.mi.se.ServerLifecycleHooks/CORE]: Generating PackInfo named mod:cristellib for mod file C:\Users\Rinsing\.gradle\caches\forge_gradle\deobf_dependencies\local\cristellib\cristellib\1.1.6_mapped_official_1.20.1\cristellib-1.1.6_mapped_official_1.20.1.jar
[01:57:35] [Render thread/INFO] [minecraft/RecipeManager]: Loaded 7 recipes
[01:57:35] [Render thread/INFO] [minecraft/AdvancementList]: Loaded 1273 advancements
[01:57:35] [Render thread/WARN] [minecraft/MappedRegistry]: Not all defined tags for registry ResourceKey[minecraft:root / minecraft:worldgen/biome] are present in data pack: minecraft:is_birch_forest, minecraft:is_mangrove
[01:57:35] [Render thread/INFO] [RoadWeaver/StructureDiscovery/]: 发现 220 个结构和 14 个标签
[01:57:36] [Render thread/INFO] [roadweaver/]: Presets loaded: 57 entries
[01:58:33] [Render thread/INFO] [minecraft/Minecraft]: Stopping!

Deprecated Gradle features were used in this build, making it incompatible with Gradle 9.0.

You can use '--warning-mode all' to show the individual deprecation warnings and determine if they come from your own scripts or plugins.

For more on this, please refer to https://docs.gradle.org/8.8/userguide/command_line_interface.html#sec:command_line_warnings in the Gradle documentation.

BUILD SUCCESSFUL in 1h 13m 7s
11 actionable tasks: 4 executed, 7 up-to-date
