To honour the JVM settings for this build a single-use Daemon process will be forked. For more on this, please refer to https://docs.gradle.org/8.8/userguide/gradle_daemon.html#sec:disabling_the_daemon in the Gradle documentation.
Daemon will be stopped at the end of the build 
> Task :compileJava UP-TO-DATE
> Task :processResources UP-TO-DATE
> Task :classes UP-TO-DATE
> Task :downloadDevRoadWeaverForge UP-TO-DATE
> Task :downloadMcpConfig
> Task :extractSrg UP-TO-DATE
> Task :createSrgToMcp UP-TO-DATE
> Task :downloadMCMeta UP-TO-DATE
> Task :downloadAssets UP-TO-DATE
> Task :extractNatives UP-TO-DATE
> Task :makeSrcDirs
> Task :prepareRuns
> Task :prepareRunClient
> Task :prepareRunClientCompile UP-TO-DATE

> Task :runClient
2026-08-06 20:43:58,121 main WARN Advanced terminal features are not available in this environment
[20:43:58] [main/INFO] [cp.mo.mo.Launcher/MODLAUNCHER]: ModLauncher running: args [--launchTarget, forgeclientuserdev, --version, MOD_DEV, --assetIndex, 5, --assetsDir, C:\Users\Rinsing\.gradle\caches\forge_gradle\assets, --gameDir, ., --fml.forgeVersion, 47.4.0, --fml.mcVersion, 1.20.1, --fml.forgeGroup, net.minecraftforge, --fml.mcpVersion, 20230612.114412]
[20:43:58] [main/INFO] [cp.mo.mo.Launcher/MODLAUNCHER]: ModLauncher 10.0.9+10.0.9+main.dcd20f30 starting: java version 17.0.14 by Oracle Corporation; OS Windows 11 arch amd64 version 10.0
[20:43:58] [main/DEBUG] [cp.mo.mo.LaunchServiceHandler/MODLAUNCHER]: Found launch services [fmlclientdev,forgeclient,minecraft,forgegametestserverdev,fmlserveruserdev,fmlclient,fmldatauserdev,forgeserverdev,forgeserveruserdev,forgeclientdev,forgeclientuserdev,forgeserver,forgedatadev,fmlserver,fmlclientuserdev,fmlserverdev,forgedatauserdev,testharness,forgegametestserveruserdev]
[20:43:58] [main/DEBUG] [cp.mo.mo.NameMappingServiceHandler/MODLAUNCHER]: Found naming services : [srgtomcp]
[20:43:58] [main/DEBUG] [cp.mo.mo.LaunchPluginHandler/MODLAUNCHER]: Found launch plugins: [mixin,eventbus,slf4jfixer,object_holder_definalize,runtime_enum_extender,capability_token_subclass,accesstransformer,runtimedistcleaner]
[20:43:58] [main/DEBUG] [cp.mo.mo.TransformationServicesHandler/MODLAUNCHER]: Discovering transformation services
[20:43:58] [main/DEBUG] [ne.mi.fm.lo.FMLPaths/CORE]: Path GAMEDIR is E:\Mod_Dev\StructureBinder\run
[20:43:58] [main/DEBUG] [ne.mi.fm.lo.FMLPaths/CORE]: Path MODSDIR is E:\Mod_Dev\StructureBinder\run\mods
[20:43:58] [main/DEBUG] [ne.mi.fm.lo.FMLPaths/CORE]: Path CONFIGDIR is E:\Mod_Dev\StructureBinder\run\config
[20:43:58] [main/DEBUG] [ne.mi.fm.lo.FMLPaths/CORE]: Path FMLCONFIG is E:\Mod_Dev\StructureBinder\run\config\fml.toml
[20:43:58] [main/DEBUG] [cp.mo.mo.TransformationServicesHandler/MODLAUNCHER]: Found additional transformation services from discovery services: 
[20:43:58] [main/INFO] [ne.mi.fm.lo.ImmediateWindowHandler/]: Loading ImmediateWindowProvider dummyprovider
[20:43:58] [main/INFO] [ne.mi.fm.lo.ImmediateWindowHandler/]: Failed to find ImmediateWindowProvider dummyprovider, disabling
[20:43:58] [main/DEBUG] [cp.mo.mo.TransformationServicesHandler/MODLAUNCHER]: Found transformer services : [mixin,fml]
[20:43:58] [main/DEBUG] [cp.mo.mo.TransformationServicesHandler/MODLAUNCHER]: Transformation services loading
[20:43:58] [main/DEBUG] [cp.mo.mo.TransformationServiceDecorator/MODLAUNCHER]: Loading service mixin
[20:43:58] [main/DEBUG] [cp.mo.mo.TransformationServiceDecorator/MODLAUNCHER]: Loaded service mixin
[20:43:58] [main/DEBUG] [cp.mo.mo.TransformationServiceDecorator/MODLAUNCHER]: Loading service fml
[20:43:58] [main/DEBUG] [ne.mi.fm.lo.LauncherVersion/CORE]: Found FMLLauncher version 1.0
[20:43:58] [main/DEBUG] [ne.mi.fm.lo.FMLLoader/CORE]: FML 1.0 loading
[20:43:58] [main/DEBUG] [ne.mi.fm.lo.FMLLoader/CORE]: FML found ModLauncher version : 10.0.9+10.0.9+main.dcd20f30
[20:43:58] [main/DEBUG] [ne.mi.fm.lo.FMLLoader/CORE]: Requesting CoreMods to not apply the fix for ASMAPI.findFirstInstructionBefore by default
[20:43:58] [main/DEBUG] [ne.mi.fm.lo.FMLLoader/CORE]: FML found AccessTransformer version : 8.0.4+66+master.c09db6d7
[20:43:58] [main/DEBUG] [ne.mi.fm.lo.FMLLoader/CORE]: FML found EventBus version : 6.0.5+6.0.5+master.eb8e549b
[20:43:58] [main/DEBUG] [ne.mi.fm.lo.FMLLoader/CORE]: Found Runtime Dist Cleaner
[20:43:58] [main/DEBUG] [ne.mi.co.CoreModEngine/]: CoreMods will preserve legacy behavior of ASMAPI.findFirstInstructionBefore for backwards-compatibility
[20:43:58] [main/DEBUG] [ne.mi.fm.lo.FMLLoader/CORE]: FML found CoreMod version : 5.2.4
[20:43:58] [main/DEBUG] [ne.mi.fm.lo.FMLLoader/CORE]: Found ForgeSPI package implementation version 7.0.1+7.0.1+master.d2b38bf6
[20:43:58] [main/DEBUG] [ne.mi.fm.lo.FMLLoader/CORE]: Found ForgeSPI package specification 5
[20:43:58] [main/DEBUG] [cp.mo.mo.TransformationServiceDecorator/MODLAUNCHER]: Loaded service fml
[20:43:58] [main/DEBUG] [cp.mo.mo.TransformationServicesHandler/MODLAUNCHER]: Configuring option handling for services
[20:43:58] [main/DEBUG] [cp.mo.mo.TransformationServicesHandler/MODLAUNCHER]: Transformation services initializing
[20:43:58] [main/DEBUG] [cp.mo.mo.TransformationServiceDecorator/MODLAUNCHER]: Initializing transformation service mixin
[20:43:58] [main/DEBUG] [mixin/]: MixinService [ModLauncher] was successfully booted in cpw.mods.cl.ModuleClassLoader@67a20f67
[20:43:58] [main/INFO] [mixin/]: SpongePowered MIXIN Subsystem Version=0.8.5 Source=union:/C:/Users/Rinsing/.gradle/caches/modules-2/files-2.1/org.spongepowered/mixin/0.8.5/9d1c0c3a304ae6697ecd477218fa61b850bf57fc/mixin-0.8.5.jar%23128!/ Service=ModLauncher Env=CLIENT
[20:43:58] [main/DEBUG] [mixin/]: Initialising Mixin Platform Manager
[20:43:58] [main/DEBUG] [mixin/]: Adding mixin platform agents for container ModLauncher Root Container(ModLauncher:4f56a0a2)
[20:43:58] [main/DEBUG] [mixin/]: Instancing new MixinPlatformAgentMinecraftForge for ModLauncher Root Container(ModLauncher:4f56a0a2)
[20:43:58] [main/DEBUG] [mixin/]: MixinPlatformAgentMinecraftForge rejected container ModLauncher Root Container(ModLauncher:4f56a0a2)
[20:43:58] [main/DEBUG] [mixin/]: Instancing new MixinPlatformAgentDefault for ModLauncher Root Container(ModLauncher:4f56a0a2)
[20:43:58] [main/DEBUG] [mixin/]: MixinPlatformAgentDefault accepted container ModLauncher Root Container(ModLauncher:4f56a0a2)
[20:43:58] [main/DEBUG] [cp.mo.mo.TransformationServiceDecorator/MODLAUNCHER]: Initialized transformation service mixin
[20:43:58] [main/DEBUG] [cp.mo.mo.TransformationServiceDecorator/MODLAUNCHER]: Initializing transformation service fml
[20:43:58] [main/DEBUG] [ne.mi.fm.lo.FMLServiceProvider/CORE]: Setting up basic FML game directories
[20:43:58] [main/DEBUG] [ne.mi.fm.lo.FMLPaths/CORE]: Path GAMEDIR is E:\Mod_Dev\StructureBinder\run
[20:43:58] [main/DEBUG] [ne.mi.fm.lo.FMLPaths/CORE]: Path MODSDIR is E:\Mod_Dev\StructureBinder\run\mods
[20:43:58] [main/DEBUG] [ne.mi.fm.lo.FMLPaths/CORE]: Path CONFIGDIR is E:\Mod_Dev\StructureBinder\run\config
[20:43:58] [main/DEBUG] [ne.mi.fm.lo.FMLPaths/CORE]: Path FMLCONFIG is E:\Mod_Dev\StructureBinder\run\config\fml.toml
[20:43:58] [main/DEBUG] [ne.mi.fm.lo.FMLServiceProvider/CORE]: Loading configuration
[20:43:58] [main/DEBUG] [ne.mi.fm.lo.FMLServiceProvider/CORE]: Preparing ModFile
[20:43:58] [main/DEBUG] [ne.mi.fm.lo.FMLServiceProvider/CORE]: Preparing launch handler
[20:43:58] [main/DEBUG] [ne.mi.fm.lo.FMLLoader/CORE]: Using forgeclientuserdev as launch service
[20:43:58] [main/DEBUG] [ne.mi.fm.lo.FMLLoader/CORE]: Received command line version data  : VersionInfo[forgeVersion=47.4.0, mcVersion=1.20.1, mcpVersion=20230612.114412, forgeGroup=net.minecraftforge]
[20:43:58] [main/DEBUG] [cp.mo.mo.TransformationServiceDecorator/MODLAUNCHER]: Initialized transformation service fml
[20:43:58] [main/DEBUG] [cp.mo.mo.NameMappingServiceHandler/MODLAUNCHER]: Current naming domain is 'mcp'
[20:43:58] [main/DEBUG] [cp.mo.mo.NameMappingServiceHandler/MODLAUNCHER]: Identified name mapping providers {srg=srgtomcp:1234}
[20:43:58] [main/DEBUG] [cp.mo.mo.TransformationServicesHandler/MODLAUNCHER]: Transformation services begin scanning
[20:43:58] [main/DEBUG] [cp.mo.mo.TransformationServiceDecorator/MODLAUNCHER]: Beginning scan trigger - transformation service mixin
[20:43:58] [main/DEBUG] [cp.mo.mo.TransformationServiceDecorator/MODLAUNCHER]: End scan trigger - transformation service mixin
[20:43:58] [main/DEBUG] [cp.mo.mo.TransformationServiceDecorator/MODLAUNCHER]: Beginning scan trigger - transformation service fml
[20:43:58] [main/DEBUG] [ne.mi.fm.lo.FMLServiceProvider/CORE]: Initiating mod scan
[20:43:58] [main/DEBUG] [ne.mi.fm.lo.mo.ModListHandler/CORE]: Found mod coordinates from lists: []
[20:43:58] [main/DEBUG] [ne.mi.fm.lo.mo.ModDiscoverer/CORE]: Found Mod Locators : (mods folder:null),(maven libs:null),(exploded directory:null),(minecraft:null),(userdev classpath:null)
[20:43:58] [main/DEBUG] [ne.mi.fm.lo.mo.ModDiscoverer/CORE]: Found Dependency Locators : (JarInJar:null)
[20:43:58] [main/DEBUG] [ne.mi.fm.lo.ta.CommonLaunchHandler/CORE]: Got mod coordinates geomantia%%E:\Mod_Dev\StructureBinder\build\resources\main;geomantia%%E:\Mod_Dev\StructureBinder\build\classes\java\main from env
[20:43:58] [main/DEBUG] [ne.mi.fm.lo.ta.CommonLaunchHandler/CORE]: Found supplied mod coordinates [{geomantia=[E:\Mod_Dev\StructureBinder\build\resources\main, E:\Mod_Dev\StructureBinder\build\classes\java\main]}]
[20:43:58] [main/DEBUG] [ne.mi.fm.lo.mo.ModFileInfo/LOADING]: Found valid mod file forge-1.20.1-47.4.0_mapped_official_1.20.1-recomp.jar with {minecraft} mods - versions {1.20.1}
[20:43:58] [main/DEBUG] [ne.mi.fm.lo.mo.ModFileParser/LOADING]: Considering mod file candidate C:\Users\Rinsing\.gradle\caches\modules-2\files-2.1\net.minecraftforge\javafmllanguage\1.20.1-47.4.0\f0c0b352173d0a378cbdcec9cfc4ba65899a721\javafmllanguage-1.20.1-47.4.0.jar
[20:43:58] [main/WARN] [ne.mi.fm.lo.mo.ModFileParser/LOADING]: Mod file C:\Users\Rinsing\.gradle\caches\modules-2\files-2.1\net.minecraftforge\javafmllanguage\1.20.1-47.4.0\f0c0b352173d0a378cbdcec9cfc4ba65899a721\javafmllanguage-1.20.1-47.4.0.jar is missing mods.toml file
[20:43:58] [main/DEBUG] [ne.mi.fm.lo.mo.ModFileParser/LOADING]: Considering mod file candidate C:\Users\Rinsing\.gradle\caches\modules-2\files-2.1\net.minecraftforge\lowcodelanguage\1.20.1-47.4.0\e862740d8c84d08dbfedea412bef88fe42e727c5\lowcodelanguage-1.20.1-47.4.0.jar
[20:43:58] [main/WARN] [ne.mi.fm.lo.mo.ModFileParser/LOADING]: Mod file C:\Users\Rinsing\.gradle\caches\modules-2\files-2.1\net.minecraftforge\lowcodelanguage\1.20.1-47.4.0\e862740d8c84d08dbfedea412bef88fe42e727c5\lowcodelanguage-1.20.1-47.4.0.jar is missing mods.toml file
[20:43:58] [main/DEBUG] [ne.mi.fm.lo.mo.ModFileParser/LOADING]: Considering mod file candidate C:\Users\Rinsing\.gradle\caches\modules-2\files-2.1\net.minecraftforge\mclanguage\1.20.1-47.4.0\5719b3a297a33f877ed5dde4cb4bd75c859096af\mclanguage-1.20.1-47.4.0.jar
[20:43:58] [main/WARN] [ne.mi.fm.lo.mo.ModFileParser/LOADING]: Mod file C:\Users\Rinsing\.gradle\caches\modules-2\files-2.1\net.minecraftforge\mclanguage\1.20.1-47.4.0\5719b3a297a33f877ed5dde4cb4bd75c859096af\mclanguage-1.20.1-47.4.0.jar is missing mods.toml file
[20:43:58] [main/DEBUG] [ne.mi.fm.lo.mo.ModFileParser/LOADING]: Considering mod file candidate C:\Users\Rinsing\.gradle\caches\modules-2\files-2.1\net.minecraftforge\fmlcore\1.20.1-47.4.0\235975dafa4309945b59c56b53f31dc5b65a6051\fmlcore-1.20.1-47.4.0.jar
[20:43:58] [main/WARN] [ne.mi.fm.lo.mo.ModFileParser/LOADING]: Mod file C:\Users\Rinsing\.gradle\caches\modules-2\files-2.1\net.minecraftforge\fmlcore\1.20.1-47.4.0\235975dafa4309945b59c56b53f31dc5b65a6051\fmlcore-1.20.1-47.4.0.jar is missing mods.toml file
[20:43:58] [main/DEBUG] [ne.mi.fm.lo.mo.ModFileParser/LOADING]: Considering mod file candidate E:\Mod_Dev\StructureBinder\build\resources\main
[20:43:58] [main/DEBUG] [ne.mi.fm.lo.mo.ModFileInfo/LOADING]: Found valid mod file main with {geomantia} mods - versions {0.1.0}
[20:43:58] [main/DEBUG] [ne.mi.fm.lo.mo.ModFileParser/LOADING]: Considering mod file candidate /
[20:43:58] [main/DEBUG] [ne.mi.fm.lo.mo.ModFileInfo/LOADING]: Found valid mod file  with {forge} mods - versions {47.4.0}
[20:43:58] [main/DEBUG] [ne.mi.fm.lo.mo.ModFileParser/LOADING]: Considering mod file candidate C:\Users\Rinsing\.gradle\caches\forge_gradle\deobf_dependencies\curse\maven\worldedit-225608\4586218_mapped_official_1.20.1\worldedit-225608-4586218_mapped_official_1.20.1.jar
[20:43:58] [main/DEBUG] [ne.mi.fm.lo.mo.ModFileInfo/LOADING]: Found valid mod file worldedit-225608-4586218_mapped_official_1.20.1.jar with {worldedit} mods - versions {7.2.15+6463-5ca4dff}
[20:43:58] [main/DEBUG] [ne.mi.fm.lo.mo.ModFileParser/LOADING]: Considering mod file candidate C:\Users\Rinsing\.gradle\caches\forge_gradle\deobf_dependencies\local\reterraforged\reterraforged\0.0.5_mapped_official_1.20.1\reterraforged-0.0.5_mapped_official_1.20.1.jar
[20:43:58] [main/DEBUG] [ne.mi.fm.lo.mo.ModFileInfo/LOADING]: Found valid mod file reterraforged-0.0.5_mapped_official_1.20.1.jar with {reterraforged} mods - versions {0.0.5}
[20:43:58] [main/DEBUG] [ne.mi.fm.lo.mo.ModFileParser/LOADING]: Considering mod file candidate C:\Users\Rinsing\.gradle\caches\forge_gradle\deobf_dependencies\local\trek\trek\B0.6_mapped_official_1.20.1\trek-B0.6_mapped_official_1.20.1.jar
[20:43:58] [main/DEBUG] [ne.mi.fm.lo.mo.ModFileInfo/LOADING]: Found valid mod file trek-B0.6_mapped_official_1.20.1.jar with {mr_trek} mods - versions {1-B0.6}
[20:43:58] [main/DEBUG] [ne.mi.fm.lo.mo.ModFileParser/LOADING]: Considering mod file candidate C:\Users\Rinsing\.gradle\caches\forge_gradle\deobf_dependencies\local\t_and_t\t_and_t\1.12_mapped_official_1.20.1\t_and_t-1.12_mapped_official_1.20.1.jar
[20:43:58] [main/DEBUG] [ne.mi.fm.lo.mo.ModFileInfo/LOADING]: Found valid mod file t_and_t-1.12_mapped_official_1.20.1.jar with {t_and_t} mods - versions {0.0NONE}
[20:43:58] [main/DEBUG] [ne.mi.fm.lo.mo.ModFileParser/LOADING]: Considering mod file candidate C:\Users\Rinsing\.gradle\caches\forge_gradle\deobf_dependencies\local\cristellib\cristellib\1.1.6_mapped_official_1.20.1\cristellib-1.1.6_mapped_official_1.20.1.jar
[20:43:58] [main/DEBUG] [ne.mi.fm.lo.mo.ModFileInfo/LOADING]: Found valid mod file cristellib-1.1.6_mapped_official_1.20.1.jar with {cristellib} mods - versions {1.1.6}
[20:43:58] [main/DEBUG] [ne.mi.fm.lo.mo.ModFileParser/LOADING]: Considering mod file candidate C:\Users\Rinsing\.gradle\caches\forge_gradle\deobf_dependencies\local\roadweaver\roadweaver-forge\2.3.0-1.20.1_mapped_official_1.20.1\roadweaver-forge-2.3.0-1.20.1_mapped_official_1.20.1.jar
[20:43:58] [main/DEBUG] [ne.mi.fm.lo.mo.ModFileInfo/LOADING]: Found valid mod file roadweaver-forge-2.3.0-1.20.1_mapped_official_1.20.1.jar with {roadweaver} mods - versions {2.2.2-1.20.1}
[20:43:58] [main/DEBUG] [ne.mi.fm.lo.mo.ModFileParser/LOADING]: Considering mod file candidate C:\Users\Rinsing\.gradle\caches\forge_gradle\deobf_dependencies\dev\architectury\architectury-forge\9.2.14_mapped_official_1.20.1\architectury-forge-9.2.14_mapped_official_1.20.1.jar
[20:43:58] [main/DEBUG] [ne.mi.fm.lo.mo.ModFileInfo/LOADING]: Found valid mod file architectury-forge-9.2.14_mapped_official_1.20.1.jar with {architectury} mods - versions {9.2.14}
[20:43:58] [main/DEBUG] [ne.mi.fm.lo.mo.ModFileParser/LOADING]: Considering mod file candidate C:\Users\Rinsing\.gradle\caches\forge_gradle\deobf_dependencies\me\shedaniel\cloth\cloth-config-forge\11.1.136_mapped_official_1.20.1\cloth-config-forge-11.1.136_mapped_official_1.20.1.jar
[20:43:58] [main/DEBUG] [ne.mi.fm.lo.mo.ModFileInfo/LOADING]: Found valid mod file cloth-config-forge-11.1.136_mapped_official_1.20.1.jar with {cloth_config} mods - versions {11.1.136}
[20:43:58] [main/DEBUG] [ne.mi.fm.lo.mo.ModFileParser/LOADING]: Considering mod file candidate C:\Users\Rinsing\.gradle\caches\forge_gradle\deobf_dependencies\curse\maven\worldedit-225608\4586218_mapped_official_1.20.1\worldedit-225608-4586218_mapped_official_1.20.1.jar
[20:43:58] [main/DEBUG] [ne.mi.fm.lo.mo.ModFileInfo/LOADING]: Found valid mod file worldedit-225608-4586218_mapped_official_1.20.1.jar with {worldedit} mods - versions {7.2.15+6463-5ca4dff}
[20:43:58] [main/DEBUG] [ne.mi.fm.lo.mo.ModFileParser/LOADING]: Considering mod file candidate C:\Users\Rinsing\.gradle\caches\forge_gradle\deobf_dependencies\local\reterraforged\reterraforged\0.0.5_mapped_official_1.20.1\reterraforged-0.0.5_mapped_official_1.20.1.jar
[20:43:58] [main/DEBUG] [ne.mi.fm.lo.mo.ModFileInfo/LOADING]: Found valid mod file reterraforged-0.0.5_mapped_official_1.20.1.jar with {reterraforged} mods - versions {0.0.5}
[20:43:58] [main/DEBUG] [ne.mi.fm.lo.mo.ModFileParser/LOADING]: Considering mod file candidate C:\Users\Rinsing\.gradle\caches\forge_gradle\deobf_dependencies\local\t_and_t\t_and_t\1.12_mapped_official_1.20.1\t_and_t-1.12_mapped_official_1.20.1.jar
[20:43:58] [main/DEBUG] [ne.mi.fm.lo.mo.ModFileInfo/LOADING]: Found valid mod file t_and_t-1.12_mapped_official_1.20.1.jar with {t_and_t} mods - versions {0.0NONE}
[20:43:58] [main/DEBUG] [ne.mi.fm.lo.mo.ModFileParser/LOADING]: Considering mod file candidate C:\Users\Rinsing\.gradle\caches\forge_gradle\deobf_dependencies\local\cristellib\cristellib\1.1.6_mapped_official_1.20.1\cristellib-1.1.6_mapped_official_1.20.1.jar
[20:43:58] [main/DEBUG] [ne.mi.fm.lo.mo.ModFileInfo/LOADING]: Found valid mod file cristellib-1.1.6_mapped_official_1.20.1.jar with {cristellib} mods - versions {1.1.6}
[20:43:58] [main/DEBUG] [ne.mi.fm.lo.mo.ModFileParser/LOADING]: Considering mod file candidate C:\Users\Rinsing\.gradle\caches\forge_gradle\deobf_dependencies\local\roadweaver\roadweaver-forge\2.3.0-1.20.1_mapped_official_1.20.1\roadweaver-forge-2.3.0-1.20.1_mapped_official_1.20.1.jar
[20:43:58] [main/DEBUG] [ne.mi.fm.lo.mo.ModFileInfo/LOADING]: Found valid mod file roadweaver-forge-2.3.0-1.20.1_mapped_official_1.20.1.jar with {roadweaver} mods - versions {2.2.2-1.20.1}
[20:43:58] [main/DEBUG] [ne.mi.fm.lo.mo.ModFileParser/LOADING]: Considering mod file candidate C:\Users\Rinsing\.gradle\caches\forge_gradle\deobf_dependencies\dev\architectury\architectury-forge\9.2.14_mapped_official_1.20.1\architectury-forge-9.2.14_mapped_official_1.20.1.jar
[20:43:58] [main/DEBUG] [ne.mi.fm.lo.mo.ModFileInfo/LOADING]: Found valid mod file architectury-forge-9.2.14_mapped_official_1.20.1.jar with {architectury} mods - versions {9.2.14}
[20:43:58] [main/DEBUG] [ne.mi.fm.lo.mo.ModFileParser/LOADING]: Considering mod file candidate C:\Users\Rinsing\.gradle\caches\forge_gradle\deobf_dependencies\me\shedaniel\cloth\cloth-config-forge\11.1.136_mapped_official_1.20.1\cloth-config-forge-11.1.136_mapped_official_1.20.1.jar
[20:43:58] [main/DEBUG] [ne.mi.fm.lo.mo.ModFileInfo/LOADING]: Found valid mod file cloth-config-forge-11.1.136_mapped_official_1.20.1.jar with {cloth_config} mods - versions {11.1.136}
[20:43:58] [main/DEBUG] [ne.mi.fm.lo.UniqueModListBuilder/]: Found 2 mods for first modid cloth_config, selecting most recent based on version data
[20:43:58] [main/DEBUG] [ne.mi.fm.lo.UniqueModListBuilder/]: Selected file cloth-config-forge-11.1.136_mapped_official_1.20.1.jar for modid cloth_config with version 11.1.136
[20:43:58] [main/DEBUG] [ne.mi.fm.lo.UniqueModListBuilder/]: Found 2 mods for first modid t_and_t, selecting most recent based on version data
[20:43:58] [main/DEBUG] [ne.mi.fm.lo.UniqueModListBuilder/]: Selected file t_and_t-1.12_mapped_official_1.20.1.jar for modid t_and_t with version 0.0NONE
[20:43:58] [main/DEBUG] [ne.mi.fm.lo.UniqueModListBuilder/]: Found 2 mods for first modid worldedit, selecting most recent based on version data
[20:43:58] [main/DEBUG] [ne.mi.fm.lo.UniqueModListBuilder/]: Selected file worldedit-225608-4586218_mapped_official_1.20.1.jar for modid worldedit with version 7.2.15+6463-5ca4dff
[20:43:58] [main/DEBUG] [ne.mi.fm.lo.UniqueModListBuilder/]: Found 2 mods for first modid architectury, selecting most recent based on version data
[20:43:58] [main/DEBUG] [ne.mi.fm.lo.UniqueModListBuilder/]: Selected file architectury-forge-9.2.14_mapped_official_1.20.1.jar for modid architectury with version 9.2.14
[20:43:58] [main/DEBUG] [ne.mi.fm.lo.UniqueModListBuilder/]: Found 2 mods for first modid roadweaver, selecting most recent based on version data
[20:43:58] [main/DEBUG] [ne.mi.fm.lo.UniqueModListBuilder/]: Selected file roadweaver-forge-2.3.0-1.20.1_mapped_official_1.20.1.jar for modid roadweaver with version 2.2.2-1.20.1
[20:43:58] [main/DEBUG] [ne.mi.fm.lo.UniqueModListBuilder/]: Found 2 mods for first modid cristellib, selecting most recent based on version data
[20:43:58] [main/DEBUG] [ne.mi.fm.lo.UniqueModListBuilder/]: Selected file cristellib-1.1.6_mapped_official_1.20.1.jar for modid cristellib with version 1.1.6
[20:43:58] [main/DEBUG] [ne.mi.fm.lo.UniqueModListBuilder/]: Found 2 mods for first modid reterraforged, selecting most recent based on version data
[20:43:58] [main/DEBUG] [ne.mi.fm.lo.UniqueModListBuilder/]: Selected file reterraforged-0.0.5_mapped_official_1.20.1.jar for modid reterraforged with version 0.0.5
[20:43:58] [main/DEBUG] [ne.mi.fm.lo.mo.AbstractJarFileDependencyLocator/]: Failed to load resource META-INF\jarjar\metadata.json from forge-1.20.1-47.4.0_mapped_official_1.20.1-recomp.jar, it does not contain dependency information.
[20:43:58] [main/DEBUG] [ne.mi.fm.lo.mo.AbstractJarFileDependencyLocator/]: Failed to load resource META-INF\jarjar\metadata.json from cloth-config-forge-11.1.136_mapped_official_1.20.1.jar, it does not contain dependency information.
[20:43:58] [main/DEBUG] [ne.mi.fm.lo.mo.AbstractJarFileDependencyLocator/]: Failed to load resource META-INF\jarjar\metadata.json from , it does not contain dependency information.
[20:43:58] [main/DEBUG] [ne.mi.fm.lo.mo.AbstractJarFileDependencyLocator/]: Failed to load resource META-INF\jarjar\metadata.json from t_and_t-1.12_mapped_official_1.20.1.jar, it does not contain dependency information.
[20:43:58] [main/DEBUG] [ne.mi.fm.lo.mo.AbstractJarFileDependencyLocator/]: Failed to load resource META-INF\jarjar\metadata.json from worldedit-225608-4586218_mapped_official_1.20.1.jar, it does not contain dependency information.
[20:43:58] [main/DEBUG] [ne.mi.fm.lo.mo.AbstractJarFileDependencyLocator/]: Failed to load resource META-INF\jarjar\metadata.json from architectury-forge-9.2.14_mapped_official_1.20.1.jar, it does not contain dependency information.
[20:43:58] [main/DEBUG] [ne.mi.fm.lo.mo.AbstractJarFileDependencyLocator/]: Failed to load resource META-INF\jarjar\metadata.json from trek-B0.6_mapped_official_1.20.1.jar, it does not contain dependency information.
[20:43:58] [main/DEBUG] [ne.mi.fm.lo.mo.AbstractJarFileDependencyLocator/]: Failed to load resource META-INF\jarjar\metadata.json from main, it does not contain dependency information.
[20:43:58] [main/DEBUG] [ne.mi.fm.lo.mo.AbstractJarFileDependencyLocator/]: Failed to load resource META-INF\jarjar\metadata.json from reterraforged-0.0.5_mapped_official_1.20.1.jar, it does not contain dependency information.
[20:43:58] [main/DEBUG] [ne.mi.fm.lo.mo.AbstractJarFileDependencyLocator/]: Failed to load resource META-INF\jarjar\metadata.json from mclanguage-1.20.1-47.4.0.jar, it does not contain dependency information.
[20:43:58] [main/DEBUG] [ne.mi.fm.lo.mo.AbstractJarFileDependencyLocator/]: Failed to load resource META-INF\jarjar\metadata.json from javafmllanguage-1.20.1-47.4.0.jar, it does not contain dependency information.
[20:43:58] [main/DEBUG] [ne.mi.fm.lo.mo.AbstractJarFileDependencyLocator/]: Failed to load resource META-INF\jarjar\metadata.json from fmlcore-1.20.1-47.4.0.jar, it does not contain dependency information.
[20:43:58] [main/DEBUG] [ne.mi.fm.lo.mo.AbstractJarFileDependencyLocator/]: Failed to load resource META-INF\jarjar\metadata.json from lowcodelanguage-1.20.1-47.4.0.jar, it does not contain dependency information.
[20:43:58] [main/DEBUG] [ne.mi.fm.lo.mo.ModFileParser/LOADING]: Considering mod file candidate 
[20:43:58] [main/DEBUG] [ne.mi.fm.lo.mo.ModFileInfo/LOADING]: Found valid mod file architectury-forge-9.2.14.jar with {architectury} mods - versions {9.2.14}
[20:43:58] [main/DEBUG] [ne.mi.fm.lo.mo.ModFileParser/LOADING]: Considering mod file candidate 
[20:43:58] [main/DEBUG] [ne.mi.fm.lo.mo.ModFileInfo/LOADING]: Found valid mod file cloth-config-forge-11.1.136.jar with {cloth_config} mods - versions {11.1.136}
[20:43:58] [main/DEBUG] [ne.mi.fm.lo.mo.AbstractJarFileDependencyLocator/]: Failed to load resource META-INF\jarjar\metadata.json from architectury-forge-9.2.14.jar, it does not contain dependency information.
[20:43:58] [main/DEBUG] [ne.mi.fm.lo.mo.AbstractJarFileDependencyLocator/]: Failed to load resource META-INF\jarjar\metadata.json from cloth-config-forge-11.1.136.jar, it does not contain dependency information.
[20:43:58] [main/DEBUG] [ne.mi.fm.lo.mo.AbstractJarFileDependencyLocator/]: Failed to load resource META-INF\jarjar\metadata.json from lwjgl-opencl-3.3.1.jar, it does not contain dependency information.
[20:43:58] [main/DEBUG] [ne.mi.fm.lo.mo.AbstractJarFileDependencyLocator/]: Failed to load resource META-INF\jarjar\metadata.json from jankson-1.2.3.jar, it does not contain dependency information.
[20:43:59] [main/DEBUG] [ne.mi.fm.lo.mo.ModFileParser/LOADING]: Considering mod file candidate 
[20:43:59] [main/DEBUG] [ne.mi.fm.lo.mo.ModFileInfo/LOADING]: Found valid mod file architectury-forge-9.2.14.jar with {architectury} mods - versions {9.2.14}
[20:43:59] [main/DEBUG] [ne.mi.fm.lo.mo.ModFileParser/LOADING]: Considering mod file candidate 
[20:43:59] [main/DEBUG] [ne.mi.fm.lo.mo.ModFileInfo/LOADING]: Found valid mod file cloth-config-forge-11.1.136.jar with {cloth_config} mods - versions {11.1.136}
[20:43:59] [main/WARN] [ne.mi.ja.se.JarSelector/]: Attempted to select a dependency jar for JarJar which was passed in as source: cloth_config. Using Mod File: C:\Users\Rinsing\.gradle\caches\forge_gradle\deobf_dependencies\me\shedaniel\cloth\cloth-config-forge\11.1.136_mapped_official_1.20.1\cloth-config-forge-11.1.136_mapped_official_1.20.1.jar
[20:43:59] [main/WARN] [ne.mi.ja.se.JarSelector/]: Attempted to select a dependency jar for JarJar which was passed in as source: architectury. Using Mod File: C:\Users\Rinsing\.gradle\caches\forge_gradle\deobf_dependencies\dev\architectury\architectury-forge\9.2.14_mapped_official_1.20.1\architectury-forge-9.2.14_mapped_official_1.20.1.jar
[20:43:59] [main/INFO] [ne.mi.fm.lo.mo.JarInJarDependencyLocator/]: Found 2 dependencies adding them to mods collection
[20:43:59] [main/DEBUG] [ne.mi.fm.lo.mo.ModFileInfo/LOADING]: Found valid mod file forge-1.20.1-47.4.0_mapped_official_1.20.1-recomp.jar with {minecraft} mods - versions {1.20.1}
[20:43:59] [main/DEBUG] [ne.mi.fm.lo.mo.ModFile/LOADING]: Loading mod file C:\Users\Rinsing\.gradle\caches\forge_gradle\minecraft_user_repo\net\minecraftforge\forge\1.20.1-47.4.0_mapped_official_1.20.1\forge-1.20.1-47.4.0_mapped_official_1.20.1-recomp.jar with languages [LanguageSpec[languageName=minecraft, acceptedVersions=1]]
[20:43:59] [main/DEBUG] [ne.mi.fm.lo.mo.ModFileParser/LOADING]: Considering mod file candidate C:\Users\Rinsing\.gradle\caches\forge_gradle\deobf_dependencies\me\shedaniel\cloth\cloth-config-forge\11.1.136_mapped_official_1.20.1\cloth-config-forge-11.1.136_mapped_official_1.20.1.jar
[20:43:59] [main/DEBUG] [ne.mi.fm.lo.mo.ModFileInfo/LOADING]: Found valid mod file cloth-config-forge-11.1.136_mapped_official_1.20.1.jar with {cloth_config} mods - versions {11.1.136}
[20:43:59] [main/DEBUG] [ne.mi.fm.lo.mo.ModFile/LOADING]: Loading mod file C:\Users\Rinsing\.gradle\caches\forge_gradle\deobf_dependencies\me\shedaniel\cloth\cloth-config-forge\11.1.136_mapped_official_1.20.1\cloth-config-forge-11.1.136_mapped_official_1.20.1.jar with languages [LanguageSpec[languageName=javafml, acceptedVersions=[34,)]]
[20:43:59] [main/DEBUG] [ne.mi.fm.lo.mo.ModFileParser/LOADING]: Considering mod file candidate /
[20:43:59] [main/DEBUG] [ne.mi.fm.lo.mo.ModFileInfo/LOADING]: Found valid mod file  with {forge} mods - versions {47.4.0}
[20:43:59] [main/DEBUG] [ne.mi.fm.lo.mo.ModFile/LOADING]: Loading mod file / with languages [LanguageSpec[languageName=javafml, acceptedVersions=[24,]]]
[20:43:59] [main/DEBUG] [ne.mi.fm.lo.mo.ModFileParser/LOADING]: Found coremod field_to_method with Javascript path coremods/field_to_method.js
[20:43:59] [main/DEBUG] [ne.mi.fm.lo.mo.ModFileParser/LOADING]: Found coremod field_to_instanceof with Javascript path coremods/field_to_instanceof.js
[20:43:59] [main/DEBUG] [ne.mi.fm.lo.mo.ModFileParser/LOADING]: Found coremod add_bouncer_method with Javascript path coremods/add_bouncer_method.js
[20:43:59] [main/DEBUG] [ne.mi.fm.lo.mo.ModFileParser/LOADING]: Found coremod method_redirector with Javascript path coremods/method_redirector.js
[20:43:59] [main/DEBUG] [ne.mi.fm.lo.mo.ModFile/LOADING]: Found coremod coremods/field_to_method.js
[20:43:59] [main/DEBUG] [ne.mi.fm.lo.mo.ModFile/LOADING]: Found coremod coremods/field_to_instanceof.js
[20:43:59] [main/DEBUG] [ne.mi.fm.lo.mo.ModFile/LOADING]: Found coremod coremods/add_bouncer_method.js
[20:43:59] [main/DEBUG] [ne.mi.fm.lo.mo.ModFile/LOADING]: Found coremod coremods/method_redirector.js
[20:43:59] [main/DEBUG] [ne.mi.fm.lo.mo.ModFileParser/LOADING]: Considering mod file candidate C:\Users\Rinsing\.gradle\caches\forge_gradle\deobf_dependencies\curse\maven\worldedit-225608\4586218_mapped_official_1.20.1\worldedit-225608-4586218_mapped_official_1.20.1.jar
[20:43:59] [main/DEBUG] [ne.mi.fm.lo.mo.ModFileInfo/LOADING]: Found valid mod file worldedit-225608-4586218_mapped_official_1.20.1.jar with {worldedit} mods - versions {7.2.15+6463-5ca4dff}
[20:43:59] [main/DEBUG] [ne.mi.fm.lo.mo.ModFile/LOADING]: Loading mod file C:\Users\Rinsing\.gradle\caches\forge_gradle\deobf_dependencies\curse\maven\worldedit-225608\4586218_mapped_official_1.20.1\worldedit-225608-4586218_mapped_official_1.20.1.jar with languages [LanguageSpec[languageName=javafml, acceptedVersions=[24,)]]
[20:43:59] [main/DEBUG] [ne.mi.fm.lo.mo.ModFileParser/LOADING]: Considering mod file candidate C:\Users\Rinsing\.gradle\caches\forge_gradle\deobf_dependencies\local\t_and_t\t_and_t\1.12_mapped_official_1.20.1\t_and_t-1.12_mapped_official_1.20.1.jar
[20:43:59] [main/DEBUG] [ne.mi.fm.lo.mo.ModFileInfo/LOADING]: Found valid mod file t_and_t-1.12_mapped_official_1.20.1.jar with {t_and_t} mods - versions {0.0NONE}
[20:43:59] [main/DEBUG] [ne.mi.fm.lo.mo.ModFile/LOADING]: Loading mod file C:\Users\Rinsing\.gradle\caches\forge_gradle\deobf_dependencies\local\t_and_t\t_and_t\1.12_mapped_official_1.20.1\t_and_t-1.12_mapped_official_1.20.1.jar with languages [LanguageSpec[languageName=javafml, acceptedVersions=[43,)]]
[20:43:59] [main/DEBUG] [ne.mi.fm.lo.mo.ModFileParser/LOADING]: Considering mod file candidate C:\Users\Rinsing\.gradle\caches\forge_gradle\deobf_dependencies\dev\architectury\architectury-forge\9.2.14_mapped_official_1.20.1\architectury-forge-9.2.14_mapped_official_1.20.1.jar
[20:43:59] [main/DEBUG] [ne.mi.fm.lo.mo.ModFileInfo/LOADING]: Found valid mod file architectury-forge-9.2.14_mapped_official_1.20.1.jar with {architectury} mods - versions {9.2.14}
[20:43:59] [main/DEBUG] [ne.mi.fm.lo.mo.ModFile/LOADING]: Loading mod file C:\Users\Rinsing\.gradle\caches\forge_gradle\deobf_dependencies\dev\architectury\architectury-forge\9.2.14_mapped_official_1.20.1\architectury-forge-9.2.14_mapped_official_1.20.1.jar with languages [LanguageSpec[languageName=javafml, acceptedVersions=[46,)]]
[20:43:59] [main/DEBUG] [ne.mi.fm.lo.mo.ModFileParser/LOADING]: Considering mod file candidate E:\Mod_Dev\StructureBinder\build\resources\main
[20:43:59] [main/DEBUG] [ne.mi.fm.lo.mo.ModFileInfo/LOADING]: Found valid mod file main with {geomantia} mods - versions {0.1.0}
[20:43:59] [main/DEBUG] [ne.mi.fm.lo.mo.ModFile/LOADING]: Loading mod file E:\Mod_Dev\StructureBinder\build\resources\main with languages [LanguageSpec[languageName=javafml, acceptedVersions=[47,)]]
[20:43:59] [main/DEBUG] [ne.mi.fm.lo.mo.ModFileParser/LOADING]: Considering mod file candidate C:\Users\Rinsing\.gradle\caches\forge_gradle\deobf_dependencies\local\trek\trek\B0.6_mapped_official_1.20.1\trek-B0.6_mapped_official_1.20.1.jar
[20:43:59] [main/DEBUG] [ne.mi.fm.lo.mo.ModFileInfo/LOADING]: Found valid mod file trek-B0.6_mapped_official_1.20.1.jar with {mr_trek} mods - versions {1-B0.6}
[20:43:59] [main/DEBUG] [ne.mi.fm.lo.mo.ModFile/LOADING]: Loading mod file C:\Users\Rinsing\.gradle\caches\forge_gradle\deobf_dependencies\local\trek\trek\B0.6_mapped_official_1.20.1\trek-B0.6_mapped_official_1.20.1.jar with languages [LanguageSpec[languageName=lowcodefml, acceptedVersions=[40,)]]
[20:43:59] [main/DEBUG] [ne.mi.fm.lo.mo.ModFileParser/LOADING]: Considering mod file candidate C:\Users\Rinsing\.gradle\caches\forge_gradle\deobf_dependencies\local\reterraforged\reterraforged\0.0.5_mapped_official_1.20.1\reterraforged-0.0.5_mapped_official_1.20.1.jar
[20:43:59] [main/DEBUG] [ne.mi.fm.lo.mo.ModFileInfo/LOADING]: Found valid mod file reterraforged-0.0.5_mapped_official_1.20.1.jar with {reterraforged} mods - versions {0.0.5}
[20:43:59] [main/DEBUG] [ne.mi.fm.lo.mo.ModFile/LOADING]: Loading mod file C:\Users\Rinsing\.gradle\caches\forge_gradle\deobf_dependencies\local\reterraforged\reterraforged\0.0.5_mapped_official_1.20.1\reterraforged-0.0.5_mapped_official_1.20.1.jar with languages [LanguageSpec[languageName=javafml, acceptedVersions=[40,)]]
[20:43:59] [main/DEBUG] [ne.mi.fm.lo.mo.ModFileParser/LOADING]: Considering mod file candidate C:\Users\Rinsing\.gradle\caches\forge_gradle\deobf_dependencies\local\cristellib\cristellib\1.1.6_mapped_official_1.20.1\cristellib-1.1.6_mapped_official_1.20.1.jar
[20:43:59] [main/DEBUG] [ne.mi.fm.lo.mo.ModFileInfo/LOADING]: Found valid mod file cristellib-1.1.6_mapped_official_1.20.1.jar with {cristellib} mods - versions {1.1.6}
[20:43:59] [main/DEBUG] [ne.mi.fm.lo.mo.ModFile/LOADING]: Loading mod file C:\Users\Rinsing\.gradle\caches\forge_gradle\deobf_dependencies\local\cristellib\cristellib\1.1.6_mapped_official_1.20.1\cristellib-1.1.6_mapped_official_1.20.1.jar with languages [LanguageSpec[languageName=javafml, acceptedVersions=[47,)]]
[20:43:59] [main/DEBUG] [ne.mi.fm.lo.mo.ModFileParser/LOADING]: Considering mod file candidate C:\Users\Rinsing\.gradle\caches\forge_gradle\deobf_dependencies\local\roadweaver\roadweaver-forge\2.3.0-1.20.1_mapped_official_1.20.1\roadweaver-forge-2.3.0-1.20.1_mapped_official_1.20.1.jar
[20:43:59] [main/DEBUG] [ne.mi.fm.lo.mo.ModFileInfo/LOADING]: Found valid mod file roadweaver-forge-2.3.0-1.20.1_mapped_official_1.20.1.jar with {roadweaver} mods - versions {2.2.2-1.20.1}
[20:43:59] [main/DEBUG] [ne.mi.fm.lo.mo.ModFile/LOADING]: Loading mod file C:\Users\Rinsing\.gradle\caches\forge_gradle\deobf_dependencies\local\roadweaver\roadweaver-forge\2.3.0-1.20.1_mapped_official_1.20.1\roadweaver-forge-2.3.0-1.20.1_mapped_official_1.20.1.jar with languages [LanguageSpec[languageName=javafml, acceptedVersions=[47,)]]
[20:43:59] [main/DEBUG] [ne.mi.fm.lo.mo.ModFile/LOADING]: Loading mod file  with languages []
[20:43:59] [main/DEBUG] [ne.mi.fm.lo.mo.ModFile/LOADING]: Loading mod file  with languages []
[20:43:59] [main/DEBUG] [ne.mi.fm.lo.mo.ModFile/LOADING]: Loading mod file  with languages []
[20:43:59] [main/DEBUG] [ne.mi.fm.lo.mo.ModFile/LOADING]: Loading mod file  with languages []
[20:43:59] [main/DEBUG] [cp.mo.mo.TransformationServiceDecorator/MODLAUNCHER]: End scan trigger - transformation service fml
[20:43:59] [main/DEBUG] [ne.mi.fm.lo.LanguageLoadingProvider/CORE]: Found 3 language providers
[20:43:59] [main/DEBUG] [ne.mi.fm.lo.LanguageLoadingProvider/CORE]: Found language provider minecraft, version 1.0
[20:43:59] [main/DEBUG] [ne.mi.fm.lo.LanguageLoadingProvider/CORE]: Found language provider lowcodefml, version 47
[20:43:59] [main/DEBUG] [ne.mi.fm.lo.LanguageLoadingProvider/CORE]: Found language provider javafml, version 47
[20:43:59] [main/DEBUG] [ne.mi.fm.lo.UniqueModListBuilder/]: Found 2 mods for first modid jankson, selecting most recent based on version data
[20:43:59] [main/DEBUG] [ne.mi.fm.lo.UniqueModListBuilder/]: Selected file jankson-1.2.3.jar for modid jankson with version 0.0NONE
[20:43:59] [main/DEBUG] [ne.mi.fm.lo.UniqueModListBuilder/]: Found 2 mods for first modid org.lwjgl.opencl, selecting most recent based on version data
[20:43:59] [main/DEBUG] [ne.mi.fm.lo.UniqueModListBuilder/]: Selected file lwjgl-opencl-3.3.1.jar for modid org.lwjgl.opencl with version build 7
[20:43:59] [main/DEBUG] [ne.mi.fm.lo.ModSorter/]: Configured system mods: [minecraft, forge]
[20:43:59] [main/DEBUG] [ne.mi.fm.lo.ModSorter/]: Found system mod: minecraft
[20:43:59] [main/DEBUG] [ne.mi.fm.lo.ModSorter/]: Found system mod: forge
[20:43:59] [main/DEBUG] [ne.mi.fm.lo.ModSorter/LOADING]: Found 22 mod requirements (17 mandatory, 5 optional)
[20:43:59] [main/DEBUG] [ne.mi.fm.lo.ModSorter/LOADING]: Found 0 mod requirements missing (0 mandatory, 0 optional)
[20:43:59] [main/DEBUG] [ne.mi.fm.lo.MCPNamingService/CORE]: Loaded 33222 method mappings from methods.csv
[20:43:59] [main/DEBUG] [ne.mi.fm.lo.MCPNamingService/CORE]: Loaded 31003 field mappings from fields.csv
[20:43:59] [main/DEBUG] [cp.mo.mo.TransformationServicesHandler/MODLAUNCHER]: Transformation services loading transformers
[20:43:59] [main/DEBUG] [cp.mo.mo.TransformationServiceDecorator/MODLAUNCHER]: Initializing transformers for transformation service mixin
[20:43:59] [main/DEBUG] [cp.mo.mo.TransformationServiceDecorator/MODLAUNCHER]: Initialized transformers for transformation service mixin
[20:43:59] [main/DEBUG] [cp.mo.mo.TransformationServiceDecorator/MODLAUNCHER]: Initializing transformers for transformation service fml
[20:43:59] [main/DEBUG] [ne.mi.fm.lo.FMLServiceProvider/CORE]: Loading coremod transformers
[20:43:59] [main/DEBUG] [ne.mi.co.CoreModEngine/COREMOD]: Loading CoreMod from coremods/field_to_method.js
[20:44:00] [main/DEBUG] [ne.mi.co.CoreModEngine/COREMOD]: CoreMod loaded successfully
[20:44:00] [main/DEBUG] [ne.mi.co.CoreModEngine/COREMOD]: Loading CoreMod from coremods/field_to_instanceof.js
[20:44:00] [main/DEBUG] [ne.mi.co.CoreModEngine/COREMOD]: CoreMod loaded successfully
[20:44:00] [main/DEBUG] [ne.mi.co.CoreModEngine/COREMOD]: Loading CoreMod from coremods/add_bouncer_method.js
[20:44:00] [main/DEBUG] [ne.mi.co.CoreModEngine/COREMOD]: CoreMod loaded successfully
[20:44:00] [main/DEBUG] [ne.mi.co.CoreModEngine/COREMOD]: Loading CoreMod from coremods/method_redirector.js
[20:44:00] [main/DEBUG] [ne.mi.co.CoreModEngine/COREMOD]: CoreMod loaded successfully
[20:44:00] [main/DEBUG] [cp.mo.mo.TransformStore/MODLAUNCHER]: Adding transformer net.minecraftforge.coremod.transformer.CoreModClassTransformer@31142d58 to Target : CLASS {Lnet/minecraft/world/level/biome/Biome;} {} {V}
[20:44:00] [main/DEBUG] [cp.mo.mo.TransformStore/MODLAUNCHER]: Adding transformer net.minecraftforge.coremod.transformer.CoreModClassTransformer@2b2954e1 to Target : CLASS {Lnet/minecraft/world/level/levelgen/structure/Structure;} {} {V}
[20:44:00] [main/DEBUG] [cp.mo.mo.TransformStore/MODLAUNCHER]: Adding transformer net.minecraftforge.coremod.transformer.CoreModClassTransformer@58d6e55a to Target : CLASS {Lnet/minecraft/world/effect/MobEffectInstance;} {} {V}
[20:44:00] [main/DEBUG] [cp.mo.mo.TransformStore/MODLAUNCHER]: Adding transformer net.minecraftforge.coremod.transformer.CoreModClassTransformer@751ae8a4 to Target : CLASS {Lnet/minecraft/world/level/block/LiquidBlock;} {} {V}
[20:44:00] [main/DEBUG] [cp.mo.mo.TransformStore/MODLAUNCHER]: Adding transformer net.minecraftforge.coremod.transformer.CoreModClassTransformer@235d659c to Target : CLASS {Lnet/minecraft/world/item/BucketItem;} {} {V}
[20:44:00] [main/DEBUG] [cp.mo.mo.TransformStore/MODLAUNCHER]: Adding transformer net.minecraftforge.coremod.transformer.CoreModClassTransformer@4232b34a to Target : CLASS {Lnet/minecraft/world/level/block/StairBlock;} {} {V}
[20:44:00] [main/DEBUG] [cp.mo.mo.TransformStore/MODLAUNCHER]: Adding transformer net.minecraftforge.coremod.transformer.CoreModClassTransformer@2da16263 to Target : CLASS {Lnet/minecraft/world/level/block/FlowerPotBlock;} {} {V}
[20:44:00] [main/DEBUG] [cp.mo.mo.TransformStore/MODLAUNCHER]: Adding transformer net.minecraftforge.coremod.transformer.CoreModClassTransformer@f5ce0bb to Target : CLASS {Lnet/minecraft/world/item/ItemStack;} {} {V}
[20:44:00] [main/DEBUG] [cp.mo.mo.TransformStore/MODLAUNCHER]: Adding transformer net.minecraftforge.coremod.transformer.CoreModClassTransformer@47e51549 to Target : CLASS {Lnet/minecraft/network/play/client/CClientSettingsPacket;} {} {V}
[20:44:00] [main/DEBUG] [cp.mo.mo.TransformStore/MODLAUNCHER]: Adding transformer net.minecraftforge.coremod.transformer.CoreModClassTransformer@101a461c to Target : CLASS {Lnet/minecraft/world/entity/monster/Spider;} {} {V}
[20:44:00] [main/DEBUG] [cp.mo.mo.TransformStore/MODLAUNCHER]: Adding transformer net.minecraftforge.coremod.transformer.CoreModClassTransformer@101a461c to Target : CLASS {Lnet/minecraft/world/level/levelgen/PhantomSpawner;} {} {V}
[20:44:00] [main/DEBUG] [cp.mo.mo.TransformStore/MODLAUNCHER]: Adding transformer net.minecraftforge.coremod.transformer.CoreModClassTransformer@101a461c to Target : CLASS {Lnet/minecraft/world/level/levelgen/structure/structures/OceanMonumentPieces$OceanMonumentPiece;} {} {V}
[20:44:00] [main/DEBUG] [cp.mo.mo.TransformStore/MODLAUNCHER]: Adding transformer net.minecraftforge.coremod.transformer.CoreModClassTransformer@101a461c to Target : CLASS {Lnet/minecraft/world/entity/monster/Evoker$EvokerSummonSpellGoal;} {} {V}
[20:44:00] [main/DEBUG] [cp.mo.mo.TransformStore/MODLAUNCHER]: Adding transformer net.minecraftforge.coremod.transformer.CoreModClassTransformer@101a461c to Target : CLASS {Lnet/minecraft/world/level/levelgen/structure/templatesystem/StructureTemplate;} {} {V}
[20:44:00] [main/DEBUG] [cp.mo.mo.TransformStore/MODLAUNCHER]: Adding transformer net.minecraftforge.coremod.transformer.CoreModClassTransformer@101a461c to Target : CLASS {Lnet/minecraft/server/commands/SummonCommand;} {} {V}
[20:44:00] [main/DEBUG] [cp.mo.mo.TransformStore/MODLAUNCHER]: Adding transformer net.minecraftforge.coremod.transformer.CoreModClassTransformer@101a461c to Target : CLASS {Lnet/minecraft/world/level/levelgen/structure/structures/OceanRuinPieces$OceanRuinPiece;} {} {V}
[20:44:00] [main/DEBUG] [cp.mo.mo.TransformStore/MODLAUNCHER]: Adding transformer net.minecraftforge.coremod.transformer.CoreModClassTransformer@101a461c to Target : CLASS {Lnet/minecraft/world/entity/monster/Strider;} {} {V}
[20:44:00] [main/DEBUG] [cp.mo.mo.TransformStore/MODLAUNCHER]: Adding transformer net.minecraftforge.coremod.transformer.CoreModClassTransformer@101a461c to Target : CLASS {Lnet/minecraft/world/entity/animal/frog/Tadpole;} {} {V}
[20:44:00] [main/DEBUG] [cp.mo.mo.TransformStore/MODLAUNCHER]: Adding transformer net.minecraftforge.coremod.transformer.CoreModClassTransformer@101a461c to Target : CLASS {Lnet/minecraft/world/entity/raid/Raid;} {} {V}
[20:44:00] [main/DEBUG] [cp.mo.mo.TransformStore/MODLAUNCHER]: Adding transformer net.minecraftforge.coremod.transformer.CoreModClassTransformer@101a461c to Target : CLASS {Lnet/minecraft/world/entity/monster/Zombie;} {} {V}
[20:44:00] [main/DEBUG] [cp.mo.mo.TransformStore/MODLAUNCHER]: Adding transformer net.minecraftforge.coremod.transformer.CoreModClassTransformer@101a461c to Target : CLASS {Lnet/minecraft/world/entity/npc/CatSpawner;} {} {V}
[20:44:00] [main/DEBUG] [cp.mo.mo.TransformStore/MODLAUNCHER]: Adding transformer net.minecraftforge.coremod.transformer.CoreModClassTransformer@101a461c to Target : CLASS {Lnet/minecraft/world/entity/ai/village/VillageSiege;} {} {V}
[20:44:00] [main/DEBUG] [cp.mo.mo.TransformStore/MODLAUNCHER]: Adding transformer net.minecraftforge.coremod.transformer.CoreModClassTransformer@101a461c to Target : CLASS {Lnet/minecraft/world/level/NaturalSpawner;} {} {V}
[20:44:00] [main/DEBUG] [cp.mo.mo.TransformStore/MODLAUNCHER]: Adding transformer net.minecraftforge.coremod.transformer.CoreModClassTransformer@101a461c to Target : CLASS {Lnet/minecraft/world/level/levelgen/structure/structures/WoodlandMansionPieces$WoodlandMansionPiece;} {} {V}
[20:44:00] [main/DEBUG] [cp.mo.mo.TransformStore/MODLAUNCHER]: Adding transformer net.minecraftforge.coremod.transformer.CoreModClassTransformer@101a461c to Target : CLASS {Lnet/minecraft/world/entity/npc/Villager;} {} {V}
[20:44:00] [main/DEBUG] [cp.mo.mo.TransformStore/MODLAUNCHER]: Adding transformer net.minecraftforge.coremod.transformer.CoreModClassTransformer@101a461c to Target : CLASS {Lnet/minecraft/world/level/levelgen/PatrolSpawner;} {} {V}
[20:44:00] [main/DEBUG] [cp.mo.mo.TransformStore/MODLAUNCHER]: Adding transformer net.minecraftforge.coremod.transformer.CoreModClassTransformer@101a461c to Target : CLASS {Lnet/minecraft/world/entity/animal/horse/SkeletonTrapGoal;} {} {V}
[20:44:00] [main/DEBUG] [cp.mo.mo.TransformStore/MODLAUNCHER]: Adding transformer net.minecraftforge.coremod.transformer.CoreModClassTransformer@101a461c to Target : CLASS {Lnet/minecraft/world/level/levelgen/structure/structures/SwampHutPiece;} {} {V}
[20:44:00] [main/DEBUG] [cp.mo.mo.TransformStore/MODLAUNCHER]: Adding transformer net.minecraftforge.coremod.transformer.CoreModClassTransformer@101a461c to Target : CLASS {Lnet/minecraft/world/entity/monster/ZombieVillager;} {} {V}
[20:44:00] [main/DEBUG] [cp.mo.mo.TransformStore/MODLAUNCHER]: Adding transformer net.minecraftforge.coremod.transformer.CoreModClassTransformer@101a461c to Target : CLASS {Lnet/minecraft/server/commands/RaidCommand;} {} {V}
[20:44:00] [main/DEBUG] [cp.mo.mo.TransformStore/MODLAUNCHER]: Adding transformer net.minecraftforge.coremod.transformer.CoreModClassTransformer@101a461c to Target : CLASS {Lnet/minecraft/world/entity/EntityType;} {} {V}
[20:44:00] [main/DEBUG] [cp.mo.mo.TransformationServiceDecorator/MODLAUNCHER]: Initialized transformers for transformation service fml
[20:44:01] [main/DEBUG] [mixin/]: Processing prepare() for PlatformAgent[MixinPlatformAgentDefault:ModLauncher Root Container(ModLauncher:4f56a0a2)]
[20:44:01] [main/DEBUG] [mixin/]: Processing launch tasks for PlatformAgent[MixinPlatformAgentDefault:ModLauncher Root Container(ModLauncher:4f56a0a2)]
[20:44:01] [main/DEBUG] [mixin/]: Adding mixin platform agents for container SecureJarResource(minecraft)
[20:44:01] [main/DEBUG] [mixin/]: Instancing new MixinPlatformAgentMinecraftForge for SecureJarResource(minecraft)
[20:44:01] [main/DEBUG] [mixin/]: MixinPlatformAgentMinecraftForge rejected container SecureJarResource(minecraft)
[20:44:01] [main/DEBUG] [mixin/]: Instancing new MixinPlatformAgentDefault for SecureJarResource(minecraft)
[20:44:01] [main/DEBUG] [mixin/]: MixinPlatformAgentDefault accepted container SecureJarResource(minecraft)
[20:44:01] [main/DEBUG] [mixin/]: Processing prepare() for PlatformAgent[MixinPlatformAgentDefault:SecureJarResource(minecraft)]
[20:44:01] [main/DEBUG] [mixin/]: Adding mixin platform agents for container SecureJarResource(worldedit)
[20:44:01] [main/DEBUG] [mixin/]: Instancing new MixinPlatformAgentMinecraftForge for SecureJarResource(worldedit)
[20:44:01] [main/DEBUG] [mixin/]: MixinPlatformAgentMinecraftForge rejected container SecureJarResource(worldedit)
[20:44:01] [main/DEBUG] [mixin/]: Instancing new MixinPlatformAgentDefault for SecureJarResource(worldedit)
[20:44:01] [main/DEBUG] [mixin/]: MixinPlatformAgentDefault accepted container SecureJarResource(worldedit)
[20:44:01] [main/DEBUG] [mixin/]: Processing prepare() for PlatformAgent[MixinPlatformAgentDefault:SecureJarResource(worldedit)]
[20:44:01] [main/DEBUG] [mixin/]: Adding mixin platform agents for container SecureJarResource(architectury)
[20:44:01] [main/DEBUG] [mixin/]: Instancing new MixinPlatformAgentMinecraftForge for SecureJarResource(architectury)
[20:44:01] [main/DEBUG] [mixin/]: MixinPlatformAgentMinecraftForge rejected container SecureJarResource(architectury)
[20:44:01] [main/DEBUG] [mixin/]: Instancing new MixinPlatformAgentDefault for SecureJarResource(architectury)
[20:44:01] [main/DEBUG] [mixin/]: MixinPlatformAgentDefault accepted container SecureJarResource(architectury)
[20:44:01] [main/DEBUG] [mixin/]: Processing prepare() for PlatformAgent[MixinPlatformAgentDefault:SecureJarResource(architectury)]
[20:44:01] [main/DEBUG] [mixin/]: Registering mixin config: architectury.mixins.json
[20:44:01] [main/DEBUG] [mixin/]: Registering mixin config: architectury-common.mixins.json
[20:44:01] [main/DEBUG] [mixin/]: Adding mixin platform agents for container SecureJarResource(cloth_config)
[20:44:01] [main/DEBUG] [mixin/]: Instancing new MixinPlatformAgentMinecraftForge for SecureJarResource(cloth_config)
[20:44:01] [main/DEBUG] [mixin/]: MixinPlatformAgentMinecraftForge rejected container SecureJarResource(cloth_config)
[20:44:01] [main/DEBUG] [mixin/]: Instancing new MixinPlatformAgentDefault for SecureJarResource(cloth_config)
[20:44:01] [main/DEBUG] [mixin/]: MixinPlatformAgentDefault accepted container SecureJarResource(cloth_config)
[20:44:01] [main/DEBUG] [mixin/]: Processing prepare() for PlatformAgent[MixinPlatformAgentDefault:SecureJarResource(cloth_config)]
[20:44:01] [main/DEBUG] [mixin/]: Adding mixin platform agents for container SecureJarResource(forge)
[20:44:01] [main/DEBUG] [mixin/]: Instancing new MixinPlatformAgentMinecraftForge for SecureJarResource(forge)
[20:44:01] [main/DEBUG] [mixin/]: MixinPlatformAgentMinecraftForge rejected container SecureJarResource(forge)
[20:44:01] [main/DEBUG] [mixin/]: Instancing new MixinPlatformAgentDefault for SecureJarResource(forge)
[20:44:01] [main/DEBUG] [mixin/]: MixinPlatformAgentDefault accepted container SecureJarResource(forge)
[20:44:01] [main/DEBUG] [mixin/]: Processing prepare() for PlatformAgent[MixinPlatformAgentDefault:SecureJarResource(forge)]
[20:44:01] [main/DEBUG] [mixin/]: Adding mixin platform agents for container SecureJarResource(t_and_t)
[20:44:01] [main/DEBUG] [mixin/]: Instancing new MixinPlatformAgentMinecraftForge for SecureJarResource(t_and_t)
[20:44:01] [main/DEBUG] [mixin/]: MixinPlatformAgentMinecraftForge rejected container SecureJarResource(t_and_t)
[20:44:01] [main/DEBUG] [mixin/]: Instancing new MixinPlatformAgentDefault for SecureJarResource(t_and_t)
[20:44:01] [main/DEBUG] [mixin/]: MixinPlatformAgentDefault accepted container SecureJarResource(t_and_t)
[20:44:01] [main/DEBUG] [mixin/]: Processing prepare() for PlatformAgent[MixinPlatformAgentDefault:SecureJarResource(t_and_t)]
[20:44:01] [main/DEBUG] [mixin/]: Adding mixin platform agents for container SecureJarResource(mr_trek)
[20:44:01] [main/DEBUG] [mixin/]: Instancing new MixinPlatformAgentMinecraftForge for SecureJarResource(mr_trek)
[20:44:01] [main/DEBUG] [mixin/]: MixinPlatformAgentMinecraftForge rejected container SecureJarResource(mr_trek)
[20:44:01] [main/DEBUG] [mixin/]: Instancing new MixinPlatformAgentDefault for SecureJarResource(mr_trek)
[20:44:01] [main/DEBUG] [mixin/]: MixinPlatformAgentDefault accepted container SecureJarResource(mr_trek)
[20:44:01] [main/DEBUG] [mixin/]: Processing prepare() for PlatformAgent[MixinPlatformAgentDefault:SecureJarResource(mr_trek)]
[20:44:01] [main/DEBUG] [mixin/]: Adding mixin platform agents for container SecureJarResource(roadweaver)
[20:44:01] [main/DEBUG] [mixin/]: Instancing new MixinPlatformAgentMinecraftForge for SecureJarResource(roadweaver)
[20:44:01] [main/DEBUG] [mixin/]: MixinPlatformAgentMinecraftForge rejected container SecureJarResource(roadweaver)
[20:44:01] [main/DEBUG] [mixin/]: Instancing new MixinPlatformAgentDefault for SecureJarResource(roadweaver)
[20:44:01] [main/DEBUG] [mixin/]: MixinPlatformAgentDefault accepted container SecureJarResource(roadweaver)
[20:44:01] [main/DEBUG] [mixin/]: Processing prepare() for PlatformAgent[MixinPlatformAgentDefault:SecureJarResource(roadweaver)]
[20:44:01] [main/DEBUG] [mixin/]: Registering mixin config: roadweaver.mixins.json
[20:44:01] [main/DEBUG] [mixin/]: Compatibility level JAVA_17 specified by roadweaver.mixins.json is higher than the maximum level supported by this version of mixin (JAVA_13).
[20:44:01] [main/INFO] [mixin/]: Compatibility level set to JAVA_17
[20:44:01] [main/DEBUG] [mixin/]: Adding mixin platform agents for container SecureJarResource(geomantia)
[20:44:01] [main/DEBUG] [mixin/]: Instancing new MixinPlatformAgentMinecraftForge for SecureJarResource(geomantia)
[20:44:01] [main/DEBUG] [mixin/]: MixinPlatformAgentMinecraftForge rejected container SecureJarResource(geomantia)
[20:44:01] [main/DEBUG] [mixin/]: Instancing new MixinPlatformAgentDefault for SecureJarResource(geomantia)
[20:44:01] [main/DEBUG] [mixin/]: MixinPlatformAgentDefault accepted container SecureJarResource(geomantia)
[20:44:01] [main/DEBUG] [mixin/]: Processing prepare() for PlatformAgent[MixinPlatformAgentDefault:SecureJarResource(geomantia)]
[20:44:01] [main/DEBUG] [mixin/]: Registering mixin config: geomantia.mixins.json
[20:44:02] [main/DEBUG] [mixin/]: Adding mixin platform agents for container SecureJarResource(cristellib)
[20:44:02] [main/DEBUG] [mixin/]: Instancing new MixinPlatformAgentMinecraftForge for SecureJarResource(cristellib)
[20:44:02] [main/DEBUG] [mixin/]: MixinPlatformAgentMinecraftForge rejected container SecureJarResource(cristellib)
[20:44:02] [main/DEBUG] [mixin/]: Instancing new MixinPlatformAgentDefault for SecureJarResource(cristellib)
[20:44:02] [main/DEBUG] [mixin/]: MixinPlatformAgentDefault accepted container SecureJarResource(cristellib)
[20:44:02] [main/DEBUG] [mixin/]: Processing prepare() for PlatformAgent[MixinPlatformAgentDefault:SecureJarResource(cristellib)]
[20:44:02] [main/DEBUG] [mixin/]: Registering mixin config: cristellib-common.mixins.json
[20:44:02] [main/DEBUG] [mixin/]: Registering mixin config: cristellib.mixins.json
[20:44:02] [main/DEBUG] [mixin/]: Adding mixin platform agents for container SecureJarResource(reterraforged)
[20:44:02] [main/DEBUG] [mixin/]: Instancing new MixinPlatformAgentMinecraftForge for SecureJarResource(reterraforged)
[20:44:02] [main/DEBUG] [mixin/]: MixinPlatformAgentMinecraftForge rejected container SecureJarResource(reterraforged)
[20:44:02] [main/DEBUG] [mixin/]: Instancing new MixinPlatformAgentDefault for SecureJarResource(reterraforged)
[20:44:02] [main/DEBUG] [mixin/]: MixinPlatformAgentDefault accepted container SecureJarResource(reterraforged)
[20:44:02] [main/DEBUG] [mixin/]: Processing prepare() for PlatformAgent[MixinPlatformAgentDefault:SecureJarResource(reterraforged)]
[20:44:02] [main/DEBUG] [mixin/]: Registering mixin config: reterraforged-common.mixins.json
[20:44:02] [main/DEBUG] [mixin/]: Registering mixin config: reterraforged-forge.mixins.json
[20:44:02] [main/DEBUG] [mixin/]: Adding mixin platform agents for container SecureJarResource(jankson)
[20:44:02] [main/DEBUG] [mixin/]: Instancing new MixinPlatformAgentMinecraftForge for SecureJarResource(jankson)
[20:44:02] [main/DEBUG] [mixin/]: MixinPlatformAgentMinecraftForge rejected container SecureJarResource(jankson)
[20:44:02] [main/DEBUG] [mixin/]: Instancing new MixinPlatformAgentDefault for SecureJarResource(jankson)
[20:44:02] [main/DEBUG] [mixin/]: MixinPlatformAgentDefault accepted container SecureJarResource(jankson)
[20:44:02] [main/DEBUG] [mixin/]: Processing prepare() for PlatformAgent[MixinPlatformAgentDefault:SecureJarResource(jankson)]
[20:44:02] [main/DEBUG] [mixin/]: Adding mixin platform agents for container SecureJarResource(org.lwjgl.opencl)
[20:44:02] [main/DEBUG] [mixin/]: Instancing new MixinPlatformAgentMinecraftForge for SecureJarResource(org.lwjgl.opencl)
[20:44:02] [main/DEBUG] [mixin/]: MixinPlatformAgentMinecraftForge rejected container SecureJarResource(org.lwjgl.opencl)
[20:44:02] [main/DEBUG] [mixin/]: Instancing new MixinPlatformAgentDefault for SecureJarResource(org.lwjgl.opencl)
[20:44:02] [main/DEBUG] [mixin/]: MixinPlatformAgentDefault accepted container SecureJarResource(org.lwjgl.opencl)
[20:44:02] [main/DEBUG] [mixin/]: Processing prepare() for PlatformAgent[MixinPlatformAgentDefault:SecureJarResource(org.lwjgl.opencl)]
[20:44:02] [main/DEBUG] [mixin/]: inject() running with 14 agents
[20:44:02] [main/DEBUG] [mixin/]: Processing inject() for PlatformAgent[MixinPlatformAgentDefault:ModLauncher Root Container(ModLauncher:4f56a0a2)]
[20:44:02] [main/DEBUG] [mixin/]: Processing inject() for PlatformAgent[MixinPlatformAgentDefault:SecureJarResource(minecraft)]
[20:44:02] [main/DEBUG] [mixin/]: Processing inject() for PlatformAgent[MixinPlatformAgentDefault:SecureJarResource(worldedit)]
[20:44:02] [main/DEBUG] [mixin/]: Processing inject() for PlatformAgent[MixinPlatformAgentDefault:SecureJarResource(architectury)]
[20:44:02] [main/DEBUG] [mixin/]: Processing inject() for PlatformAgent[MixinPlatformAgentDefault:SecureJarResource(cloth_config)]
[20:44:02] [main/DEBUG] [mixin/]: Processing inject() for PlatformAgent[MixinPlatformAgentDefault:SecureJarResource(forge)]
[20:44:02] [main/DEBUG] [mixin/]: Processing inject() for PlatformAgent[MixinPlatformAgentDefault:SecureJarResource(t_and_t)]
[20:44:02] [main/DEBUG] [mixin/]: Processing inject() for PlatformAgent[MixinPlatformAgentDefault:SecureJarResource(mr_trek)]
[20:44:02] [main/DEBUG] [mixin/]: Processing inject() for PlatformAgent[MixinPlatformAgentDefault:SecureJarResource(roadweaver)]
[20:44:02] [main/DEBUG] [mixin/]: Processing inject() for PlatformAgent[MixinPlatformAgentDefault:SecureJarResource(geomantia)]
[20:44:02] [main/DEBUG] [mixin/]: Processing inject() for PlatformAgent[MixinPlatformAgentDefault:SecureJarResource(cristellib)]
[20:44:02] [main/DEBUG] [mixin/]: Processing inject() for PlatformAgent[MixinPlatformAgentDefault:SecureJarResource(reterraforged)]
[20:44:02] [main/DEBUG] [mixin/]: Processing inject() for PlatformAgent[MixinPlatformAgentDefault:SecureJarResource(jankson)]
[20:44:02] [main/DEBUG] [mixin/]: Processing inject() for PlatformAgent[MixinPlatformAgentDefault:SecureJarResource(org.lwjgl.opencl)]
[20:44:02] [main/INFO] [cp.mo.mo.LaunchServiceHandler/MODLAUNCHER]: Launching target 'forgeclientuserdev' with arguments [--version, MOD_DEV, --gameDir, ., --assetsDir, C:\Users\Rinsing\.gradle\caches\forge_gradle\assets, --assetIndex, 5]
[20:44:02] [main/DEBUG] [mixin/]: Error cleaning class output directory: .mixin.out
[20:44:02] [main/DEBUG] [mixin/]: Preparing mixins for MixinEnvironment[DEFAULT]
[20:44:02] [main/DEBUG] [mixin/]: Selecting config architectury.mixins.json
[20:44:02] [main/INFO] [mixin/]: Remapping refMap architectury-forge-refmap.json using E:\Mod_Dev\StructureBinder\build/createSrgToMcp/output.srg
[20:44:02] [main/DEBUG] [mixin/]: Selecting config architectury-common.mixins.json
[20:44:02] [main/INFO] [mixin/]: Remapping refMap architectury-common-refmap.json using E:\Mod_Dev\StructureBinder\build/createSrgToMcp/output.srg
[20:44:02] [main/DEBUG] [mixin/]: Selecting config roadweaver.mixins.json
[20:44:02] [main/INFO] [mixin/]: Remapping refMap roadweaver-forge-forge-refmap.json using E:\Mod_Dev\StructureBinder\build/createSrgToMcp/output.srg
[20:44:02] [main/DEBUG] [mixin/]: Selecting config geomantia.mixins.json
[20:44:02] [main/DEBUG] [mixin/]: Selecting config cristellib-common.mixins.json
[20:44:02] [main/INFO] [mixin/]: Remapping refMap cristellib-common-refmap.json using E:\Mod_Dev\StructureBinder\build/createSrgToMcp/output.srg
[20:44:02] [main/DEBUG] [mixin/]: Selecting config cristellib.mixins.json
[20:44:02] [main/WARN] [mixin/]: Reference map 'cristellib-forge-refmap.json' for cristellib.mixins.json could not be read. If this is a development environment you can ignore this message
[20:44:02] [main/DEBUG] [mixin/]: Selecting config reterraforged-common.mixins.json
[20:44:02] [main/INFO] [ReTerraForged/]: Disabling Terrablender compat
[20:44:02] [main/INFO] [mixin/]: Remapping refMap reterraforged-common-refmap.json using E:\Mod_Dev\StructureBinder\build/createSrgToMcp/output.srg
[20:44:02] [main/DEBUG] [mixin/]: Selecting config reterraforged-forge.mixins.json
[20:44:02] [main/INFO] [mixin/]: Remapping refMap reterraforged-forge-refmap.json using E:\Mod_Dev\StructureBinder\build/createSrgToMcp/output.srg
[20:44:02] [main/DEBUG] [mixin/]: Preparing architectury.mixins.json (9)
[20:44:02] [main/DEBUG] [mixin/]: Preparing architectury-common.mixins.json (10)
[20:44:02] [main/DEBUG] [ne.mi.co.tr.CoreModBaseTransformer/COREMOD]: Transforming net/minecraft/world/item/BucketItem
[20:44:02] [main/DEBUG] [ne.mi.co.tr.CoreModBaseTransformer/COREMOD]: Transforming net/minecraft/world/entity/EntityType
[20:44:02] [main/DEBUG] [ne.mi.co.tr.CoreModBaseTransformer/COREMOD]: Transforming net/minecraft/world/level/block/LiquidBlock
[20:44:02] [main/DEBUG] [mixin/]: Preparing roadweaver.mixins.json (17)
[20:44:02] [main/DEBUG] [ne.mi.co.tr.CoreModBaseTransformer/COREMOD]: Transforming net/minecraft/world/level/biome/Biome
[20:44:02] [main/DEBUG] [mixin/]: Preparing geomantia.mixins.json (4)
[20:44:02] [main/DEBUG] [mixin/]: Preparing cristellib-common.mixins.json (1)
[20:44:02] [main/DEBUG] [mixin/]: Preparing cristellib.mixins.json (0)
[20:44:02] [main/DEBUG] [mixin/]: Preparing reterraforged-common.mixins.json (12)
[20:44:02] [main/DEBUG] [ne.mi.co.tr.CoreModBaseTransformer/COREMOD]: Transforming net/minecraft/world/level/levelgen/structure/Structure
[20:44:02] [main/DEBUG] [mixin/]: Preparing reterraforged-forge.mixins.json (4)
[20:44:02] [main/DEBUG] [mixin/]: Registering new injector for @Inject with org.spongepowered.asm.mixin.injection.struct.CallbackInjectionInfo
[20:44:02] [main/DEBUG] [mixin/]: Registering new injector for @ModifyArg with org.spongepowered.asm.mixin.injection.struct.ModifyArgInjectionInfo
[20:44:02] [main/DEBUG] [mixin/]: Registering new injector for @ModifyArgs with org.spongepowered.asm.mixin.injection.struct.ModifyArgsInjectionInfo
[20:44:02] [main/DEBUG] [mixin/]: Registering new injector for @Redirect with org.spongepowered.asm.mixin.injection.struct.RedirectInjectionInfo
[20:44:02] [main/DEBUG] [mixin/]: Registering new injector for @ModifyVariable with org.spongepowered.asm.mixin.injection.struct.ModifyVariableInjectionInfo
[20:44:02] [main/DEBUG] [mixin/]: Registering new injector for @ModifyConstant with org.spongepowered.asm.mixin.injection.struct.ModifyConstantInjectionInfo
[20:44:02] [main/DEBUG] [mixin/]: Inner class raccoonman/reterraforged/mixin/MixinRandomState$1 in raccoonman/reterraforged/mixin/MixinRandomState on net/minecraft/world/level/levelgen/RandomState gets unique name net/minecraft/world/level/levelgen/RandomState$Anonymous$d8c04716bd81441f96e715c263541cca
[20:44:02] [main/DEBUG] [mixin/]: Prepared 50 mixins in 0.705 sec (14.1ms avg) (0ms load, 0ms transform, 0ms plugin)
[20:44:03] [main/DEBUG] [io.ne.ut.in.lo.InternalLoggerFactory/]: Using SLF4J as the default logging framework
[20:44:03] [main/DEBUG] [io.ne.ut.ResourceLeakDetector/]: -Dio.netty.leakDetection.level: simple
[20:44:03] [main/DEBUG] [io.ne.ut.ResourceLeakDetector/]: -Dio.netty.leakDetection.targetRecords: 4
[20:44:03] [main/DEBUG] [mixin/]: Mixing MixinUtil from reterraforged-common.mixins.json into net.minecraft.Util
[20:44:03] [main/DEBUG] [os.ut.FileUtil/]: No oshi.properties file found from ClassLoader cpw.mods.modlauncher.TransformingClassLoader@550de6b8
[20:44:03] [main/DEBUG] [os.ut.FileUtil/]: No oshi.architecture.properties file found from ClassLoader cpw.mods.modlauncher.TransformingClassLoader@550de6b8
[20:44:03] [main/WARN] [os.dr.wi.pe.PerfmonDisabled/]: Invalid registry value type detected for PerfOS counters. Should be REG_DWORD. Ignoring: HKEY_LOCAL_MACHINE\SYSTEM\CurrentControlSet\Services\PerfOS\Performance\Disable Performance Counters.
[20:44:04] [pool-3-thread-1/DEBUG] [mixin/]: Mixing inject.MixinGameEvent from architectury-common.mixins.json into net.minecraft.world.level.gameevent.GameEvent
[20:44:04] [pool-3-thread-1/DEBUG] [mixin/]: Mixing inject.MixinBlock from architectury-common.mixins.json into net.minecraft.world.level.block.Block
[20:44:04] [pool-3-thread-1/DEBUG] [mixin/]: Mixing forge.ServerLevelStructureMixin from roadweaver.mixins.json into net.minecraft.server.level.ServerLevel
[20:44:04] [pool-3-thread-1/DEBUG] [mixin/]: Mixing inject.MixinFluid from architectury-common.mixins.json into net.minecraft.world.level.material.Fluid
[20:44:04] [pool-3-thread-1/DEBUG] [mixin/]: Mixing inject.MixinItem from architectury-common.mixins.json into net.minecraft.world.item.Item
[20:44:04] [pool-3-thread-1/DEBUG] [ne.mi.co.tr.CoreModBaseTransformer/COREMOD]: Transforming net/minecraft/world/entity/EntityType
[20:44:04] [pool-3-thread-1/DEBUG] [mixin/]: Mixing inject.MixinEntityType from architectury-common.mixins.json into net.minecraft.world.entity.EntityType
[20:44:04] [pool-3-thread-1/DEBUG] [mixin/]: Mixing MixinChunkStatus from reterraforged-forge.mixins.json into net.minecraft.world.level.chunk.ChunkStatus
[20:44:04] [pool-3-thread-1/DEBUG] [ne.mi.co.tr.CoreModBaseTransformer/COREMOD]: Transforming net/minecraft/world/level/block/LiquidBlock
[20:44:04] [pool-3-thread-1/DEBUG] [mixin/]: Mixing inject.MixinLiquidBlock from architectury-common.mixins.json into net.minecraft.world.level.block.LiquidBlock
[20:44:05] [pool-3-thread-1/DEBUG] [ne.mi.co.tr.CoreModBaseTransformer/COREMOD]: Transforming net/minecraft/world/level/block/StairBlock
[20:44:05] [pool-3-thread-1/DEBUG] [ne.mi.co.tr.CoreModBaseTransformer/COREMOD]: Transforming net/minecraft/world/level/block/FlowerPotBlock
[20:44:05] [pool-3-thread-1/DEBUG] [mixin/]: Mixing MixinFallingBlockEntity from architectury.mixins.json into net.minecraft.world.entity.item.FallingBlockEntity
[20:44:05] [pool-3-thread-1/DEBUG] [ne.mi.co.tr.CoreModBaseTransformer/COREMOD]: Transforming net/minecraft/world/item/ItemStack
[20:44:06] [pool-3-thread-1/DEBUG] [mixin/]: Mixing MixinLightningBolt from architectury-common.mixins.json into net.minecraft.world.entity.LightningBolt
[20:44:06] [pool-3-thread-1/DEBUG] [ne.mi.co.tr.CoreModBaseTransformer/COREMOD]: Transforming net/minecraft/world/entity/animal/frog/Tadpole
[20:44:06] [pool-3-thread-1/DEBUG] [ne.mi.co.tr.CoreModBaseTransformer/COREMOD]: Transforming net/minecraft/world/item/BucketItem
[20:44:06] [pool-3-thread-1/DEBUG] [mixin/]: Mixing inject.MixinBucketItem from architectury-common.mixins.json into net.minecraft.world.item.BucketItem
[20:44:06] [pool-3-thread-1/DEBUG] [mixin/]: Mixing inject.MixinItemProperties from architectury-common.mixins.json into net.minecraft.world.item.Item$Properties
[20:44:07] [pool-3-thread-1/DEBUG] [ne.mi.co.tr.CoreModBaseTransformer/COREMOD]: Transforming net/minecraft/world/entity/monster/Spider
[20:44:07] [Datafixer Bootstrap/INFO] [mojang/DataFixerBuilder]: 188 Datafixer optimizations took 199 milliseconds
[20:44:07] [pool-3-thread-1/DEBUG] [ne.mi.co.tr.CoreModBaseTransformer/COREMOD]: Transforming net/minecraft/world/entity/monster/Zombie
[20:44:07] [pool-3-thread-1/DEBUG] [ne.mi.co.tr.CoreModBaseTransformer/COREMOD]: Transforming net/minecraft/world/entity/monster/ZombieVillager
[20:44:07] [pool-3-thread-1/DEBUG] [ne.mi.co.tr.CoreModBaseTransformer/COREMOD]: Transforming net/minecraft/world/entity/monster/Evoker$EvokerSummonSpellGoal
[20:44:07] [pool-3-thread-1/DEBUG] [ne.mi.co.tr.CoreModBaseTransformer/COREMOD]: Transforming net/minecraft/world/entity/animal/horse/SkeletonTrapGoal
[20:44:07] [pool-3-thread-1/DEBUG] [ne.mi.co.tr.CoreModBaseTransformer/COREMOD]: Transforming net/minecraft/world/entity/monster/Strider
[20:44:08] [pool-3-thread-1/DEBUG] [ne.mi.co.tr.CoreModBaseTransformer/COREMOD]: Transforming net/minecraft/world/entity/npc/Villager
[20:44:08] [pool-3-thread-1/DEBUG] [mixin/]: Mixing inject.MixinFoodPropertiesBuilder from architectury-common.mixins.json into net.minecraft.world.food.FoodProperties$Builder
[20:44:08] [pool-3-thread-1/DEBUG] [ne.mi.co.tr.CoreModBaseTransformer/COREMOD]: Transforming net/minecraft/world/effect/MobEffectInstance
[20:44:08] [pool-3-thread-1/DEBUG] [mixin/]: Mixing ChunkGeneratorStructureMaskMixin from geomantia.mixins.json into net.minecraft.world.level.chunk.ChunkGenerator
[20:44:08] [pool-3-thread-1/DEBUG] [mixin/]: Mixing forge.TreeFeatureMixin from roadweaver.mixins.json into net.minecraft.world.level.levelgen.feature.TreeFeature
[20:44:08] [pool-3-thread-1/DEBUG] [mixin/]: Mixing forge.HugeMushroomFeatureMixin from roadweaver.mixins.json into net.minecraft.world.level.levelgen.feature.AbstractHugeMushroomFeature
[20:44:08] [pool-3-thread-1/DEBUG] [mixin/]: Mixing forge.BambooFeatureMixin from roadweaver.mixins.json into net.minecraft.world.level.levelgen.feature.BambooFeature
[20:44:08] [pool-3-thread-1/DEBUG] [mixin/]: Mixing forge.HugeFungusFeatureMixin from roadweaver.mixins.json into net.minecraft.world.level.levelgen.feature.HugeFungusFeature
[20:44:08] [pool-3-thread-1/DEBUG] [mixin/]: Mixing forge.GenericVegetationFeatureMixin from roadweaver.mixins.json into net.minecraft.world.level.levelgen.feature.ConfiguredFeature
[20:44:08] [pool-3-thread-1/DEBUG] [mixin/]: Mixing ConfiguredFeatureMaskMixin from geomantia.mixins.json into net.minecraft.world.level.levelgen.feature.ConfiguredFeature
[20:44:08] [pool-3-thread-1/DEBUG] [ne.mi.co.tr.CoreModBaseTransformer/COREMOD]: Transforming net/minecraft/world/level/levelgen/structure/Structure
[20:44:08] [pool-3-thread-1/DEBUG] [mixin/]: Mixing MixinStructure from reterraforged-common.mixins.json into net.minecraft.world.level.levelgen.structure.Structure
[20:44:08] [pool-3-thread-1/DEBUG] [ne.mi.co.tr.CoreModBaseTransformer/COREMOD]: Transforming net/minecraft/world/level/levelgen/structure/structures/OceanRuinPieces$OceanRuinPiece
[20:44:08] [pool-3-thread-1/DEBUG] [ne.mi.co.tr.CoreModBaseTransformer/COREMOD]: Transforming net/minecraft/world/level/levelgen/structure/structures/SwampHutPiece
[20:44:08] [pool-3-thread-1/DEBUG] [ne.mi.co.tr.CoreModBaseTransformer/COREMOD]: Transforming net/minecraft/world/level/levelgen/structure/structures/OceanMonumentPieces$OceanMonumentPiece
[20:44:08] [pool-3-thread-1/DEBUG] [ne.mi.co.tr.CoreModBaseTransformer/COREMOD]: Transforming net/minecraft/world/level/levelgen/structure/structures/WoodlandMansionPieces$WoodlandMansionPiece
[20:44:08] [pool-3-thread-1/DEBUG] [ne.mi.co.tr.CoreModBaseTransformer/COREMOD]: Transforming net/minecraft/world/level/biome/Biome
[20:44:08] [pool-3-thread-1/DEBUG] [mixin/]: Mixing forge.BiomeGrassColorFailSafeMixin from roadweaver.mixins.json into net.minecraft.world.level.biome.Biome
[20:44:08] [pool-3-thread-1/DEBUG] [mixin/]: Mixing MixinBiomeGenerationSettings from reterraforged-common.mixins.json into net.minecraft.world.level.biome.BiomeGenerationSettings
[20:44:09] [pool-3-thread-1/DEBUG] [ne.mi.re.GameData/REGISTRIES]: Creating vanilla freeze snapshot
[20:44:09] [pool-3-thread-1/DEBUG] [ne.mi.re.ForgeRegistry/REGISTRIES]: Registry minecraft:block Sync: VANILLA -> ACTIVE
[20:44:09] [pool-3-thread-1/DEBUG] [ne.mi.re.ForgeRegistry/REGISTRIES]: Registry minecraft:fluid Sync: VANILLA -> ACTIVE
[20:44:09] [pool-3-thread-1/DEBUG] [ne.mi.re.ForgeRegistry/REGISTRIES]: Registry minecraft:item Sync: VANILLA -> ACTIVE
[20:44:09] [pool-3-thread-1/DEBUG] [ne.mi.re.ForgeRegistry/REGISTRIES]: Registry minecraft:mob_effect Sync: VANILLA -> ACTIVE
[20:44:09] [pool-3-thread-1/DEBUG] [ne.mi.re.ForgeRegistry/REGISTRIES]: Registry minecraft:sound_event Sync: VANILLA -> ACTIVE
[20:44:09] [pool-3-thread-1/DEBUG] [ne.mi.re.ForgeRegistry/REGISTRIES]: Registry minecraft:potion Sync: VANILLA -> ACTIVE
[20:44:09] [pool-3-thread-1/DEBUG] [ne.mi.re.ForgeRegistry/REGISTRIES]: Registry minecraft:enchantment Sync: VANILLA -> ACTIVE
[20:44:09] [pool-3-thread-1/DEBUG] [ne.mi.re.ForgeRegistry/REGISTRIES]: Registry minecraft:entity_type Sync: VANILLA -> ACTIVE
[20:44:09] [pool-3-thread-1/DEBUG] [ne.mi.re.ForgeRegistry/REGISTRIES]: Registry minecraft:block_entity_type Sync: VANILLA -> ACTIVE
[20:44:09] [pool-3-thread-1/DEBUG] [ne.mi.re.ForgeRegistry/REGISTRIES]: Registry minecraft:particle_type Sync: VANILLA -> ACTIVE
[20:44:09] [pool-3-thread-1/DEBUG] [ne.mi.re.ForgeRegistry/REGISTRIES]: Registry minecraft:menu Sync: VANILLA -> ACTIVE
[20:44:09] [pool-3-thread-1/DEBUG] [ne.mi.re.ForgeRegistry/REGISTRIES]: Registry minecraft:painting_variant Sync: VANILLA -> ACTIVE
[20:44:09] [pool-3-thread-1/DEBUG] [ne.mi.re.ForgeRegistry/REGISTRIES]: Registry minecraft:recipe_type Sync: VANILLA -> ACTIVE
[20:44:09] [pool-3-thread-1/DEBUG] [ne.mi.re.ForgeRegistry/REGISTRIES]: Registry minecraft:recipe_serializer Sync: VANILLA -> ACTIVE
[20:44:09] [pool-3-thread-1/DEBUG] [ne.mi.re.ForgeRegistry/REGISTRIES]: Registry minecraft:attribute Sync: VANILLA -> ACTIVE
[20:44:09] [pool-3-thread-1/DEBUG] [ne.mi.re.ForgeRegistry/REGISTRIES]: Registry minecraft:stat_type Sync: VANILLA -> ACTIVE
[20:44:09] [pool-3-thread-1/DEBUG] [ne.mi.re.ForgeRegistry/REGISTRIES]: Registry minecraft:command_argument_type Sync: VANILLA -> ACTIVE
[20:44:09] [pool-3-thread-1/DEBUG] [ne.mi.re.ForgeRegistry/REGISTRIES]: Registry minecraft:villager_profession Sync: VANILLA -> ACTIVE
[20:44:09] [pool-3-thread-1/DEBUG] [ne.mi.re.ForgeRegistry/REGISTRIES]: Registry minecraft:point_of_interest_type Sync: VANILLA -> ACTIVE
[20:44:09] [pool-3-thread-1/DEBUG] [ne.mi.re.ForgeRegistry/REGISTRIES]: Registry minecraft:memory_module_type Sync: VANILLA -> ACTIVE
[20:44:09] [pool-3-thread-1/DEBUG] [ne.mi.re.ForgeRegistry/REGISTRIES]: Registry minecraft:sensor_type Sync: VANILLA -> ACTIVE
[20:44:09] [pool-3-thread-1/DEBUG] [ne.mi.re.ForgeRegistry/REGISTRIES]: Registry minecraft:schedule Sync: VANILLA -> ACTIVE
[20:44:09] [pool-3-thread-1/DEBUG] [ne.mi.re.ForgeRegistry/REGISTRIES]: Registry minecraft:activity Sync: VANILLA -> ACTIVE
[20:44:09] [pool-3-thread-1/DEBUG] [ne.mi.re.ForgeRegistry/REGISTRIES]: Registry minecraft:worldgen/carver Sync: VANILLA -> ACTIVE
[20:44:09] [pool-3-thread-1/DEBUG] [ne.mi.re.ForgeRegistry/REGISTRIES]: Registry minecraft:worldgen/feature Sync: VANILLA -> ACTIVE
[20:44:09] [pool-3-thread-1/DEBUG] [ne.mi.re.ForgeRegistry/REGISTRIES]: Registry minecraft:chunk_status Sync: VANILLA -> ACTIVE
[20:44:09] [pool-3-thread-1/DEBUG] [ne.mi.re.ForgeRegistry/REGISTRIES]: Registry minecraft:worldgen/block_state_provider_type Sync: VANILLA -> ACTIVE
[20:44:09] [pool-3-thread-1/DEBUG] [ne.mi.re.ForgeRegistry/REGISTRIES]: Registry minecraft:worldgen/foliage_placer_type Sync: VANILLA -> ACTIVE
[20:44:09] [pool-3-thread-1/DEBUG] [ne.mi.re.ForgeRegistry/REGISTRIES]: Registry minecraft:worldgen/tree_decorator_type Sync: VANILLA -> ACTIVE
[20:44:09] [pool-3-thread-1/DEBUG] [ne.mi.re.ForgeRegistry/REGISTRIES]: Registry minecraft:worldgen/biome Sync: VANILLA -> ACTIVE
[20:44:09] [pool-3-thread-1/DEBUG] [ne.mi.re.GameData/REGISTRIES]: Vanilla freeze snapshot created
[20:44:09] [pool-3-thread-1/DEBUG] [io.ne.ut.in.PlatformDependent0/]: -Dio.netty.noUnsafe: false
[20:44:09] [pool-3-thread-1/DEBUG] [io.ne.ut.in.PlatformDependent0/]: Java version: 17
[20:44:09] [pool-3-thread-1/DEBUG] [io.ne.ut.in.PlatformDependent0/]: sun.misc.Unsafe.theUnsafe: available
[20:44:09] [pool-3-thread-1/DEBUG] [io.ne.ut.in.PlatformDependent0/]: sun.misc.Unsafe.copyMemory: available
[20:44:09] [pool-3-thread-1/DEBUG] [io.ne.ut.in.PlatformDependent0/]: sun.misc.Unsafe.storeFence: available
[20:44:09] [pool-3-thread-1/DEBUG] [io.ne.ut.in.PlatformDependent0/]: java.nio.Buffer.address: available
[20:44:09] [pool-3-thread-1/DEBUG] [io.ne.ut.in.PlatformDependent0/]: direct buffer constructor: unavailable
java.lang.UnsupportedOperationException: Reflective setAccessible(true) disabled
	at io.netty.util.internal.ReflectionUtil.trySetAccessible(ReflectionUtil.java:31) ~[netty-common-4.1.82.Final.jar%23151!/:4.1.82.Final] {}
	at io.netty.util.internal.PlatformDependent0$5.run(PlatformDependent0.java:288) ~[netty-common-4.1.82.Final.jar%23151!/:4.1.82.Final] {}
	at java.security.AccessController.doPrivileged(AccessController.java:318) ~[?:?] {}
	at io.netty.util.internal.PlatformDependent0.<clinit>(PlatformDependent0.java:282) ~[netty-common-4.1.82.Final.jar%23151!/:4.1.82.Final] {}
	at io.netty.util.internal.PlatformDependent.isAndroid(PlatformDependent.java:333) ~[netty-common-4.1.82.Final.jar%23151!/:4.1.82.Final] {}
	at io.netty.util.internal.PlatformDependent.<clinit>(PlatformDependent.java:88) ~[netty-common-4.1.82.Final.jar%23151!/:4.1.82.Final] {}
	at io.netty.util.ConstantPool.<init>(ConstantPool.java:34) ~[netty-common-4.1.82.Final.jar%23151!/:4.1.82.Final] {}
	at io.netty.util.AttributeKey$1.<init>(AttributeKey.java:27) ~[netty-common-4.1.82.Final.jar%23151!/:4.1.82.Final] {}
	at io.netty.util.AttributeKey.<clinit>(AttributeKey.java:27) ~[netty-common-4.1.82.Final.jar%23151!/:4.1.82.Final] {}
	at net.minecraftforge.network.NetworkConstants.<clinit>(NetworkConstants.java:34) ~[forge-1.20.1-47.4.0_mapped_official_1.20.1-recomp.jar%23190%23197!/:?] {re:classloading}
	at net.minecraftforge.network.NetworkHooks.init(NetworkHooks.java:52) ~[forge-1.20.1-47.4.0_mapped_official_1.20.1-recomp.jar%23190%23197!/:?] {re:classloading}
	at net.minecraft.server.Bootstrap.bootStrap(Bootstrap.java:62) ~[forge-1.20.1-47.4.0_mapped_official_1.20.1-recomp.jar%23191!/:?] {re:classloading}
	at net.minecraft.client.main.Main.lambda$main$0(Main.java:151) ~[forge-1.20.1-47.4.0_mapped_official_1.20.1-recomp.jar%23191!/:?] {re:classloading,pl:runtimedistcleaner:A}
	at java.util.concurrent.Executors$RunnableAdapter.call(Executors.java:539) ~[?:?] {}
	at java.util.concurrent.FutureTask.run(FutureTask.java:264) ~[?:?] {}
	at java.util.concurrent.ThreadPoolExecutor.runWorker(ThreadPoolExecutor.java:1136) ~[?:?] {}
	at java.util.concurrent.ThreadPoolExecutor$Worker.run(ThreadPoolExecutor.java:635) ~[?:?] {}
	at java.lang.Thread.run(Thread.java:842) ~[?:?] {}
[20:44:09] [pool-3-thread-1/DEBUG] [io.ne.ut.in.PlatformDependent0/]: java.nio.Bits.unaligned: available, true
[20:44:09] [pool-3-thread-1/DEBUG] [io.ne.ut.in.PlatformDependent0/]: jdk.internal.misc.Unsafe.allocateUninitializedArray(int): unavailable
java.lang.IllegalAccessException: class io.netty.util.internal.PlatformDependent0$7 (in module io.netty.common) cannot access class jdk.internal.misc.Unsafe (in module java.base) because module java.base does not export jdk.internal.misc to module io.netty.common
	at jdk.internal.reflect.Reflection.newIllegalAccessException(Reflection.java:392) ~[?:?] {}
	at java.lang.reflect.AccessibleObject.checkAccess(AccessibleObject.java:674) ~[?:?] {}
	at java.lang.reflect.Method.invoke(Method.java:560) ~[?:?] {}
	at io.netty.util.internal.PlatformDependent0$7.run(PlatformDependent0.java:410) ~[netty-common-4.1.82.Final.jar%23151!/:4.1.82.Final] {}
	at java.security.AccessController.doPrivileged(AccessController.java:318) ~[?:?] {}
	at io.netty.util.internal.PlatformDependent0.<clinit>(PlatformDependent0.java:401) ~[netty-common-4.1.82.Final.jar%23151!/:4.1.82.Final] {}
	at io.netty.util.internal.PlatformDependent.isAndroid(PlatformDependent.java:333) ~[netty-common-4.1.82.Final.jar%23151!/:4.1.82.Final] {}
	at io.netty.util.internal.PlatformDependent.<clinit>(PlatformDependent.java:88) ~[netty-common-4.1.82.Final.jar%23151!/:4.1.82.Final] {}
	at io.netty.util.ConstantPool.<init>(ConstantPool.java:34) ~[netty-common-4.1.82.Final.jar%23151!/:4.1.82.Final] {}
	at io.netty.util.AttributeKey$1.<init>(AttributeKey.java:27) ~[netty-common-4.1.82.Final.jar%23151!/:4.1.82.Final] {}
	at io.netty.util.AttributeKey.<clinit>(AttributeKey.java:27) ~[netty-common-4.1.82.Final.jar%23151!/:4.1.82.Final] {}
	at net.minecraftforge.network.NetworkConstants.<clinit>(NetworkConstants.java:34) ~[forge-1.20.1-47.4.0_mapped_official_1.20.1-recomp.jar%23190%23197!/:?] {re:classloading}
	at net.minecraftforge.network.NetworkHooks.init(NetworkHooks.java:52) ~[forge-1.20.1-47.4.0_mapped_official_1.20.1-recomp.jar%23190%23197!/:?] {re:classloading}
	at net.minecraft.server.Bootstrap.bootStrap(Bootstrap.java:62) ~[forge-1.20.1-47.4.0_mapped_official_1.20.1-recomp.jar%23191!/:?] {re:classloading}
	at net.minecraft.client.main.Main.lambda$main$0(Main.java:151) ~[forge-1.20.1-47.4.0_mapped_official_1.20.1-recomp.jar%23191!/:?] {re:classloading,pl:runtimedistcleaner:A}
	at java.util.concurrent.Executors$RunnableAdapter.call(Executors.java:539) ~[?:?] {}
	at java.util.concurrent.FutureTask.run(FutureTask.java:264) ~[?:?] {}
	at java.util.concurrent.ThreadPoolExecutor.runWorker(ThreadPoolExecutor.java:1136) ~[?:?] {}
	at java.util.concurrent.ThreadPoolExecutor$Worker.run(ThreadPoolExecutor.java:635) ~[?:?] {}
	at java.lang.Thread.run(Thread.java:842) ~[?:?] {}
[20:44:09] [pool-3-thread-1/DEBUG] [io.ne.ut.in.PlatformDependent0/]: java.nio.DirectByteBuffer.<init>(long, int): unavailable
[20:44:09] [pool-3-thread-1/DEBUG] [io.ne.ut.in.PlatformDependent/]: sun.misc.Unsafe: available
[20:44:09] [pool-3-thread-1/DEBUG] [io.ne.ut.in.PlatformDependent/]: maxDirectMemory: 12666798080 bytes (maybe)
[20:44:09] [pool-3-thread-1/DEBUG] [io.ne.ut.in.PlatformDependent/]: -Dio.netty.tmpdir: C:\Users\Rinsing\AppData\Local\Temp (java.io.tmpdir)
[20:44:09] [pool-3-thread-1/DEBUG] [io.ne.ut.in.PlatformDependent/]: -Dio.netty.bitMode: 64 (sun.arch.data.model)
[20:44:09] [pool-3-thread-1/DEBUG] [io.ne.ut.in.PlatformDependent/]: Platform: Windows
[20:44:09] [pool-3-thread-1/DEBUG] [io.ne.ut.in.PlatformDependent/]: -Dio.netty.maxDirectMemory: -1 bytes
[20:44:09] [pool-3-thread-1/DEBUG] [io.ne.ut.in.PlatformDependent/]: -Dio.netty.uninitializedArrayAllocationThreshold: -1
[20:44:09] [pool-3-thread-1/DEBUG] [io.ne.ut.in.CleanerJava9/]: java.nio.ByteBuffer.cleaner(): available
[20:44:09] [pool-3-thread-1/DEBUG] [io.ne.ut.in.PlatformDependent/]: -Dio.netty.noPreferDirect: false
[20:44:09] [pool-3-thread-1/DEBUG] [ne.mi.ne.NetworkHooks/]: Loading Network data for FML net version: FML3
[20:44:09] [Render thread/DEBUG] [mixin/]: Mixing MixinMinecraft from architectury.mixins.json into net.minecraft.client.Minecraft
[20:44:09] [Render thread/DEBUG] [mixin/]: Mixing ScreenInvoker from reterraforged-common.mixins.json into net.minecraft.client.gui.screens.Screen
[20:44:09] [Render thread/DEBUG] [mixin/]: Mixing MixinLevelEvent from architectury.mixins.json into net.minecraftforge.event.level.LevelEvent
[20:44:09] [Render thread/DEBUG] [mixin/]: Mixing MixinClientLevel from architectury.mixins.json into net.minecraft.client.multiplayer.ClientLevel
[20:44:09] [Render thread/DEBUG] [mixin/]: Mixing forge.LevelLoadingScreenMixin from roadweaver.mixins.json into net.minecraft.client.gui.screens.LevelLoadingScreen
[20:44:09] [Render thread/WARN] [minecraft/VanillaPackResourcesBuilder]: Assets URL 'union:/C:/Users/Rinsing/.gradle/caches/forge_gradle/minecraft_user_repo/net/minecraftforge/forge/1.20.1-47.4.0_mapped_official_1.20.1/forge-1.20.1-47.4.0_mapped_official_1.20.1-recomp.jar%23191!/assets/.mcassetsroot' uses unexpected schema
[20:44:09] [Render thread/WARN] [minecraft/VanillaPackResourcesBuilder]: Assets URL 'union:/C:/Users/Rinsing/.gradle/caches/forge_gradle/minecraft_user_repo/net/minecraftforge/forge/1.20.1-47.4.0_mapped_official_1.20.1/forge-1.20.1-47.4.0_mapped_official_1.20.1-recomp.jar%23191!/data/.mcassetsroot' uses unexpected schema
[20:44:09] [Render thread/INFO] [mojang/YggdrasilAuthenticationService]: Environment: authHost='https://authserver.mojang.com', accountsHost='https://api.mojang.com', sessionHost='https://sessionserver.mojang.com', servicesHost='https://api.minecraftservices.com', name='PROD'
[20:44:09] [Render thread/INFO] [minecraft/Minecraft]: Setting user: Dev
[20:44:09] [Render thread/INFO] [minecraft/Minecraft]: Backend library: LWJGL version 3.3.1 build 7
[20:44:10] [Render thread/DEBUG] [ne.mi.co.ForgeI18n/CORE]: Loading I18N data entries: 6434
[20:44:10] [Render thread/DEBUG] [ne.mi.fm.ModWorkManager/LOADING]: Using 16 threads for parallel mod-loading
[20:44:10] [Render thread/DEBUG] [ne.mi.fm.ja.FMLJavaModLanguageProvider/LOADING]: Loading FMLModContainer from classloader cpw.mods.modlauncher.TransformingClassLoader@550de6b8 - got cpw.mods.cl.ModuleClassLoader@4c98a6d5
[20:44:10] [Render thread/DEBUG] [ne.mi.fm.ja.FMLModContainer/LOADING]: Creating FMLModContainer instance for com.sk89q.worldedit.forge.ForgeWorldEdit
[20:44:10] [Render thread/DEBUG] [ne.mi.fm.ja.FMLJavaModLanguageProvider/LOADING]: Loading FMLModContainer from classloader cpw.mods.modlauncher.TransformingClassLoader@550de6b8 - got cpw.mods.cl.ModuleClassLoader@4c98a6d5
[20:44:10] [Render thread/DEBUG] [ne.mi.fm.ja.FMLModContainer/LOADING]: Creating FMLModContainer instance for dev.architectury.forge.ArchitecturyForge
[20:44:10] [Render thread/DEBUG] [ne.mi.fm.ja.FMLJavaModLanguageProvider/LOADING]: Loading FMLModContainer from classloader cpw.mods.modlauncher.TransformingClassLoader@550de6b8 - got cpw.mods.cl.ModuleClassLoader@4c98a6d5
[20:44:10] [Render thread/DEBUG] [ne.mi.fm.ja.FMLModContainer/LOADING]: Creating FMLModContainer instance for me.shedaniel.clothconfig.ClothConfigForge
[20:44:10] [Render thread/DEBUG] [ne.mi.fm.ja.FMLJavaModLanguageProvider/LOADING]: Loading FMLModContainer from classloader cpw.mods.modlauncher.TransformingClassLoader@550de6b8 - got cpw.mods.cl.ModuleClassLoader@4c98a6d5
[20:44:10] [Render thread/DEBUG] [ne.mi.fm.ja.FMLModContainer/LOADING]: Creating FMLModContainer instance for net.minecraftforge.common.ForgeMod
[20:44:10] [Render thread/DEBUG] [ne.mi.fm.ja.FMLJavaModLanguageProvider/LOADING]: Loading FMLModContainer from classloader cpw.mods.modlauncher.TransformingClassLoader@550de6b8 - got cpw.mods.cl.ModuleClassLoader@4c98a6d5
[20:44:10] [Render thread/DEBUG] [ne.mi.fm.ja.FMLModContainer/LOADING]: Creating FMLModContainer instance for de.cristelknight999.t_and_t.TT
[20:44:10] [Render thread/DEBUG] [ne.mi.fm.lo.Lo.LowCodeModTarget/LOADING]: Loading LowCodeModContainer from classloader cpw.mods.modlauncher.TransformingClassLoader@550de6b8 - got cpw.mods.cl.ModuleClassLoader@4c98a6d5
[20:44:10] [Render thread/DEBUG] [ne.mi.fm.lo.LowCodeModContainer/LOADING]: Creating LowCodeModContainer for mr_trek
[20:44:10] [Render thread/DEBUG] [ne.mi.fm.ja.FMLJavaModLanguageProvider/LOADING]: Loading FMLModContainer from classloader cpw.mods.modlauncher.TransformingClassLoader@550de6b8 - got cpw.mods.cl.ModuleClassLoader@4c98a6d5
[20:44:10] [Render thread/DEBUG] [ne.mi.fm.ja.FMLModContainer/LOADING]: Creating FMLModContainer instance for net.shiroha233.roadweaver.RoadWeaver
[20:44:10] [Render thread/DEBUG] [ne.mi.fm.ja.FMLJavaModLanguageProvider/LOADING]: Loading FMLModContainer from classloader cpw.mods.modlauncher.TransformingClassLoader@550de6b8 - got cpw.mods.cl.ModuleClassLoader@4c98a6d5
[20:44:10] [Render thread/DEBUG] [ne.mi.fm.ja.FMLModContainer/LOADING]: Creating FMLModContainer instance for com.rinsing.geomantia.GeomantiaMod
[20:44:10] [Render thread/DEBUG] [ne.mi.fm.ja.FMLJavaModLanguageProvider/LOADING]: Loading FMLModContainer from classloader cpw.mods.modlauncher.TransformingClassLoader@550de6b8 - got cpw.mods.cl.ModuleClassLoader@4c98a6d5
[20:44:10] [Render thread/DEBUG] [ne.mi.fm.ja.FMLModContainer/LOADING]: Creating FMLModContainer instance for net.cristellib.forge.CristelLibForge
[20:44:10] [Render thread/DEBUG] [ne.mi.fm.ja.FMLJavaModLanguageProvider/LOADING]: Loading FMLModContainer from classloader cpw.mods.modlauncher.TransformingClassLoader@550de6b8 - got cpw.mods.cl.ModuleClassLoader@4c98a6d5
[20:44:10] [Render thread/DEBUG] [ne.mi.fm.ja.FMLModContainer/LOADING]: Creating FMLModContainer instance for raccoonman.reterraforged.forge.RTFForge
[20:44:10] [modloading-worker-0/INFO] [roadweaver/]: Initializing RoadWeaver (Forge)...
[20:44:10] [modloading-worker-0/DEBUG] [ne.mi.fm.ja.AutomaticEventSubscriber/LOADING]: Attempting to inject @EventBusSubscriber classes into the eventbus for t_and_t
[20:44:10] [modloading-worker-0/DEBUG] [ne.mi.fm.ja.AutomaticEventSubscriber/LOADING]: Attempting to inject @EventBusSubscriber classes into the eventbus for cloth_config
[20:44:10] [modloading-worker-0/DEBUG] [mixin/]: Mixing forge.MinecraftServerMixin from roadweaver.mixins.json into net.minecraft.server.MinecraftServer
[20:44:10] [modloading-worker-0/DEBUG] [mixin/]: Mixing MixinMinecraftServer from reterraforged-forge.mixins.json into net.minecraft.server.MinecraftServer
[20:44:10] [modloading-worker-0/DEBUG] [ne.mi.ve.fo.ForgeVersion/CORE]: Forge Version package package net.minecraftforge.versions.forge, Forge, version 47.4 from cpw.mods.modlauncher.TransformingClassLoader@550de6b8
[20:44:10] [modloading-worker-0/DEBUG] [ne.mi.ve.fo.ForgeVersion/CORE]: Found Forge version 47.4.0
[20:44:10] [modloading-worker-0/DEBUG] [ne.mi.ve.fo.ForgeVersion/CORE]: Found Forge spec 47.4
[20:44:10] [modloading-worker-0/DEBUG] [ne.mi.ve.fo.ForgeVersion/CORE]: Found Forge group net.minecraftforge
[20:44:10] [modloading-worker-0/DEBUG] [ne.mi.ve.mc.MCPVersion/CORE]: MCP Version package package net.minecraftforge.versions.mcp, Minecraft, version 1.20.1 from cpw.mods.modlauncher.TransformingClassLoader@550de6b8
[20:44:10] [modloading-worker-0/DEBUG] [ne.mi.ve.mc.MCPVersion/CORE]: Found MC version information 1.20.1
[20:44:10] [modloading-worker-0/DEBUG] [ne.mi.ve.mc.MCPVersion/CORE]: Found MCP version information 20230612.114412
[20:44:10] [modloading-worker-0/INFO] [ne.mi.co.ForgeMod/FORGEMOD]: Forge mod loading, version 47.4.0, for MC 1.20.1 with MCP 20230612.114412
[20:44:10] [modloading-worker-0/INFO] [ne.mi.co.MinecraftForge/FORGE]: MinecraftForge v47.4.0 Initialized
[20:44:10] [modloading-worker-0/INFO] [roadweaver/]: 配置已加载 (predictRadius=256, predictionEnabled=true)
[20:44:10] [modloading-worker-0/INFO] [roadweaver/]: Configuration loaded
[20:44:10] [modloading-worker-0/INFO] [roadweaver/]: Structure types registered
[20:44:10] [modloading-worker-0/INFO] [roadweaver/]: Road features registered
[20:44:10] [modloading-worker-0/INFO] [co.ri.ge.cl.DevAutoLoadClient/]: Geomantia development auto-load registered.
[20:44:10] [modloading-worker-0/DEBUG] [ne.mi.fm.ja.AutomaticEventSubscriber/LOADING]: Attempting to inject @EventBusSubscriber classes into the eventbus for geomantia
[20:44:10] [modloading-worker-0/DEBUG] [ne.mi.fm.ja.AutomaticEventSubscriber/LOADING]: Auto-subscribing com.rinsing.geomantia.platform.ChunkGenerationBenchmarkEvents to FORGE
[20:44:10] [modloading-worker-0/DEBUG] [ne.mi.fm.ja.AutomaticEventSubscriber/LOADING]: Attempting to inject @EventBusSubscriber classes into the eventbus for worldedit
[20:44:10] [modloading-worker-0/DEBUG] [ne.mi.fm.ja.AutomaticEventSubscriber/LOADING]: Attempting to inject @EventBusSubscriber classes into the eventbus for roadweaver
[20:44:10] [modloading-worker-0/DEBUG] [ne.mi.fm.ja.AutomaticEventSubscriber/LOADING]: Auto-subscribing net.shiroha233.roadweaver.datagen.ModWorldGenerator to MOD
[20:44:10] [modloading-worker-0/DEBUG] [ne.mi.fm.ja.AutomaticEventSubscriber/LOADING]: Auto-subscribing com.rinsing.geomantia.platform.GisPlatformEvents to FORGE
[20:44:10] [modloading-worker-0/DEBUG] [Cristel Lib/]: Couldn't parse: "T&T Waystone Patch Pack" to a component
com.mojang.brigadier.exceptions.CommandSyntaxException: Invalid chat component: Use JsonReader.setLenient(true) to accept malformed JSON at line 1 column 1 path $ at position 0: <--[HERE]
[20:44:10] [modloading-worker-0/DEBUG] [ne.mi.fm.ja.AutomaticEventSubscriber/LOADING]: Auto-subscribing com.rinsing.geomantia.platform.http.GeomantiaHttpServer to FORGE
[20:44:10] [modloading-worker-0/DEBUG] [ne.mi.fm.ja.AutomaticEventSubscriber/LOADING]: Auto-subscribing net.shiroha233.roadweaver.client.forge.ClientKeyMappings to MOD
[20:44:10] [modloading-worker-0/DEBUG] [ne.mi.fm.ja.AutomaticEventSubscriber/LOADING]: Auto-subscribing com.rinsing.geomantia.platform.RealmPlanningServices to FORGE
[20:44:10] [modloading-worker-0/DEBUG] [ne.mi.fm.ja.AutomaticEventSubscriber/LOADING]: Auto-subscribing net.shiroha233.roadweaver.client.forge.ClientEvents to FORGE
[20:44:10] [modloading-worker-0/DEBUG] [ne.mi.fm.ja.AutomaticEventSubscriber/LOADING]: Auto-subscribing com.rinsing.geomantia.systems.city.infrastructure.world.CityWorldgenBlockObservationRegistry to FORGE
[20:44:10] [modloading-worker-0/DEBUG] [ne.mi.fm.ja.AutomaticEventSubscriber/LOADING]: Attempting to inject @EventBusSubscriber classes into the eventbus for cristellib
[20:44:10] [modloading-worker-0/DEBUG] [ne.mi.co.tr.CoreModBaseTransformer/COREMOD]: Transforming net/minecraft/world/level/levelgen/structure/templatesystem/StructureTemplate
[20:44:11] [modloading-worker-0/DEBUG] [ne.mi.fm.co.ConfigTracker/CONFIG]: Config file forge-client.toml for forge tracking
[20:44:11] [modloading-worker-0/DEBUG] [ne.mi.fm.co.ConfigTracker/CONFIG]: Config file forge-server.toml for forge tracking
[20:44:11] [modloading-worker-0/DEBUG] [ne.mi.fm.ModLoadingContext/]: Attempted to register an empty config for type COMMON on mod forge
[20:44:11] [modloading-worker-0/DEBUG] [ne.mi.fm.ja.AutomaticEventSubscriber/LOADING]: Attempting to inject @EventBusSubscriber classes into the eventbus for forge
[20:44:11] [modloading-worker-0/DEBUG] [ne.mi.fm.ja.AutomaticEventSubscriber/LOADING]: Auto-subscribing net.minecraftforge.common.ForgeSpawnEggItem$CommonHandler to MOD
[20:44:11] [modloading-worker-0/DEBUG] [ne.mi.fm.ja.AutomaticEventSubscriber/LOADING]: Auto-subscribing net.minecraftforge.common.ForgeSpawnEggItem$ColorRegisterHandler to MOD
[20:44:11] [modloading-worker-0/DEBUG] [ne.mi.fm.ja.AutomaticEventSubscriber/LOADING]: Auto-subscribing net.minecraftforge.client.model.data.ModelDataManager to FORGE
[20:44:11] [modloading-worker-0/DEBUG] [ne.mi.fm.ja.AutomaticEventSubscriber/LOADING]: Auto-subscribing net.minecraftforge.client.ForgeHooksClient$ClientEvents to MOD
[20:44:11] [modloading-worker-0/DEBUG] [ne.mi.fm.ja.AutomaticEventSubscriber/LOADING]: Auto-subscribing net.minecraftforge.client.ClientForgeMod to MOD
[20:44:11] [modloading-worker-0/DEBUG] [ne.mi.fm.ja.AutomaticEventSubscriber/LOADING]: Attempting to inject @EventBusSubscriber classes into the eventbus for architectury
[20:44:11] [modloading-worker-0/DEBUG] [ne.mi.fm.ja.AutomaticEventSubscriber/LOADING]: Auto-subscribing dev.architectury.networking.forge.NetworkManagerImpl to FORGE
[20:44:11] [modloading-worker-0/INFO] [de.ar.ne.fo.NetworkManagerImpl/]: Registering S2C receiver with id architectury:sync_ids
[20:44:11] [modloading-worker-0/INFO] [de.ar.ne.fo.NetworkManagerImpl/]: Registering C2S receiver with id architectury:sync_ids
[20:44:11] [modloading-worker-0/DEBUG] [ne.mi.fm.ja.AutomaticEventSubscriber/LOADING]: Auto-subscribing dev.architectury.registry.forge.CreativeTabRegistryImpl to MOD
[20:44:11] [modloading-worker-0/DEBUG] [ne.mi.fm.ja.AutomaticEventSubscriber/LOADING]: Auto-subscribing dev.architectury.registry.forge.ReloadListenerRegistryImpl to FORGE
[20:44:11] [modloading-worker-0/DEBUG] [ne.mi.fm.ja.AutomaticEventSubscriber/LOADING]: Auto-subscribing dev.architectury.registry.client.keymappings.forge.KeyMappingRegistryImpl to MOD
[20:44:11] [modloading-worker-0/DEBUG] [ne.mi.fm.ja.AutomaticEventSubscriber/LOADING]: Auto-subscribing dev.architectury.registry.client.particle.forge.ParticleProviderRegistryImpl to MOD
[20:44:11] [modloading-worker-0/DEBUG] [ne.mi.fm.ja.AutomaticEventSubscriber/LOADING]: Auto-subscribing dev.architectury.registry.level.entity.trade.forge.TradeRegistryImpl to FORGE
[20:44:11] [modloading-worker-0/DEBUG] [mixin/]: Mixing forge.rtf.RTFTemplateFeatureMixin from roadweaver.mixins.json into raccoonman.reterraforged.world.worldgen.feature.template.TemplateFeature
[20:44:11] [modloading-worker-0/DEBUG] [mixin/]: Mixing forge.rtf.RTFBushFeatureMixin from roadweaver.mixins.json into raccoonman.reterraforged.world.worldgen.feature.BushFeature
[20:44:11] [modloading-worker-0/DEBUG] [ne.mi.fm.ja.AutomaticEventSubscriber/LOADING]: Attempting to inject @EventBusSubscriber classes into the eventbus for reterraforged
[20:44:11] [Render thread/DEBUG] [ne.mi.re.ObjectHolderRegistry/REGISTRIES]: Processing ObjectHolder annotations
[20:44:11] [Render thread/DEBUG] [ne.mi.re.ObjectHolderRegistry/REGISTRIES]: Found 3926 ObjectHolder annotations
[20:44:11] [Render thread/DEBUG] [ne.mi.co.ca.CapabilityManager/CAPABILITIES]: Attempting to automatically register: Lnet/minecraftforge/energy/IEnergyStorage;
[20:44:11] [Render thread/DEBUG] [ne.mi.co.ca.CapabilityManager/CAPABILITIES]: Attempting to automatically register: Lnet/minecraftforge/fluids/capability/IFluidHandler;
[20:44:11] [Render thread/DEBUG] [ne.mi.co.ca.CapabilityManager/CAPABILITIES]: Attempting to automatically register: Lnet/minecraftforge/fluids/capability/IFluidHandlerItem;
[20:44:11] [Render thread/DEBUG] [ne.mi.co.ca.CapabilityManager/CAPABILITIES]: Attempting to automatically register: Lnet/minecraftforge/items/IItemHandler;
[20:44:11] [Render thread/DEBUG] [ne.mi.re.GameData/REGISTRIES]: Unfreezing vanilla registries
[20:44:11] [Render thread/DEBUG] [ne.mi.re.GameData/REGISTRIES]: Applying holder lookups: minecraft:sound_event
[20:44:11] [Render thread/DEBUG] [ne.mi.re.GameData/REGISTRIES]: Holder lookups applied: minecraft:sound_event
[20:44:11] [Render thread/DEBUG] [ne.mi.re.GameData/REGISTRIES]: Applying holder lookups: minecraft:fluid
[20:44:11] [Render thread/DEBUG] [ne.mi.re.GameData/REGISTRIES]: Holder lookups applied: minecraft:fluid
[20:44:11] [Render thread/DEBUG] [ne.mi.re.GameData/REGISTRIES]: Applying holder lookups: minecraft:block
[20:44:11] [Render thread/DEBUG] [ne.mi.re.GameData/REGISTRIES]: Holder lookups applied: minecraft:block
[20:44:11] [Render thread/DEBUG] [ne.mi.re.GameData/REGISTRIES]: Applying holder lookups: minecraft:attribute
[20:44:11] [Render thread/DEBUG] [ne.mi.re.GameData/REGISTRIES]: Holder lookups applied: minecraft:attribute
[20:44:11] [Render thread/DEBUG] [ne.mi.re.GameData/REGISTRIES]: Applying holder lookups: minecraft:mob_effect
[20:44:11] [Render thread/DEBUG] [ne.mi.re.GameData/REGISTRIES]: Holder lookups applied: minecraft:mob_effect
[20:44:11] [Render thread/DEBUG] [ne.mi.re.GameData/REGISTRIES]: Applying holder lookups: minecraft:particle_type
[20:44:11] [Render thread/DEBUG] [ne.mi.re.GameData/REGISTRIES]: Holder lookups applied: minecraft:particle_type
[20:44:11] [Render thread/DEBUG] [ne.mi.re.GameData/REGISTRIES]: Applying holder lookups: minecraft:item
[20:44:11] [Render thread/DEBUG] [ne.mi.re.GameData/REGISTRIES]: Holder lookups applied: minecraft:item
[20:44:11] [Render thread/DEBUG] [ne.mi.re.GameData/REGISTRIES]: Applying holder lookups: minecraft:entity_type
[20:44:11] [Render thread/DEBUG] [ne.mi.re.GameData/REGISTRIES]: Holder lookups applied: minecraft:entity_type
[20:44:11] [Render thread/DEBUG] [ne.mi.re.GameData/REGISTRIES]: Applying holder lookups: minecraft:sensor_type
[20:44:11] [Render thread/DEBUG] [ne.mi.re.GameData/REGISTRIES]: Holder lookups applied: minecraft:sensor_type
[20:44:11] [Render thread/DEBUG] [ne.mi.re.GameData/REGISTRIES]: Applying holder lookups: minecraft:memory_module_type
[20:44:11] [Render thread/DEBUG] [ne.mi.re.GameData/REGISTRIES]: Holder lookups applied: minecraft:memory_module_type
[20:44:11] [Render thread/DEBUG] [ne.mi.re.GameData/REGISTRIES]: Applying holder lookups: minecraft:potion
[20:44:11] [Render thread/DEBUG] [ne.mi.re.GameData/REGISTRIES]: Holder lookups applied: minecraft:potion
[20:44:11] [Render thread/DEBUG] [ne.mi.re.GameData/REGISTRIES]: Applying holder lookups: minecraft:game_event
[20:44:11] [Render thread/DEBUG] [ne.mi.re.GameData/REGISTRIES]: Holder lookups applied: minecraft:game_event
[20:44:11] [Render thread/DEBUG] [ne.mi.re.GameData/REGISTRIES]: Applying holder lookups: minecraft:enchantment
[20:44:11] [Render thread/DEBUG] [ne.mi.re.GameData/REGISTRIES]: Holder lookups applied: minecraft:enchantment
[20:44:11] [Render thread/DEBUG] [ne.mi.re.GameData/REGISTRIES]: Applying holder lookups: minecraft:block_entity_type
[20:44:11] [Render thread/DEBUG] [ne.mi.re.GameData/REGISTRIES]: Holder lookups applied: minecraft:block_entity_type
[20:44:11] [Render thread/DEBUG] [ne.mi.re.GameData/REGISTRIES]: Applying holder lookups: minecraft:painting_variant
[20:44:11] [Render thread/DEBUG] [ne.mi.re.GameData/REGISTRIES]: Holder lookups applied: minecraft:painting_variant
[20:44:11] [Render thread/DEBUG] [ne.mi.re.GameData/REGISTRIES]: Applying holder lookups: minecraft:stat_type
[20:44:11] [Render thread/DEBUG] [ne.mi.re.GameData/REGISTRIES]: Holder lookups applied: minecraft:stat_type
[20:44:11] [Render thread/DEBUG] [ne.mi.re.GameData/REGISTRIES]: Applying holder lookups: minecraft:custom_stat
[20:44:11] [Render thread/DEBUG] [ne.mi.re.GameData/REGISTRIES]: Holder lookups applied: minecraft:custom_stat
[20:44:11] [Render thread/DEBUG] [ne.mi.re.GameData/REGISTRIES]: Applying holder lookups: minecraft:chunk_status
[20:44:11] [Render thread/DEBUG] [ne.mi.re.GameData/REGISTRIES]: Holder lookups applied: minecraft:chunk_status
[20:44:11] [Render thread/DEBUG] [ne.mi.re.GameData/REGISTRIES]: Applying holder lookups: minecraft:rule_test
[20:44:11] [Render thread/DEBUG] [ne.mi.re.GameData/REGISTRIES]: Holder lookups applied: minecraft:rule_test
[20:44:11] [Render thread/DEBUG] [ne.mi.re.GameData/REGISTRIES]: Applying holder lookups: minecraft:rule_block_entity_modifier
[20:44:11] [Render thread/DEBUG] [ne.mi.re.GameData/REGISTRIES]: Holder lookups applied: minecraft:rule_block_entity_modifier
[20:44:11] [Render thread/DEBUG] [ne.mi.re.GameData/REGISTRIES]: Applying holder lookups: minecraft:pos_rule_test
[20:44:11] [Render thread/DEBUG] [ne.mi.re.GameData/REGISTRIES]: Holder lookups applied: minecraft:pos_rule_test
[20:44:11] [Render thread/DEBUG] [ne.mi.re.GameData/REGISTRIES]: Applying holder lookups: minecraft:menu
[20:44:11] [Render thread/DEBUG] [ne.mi.re.GameData/REGISTRIES]: Holder lookups applied: minecraft:menu
[20:44:11] [Render thread/DEBUG] [ne.mi.re.GameData/REGISTRIES]: Applying holder lookups: minecraft:recipe_type
[20:44:11] [Render thread/DEBUG] [ne.mi.re.GameData/REGISTRIES]: Holder lookups applied: minecraft:recipe_type
[20:44:11] [Render thread/DEBUG] [ne.mi.re.GameData/REGISTRIES]: Applying holder lookups: minecraft:recipe_serializer
[20:44:11] [Render thread/DEBUG] [ne.mi.re.GameData/REGISTRIES]: Holder lookups applied: minecraft:recipe_serializer
[20:44:11] [Render thread/DEBUG] [ne.mi.re.GameData/REGISTRIES]: Applying holder lookups: minecraft:position_source_type
[20:44:11] [Render thread/DEBUG] [ne.mi.re.GameData/REGISTRIES]: Holder lookups applied: minecraft:position_source_type
[20:44:11] [Render thread/DEBUG] [ne.mi.re.GameData/REGISTRIES]: Applying holder lookups: minecraft:command_argument_type
[20:44:11] [Render thread/DEBUG] [ne.mi.re.GameData/REGISTRIES]: Holder lookups applied: minecraft:command_argument_type
[20:44:11] [Render thread/DEBUG] [ne.mi.re.GameData/REGISTRIES]: Applying holder lookups: minecraft:villager_type
[20:44:11] [Render thread/DEBUG] [ne.mi.re.GameData/REGISTRIES]: Holder lookups applied: minecraft:villager_type
[20:44:11] [Render thread/DEBUG] [ne.mi.re.GameData/REGISTRIES]: Applying holder lookups: minecraft:villager_profession
[20:44:11] [Render thread/DEBUG] [ne.mi.re.GameData/REGISTRIES]: Holder lookups applied: minecraft:villager_profession
[20:44:11] [Render thread/DEBUG] [ne.mi.re.GameData/REGISTRIES]: Applying holder lookups: minecraft:point_of_interest_type
[20:44:11] [Render thread/DEBUG] [ne.mi.re.GameData/REGISTRIES]: Holder lookups applied: minecraft:point_of_interest_type
[20:44:11] [Render thread/DEBUG] [ne.mi.re.GameData/REGISTRIES]: Applying holder lookups: minecraft:schedule
[20:44:11] [Render thread/DEBUG] [ne.mi.re.GameData/REGISTRIES]: Holder lookups applied: minecraft:schedule
[20:44:11] [Render thread/DEBUG] [ne.mi.re.GameData/REGISTRIES]: Applying holder lookups: minecraft:activity
[20:44:11] [Render thread/DEBUG] [ne.mi.re.GameData/REGISTRIES]: Holder lookups applied: minecraft:activity
[20:44:11] [Render thread/DEBUG] [ne.mi.re.GameData/REGISTRIES]: Applying holder lookups: minecraft:loot_pool_entry_type
[20:44:11] [Render thread/DEBUG] [ne.mi.re.GameData/REGISTRIES]: Holder lookups applied: minecraft:loot_pool_entry_type
[20:44:11] [Render thread/DEBUG] [ne.mi.re.GameData/REGISTRIES]: Applying holder lookups: minecraft:loot_function_type
[20:44:11] [Render thread/DEBUG] [ne.mi.re.GameData/REGISTRIES]: Holder lookups applied: minecraft:loot_function_type
[20:44:11] [Render thread/DEBUG] [ne.mi.re.GameData/REGISTRIES]: Applying holder lookups: minecraft:loot_condition_type
[20:44:11] [Render thread/DEBUG] [ne.mi.re.GameData/REGISTRIES]: Holder lookups applied: minecraft:loot_condition_type
[20:44:11] [Render thread/DEBUG] [ne.mi.re.GameData/REGISTRIES]: Applying holder lookups: minecraft:loot_number_provider_type
[20:44:11] [Render thread/DEBUG] [ne.mi.re.GameData/REGISTRIES]: Holder lookups applied: minecraft:loot_number_provider_type
[20:44:11] [Render thread/DEBUG] [ne.mi.re.GameData/REGISTRIES]: Applying holder lookups: minecraft:loot_nbt_provider_type
[20:44:11] [Render thread/DEBUG] [ne.mi.re.GameData/REGISTRIES]: Holder lookups applied: minecraft:loot_nbt_provider_type
[20:44:11] [Render thread/DEBUG] [ne.mi.re.GameData/REGISTRIES]: Applying holder lookups: minecraft:loot_score_provider_type
[20:44:11] [Render thread/DEBUG] [ne.mi.re.GameData/REGISTRIES]: Holder lookups applied: minecraft:loot_score_provider_type
[20:44:11] [Render thread/DEBUG] [ne.mi.re.GameData/REGISTRIES]: Applying holder lookups: minecraft:float_provider_type
[20:44:11] [Render thread/DEBUG] [ne.mi.re.GameData/REGISTRIES]: Holder lookups applied: minecraft:float_provider_type
[20:44:11] [Render thread/DEBUG] [ne.mi.re.GameData/REGISTRIES]: Applying holder lookups: minecraft:int_provider_type
[20:44:11] [Render thread/DEBUG] [ne.mi.re.GameData/REGISTRIES]: Holder lookups applied: minecraft:int_provider_type
[20:44:11] [Render thread/DEBUG] [ne.mi.re.GameData/REGISTRIES]: Applying holder lookups: minecraft:height_provider_type
[20:44:11] [Render thread/DEBUG] [ne.mi.re.GameData/REGISTRIES]: Holder lookups applied: minecraft:height_provider_type
[20:44:11] [Render thread/DEBUG] [ne.mi.re.GameData/REGISTRIES]: Applying holder lookups: minecraft:block_predicate_type
[20:44:11] [Render thread/DEBUG] [ne.mi.re.GameData/REGISTRIES]: Holder lookups applied: minecraft:block_predicate_type
[20:44:11] [Render thread/DEBUG] [ne.mi.re.GameData/REGISTRIES]: Applying holder lookups: minecraft:worldgen/carver
[20:44:11] [Render thread/DEBUG] [ne.mi.re.GameData/REGISTRIES]: Holder lookups applied: minecraft:worldgen/carver
[20:44:11] [Render thread/DEBUG] [ne.mi.re.GameData/REGISTRIES]: Applying holder lookups: minecraft:worldgen/feature
[20:44:11] [Render thread/DEBUG] [ne.mi.re.GameData/REGISTRIES]: Holder lookups applied: minecraft:worldgen/feature
[20:44:11] [Render thread/DEBUG] [ne.mi.re.GameData/REGISTRIES]: Applying holder lookups: minecraft:worldgen/structure_processor
[20:44:11] [Render thread/DEBUG] [ne.mi.re.GameData/REGISTRIES]: Holder lookups applied: minecraft:worldgen/structure_processor
[20:44:11] [Render thread/DEBUG] [ne.mi.re.GameData/REGISTRIES]: Applying holder lookups: minecraft:worldgen/structure_placement
[20:44:11] [Render thread/DEBUG] [ne.mi.re.GameData/REGISTRIES]: Holder lookups applied: minecraft:worldgen/structure_placement
[20:44:11] [Render thread/DEBUG] [ne.mi.re.GameData/REGISTRIES]: Applying holder lookups: minecraft:worldgen/structure_piece
[20:44:11] [Render thread/DEBUG] [ne.mi.re.GameData/REGISTRIES]: Holder lookups applied: minecraft:worldgen/structure_piece
[20:44:11] [Render thread/DEBUG] [ne.mi.re.GameData/REGISTRIES]: Applying holder lookups: minecraft:worldgen/structure_type
[20:44:11] [Render thread/DEBUG] [ne.mi.re.GameData/REGISTRIES]: Holder lookups applied: minecraft:worldgen/structure_type
[20:44:11] [Render thread/DEBUG] [ne.mi.re.GameData/REGISTRIES]: Applying holder lookups: minecraft:worldgen/placement_modifier_type
[20:44:11] [Render thread/DEBUG] [ne.mi.re.GameData/REGISTRIES]: Holder lookups applied: minecraft:worldgen/placement_modifier_type
[20:44:11] [Render thread/DEBUG] [ne.mi.re.GameData/REGISTRIES]: Applying holder lookups: minecraft:worldgen/block_state_provider_type
[20:44:11] [Render thread/DEBUG] [ne.mi.re.GameData/REGISTRIES]: Holder lookups applied: minecraft:worldgen/block_state_provider_type
[20:44:11] [Render thread/DEBUG] [ne.mi.re.GameData/REGISTRIES]: Applying holder lookups: minecraft:worldgen/foliage_placer_type
[20:44:11] [Render thread/DEBUG] [ne.mi.re.GameData/REGISTRIES]: Holder lookups applied: minecraft:worldgen/foliage_placer_type
[20:44:11] [Render thread/DEBUG] [ne.mi.re.GameData/REGISTRIES]: Applying holder lookups: minecraft:worldgen/trunk_placer_type
[20:44:11] [Render thread/DEBUG] [ne.mi.re.GameData/REGISTRIES]: Holder lookups applied: minecraft:worldgen/trunk_placer_type
[20:44:11] [Render thread/DEBUG] [ne.mi.re.GameData/REGISTRIES]: Applying holder lookups: minecraft:worldgen/root_placer_type
[20:44:11] [Render thread/DEBUG] [ne.mi.re.GameData/REGISTRIES]: Holder lookups applied: minecraft:worldgen/root_placer_type
[20:44:11] [Render thread/DEBUG] [ne.mi.re.GameData/REGISTRIES]: Applying holder lookups: minecraft:worldgen/tree_decorator_type
[20:44:11] [Render thread/DEBUG] [ne.mi.re.GameData/REGISTRIES]: Holder lookups applied: minecraft:worldgen/tree_decorator_type
[20:44:11] [Render thread/DEBUG] [ne.mi.re.GameData/REGISTRIES]: Applying holder lookups: minecraft:worldgen/feature_size_type
[20:44:11] [Render thread/DEBUG] [ne.mi.re.GameData/REGISTRIES]: Holder lookups applied: minecraft:worldgen/feature_size_type
[20:44:11] [Render thread/DEBUG] [ne.mi.re.GameData/REGISTRIES]: Applying holder lookups: minecraft:worldgen/biome_source
[20:44:11] [Render thread/DEBUG] [ne.mi.re.GameData/REGISTRIES]: Holder lookups applied: minecraft:worldgen/biome_source
[20:44:11] [Render thread/DEBUG] [ne.mi.re.GameData/REGISTRIES]: Applying holder lookups: minecraft:worldgen/chunk_generator
[20:44:11] [Render thread/DEBUG] [ne.mi.re.GameData/REGISTRIES]: Holder lookups applied: minecraft:worldgen/chunk_generator
[20:44:11] [Render thread/DEBUG] [ne.mi.re.GameData/REGISTRIES]: Applying holder lookups: minecraft:worldgen/material_condition
[20:44:11] [Render thread/DEBUG] [ne.mi.re.GameData/REGISTRIES]: Holder lookups applied: minecraft:worldgen/material_condition
[20:44:11] [Render thread/DEBUG] [ne.mi.re.GameData/REGISTRIES]: Applying holder lookups: minecraft:worldgen/material_rule
[20:44:11] [Render thread/DEBUG] [ne.mi.re.GameData/REGISTRIES]: Holder lookups applied: minecraft:worldgen/material_rule
[20:44:11] [Render thread/DEBUG] [ne.mi.re.GameData/REGISTRIES]: Applying holder lookups: minecraft:worldgen/density_function_type
[20:44:11] [Render thread/DEBUG] [ne.mi.re.GameData/REGISTRIES]: Holder lookups applied: minecraft:worldgen/density_function_type
[20:44:11] [Render thread/DEBUG] [ne.mi.re.GameData/REGISTRIES]: Applying holder lookups: minecraft:worldgen/structure_pool_element
[20:44:11] [Render thread/DEBUG] [ne.mi.re.GameData/REGISTRIES]: Holder lookups applied: minecraft:worldgen/structure_pool_element
[20:44:11] [Render thread/DEBUG] [ne.mi.re.GameData/REGISTRIES]: Applying holder lookups: minecraft:cat_variant
[20:44:11] [Render thread/DEBUG] [ne.mi.re.GameData/REGISTRIES]: Holder lookups applied: minecraft:cat_variant
[20:44:11] [Render thread/DEBUG] [ne.mi.re.GameData/REGISTRIES]: Applying holder lookups: minecraft:frog_variant
[20:44:11] [Render thread/DEBUG] [ne.mi.re.GameData/REGISTRIES]: Holder lookups applied: minecraft:frog_variant
[20:44:11] [Render thread/DEBUG] [ne.mi.re.GameData/REGISTRIES]: Applying holder lookups: minecraft:banner_pattern
[20:44:11] [Render thread/DEBUG] [ne.mi.re.GameData/REGISTRIES]: Holder lookups applied: minecraft:banner_pattern
[20:44:11] [Render thread/DEBUG] [ne.mi.re.GameData/REGISTRIES]: Applying holder lookups: minecraft:instrument
[20:44:11] [Render thread/DEBUG] [ne.mi.re.GameData/REGISTRIES]: Holder lookups applied: minecraft:instrument
[20:44:11] [Render thread/DEBUG] [ne.mi.re.GameData/REGISTRIES]: Applying holder lookups: minecraft:decorated_pot_patterns
[20:44:11] [Render thread/DEBUG] [ne.mi.re.GameData/REGISTRIES]: Holder lookups applied: minecraft:decorated_pot_patterns
[20:44:11] [Render thread/DEBUG] [ne.mi.re.GameData/REGISTRIES]: Applying holder lookups: minecraft:creative_mode_tab
[20:44:11] [Render thread/DEBUG] [ne.mi.re.GameData/REGISTRIES]: Holder lookups applied: minecraft:creative_mode_tab
[20:44:11] [Render thread/DEBUG] [ne.mi.re.GameData/REGISTRIES]: Applying holder lookups: forge:biome_modifier_serializers
[20:44:11] [Render thread/DEBUG] [ne.mi.re.GameData/REGISTRIES]: Holder lookups applied: forge:biome_modifier_serializers
[20:44:11] [Render thread/DEBUG] [ne.mi.re.GameData/REGISTRIES]: Applying holder lookups: forge:display_contexts
[20:44:11] [Render thread/DEBUG] [ne.mi.re.GameData/REGISTRIES]: Holder lookups applied: forge:display_contexts
[20:44:11] [Render thread/DEBUG] [ne.mi.re.GameData/REGISTRIES]: Applying holder lookups: forge:entity_data_serializers
[20:44:11] [Render thread/DEBUG] [ne.mi.re.GameData/REGISTRIES]: Holder lookups applied: forge:entity_data_serializers
[20:44:11] [Render thread/DEBUG] [ne.mi.re.GameData/REGISTRIES]: Applying holder lookups: forge:fluid_type
[20:44:11] [Render thread/DEBUG] [ne.mi.re.GameData/REGISTRIES]: Holder lookups applied: forge:fluid_type
[20:44:11] [Render thread/DEBUG] [ne.mi.re.GameData/REGISTRIES]: Applying holder lookups: forge:global_loot_modifier_serializers
[20:44:11] [Render thread/DEBUG] [ne.mi.re.GameData/REGISTRIES]: Holder lookups applied: forge:global_loot_modifier_serializers
[20:44:11] [Render thread/DEBUG] [ne.mi.re.GameData/REGISTRIES]: Applying holder lookups: forge:holder_set_type
[20:44:11] [Render thread/DEBUG] [ne.mi.re.GameData/REGISTRIES]: Holder lookups applied: forge:holder_set_type
[20:44:11] [Render thread/DEBUG] [ne.mi.re.GameData/REGISTRIES]: Applying holder lookups: forge:structure_modifier_serializers
[20:44:11] [Render thread/DEBUG] [ne.mi.re.GameData/REGISTRIES]: Holder lookups applied: forge:structure_modifier_serializers
[20:44:11] [Render thread/DEBUG] [ne.mi.re.GameData/REGISTRIES]: Applying holder lookups: minecraft:worldgen/biome
[20:44:11] [Render thread/DEBUG] [ne.mi.re.GameData/REGISTRIES]: Holder lookups applied: minecraft:worldgen/biome
[20:44:11] [Render thread/DEBUG] [ne.mi.re.GameData/REGISTRIES]: Applying holder lookups: reterraforged:worldgen/chance_modifier_type
[20:44:11] [Render thread/DEBUG] [ne.mi.re.GameData/REGISTRIES]: Holder lookups applied: reterraforged:worldgen/chance_modifier_type
[20:44:11] [Render thread/DEBUG] [ne.mi.re.GameData/REGISTRIES]: Applying holder lookups: reterraforged:worldgen/curve_function_type
[20:44:11] [Render thread/DEBUG] [ne.mi.re.GameData/REGISTRIES]: Holder lookups applied: reterraforged:worldgen/curve_function_type
[20:44:11] [Render thread/DEBUG] [ne.mi.re.GameData/REGISTRIES]: Applying holder lookups: reterraforged:worldgen/domain_type
[20:44:11] [Render thread/DEBUG] [ne.mi.re.GameData/REGISTRIES]: Holder lookups applied: reterraforged:worldgen/domain_type
[20:44:11] [Render thread/DEBUG] [ne.mi.re.GameData/REGISTRIES]: Applying holder lookups: reterraforged:worldgen/noise_type
[20:44:11] [Render thread/DEBUG] [ne.mi.re.GameData/REGISTRIES]: Holder lookups applied: reterraforged:worldgen/noise_type
[20:44:11] [Render thread/DEBUG] [ne.mi.re.GameData/REGISTRIES]: Applying holder lookups: reterraforged:worldgen/structure_rule_type
[20:44:11] [Render thread/DEBUG] [ne.mi.re.GameData/REGISTRIES]: Holder lookups applied: reterraforged:worldgen/structure_rule_type
[20:44:11] [Render thread/DEBUG] [ne.mi.re.GameData/REGISTRIES]: Applying holder lookups: reterraforged:worldgen/template_decorator_type
[20:44:11] [Render thread/DEBUG] [ne.mi.re.GameData/REGISTRIES]: Holder lookups applied: reterraforged:worldgen/template_decorator_type
[20:44:11] [Render thread/DEBUG] [ne.mi.re.GameData/REGISTRIES]: Applying holder lookups: reterraforged:worldgen/template_placement_type
[20:44:11] [Render thread/DEBUG] [ne.mi.re.GameData/REGISTRIES]: Holder lookups applied: reterraforged:worldgen/template_placement_type
[20:44:11] [Render thread/DEBUG] [ne.mi.cl.lo.ClientModLoader/CORE]: Generating PackInfo named mod:worldedit for mod file C:\Users\Rinsing\.gradle\caches\forge_gradle\deobf_dependencies\curse\maven\worldedit-225608\4586218_mapped_official_1.20.1\worldedit-225608-4586218_mapped_official_1.20.1.jar
[20:44:11] [Render thread/DEBUG] [ne.mi.cl.lo.ClientModLoader/CORE]: Generating PackInfo named mod:architectury for mod file C:\Users\Rinsing\.gradle\caches\forge_gradle\deobf_dependencies\dev\architectury\architectury-forge\9.2.14_mapped_official_1.20.1\architectury-forge-9.2.14_mapped_official_1.20.1.jar
[20:44:11] [Render thread/DEBUG] [ne.mi.cl.lo.ClientModLoader/CORE]: Generating PackInfo named mod:cloth_config for mod file C:\Users\Rinsing\.gradle\caches\forge_gradle\deobf_dependencies\me\shedaniel\cloth\cloth-config-forge\11.1.136_mapped_official_1.20.1\cloth-config-forge-11.1.136_mapped_official_1.20.1.jar
[20:44:11] [Render thread/DEBUG] [ne.mi.cl.lo.ClientModLoader/CORE]: Generating PackInfo named mod:forge for mod file /
[20:44:11] [Render thread/DEBUG] [ne.mi.cl.lo.ClientModLoader/CORE]: Generating PackInfo named mod:t_and_t for mod file C:\Users\Rinsing\.gradle\caches\forge_gradle\deobf_dependencies\local\t_and_t\t_and_t\1.12_mapped_official_1.20.1\t_and_t-1.12_mapped_official_1.20.1.jar
[20:44:11] [Render thread/DEBUG] [ne.mi.cl.lo.ClientModLoader/CORE]: Generating PackInfo named mod:mr_trek for mod file C:\Users\Rinsing\.gradle\caches\forge_gradle\deobf_dependencies\local\trek\trek\B0.6_mapped_official_1.20.1\trek-B0.6_mapped_official_1.20.1.jar
[20:44:11] [Render thread/DEBUG] [ne.mi.cl.lo.ClientModLoader/CORE]: Generating PackInfo named mod:roadweaver for mod file C:\Users\Rinsing\.gradle\caches\forge_gradle\deobf_dependencies\local\roadweaver\roadweaver-forge\2.3.0-1.20.1_mapped_official_1.20.1\roadweaver-forge-2.3.0-1.20.1_mapped_official_1.20.1.jar
[20:44:11] [Render thread/DEBUG] [ne.mi.cl.lo.ClientModLoader/CORE]: Generating PackInfo named mod:geomantia for mod file E:\Mod_Dev\StructureBinder\build\resources\main
[20:44:11] [Render thread/DEBUG] [ne.mi.cl.lo.ClientModLoader/CORE]: Generating PackInfo named mod:cristellib for mod file C:\Users\Rinsing\.gradle\caches\forge_gradle\deobf_dependencies\local\cristellib\cristellib\1.1.6_mapped_official_1.20.1\cristellib-1.1.6_mapped_official_1.20.1.jar
[20:44:11] [Render thread/WARN] [minecraft/Pack]: Missing metadata in pack mod:reterraforged
[20:44:12] [Render thread/INFO] [ne.mi.ga.ForgeGameTestHooks/]: Enabled Gametest Namespaces: [geomantia]
[20:44:12] [Render thread/DEBUG] [mixin/]: Mixing forge.CreateWorldScreenInitMixin from roadweaver.mixins.json into net.minecraft.client.gui.screens.worldselection.CreateWorldScreen
[20:44:12] [Render thread/INFO] [minecraft/ReloadableResourceManager]: Reloading ResourceManager: vanilla, mod_resources
[20:44:12] [modloading-worker-0/DEBUG] [ne.mi.fm.co.ConfigTracker/CONFIG]: Loading configs type CLIENT
[20:44:12] [modloading-worker-0/DEBUG] [ne.mi.fm.co.ConfigFileTypeHandler/CONFIG]: Built TOML config for E:\Mod_Dev\StructureBinder\run\config\forge-client.toml
[20:44:12] [modloading-worker-0/DEBUG] [ne.mi.fm.co.ConfigFileTypeHandler/CONFIG]: Loaded TOML config file E:\Mod_Dev\StructureBinder\run\config\forge-client.toml
[20:44:12] [modloading-worker-0/DEBUG] [ne.mi.fm.co.ConfigFileTypeHandler/CONFIG]: Watching TOML config file E:\Mod_Dev\StructureBinder\run\config\forge-client.toml for changes
[20:44:12] [modloading-worker-0/DEBUG] [ne.mi.co.ForgeConfig/FORGEMOD]: Loaded forge config file forge-client.toml
[20:44:12] [modloading-worker-0/DEBUG] [ne.mi.fm.co.ConfigTracker/CONFIG]: Loading configs type COMMON
[20:44:12] [Worker-Main-11/INFO] [co.ri.ge.GeomantiaMod/]: Geomantia initialized.
[20:44:12] [Worker-Main-4/INFO] [roadweaver/]: RoadWeaver common setup completed
[20:44:12] [Worker-Main-3/INFO] [minecraft/UnihexProvider]: Found unifont_all_no_pua-15.0.06.hex, loading
[20:44:12] [Forge Version Check/INFO] [ne.mi.fm.VersionChecker/]: [forge] Starting version check at https://files.minecraftforge.net/net/minecraftforge/forge/promotions_slim.json
[20:44:14] [Worker-Main-9/INFO] [co.sk.wo.ex.pl.PlatformManager/]: Got request to register class com.sk89q.worldedit.forge.ForgePlatform with WorldEdit [com.sk89q.worldedit.extension.platform.PlatformManager@280cf043]
[20:44:14] [Worker-Main-9/INFO] [co.sk.wo.fo.ForgeWorldEdit/]: WorldEdit for Forge (version 7.2.15+6463-5ca4dff) is loaded
[20:44:14] [Render thread/DEBUG] [ne.mi.fm.DeferredWorkQueue/LOADING]: Dispatching synchronous work for work queue COMMON_SETUP: 1 jobs
[20:44:14] [Render thread/DEBUG] [ne.mi.fm.DeferredWorkQueue/LOADING]: Synchronous work queue completed in 1.227 ms
[20:44:14] [Forge Version Check/DEBUG] [ne.mi.fm.VersionChecker/]: [forge] Received version check data:
{
  "homepage": "https://files.minecraftforge.net/net/minecraftforge/forge/",
  "promos": {
    "1.1-latest": "1.3.4.29",
    "1.2.3-latest": "1.4.1.64",
    "1.2.4-latest": "2.0.0.68",
    "1.2.5-latest": "3.4.9.171",
    "1.3.2-latest": "4.3.5.318",
    "1.4.0-latest": "5.0.0.326",
    "1.4.1-latest": "6.0.0.329",
    "1.4.2-latest": "6.0.1.355",
    "1.4.3-latest": "6.2.1.358",
    "1.4.4-latest": "6.3.0.378",
    "1.4.5-latest": "6.4.2.448",
    "1.4.6-latest": "6.5.0.489",
    "1.4.7-latest": "6.6.2.534",
    "1.5-latest": "7.7.0.598",
    "1.5.1-latest": "7.7.2.682",
    "1.5.2-latest": "7.8.1.738",
    "1.5.2-recommended": "7.8.1.738",
    "1.6.1-latest": "8.9.0.775",
    "1.6.2-latest": "9.10.1.871",
    "1.6.2-recommended": "9.10.1.871",
    "1.6.3-latest": "9.11.0.878",
    "1.6.4-latest": "9.11.1.1345",
    "1.6.4-recommended": "9.11.1.1345",
    "1.7.2-latest": "10.12.2.1161",
    "1.7.2-recommended": "10.12.2.1161",
    "1.7.10-latest": "10.13.4.1614",
    "1.7.10-recommended": "10.13.4.1614",
    "1.8-latest": "11.14.4.1577",
    "1.8-recommended": "11.14.4.1563",
    "1.8.8-latest": "11.15.0.1655",
    "1.8.9-latest": "11.15.1.2318",
    "1.8.9-recommended": "11.15.1.2318",
    "1.9-latest": "12.16.1.1938",
    "1.9-recommended": "12.16.1.1887",
    "1.9.4-latest": "12.17.0.2317",
    "1.9.4-recommended": "12.17.0.2317",
    "1.10-latest": "12.18.0.2000",
    "1.10.2-latest": "12.18.3.2511",
    "1.10.2-recommended": "12.18.3.2511",
    "1.11-latest": "13.19.1.2199",
    "1.11-recommended": "13.19.1.2189",
    "1.11.2-latest": "13.20.1.2588",
    "1.11.2-recommended": "13.20.1.2588",
    "1.12-latest": "14.21.1.2443",
    "1.12-recommended": "14.21.1.2387",
    "1.12.1-latest": "14.22.1.2485",
    "1.12.1-recommended": "14.22.1.2478",
    "1.12.2-latest": "14.23.5.2864",
    "1.12.2-recommended": "14.23.5.2859",
    "1.13.2-latest": "25.0.223",
    "1.14.2-latest": "26.0.63",
    "1.14.3-latest": "27.0.60",
    "1.14.4-latest": "28.2.30",
    "1.14.4-recommended": "28.2.26",
    "1.15-latest": "29.0.4",
    "1.15.1-latest": "30.0.51",
    "1.15.2-latest": "31.2.62",
    "1.15.2-recommended": "31.2.57",
    "1.16.1-latest": "32.0.108",
    "1.16.2-latest": "33.0.61",
    "1.16.3-latest": "34.1.42",
    "1.16.3-recommended": "34.1.0",
    "1.16.4-latest": "35.1.37",
    "1.16.4-recommended": "35.1.4",
    "1.16.5-latest": "36.2.42",
    "1.16.5-recommended": "36.2.34",
    "1.17.1-latest": "37.1.1",
    "1.17.1-recommended": "37.1.1",
    "1.18-latest": "38.0.17",
    "1.18.1-latest": "39.1.2",
    "1.18.1-recommended": "39.1.0",
    "1.18.2-recommended": "40.3.0",
    "1.18.2-latest": "40.3.12",
    "1.19-latest": "41.1.0",
    "1.19-recommended": "41.1.0",
    "1.19.1-latest": "42.0.9",
    "1.19.2-recommended": "43.5.0",
    "1.19.2-latest": "43.5.2",
    "1.19.3-latest": "44.1.23",
    "1.19.3-recommended": "44.1.0",
    "1.19.4-recommended": "45.4.0",
    "1.19.4-latest": "45.4.3",
    "1.20-latest": "46.0.14",
    "1.20.1-recommended": "47.4.10",
    "1.20.1-latest": "47.4.22",
    "1.20.2-latest": "48.1.0",
    "1.20.2-recommended": "48.1.0",
    "1.20.3-latest": "49.0.2",
    "1.20.4-latest": "49.2.8",
    "1.20.4-recommended": "49.2.0",
    "1.20.6-latest": "50.2.10",
    "1.20.6-recommended": "50.2.0",
    "1.21-latest": "51.0.33",
    "1.21.1-latest": "52.1.16",
    "1.21.1-recommended": "52.1.0",
    "1.21.3-latest": "53.1.12",
    "1.21.3-recommended": "53.1.0",
    "1.21.4-latest": "54.1.18",
    "1.21.4-recommended": "54.1.14",
    "1.21.5-latest": "55.1.12",
    "1.21.5-recommended": "55.1.0",
    "1.21.6-latest": "56.0.9",
    "1.21.7-latest": "57.0.3",
    "1.21.8-latest": "58.1.21",
    "1.21.8-recommended": "58.1.0",
    "1.21.9-latest": "59.0.5",
    "1.21.10-latest": "60.1.13",
    "1.21.10-recommended": "60.1.0",
    "1.21.11-latest": "61.2.0",
    "1.21.11-recommended": "61.2.0",
    "26.1-latest": "62.0.9",
    "26.1.1-latest": "63.0.2",
    "26.1.2-latest": "64.1.0",
    "26.1.2-recommended": "64.1.0",
    "26.2-latest": "65.1.0",
    "26.2-recommended": "65.1.0"
  }
}
[20:44:14] [Forge Version Check/INFO] [ne.mi.fm.VersionChecker/]: [forge] Found status: OUTDATED Current: 47.4.0 Target: 47.4.10
[20:44:14] [Forge Version Check/INFO] [ne.mi.fm.VersionChecker/]: [mr_trek] Starting version check at https://api.modrinth.com/updates/h2jngREY/forge_updates.json
[20:44:14] [modloading-worker-0/DEBUG] [ne.mi.re.GameData/REGISTRIES]: Freezing registries
[20:44:14] [modloading-worker-0/DEBUG] [ne.mi.re.ForgeRegistry/REGISTRIES]: Registry minecraft:block Sync: FROZEN -> ACTIVE
[20:44:14] [modloading-worker-0/DEBUG] [ne.mi.re.ForgeRegistry/REGISTRIES]: Registry minecraft:fluid Sync: FROZEN -> ACTIVE
[20:44:14] [modloading-worker-0/DEBUG] [ne.mi.re.ForgeRegistry/REGISTRIES]: Registry minecraft:item Sync: FROZEN -> ACTIVE
[20:44:14] [modloading-worker-0/DEBUG] [ne.mi.re.ForgeRegistry/REGISTRIES]: Registry minecraft:mob_effect Sync: FROZEN -> ACTIVE
[20:44:14] [modloading-worker-0/DEBUG] [ne.mi.re.ForgeRegistry/REGISTRIES]: Registry minecraft:sound_event Sync: FROZEN -> ACTIVE
[20:44:14] [modloading-worker-0/DEBUG] [ne.mi.re.ForgeRegistry/REGISTRIES]: Registry minecraft:potion Sync: FROZEN -> ACTIVE
[20:44:14] [modloading-worker-0/DEBUG] [ne.mi.re.ForgeRegistry/REGISTRIES]: Registry minecraft:enchantment Sync: FROZEN -> ACTIVE
[20:44:14] [modloading-worker-0/DEBUG] [ne.mi.re.ForgeRegistry/REGISTRIES]: Registry minecraft:entity_type Sync: FROZEN -> ACTIVE
[20:44:14] [modloading-worker-0/DEBUG] [ne.mi.re.ForgeRegistry/REGISTRIES]: Registry minecraft:block_entity_type Sync: FROZEN -> ACTIVE
[20:44:14] [modloading-worker-0/DEBUG] [ne.mi.re.ForgeRegistry/REGISTRIES]: Registry minecraft:particle_type Sync: FROZEN -> ACTIVE
[20:44:14] [modloading-worker-0/DEBUG] [ne.mi.re.ForgeRegistry/REGISTRIES]: Registry minecraft:menu Sync: FROZEN -> ACTIVE
[20:44:14] [modloading-worker-0/DEBUG] [ne.mi.re.ForgeRegistry/REGISTRIES]: Registry minecraft:painting_variant Sync: FROZEN -> ACTIVE
[20:44:14] [modloading-worker-0/DEBUG] [ne.mi.re.ForgeRegistry/REGISTRIES]: Registry minecraft:recipe_type Sync: FROZEN -> ACTIVE
[20:44:14] [modloading-worker-0/DEBUG] [ne.mi.re.ForgeRegistry/REGISTRIES]: Registry minecraft:recipe_serializer Sync: FROZEN -> ACTIVE
[20:44:14] [modloading-worker-0/DEBUG] [ne.mi.re.ForgeRegistry/REGISTRIES]: Registry minecraft:attribute Sync: FROZEN -> ACTIVE
[20:44:14] [modloading-worker-0/DEBUG] [ne.mi.re.ForgeRegistry/REGISTRIES]: Registry minecraft:stat_type Sync: FROZEN -> ACTIVE
[20:44:14] [modloading-worker-0/DEBUG] [ne.mi.re.ForgeRegistry/REGISTRIES]: Registry minecraft:command_argument_type Sync: FROZEN -> ACTIVE
[20:44:14] [modloading-worker-0/DEBUG] [ne.mi.re.ForgeRegistry/REGISTRIES]: Registry minecraft:villager_profession Sync: FROZEN -> ACTIVE
[20:44:14] [modloading-worker-0/DEBUG] [ne.mi.re.ForgeRegistry/REGISTRIES]: Registry minecraft:point_of_interest_type Sync: FROZEN -> ACTIVE
[20:44:14] [modloading-worker-0/DEBUG] [ne.mi.re.ForgeRegistry/REGISTRIES]: Registry minecraft:memory_module_type Sync: FROZEN -> ACTIVE
[20:44:14] [modloading-worker-0/DEBUG] [ne.mi.re.ForgeRegistry/REGISTRIES]: Registry minecraft:sensor_type Sync: FROZEN -> ACTIVE
[20:44:14] [modloading-worker-0/DEBUG] [ne.mi.re.ForgeRegistry/REGISTRIES]: Registry minecraft:schedule Sync: FROZEN -> ACTIVE
[20:44:14] [modloading-worker-0/DEBUG] [ne.mi.re.ForgeRegistry/REGISTRIES]: Registry minecraft:activity Sync: FROZEN -> ACTIVE
[20:44:14] [modloading-worker-0/DEBUG] [ne.mi.re.ForgeRegistry/REGISTRIES]: Registry minecraft:worldgen/carver Sync: FROZEN -> ACTIVE
[20:44:14] [modloading-worker-0/DEBUG] [ne.mi.re.ForgeRegistry/REGISTRIES]: Registry minecraft:worldgen/feature Sync: FROZEN -> ACTIVE
[20:44:14] [modloading-worker-0/DEBUG] [ne.mi.re.ForgeRegistry/REGISTRIES]: Registry minecraft:chunk_status Sync: FROZEN -> ACTIVE
[20:44:14] [modloading-worker-0/DEBUG] [ne.mi.re.ForgeRegistry/REGISTRIES]: Registry minecraft:worldgen/block_state_provider_type Sync: FROZEN -> ACTIVE
[20:44:14] [modloading-worker-0/DEBUG] [ne.mi.re.ForgeRegistry/REGISTRIES]: Registry minecraft:worldgen/foliage_placer_type Sync: FROZEN -> ACTIVE
[20:44:14] [modloading-worker-0/DEBUG] [ne.mi.re.ForgeRegistry/REGISTRIES]: Registry minecraft:worldgen/tree_decorator_type Sync: FROZEN -> ACTIVE
[20:44:14] [modloading-worker-0/DEBUG] [ne.mi.re.ForgeRegistry/REGISTRIES]: Registry minecraft:worldgen/biome Sync: FROZEN -> ACTIVE
[20:44:14] [modloading-worker-0/DEBUG] [ne.mi.re.ForgeRegistry/REGISTRIES]: Registry forge:entity_data_serializers Sync: FROZEN -> ACTIVE
[20:44:14] [modloading-worker-0/DEBUG] [ne.mi.re.ForgeRegistry/REGISTRIES]: Registry forge:global_loot_modifier_serializers Sync: FROZEN -> ACTIVE
[20:44:14] [modloading-worker-0/DEBUG] [ne.mi.re.ForgeRegistry/REGISTRIES]: Registry forge:biome_modifier_serializers Sync: FROZEN -> ACTIVE
[20:44:14] [modloading-worker-0/DEBUG] [ne.mi.re.ForgeRegistry/REGISTRIES]: Registry forge:fluid_type Sync: FROZEN -> ACTIVE
[20:44:14] [modloading-worker-0/DEBUG] [ne.mi.re.ForgeRegistry/REGISTRIES]: Registry forge:structure_modifier_serializers Sync: FROZEN -> ACTIVE
[20:44:14] [modloading-worker-0/DEBUG] [ne.mi.re.ForgeRegistry/REGISTRIES]: Registry forge:holder_set_type Sync: FROZEN -> ACTIVE
[20:44:14] [modloading-worker-0/DEBUG] [ne.mi.re.ForgeRegistry/REGISTRIES]: Registry forge:display_contexts Sync: FROZEN -> ACTIVE
[20:44:14] [modloading-worker-0/DEBUG] [ne.mi.re.ForgeRegistry/REGISTRIES]: Registry reterraforged:worldgen/curve_function_type Sync: FROZEN -> ACTIVE
[20:44:14] [modloading-worker-0/DEBUG] [ne.mi.re.ForgeRegistry/REGISTRIES]: Registry reterraforged:worldgen/template_decorator_type Sync: FROZEN -> ACTIVE
[20:44:14] [modloading-worker-0/DEBUG] [ne.mi.re.ForgeRegistry/REGISTRIES]: Registry reterraforged:worldgen/chance_modifier_type Sync: FROZEN -> ACTIVE
[20:44:14] [modloading-worker-0/DEBUG] [ne.mi.re.ForgeRegistry/REGISTRIES]: Registry reterraforged:worldgen/structure_rule_type Sync: FROZEN -> ACTIVE
[20:44:14] [modloading-worker-0/DEBUG] [ne.mi.re.ForgeRegistry/REGISTRIES]: Registry reterraforged:worldgen/noise_type Sync: FROZEN -> ACTIVE
[20:44:14] [modloading-worker-0/DEBUG] [ne.mi.re.ForgeRegistry/REGISTRIES]: Registry reterraforged:worldgen/template_placement_type Sync: FROZEN -> ACTIVE
[20:44:14] [modloading-worker-0/DEBUG] [ne.mi.re.ForgeRegistry/REGISTRIES]: Registry reterraforged:worldgen/domain_type Sync: FROZEN -> ACTIVE
[20:44:15] [modloading-worker-0/DEBUG] [ne.mi.re.GameData/REGISTRIES]: All registries frozen
[20:44:15] [Render thread/DEBUG] [ne.mi.co.ForgeI18n/CORE]: Loading I18N data entries: 8776
[20:44:15] [Render thread/WARN] [minecraft/SoundEngine]: Missing sound for event: minecraft:item.goat_horn.play
[20:44:15] [Render thread/WARN] [minecraft/SoundEngine]: Missing sound for event: minecraft:entity.goat.screaming.horn_break
[20:44:15] [Render thread/INFO] [mojang/Library]: OpenAL initialized on device OpenAL Soft on 耳机 (UGREEN-BT505)
[20:44:15] [Render thread/INFO] [minecraft/SoundEngine]: Sound engine started
[20:44:15] [Render thread/INFO] [minecraft/TextureAtlas]: Created: 1024x512x4 minecraft:textures/atlas/blocks.png-atlas
[20:44:15] [Render thread/INFO] [minecraft/TextureAtlas]: Created: 256x256x4 minecraft:textures/atlas/signs.png-atlas
[20:44:15] [Render thread/INFO] [minecraft/TextureAtlas]: Created: 512x512x4 minecraft:textures/atlas/banner_patterns.png-atlas
[20:44:15] [Render thread/INFO] [minecraft/TextureAtlas]: Created: 512x512x4 minecraft:textures/atlas/shield_patterns.png-atlas
[20:44:15] [Render thread/INFO] [minecraft/TextureAtlas]: Created: 1024x1024x4 minecraft:textures/atlas/armor_trims.png-atlas
[20:44:15] [Render thread/INFO] [minecraft/TextureAtlas]: Created: 256x256x4 minecraft:textures/atlas/chest.png-atlas
[20:44:15] [Render thread/INFO] [minecraft/TextureAtlas]: Created: 128x64x4 minecraft:textures/atlas/decorated_pot.png-atlas
[20:44:15] [Render thread/INFO] [minecraft/TextureAtlas]: Created: 512x256x4 minecraft:textures/atlas/beds.png-atlas
[20:44:15] [Render thread/INFO] [minecraft/TextureAtlas]: Created: 512x256x4 minecraft:textures/atlas/shulker_boxes.png-atlas
[20:44:15] [Render thread/WARN] [minecraft/ShaderInstance]: Shader rendertype_entity_translucent_emissive could not find sampler named Sampler2 in the specified shader program.
[20:44:16] [Render thread/INFO] [minecraft/TextureAtlas]: Created: 256x256x0 minecraft:textures/atlas/particles.png-atlas
[20:44:16] [Render thread/INFO] [minecraft/TextureAtlas]: Created: 256x256x0 minecraft:textures/atlas/paintings.png-atlas
[20:44:16] [Render thread/INFO] [minecraft/TextureAtlas]: Created: 128x128x0 minecraft:textures/atlas/mob_effects.png-atlas
[20:44:16] [Forge Version Check/DEBUG] [ne.mi.fm.VersionChecker/]: [mr_trek] Received version check data:
{"homepage":"https://modrinth.com/mod/h2jngREY","promos":{"1.19-latest":"B0.6.2+mod","1.21.1-latest":"B0.6.2+mod","1.21.10-latest":"B0.6.2+mod","1.21.11-latest":"B0.6.2+mod","1.19.3-latest":"B0.6.2+mod","1.19.1-latest":"B0.6.2+mod","1.21.5-latest":"B0.6.2+mod","1.20.3-latest":"B0.6.2+mod","1.20.5-latest":"B0.6.2+mod","1.20.1-latest":"B0.6.2+mod","26.1.2-latest":"B0.6.2+mod","1.21-latest":"B0.6.2+mod","1.20-latest":"B0.6.2+mod","1.21.9-latest":"B0.6.2+mod","1.21.7-latest":"B0.6.2+mod","1.20.2-latest":"B0.6.2+mod","26.2-latest":"B0.6.2+mod","26.1-latest":"B0.6.2+mod","1.19.4-latest":"B0.6.2+mod","1.20.4-latest":"B0.6.2+mod","1.20.6-latest":"B0.6.2+mod","1.21.3-latest":"B0.6.2+mod","1.21.4-latest":"B0.6.2+mod","1.21.8-latest":"B0.6.2+mod","1.21.6-latest":"B0.6.2+mod","26.1.1-latest":"B0.6.2+mod","1.19.2-latest":"B0.6.2+mod","1.21.2-latest":"B0.6.2+mod"}}
[20:44:16] [Forge Version Check/INFO] [ne.mi.fm.VersionChecker/]: [mr_trek] Found status: BETA Current: 1-B0.6 Target: B0.6.2+mod
[20:44:16] [Render thread/INFO] [co.ri.ge.cl.DevAutoLoadClient/]: Geomantia development auto-load observing screen: net.minecraftforge.client.gui.LoadingErrorScreen
[20:44:16] [Render thread/INFO] [co.ri.ge.cl.DevAutoLoadClient/]: Geomantia development auto-load world from screen net.minecraftforge.client.gui.LoadingErrorScreen: RTF08052
[20:44:16] [Render thread/INFO] [ne.mi.re.GameData/REGISTRIES]: Injecting existing registry data into this CLIENT instance
[20:44:16] [Render thread/DEBUG] [ne.mi.re.ForgeRegistry/REGISTRIES]: Registry minecraft:block Sync: ACTIVE -> STAGING
[20:44:16] [Render thread/DEBUG] [ne.mi.re.ForgeRegistry/REGISTRIES]: Registry minecraft:fluid Sync: ACTIVE -> STAGING
[20:44:16] [Render thread/DEBUG] [ne.mi.re.ForgeRegistry/REGISTRIES]: Registry minecraft:item Sync: ACTIVE -> STAGING
[20:44:16] [Render thread/DEBUG] [ne.mi.re.ForgeRegistry/REGISTRIES]: Registry minecraft:mob_effect Sync: ACTIVE -> STAGING
[20:44:16] [Render thread/DEBUG] [ne.mi.re.ForgeRegistry/REGISTRIES]: Registry minecraft:sound_event Sync: ACTIVE -> STAGING
[20:44:16] [Render thread/DEBUG] [ne.mi.re.ForgeRegistry/REGISTRIES]: Registry minecraft:potion Sync: ACTIVE -> STAGING
[20:44:16] [Render thread/DEBUG] [ne.mi.re.ForgeRegistry/REGISTRIES]: Registry minecraft:enchantment Sync: ACTIVE -> STAGING
[20:44:16] [Render thread/DEBUG] [ne.mi.re.ForgeRegistry/REGISTRIES]: Registry minecraft:entity_type Sync: ACTIVE -> STAGING
[20:44:16] [Render thread/DEBUG] [ne.mi.re.ForgeRegistry/REGISTRIES]: Registry minecraft:block_entity_type Sync: ACTIVE -> STAGING
[20:44:16] [Render thread/DEBUG] [ne.mi.re.ForgeRegistry/REGISTRIES]: Registry minecraft:particle_type Sync: ACTIVE -> STAGING
[20:44:16] [Render thread/DEBUG] [ne.mi.re.ForgeRegistry/REGISTRIES]: Registry minecraft:menu Sync: ACTIVE -> STAGING
[20:44:16] [Render thread/DEBUG] [ne.mi.re.ForgeRegistry/REGISTRIES]: Registry minecraft:painting_variant Sync: ACTIVE -> STAGING
[20:44:16] [Render thread/DEBUG] [ne.mi.re.ForgeRegistry/REGISTRIES]: Registry minecraft:recipe_type Sync: ACTIVE -> STAGING
[20:44:16] [Render thread/DEBUG] [ne.mi.re.ForgeRegistry/REGISTRIES]: Registry minecraft:recipe_serializer Sync: ACTIVE -> STAGING
[20:44:16] [Render thread/DEBUG] [ne.mi.re.ForgeRegistry/REGISTRIES]: Registry minecraft:attribute Sync: ACTIVE -> STAGING
[20:44:16] [Render thread/DEBUG] [ne.mi.re.ForgeRegistry/REGISTRIES]: Registry minecraft:stat_type Sync: ACTIVE -> STAGING
[20:44:16] [Render thread/DEBUG] [ne.mi.re.ForgeRegistry/REGISTRIES]: Registry minecraft:command_argument_type Sync: ACTIVE -> STAGING
[20:44:16] [Render thread/DEBUG] [ne.mi.re.ForgeRegistry/REGISTRIES]: Registry minecraft:villager_profession Sync: ACTIVE -> STAGING
[20:44:16] [Render thread/DEBUG] [ne.mi.re.ForgeRegistry/REGISTRIES]: Registry minecraft:point_of_interest_type Sync: ACTIVE -> STAGING
[20:44:16] [Render thread/DEBUG] [ne.mi.re.ForgeRegistry/REGISTRIES]: Registry minecraft:memory_module_type Sync: ACTIVE -> STAGING
[20:44:16] [Render thread/DEBUG] [ne.mi.re.ForgeRegistry/REGISTRIES]: Registry minecraft:sensor_type Sync: ACTIVE -> STAGING
[20:44:16] [Render thread/DEBUG] [ne.mi.re.ForgeRegistry/REGISTRIES]: Registry minecraft:schedule Sync: ACTIVE -> STAGING
[20:44:16] [Render thread/DEBUG] [ne.mi.re.ForgeRegistry/REGISTRIES]: Registry minecraft:activity Sync: ACTIVE -> STAGING
[20:44:16] [Render thread/DEBUG] [ne.mi.re.ForgeRegistry/REGISTRIES]: Registry minecraft:worldgen/carver Sync: ACTIVE -> STAGING
[20:44:16] [Render thread/DEBUG] [ne.mi.re.ForgeRegistry/REGISTRIES]: Registry minecraft:worldgen/feature Sync: ACTIVE -> STAGING
[20:44:16] [Render thread/DEBUG] [ne.mi.re.ForgeRegistry/REGISTRIES]: Registry minecraft:chunk_status Sync: ACTIVE -> STAGING
[20:44:16] [Render thread/DEBUG] [ne.mi.re.ForgeRegistry/REGISTRIES]: Registry minecraft:worldgen/block_state_provider_type Sync: ACTIVE -> STAGING
[20:44:16] [Render thread/DEBUG] [ne.mi.re.ForgeRegistry/REGISTRIES]: Registry minecraft:worldgen/foliage_placer_type Sync: ACTIVE -> STAGING
[20:44:16] [Render thread/DEBUG] [ne.mi.re.ForgeRegistry/REGISTRIES]: Registry minecraft:worldgen/tree_decorator_type Sync: ACTIVE -> STAGING
[20:44:16] [Render thread/DEBUG] [ne.mi.re.ForgeRegistry/REGISTRIES]: Registry minecraft:worldgen/biome Sync: ACTIVE -> STAGING
[20:44:16] [Render thread/DEBUG] [ne.mi.re.ForgeRegistry/REGISTRIES]: Registry forge:entity_data_serializers Sync: ACTIVE -> STAGING
[20:44:16] [Render thread/DEBUG] [ne.mi.re.ForgeRegistry/REGISTRIES]: Registry forge:global_loot_modifier_serializers Sync: ACTIVE -> STAGING
[20:44:16] [Render thread/DEBUG] [ne.mi.re.ForgeRegistry/REGISTRIES]: Registry forge:biome_modifier_serializers Sync: ACTIVE -> STAGING
[20:44:16] [Render thread/DEBUG] [ne.mi.re.ForgeRegistry/REGISTRIES]: Registry forge:fluid_type Sync: ACTIVE -> STAGING
[20:44:16] [Render thread/DEBUG] [ne.mi.re.ForgeRegistry/REGISTRIES]: Registry forge:structure_modifier_serializers Sync: ACTIVE -> STAGING
[20:44:16] [Render thread/DEBUG] [ne.mi.re.ForgeRegistry/REGISTRIES]: Registry forge:holder_set_type Sync: ACTIVE -> STAGING
[20:44:16] [Render thread/DEBUG] [ne.mi.re.ForgeRegistry/REGISTRIES]: Registry forge:display_contexts Sync: ACTIVE -> STAGING
[20:44:16] [Render thread/DEBUG] [ne.mi.re.ForgeRegistry/REGISTRIES]: Registry reterraforged:worldgen/curve_function_type Sync: ACTIVE -> STAGING
[20:44:16] [Render thread/DEBUG] [ne.mi.re.ForgeRegistry/REGISTRIES]: Registry reterraforged:worldgen/template_decorator_type Sync: ACTIVE -> STAGING
[20:44:16] [Render thread/DEBUG] [ne.mi.re.ForgeRegistry/REGISTRIES]: Registry reterraforged:worldgen/chance_modifier_type Sync: ACTIVE -> STAGING
[20:44:16] [Render thread/DEBUG] [ne.mi.re.ForgeRegistry/REGISTRIES]: Registry reterraforged:worldgen/structure_rule_type Sync: ACTIVE -> STAGING
[20:44:16] [Render thread/DEBUG] [ne.mi.re.ForgeRegistry/REGISTRIES]: Registry reterraforged:worldgen/noise_type Sync: ACTIVE -> STAGING
[20:44:16] [Render thread/DEBUG] [ne.mi.re.ForgeRegistry/REGISTRIES]: Registry reterraforged:worldgen/template_placement_type Sync: ACTIVE -> STAGING
[20:44:16] [Render thread/DEBUG] [ne.mi.re.ForgeRegistry/REGISTRIES]: Registry reterraforged:worldgen/domain_type Sync: ACTIVE -> STAGING
[20:44:17] [Render thread/DEBUG] [ne.mi.re.ObjectHolderRegistry/REGISTRIES]: Applying holder lookups
[20:44:17] [Render thread/DEBUG] [ne.mi.re.ObjectHolderRegistry/REGISTRIES]: Holder lookups applied
[20:44:17] [Render thread/DEBUG] [ne.mi.se.ServerLifecycleHooks/CORE]: Generating PackInfo named mod:worldedit for mod file C:\Users\Rinsing\.gradle\caches\forge_gradle\deobf_dependencies\curse\maven\worldedit-225608\4586218_mapped_official_1.20.1\worldedit-225608-4586218_mapped_official_1.20.1.jar
[20:44:17] [Render thread/DEBUG] [ne.mi.se.ServerLifecycleHooks/CORE]: Generating PackInfo named mod:architectury for mod file C:\Users\Rinsing\.gradle\caches\forge_gradle\deobf_dependencies\dev\architectury\architectury-forge\9.2.14_mapped_official_1.20.1\architectury-forge-9.2.14_mapped_official_1.20.1.jar
[20:44:17] [Render thread/DEBUG] [ne.mi.se.ServerLifecycleHooks/CORE]: Generating PackInfo named mod:cloth_config for mod file C:\Users\Rinsing\.gradle\caches\forge_gradle\deobf_dependencies\me\shedaniel\cloth\cloth-config-forge\11.1.136_mapped_official_1.20.1\cloth-config-forge-11.1.136_mapped_official_1.20.1.jar
[20:44:17] [Render thread/DEBUG] [ne.mi.se.ServerLifecycleHooks/CORE]: Generating PackInfo named mod:forge for mod file /
[20:44:17] [Render thread/DEBUG] [ne.mi.se.ServerLifecycleHooks/CORE]: Generating PackInfo named mod:t_and_t for mod file C:\Users\Rinsing\.gradle\caches\forge_gradle\deobf_dependencies\local\t_and_t\t_and_t\1.12_mapped_official_1.20.1\t_and_t-1.12_mapped_official_1.20.1.jar
[20:44:17] [Render thread/DEBUG] [ne.mi.se.ServerLifecycleHooks/CORE]: Generating PackInfo named mod:mr_trek for mod file C:\Users\Rinsing\.gradle\caches\forge_gradle\deobf_dependencies\local\trek\trek\B0.6_mapped_official_1.20.1\trek-B0.6_mapped_official_1.20.1.jar
[20:44:17] [Render thread/DEBUG] [ne.mi.se.ServerLifecycleHooks/CORE]: Generating PackInfo named mod:roadweaver for mod file C:\Users\Rinsing\.gradle\caches\forge_gradle\deobf_dependencies\local\roadweaver\roadweaver-forge\2.3.0-1.20.1_mapped_official_1.20.1\roadweaver-forge-2.3.0-1.20.1_mapped_official_1.20.1.jar
[20:44:17] [Render thread/DEBUG] [ne.mi.se.ServerLifecycleHooks/CORE]: Generating PackInfo named mod:geomantia for mod file E:\Mod_Dev\StructureBinder\build\resources\main
[20:44:17] [Render thread/DEBUG] [ne.mi.se.ServerLifecycleHooks/CORE]: Generating PackInfo named mod:cristellib for mod file C:\Users\Rinsing\.gradle\caches\forge_gradle\deobf_dependencies\local\cristellib\cristellib\1.1.6_mapped_official_1.20.1\cristellib-1.1.6_mapped_official_1.20.1.jar
[20:44:17] [Render thread/WARN] [minecraft/Pack]: Missing metadata in pack mod:reterraforged
[20:44:17] [Render thread/WARN] [minecraft/MinecraftServer]: Missing data pack mod:reterraforged
[20:44:17] [Render thread/DEBUG] [mixin/]: Mixing MixinLootDataManager from architectury.mixins.json into net.minecraft.world.level.storage.loot.LootDataManager
[20:44:17] [Render thread/DEBUG] [mixin/]: Mixing client.MixinCommandSourceStack from architectury.mixins.json into net.minecraft.commands.CommandSourceStack
[20:44:17] [Render thread/DEBUG] [ne.mi.co.tr.CoreModBaseTransformer/COREMOD]: Transforming net/minecraft/server/commands/SummonCommand
[20:44:18] [Render thread/INFO] [co.sk.wo.ex.pl.PlatformCommandManager/]: Registering commands with com.sk89q.worldedit.forge.ForgePlatform
[20:44:18] [Worker-Main-14/DEBUG] [ne.mi.co.tr.CoreModBaseTransformer/COREMOD]: Transforming net/minecraft/world/entity/raid/Raid
[20:44:18] [Render thread/INFO] [minecraft/RecipeManager]: Loaded 7 recipes
[20:44:18] [Render thread/INFO] [minecraft/AdvancementList]: Loaded 1273 advancements
[20:44:18] [Render thread/WARN] [minecraft/MappedRegistry]: Not all defined tags for registry ResourceKey[minecraft:root / minecraft:worldgen/biome] are present in data pack: minecraft:is_birch_forest, minecraft:is_mangrove
[20:44:18] [Render thread/DEBUG] [ne.mi.co.ForgeHooks/WP]: Gathering id map for writing to world save RTF08052
[20:44:18] [Render thread/DEBUG] [ne.mi.co.ForgeHooks/WP]: ID Map collection complete RTF08052
[20:44:18] [Server thread/INFO] [minecraft/IntegratedServer]: Starting integrated minecraft server version 1.20.1
[20:44:18] [Server thread/INFO] [minecraft/MinecraftServer]: Generating keypair
[20:44:18] [Server thread/DEBUG] [ne.mi.fm.co.ConfigTracker/CONFIG]: Loading configs type SERVER
[20:44:18] [Server thread/DEBUG] [ne.mi.fm.co.ConfigFileTypeHandler/CONFIG]: Built TOML config for .\saves\RTF08052\serverconfig\forge-server.toml
[20:44:18] [Server thread/DEBUG] [ne.mi.fm.co.ConfigFileTypeHandler/CONFIG]: Loaded TOML config file .\saves\RTF08052\serverconfig\forge-server.toml
[20:44:18] [Server thread/DEBUG] [ne.mi.fm.co.ConfigFileTypeHandler/CONFIG]: Watching TOML config file .\saves\RTF08052\serverconfig\forge-server.toml for changes
[20:44:18] [Server thread/DEBUG] [ne.mi.co.ForgeConfig/FORGEMOD]: Loaded forge config file forge-server.toml
[20:44:18] [Server thread/DEBUG] [mixin/]: Mixing MixinBiomeGenerationSettingsPlainsBuilder from reterraforged-forge.mixins.json into net.minecraft.world.level.biome.BiomeGenerationSettings$PlainBuilder
[20:44:19] [Server thread/INFO] [co.ri.ge.sy.ci.in.wo.CityReservationMaskRegistry/]: Loaded City reservation mask registry: noVegetation=127, noVanillaStructure=127, plannedStructures=40, ledgerPlacements=59, serverRoot=.\saves\RTF08052\.
[20:44:19] [Server thread/INFO] [co.ri.ge.sy.ci.in.wo.la.CityLandUseWorldgenRegistry/]: Loaded City LandUse registry: activePlans=1, appliedOwners=182
[20:44:19] [Server thread/INFO] [co.ri.ge.sy.ci.in.wo.CityDecorationWorldgenRegistry/]: Loaded City decoration v0.4 registry: activePlans=0, appliedFragments=0
[20:44:19] [Server thread/DEBUG] [ne.mi.co.tr.CoreModBaseTransformer/COREMOD]: Transforming net/minecraft/world/level/levelgen/PhantomSpawner
[20:44:19] [Server thread/DEBUG] [ne.mi.co.tr.CoreModBaseTransformer/COREMOD]: Transforming net/minecraft/world/level/levelgen/PatrolSpawner
[20:44:19] [Server thread/DEBUG] [ne.mi.co.tr.CoreModBaseTransformer/COREMOD]: Transforming net/minecraft/world/entity/npc/CatSpawner
[20:44:19] [Server thread/DEBUG] [ne.mi.co.tr.CoreModBaseTransformer/COREMOD]: Transforming net/minecraft/world/entity/ai/village/VillageSiege
[20:44:19] [Server thread/DEBUG] [mixin/]: Mixing MixinChunkMap from reterraforged-common.mixins.json into net.minecraft.server.level.ChunkMap
[20:44:19] [Server thread/DEBUG] [mixin/]: Mixing MixinRandomState from reterraforged-common.mixins.json into net.minecraft.world.level.levelgen.RandomState
[20:44:19] [Server thread/DEBUG] [mixin/]: Renaming synthetic method lambda$reterraforged$RTFRandomState$initialize$4()V to mde3266b$lambda$reterraforged$RTFRandomState$initialize$4$0 in reterraforged-common.mixins.json:MixinRandomState
[20:44:19] [Server thread/DEBUG] [mixin/]: Renaming synthetic method lambda$reterraforged$RTFRandomState$initialize$3(Lnet/minecraft/core/HolderLookup$RegistryLookup;Lnet/minecraft/core/Holder$Reference;)V to mde3266b$lambda$reterraforged$RTFRandomState$initialize$3$1 in reterraforged-common.mixins.json:MixinRandomState
[20:44:19] [Server thread/DEBUG] [mixin/]: Renaming synthetic method lambda$reterraforged$RTFRandomState$initialize$2(Lraccoonman/reterraforged/world/worldgen/biome/RTFClimateSampler;Lnet/minecraft/core/Holder$Reference;)V to mde3266b$lambda$reterraforged$RTFRandomState$initialize$2$2 in reterraforged-common.mixins.json:MixinRandomState
[20:44:19] [Server thread/DEBUG] [mixin/]: Renaming synthetic method lambda$reterraforged$RTFRandomState$initialize$1(Lnet/minecraft/core/HolderSet$Named;)V to mde3266b$lambda$reterraforged$RTFRandomState$initialize$1$3 in reterraforged-common.mixins.json:MixinRandomState
[20:44:19] [Server thread/DEBUG] [mixin/]: Renaming synthetic method lambda$reterraforged$RTFRandomState$initialize$0(Lnet/minecraft/core/Holder;)V to mde3266b$lambda$reterraforged$RTFRandomState$initialize$0$4 in reterraforged-common.mixins.json:MixinRandomState
[20:44:19] [Server thread/DEBUG] [mixin/]: Mixing MixinSurfaceSystem from reterraforged-common.mixins.json into net.minecraft.world.level.levelgen.SurfaceSystem
[20:44:19] [Server thread/DEBUG] [mixin/]: Renaming synthetic method lambda$reterraforged$RTFSurfaceSystem$getOrCreateStrata$0(Ljava/util/function/Function;Lnet/minecraft/resources/ResourceLocation;)Ljava/util/List; to mde3266b$lambda$reterraforged$RTFSurfaceSystem$getOrCreateStrata$0$0 in reterraforged-common.mixins.json:MixinSurfaceSystem
[20:44:19] [Server thread/DEBUG] [mixin/]: Generating mapped inner class net/minecraft/world/level/levelgen/RandomState$Anonymous$d8c04716bd81441f96e715c263541cca (originally raccoonman/reterraforged/mixin/MixinRandomState$1)
[20:44:19] [Server thread/DEBUG] [mixin/]: Mixing forge.StructureManagerAccessor from roadweaver.mixins.json into net.minecraft.world.level.StructureManager
[20:44:19] [Server thread/DEBUG] [mixin/]: Mixing StructureManagerAccessor from geomantia.mixins.json into net.minecraft.world.level.StructureManager
[20:44:20] [Server thread/INFO] [minecraft/MinecraftServer]: Preparing start region for dimension minecraft:overworld
[20:44:21] [Server thread/DEBUG] [mixin/]: Mixing MixinChunkSerializer from architectury.mixins.json into net.minecraft.world.level.chunk.storage.ChunkSerializer
[20:44:22] [Render thread/INFO] [minecraft/LoggerChunkProgressListener]: 准备生成区域中：0%
[20:44:22] [Render thread/INFO] [minecraft/LoggerChunkProgressListener]: 准备生成区域中：0%
[20:44:22] [Render thread/INFO] [minecraft/LoggerChunkProgressListener]: 准备生成区域中：0%
[20:44:22] [Render thread/INFO] [minecraft/LoggerChunkProgressListener]: 准备生成区域中：0%
[20:44:22] [Render thread/INFO] [minecraft/LoggerChunkProgressListener]: 准备生成区域中：0%
[20:44:23] [Render thread/INFO] [minecraft/LoggerChunkProgressListener]: 准备生成区域中：0%
[20:44:23] [Server thread/INFO] [ne.mi.se.pe.PermissionAPI/]: Successfully initialized permission handler forge:default_handler
[20:44:23] [Render thread/INFO] [minecraft/LoggerChunkProgressListener]: Time elapsed: 3005 ms
[20:44:24] [Server thread/DEBUG] [roadweaver/]: CacheManager: 缓存已初始化
[20:44:24] [Server thread/DEBUG] [roadweaver/]: ThreadPoolManager: 工作池已启动 (epoch=1, initialThreads=6, sharedThreads=4, mapThreads=2)
[20:44:24] [Server thread/INFO] [RoadWeaver/StructureDiscovery/]: 发现 220 个结构和 14 个标签
[20:44:24] [Server thread/INFO] [co.ri.ge.pl.ht.GeomantiaHttpServer/]: Geomantia GIS API server started on 127.0.0.1:5000.
[20:44:24] [Server thread/DEBUG] [io.ne.bu.AbstractByteBuf/]: -Dio.netty.buffer.checkAccessible: true
[20:44:24] [Server thread/DEBUG] [io.ne.bu.AbstractByteBuf/]: -Dio.netty.buffer.checkBounds: true
[20:44:24] [Server thread/DEBUG] [io.ne.ut.ResourceLeakDetectorFactory/]: Loaded default ResourceLeakDetector: io.netty.util.ResourceLeakDetector@41e37cc0
[20:44:24] [Server thread/DEBUG] [ne.mi.co.tr.CoreModBaseTransformer/COREMOD]: Transforming net/minecraft/world/level/NaturalSpawner
[20:44:24] [Server thread/INFO] [minecraft/IntegratedServer]: Changing view distance to 32, from 10
[20:44:24] [Server thread/INFO] [minecraft/IntegratedServer]: Changing simulation distance to 8, from 0
[20:44:24] [Render thread/DEBUG] [io.ne.ch.MultithreadEventLoopGroup/]: -Dio.netty.eventLoopThreads: 32
[20:44:24] [Render thread/DEBUG] [io.ne.ut.in.InternalThreadLocalMap/]: -Dio.netty.threadLocalMap.stringBuilder.initialSize: 1024
[20:44:24] [Render thread/DEBUG] [io.ne.ut.in.InternalThreadLocalMap/]: -Dio.netty.threadLocalMap.stringBuilder.maxSize: 4096
[20:44:24] [Render thread/DEBUG] [io.ne.ch.ni.NioEventLoop/]: -Dio.netty.noKeySetOptimization: false
[20:44:24] [Render thread/DEBUG] [io.ne.ch.ni.NioEventLoop/]: -Dio.netty.selectorAutoRebuildThreshold: 512
[20:44:24] [Render thread/DEBUG] [io.ne.ut.in.PlatformDependent/]: org.jctools-core.MpscChunkedArrayQueue: available
[20:44:25] [Render thread/DEBUG] [io.ne.ch.DefaultChannelId/]: -Dio.netty.processId: 17976 (auto-detected)
[20:44:25] [Render thread/WARN] [io.ne.ut.in.SystemPropertyUtil/]: Unable to parse the boolean system property 'java.net.preferIPv6Addresses':system - using the default value: false
[20:44:25] [Render thread/DEBUG] [io.ne.ut.NetUtil/]: -Djava.net.preferIPv4Stack: false
[20:44:25] [Render thread/DEBUG] [io.ne.ut.NetUtil/]: -Djava.net.preferIPv6Addresses: false
[20:44:25] [Render thread/DEBUG] [io.ne.ut.NetUtilInitializations/]: Loopback interface: lo (Software Loopback Interface 1, 127.0.0.1)
[20:44:25] [Render thread/DEBUG] [io.ne.ut.NetUtil/]: Failed to get SOMAXCONN from sysctl and file \proc\sys\net\core\somaxconn. Default: 200
[20:44:25] [Render thread/DEBUG] [io.ne.ch.DefaultChannelId/]: -Dio.netty.machineId: 58:02:05:ff:fe:54:a9:f6 (auto-detected)
[20:44:25] [Render thread/DEBUG] [io.ne.bu.PooledByteBufAllocator/]: -Dio.netty.allocator.numHeapArenas: 32
[20:44:25] [Render thread/DEBUG] [io.ne.bu.PooledByteBufAllocator/]: -Dio.netty.allocator.numDirectArenas: 32
[20:44:25] [Render thread/DEBUG] [io.ne.bu.PooledByteBufAllocator/]: -Dio.netty.allocator.pageSize: 8192
[20:44:25] [Render thread/DEBUG] [io.ne.bu.PooledByteBufAllocator/]: -Dio.netty.allocator.maxOrder: 9
[20:44:25] [Render thread/DEBUG] [io.ne.bu.PooledByteBufAllocator/]: -Dio.netty.allocator.chunkSize: 4194304
[20:44:25] [Render thread/DEBUG] [io.ne.bu.PooledByteBufAllocator/]: -Dio.netty.allocator.smallCacheSize: 256
[20:44:25] [Render thread/DEBUG] [io.ne.bu.PooledByteBufAllocator/]: -Dio.netty.allocator.normalCacheSize: 64
[20:44:25] [Render thread/DEBUG] [io.ne.bu.PooledByteBufAllocator/]: -Dio.netty.allocator.maxCachedBufferCapacity: 32768
[20:44:25] [Render thread/DEBUG] [io.ne.bu.PooledByteBufAllocator/]: -Dio.netty.allocator.cacheTrimInterval: 8192
[20:44:25] [Render thread/DEBUG] [io.ne.bu.PooledByteBufAllocator/]: -Dio.netty.allocator.cacheTrimIntervalMillis: 0
[20:44:25] [Render thread/DEBUG] [io.ne.bu.PooledByteBufAllocator/]: -Dio.netty.allocator.useCacheForAllThreads: false
[20:44:25] [Render thread/DEBUG] [io.ne.bu.PooledByteBufAllocator/]: -Dio.netty.allocator.maxCachedByteBuffersPerChunk: 1023
[20:44:25] [Render thread/DEBUG] [io.ne.bu.ByteBufUtil/]: -Dio.netty.allocator.type: pooled
[20:44:25] [Render thread/DEBUG] [io.ne.bu.ByteBufUtil/]: -Dio.netty.threadLocalDirectBufferSize: 0
[20:44:25] [Render thread/DEBUG] [io.ne.bu.ByteBufUtil/]: -Dio.netty.maxThreadLocalCharBufferSize: 16384
[20:44:25] [Netty Local Client IO #0/DEBUG] [ne.mi.ne.HandshakeHandler/FMLHANDSHAKE]: Starting local connection.
[20:44:26] [Netty Local Client IO #0/DEBUG] [io.ne.ut.Recycler/]: -Dio.netty.recycler.maxCapacityPerThread: 4096
[20:44:26] [Netty Local Client IO #0/DEBUG] [io.ne.ut.Recycler/]: -Dio.netty.recycler.ratio: 8
[20:44:26] [Netty Local Client IO #0/DEBUG] [io.ne.ut.Recycler/]: -Dio.netty.recycler.chunkSize: 32
[20:44:26] [Netty Local Client IO #0/DEBUG] [io.ne.ut.Recycler/]: -Dio.netty.recycler.blocking: false
[20:44:26] [Netty Server IO #1/DEBUG] [ne.mi.ne.HandshakeHandler/FMLHANDSHAKE]: Starting local connection.
[20:44:26] [Server thread/DEBUG] [ne.mi.ne.HandshakeHandler/FMLHANDSHAKE]: Sending ticking packet info 'net.minecraftforge.network.HandshakeMessages$S2CModData' to 'fml:handshake' sequence 0
[20:44:26] [Netty Local Client IO #0/DEBUG] [ne.mi.ne.LoginWrapper/FMLHANDSHAKE]: Recieved login wrapper packet event for channel fml:handshake with index 0
[20:44:26] [Server thread/DEBUG] [ne.mi.ne.HandshakeHandler/FMLHANDSHAKE]: Sending ticking packet info 'net.minecraftforge.network.HandshakeMessages$S2CModList' to 'fml:handshake' sequence 1
[20:44:26] [Netty Local Client IO #0/DEBUG] [ne.mi.ne.LoginWrapper/FMLHANDSHAKE]: Recieved login wrapper packet event for channel fml:handshake with index 1
[20:44:26] [Netty Local Client IO #0/DEBUG] [ne.mi.ne.HandshakeHandler/FMLHANDSHAKE]: Logging into server with mod list [minecraft, worldedit, architectury, cloth_config, forge, t_and_t, mr_trek, roadweaver, geomantia, cristellib, reterraforged]
[20:44:26] [Netty Local Client IO #0/DEBUG] [ne.mi.ne.NetworkRegistry/NETREGISTRY]: Channel 'worldedit:cui' : Version test of '1' from server : ACCEPTED
[20:44:26] [Netty Local Client IO #0/DEBUG] [ne.mi.ne.NetworkRegistry/NETREGISTRY]: Channel 'fml:loginwrapper' : Version test of 'FML3' from server : ACCEPTED
[20:44:26] [Netty Local Client IO #0/DEBUG] [ne.mi.ne.NetworkRegistry/NETREGISTRY]: Channel 'forge:tier_sorting' : Version test of '1.0' from server : ACCEPTED
[20:44:26] [Netty Local Client IO #0/DEBUG] [ne.mi.ne.NetworkRegistry/NETREGISTRY]: Channel 'fml:handshake' : Version test of 'FML3' from server : ACCEPTED
[20:44:26] [Netty Local Client IO #0/DEBUG] [ne.mi.ne.NetworkRegistry/NETREGISTRY]: Channel 'architectury:network' : Version test of '1' from server : ACCEPTED
[20:44:26] [Netty Local Client IO #0/DEBUG] [ne.mi.ne.NetworkRegistry/NETREGISTRY]: Channel 'worldedit:internal' : Version test of '1' from server : ACCEPTED
[20:44:26] [Netty Local Client IO #0/DEBUG] [ne.mi.ne.NetworkRegistry/NETREGISTRY]: Channel 'minecraft:unregister' : Version test of 'FML3' from server : ACCEPTED
[20:44:26] [Netty Local Client IO #0/DEBUG] [ne.mi.ne.NetworkRegistry/NETREGISTRY]: Channel 'fml:play' : Version test of 'FML3' from server : ACCEPTED
[20:44:26] [Netty Local Client IO #0/DEBUG] [ne.mi.ne.NetworkRegistry/NETREGISTRY]: Channel 'minecraft:register' : Version test of 'FML3' from server : ACCEPTED
[20:44:26] [Netty Local Client IO #0/DEBUG] [ne.mi.ne.NetworkRegistry/NETREGISTRY]: Channel 'forge:split' : Version test of '1.1' from server : ACCEPTED
[20:44:26] [Netty Local Client IO #0/DEBUG] [ne.mi.ne.NetworkRegistry/NETREGISTRY]: Channel 'roadweaver:map' : Version test of '1' from server : ACCEPTED
[20:44:26] [Netty Local Client IO #0/DEBUG] [ne.mi.ne.NetworkRegistry/NETREGISTRY]: Accepting channel list from server
[20:44:26] [Netty Local Client IO #0/DEBUG] [ne.mi.ne.LoginWrapper/FMLHANDSHAKE]: Dispatching wrapped packet reply for channel fml:handshake with index 1
[20:44:26] [Netty Local Client IO #0/DEBUG] [ne.mi.ne.HandshakeHandler/FMLHANDSHAKE]: Accepted server connection
[20:44:26] [Netty Server IO #1/DEBUG] [ne.mi.ne.LoginWrapper/FMLHANDSHAKE]: Recieved login wrapper packet event for channel fml:handshake with index 1
[20:44:26] [Netty Server IO #1/DEBUG] [ne.mi.ne.HandshakeHandler/FMLHANDSHAKE]: Received client indexed reply 1 of type net.minecraftforge.network.HandshakeMessages$C2SModListReply
[20:44:26] [Netty Server IO #1/DEBUG] [ne.mi.ne.HandshakeHandler/FMLHANDSHAKE]: Received client connection with modlist [minecraft, worldedit, architectury, cloth_config, forge, t_and_t, mr_trek, roadweaver, geomantia, cristellib, reterraforged]
[20:44:26] [Netty Local Client IO #0/DEBUG] [ne.mi.ne.HandshakeHandler/REGISTRIES]: Expecting 26 registries: [minecraft:command_argument_type, reterraforged:worldgen/template_decorator_type, reterraforged:worldgen/domain_type, minecraft:villager_profession, minecraft:item, minecraft:potion, minecraft:block_entity_type, forge:display_contexts, minecraft:stat_type, minecraft:menu, minecraft:fluid, minecraft:recipe_serializer, minecraft:sound_event, minecraft:particle_type, reterraforged:worldgen/noise_type, minecraft:painting_variant, forge:fluid_type, minecraft:block, forge:entity_data_serializers, reterraforged:worldgen/template_placement_type, minecraft:mob_effect, reterraforged:worldgen/chance_modifier_type, minecraft:enchantment, reterraforged:worldgen/curve_function_type, reterraforged:worldgen/structure_rule_type, minecraft:entity_type]
[20:44:26] [Netty Server IO #1/DEBUG] [ne.mi.ne.NetworkRegistry/NETREGISTRY]: Channel 'worldedit:cui' : Version test of '1' from client : ACCEPTED
[20:44:26] [Netty Server IO #1/DEBUG] [ne.mi.ne.NetworkRegistry/NETREGISTRY]: Channel 'fml:loginwrapper' : Version test of 'FML3' from client : ACCEPTED
[20:44:26] [Netty Server IO #1/DEBUG] [ne.mi.ne.NetworkRegistry/NETREGISTRY]: Channel 'forge:tier_sorting' : Version test of '1.0' from client : ACCEPTED
[20:44:26] [Netty Server IO #1/DEBUG] [ne.mi.ne.NetworkRegistry/NETREGISTRY]: Channel 'fml:handshake' : Version test of 'FML3' from client : ACCEPTED
[20:44:26] [Netty Server IO #1/DEBUG] [ne.mi.ne.NetworkRegistry/NETREGISTRY]: Channel 'architectury:network' : Version test of '1' from client : ACCEPTED
[20:44:26] [Netty Server IO #1/DEBUG] [ne.mi.ne.NetworkRegistry/NETREGISTRY]: Channel 'worldedit:internal' : Version test of '1' from client : ACCEPTED
[20:44:26] [Netty Server IO #1/DEBUG] [ne.mi.ne.NetworkRegistry/NETREGISTRY]: Channel 'minecraft:unregister' : Version test of 'FML3' from client : ACCEPTED
[20:44:26] [Netty Server IO #1/DEBUG] [ne.mi.ne.NetworkRegistry/NETREGISTRY]: Channel 'fml:play' : Version test of 'FML3' from client : ACCEPTED
[20:44:26] [Netty Server IO #1/DEBUG] [ne.mi.ne.NetworkRegistry/NETREGISTRY]: Channel 'minecraft:register' : Version test of 'FML3' from client : ACCEPTED
[20:44:26] [Netty Server IO #1/DEBUG] [ne.mi.ne.NetworkRegistry/NETREGISTRY]: Channel 'forge:split' : Version test of '1.1' from client : ACCEPTED
[20:44:26] [Netty Server IO #1/DEBUG] [ne.mi.ne.NetworkRegistry/NETREGISTRY]: Channel 'roadweaver:map' : Version test of '1' from client : ACCEPTED
[20:44:26] [Netty Server IO #1/DEBUG] [ne.mi.ne.NetworkRegistry/NETREGISTRY]: Accepting channel list from client
[20:44:26] [Netty Server IO #1/DEBUG] [ne.mi.ne.HandshakeHandler/FMLHANDSHAKE]: Accepted client connection mod list
[20:44:26] [Server thread/DEBUG] [ne.mi.ne.HandshakeHandler/FMLHANDSHAKE]: Sending ticking packet info 'Config forge-server.toml' to 'fml:handshake' sequence 2
[20:44:26] [Netty Local Client IO #0/DEBUG] [ne.mi.ne.LoginWrapper/FMLHANDSHAKE]: Recieved login wrapper packet event for channel fml:handshake with index 2
[20:44:26] [Netty Local Client IO #0/DEBUG] [ne.mi.ne.HandshakeHandler/FMLHANDSHAKE]: Received config sync from server
[20:44:26] [Netty Local Client IO #0/DEBUG] [ne.mi.ne.LoginWrapper/FMLHANDSHAKE]: Dispatching wrapped packet reply for channel fml:handshake with index 2
[20:44:26] [Netty Server IO #1/DEBUG] [ne.mi.ne.LoginWrapper/FMLHANDSHAKE]: Recieved login wrapper packet event for channel fml:handshake with index 2
[20:44:26] [Netty Server IO #1/DEBUG] [ne.mi.ne.HandshakeHandler/FMLHANDSHAKE]: Received client indexed reply 2 of type net.minecraftforge.network.HandshakeMessages$C2SAcknowledge
[20:44:26] [Netty Server IO #1/DEBUG] [ne.mi.ne.HandshakeHandler/FMLHANDSHAKE]: Received acknowledgement from client
[20:44:26] [Server thread/DEBUG] [ne.mi.ne.HandshakeHandler/FMLHANDSHAKE]: Handshake complete!
[20:44:26] [Netty Local Client IO #0/INFO] [ne.mi.ne.NetworkHooks/]: Connected to a modded server.
[20:44:26] [Server thread/INFO] [minecraft/PlayerList]: Dev[local:E:6f14d728] logged in with entity id 89 at (2165.3564964348952, 74.5, -6635.918560197778)
[20:44:26] [Server thread/INFO] [minecraft/MinecraftServer]: Dev加入了游戏
[20:44:27] [RW-Worker-1/DEBUG] [mixin/]: Mixing MixinNoiseChunk from reterraforged-common.mixins.json into net.minecraft.world.level.levelgen.NoiseChunk
[20:44:27] [RW-Worker-1/DEBUG] [mixin/]: Renaming synthetic method lambda$modifyFluidPicker$0(IILnet/minecraft/world/level/levelgen/Aquifer$FluidStatus;Lnet/minecraft/world/level/levelgen/Aquifer$FluidStatus;III)Lnet/minecraft/world/level/levelgen/Aquifer$FluidStatus; to mde3266b$lambda$modifyFluidPicker$0$0 in reterraforged-common.mixins.json:MixinNoiseChunk
[20:44:32] [Server thread/DEBUG] [io.ne.ut.in.ThreadLocalRandom/]: -Dio.netty.initialSeedUniquifier: 0xc76cb309fd59e9d4
[20:44:35] [Render thread/INFO] [minecraft/AdvancementList]: Loaded 50 advancements
[20:47:03] [Server thread/WARN] [minecraft/MinecraftServer]: Can't keep up! Is the server overloaded? Running 16258ms or 325 ticks behind
[20:49:42] [Server thread/DEBUG] [ne.mi.co.ForgeHooks/WP]: Gathering id map for writing to world save RTF08052
[20:49:42] [Server thread/DEBUG] [ne.mi.co.ForgeHooks/WP]: ID Map collection complete RTF08052
[20:54:42] [Server thread/DEBUG] [ne.mi.co.ForgeHooks/WP]: Gathering id map for writing to world save RTF08052
[20:54:42] [Server thread/DEBUG] [ne.mi.co.ForgeHooks/WP]: ID Map collection complete RTF08052
[20:59:42] [Server thread/DEBUG] [ne.mi.co.ForgeHooks/WP]: Gathering id map for writing to world save RTF08052
[20:59:42] [Server thread/DEBUG] [ne.mi.co.ForgeHooks/WP]: ID Map collection complete RTF08052
[21:04:42] [Server thread/DEBUG] [ne.mi.co.ForgeHooks/WP]: Gathering id map for writing to world save RTF08052
[21:04:42] [Server thread/DEBUG] [ne.mi.co.ForgeHooks/WP]: ID Map collection complete RTF08052
[21:05:56] [Server thread/WARN] [minecraft/MinecraftServer]: Can't keep up! Is the server overloaded? Running 2258ms or 45 ticks behind
[21:09:44] [Server thread/DEBUG] [ne.mi.co.ForgeHooks/WP]: Gathering id map for writing to world save RTF08052
[21:09:44] [Server thread/DEBUG] [ne.mi.co.ForgeHooks/WP]: ID Map collection complete RTF08052
[21:11:17] [Server thread/DEBUG] [ne.mi.se.ServerLifecycleHooks/CORE]: Generating PackInfo named mod:worldedit for mod file C:\Users\Rinsing\.gradle\caches\forge_gradle\deobf_dependencies\curse\maven\worldedit-225608\4586218_mapped_official_1.20.1\worldedit-225608-4586218_mapped_official_1.20.1.jar
[21:11:17] [Server thread/DEBUG] [ne.mi.se.ServerLifecycleHooks/CORE]: Generating PackInfo named mod:architectury for mod file C:\Users\Rinsing\.gradle\caches\forge_gradle\deobf_dependencies\dev\architectury\architectury-forge\9.2.14_mapped_official_1.20.1\architectury-forge-9.2.14_mapped_official_1.20.1.jar
[21:11:17] [Server thread/DEBUG] [ne.mi.se.ServerLifecycleHooks/CORE]: Generating PackInfo named mod:cloth_config for mod file C:\Users\Rinsing\.gradle\caches\forge_gradle\deobf_dependencies\me\shedaniel\cloth\cloth-config-forge\11.1.136_mapped_official_1.20.1\cloth-config-forge-11.1.136_mapped_official_1.20.1.jar
[21:11:17] [Server thread/DEBUG] [ne.mi.se.ServerLifecycleHooks/CORE]: Generating PackInfo named mod:forge for mod file /
[21:11:17] [Server thread/DEBUG] [ne.mi.se.ServerLifecycleHooks/CORE]: Generating PackInfo named mod:t_and_t for mod file C:\Users\Rinsing\.gradle\caches\forge_gradle\deobf_dependencies\local\t_and_t\t_and_t\1.12_mapped_official_1.20.1\t_and_t-1.12_mapped_official_1.20.1.jar
[21:11:17] [Server thread/DEBUG] [ne.mi.se.ServerLifecycleHooks/CORE]: Generating PackInfo named mod:mr_trek for mod file C:\Users\Rinsing\.gradle\caches\forge_gradle\deobf_dependencies\local\trek\trek\B0.6_mapped_official_1.20.1\trek-B0.6_mapped_official_1.20.1.jar
[21:11:17] [Server thread/DEBUG] [ne.mi.se.ServerLifecycleHooks/CORE]: Generating PackInfo named mod:roadweaver for mod file C:\Users\Rinsing\.gradle\caches\forge_gradle\deobf_dependencies\local\roadweaver\roadweaver-forge\2.3.0-1.20.1_mapped_official_1.20.1\roadweaver-forge-2.3.0-1.20.1_mapped_official_1.20.1.jar
[21:11:17] [Server thread/DEBUG] [ne.mi.se.ServerLifecycleHooks/CORE]: Generating PackInfo named mod:geomantia for mod file E:\Mod_Dev\StructureBinder\build\resources\main
[21:11:17] [Server thread/DEBUG] [ne.mi.se.ServerLifecycleHooks/CORE]: Generating PackInfo named mod:cristellib for mod file C:\Users\Rinsing\.gradle\caches\forge_gradle\deobf_dependencies\local\cristellib\cristellib\1.1.6_mapped_official_1.20.1\cristellib-1.1.6_mapped_official_1.20.1.jar
[21:11:17] [Server thread/WARN] [minecraft/Pack]: Missing metadata in pack mod:reterraforged
[21:11:17] [Server thread/INFO] [minecraft/MinecraftServer]: 重新加载中！
[21:11:17] [Render thread/INFO] [minecraft/ChatComponent]: [System] [CHAT] [Server: 重新加载中！]
[21:11:17] [Server thread/INFO] [minecraft/RecipeManager]: Loaded 7 recipes
[21:11:17] [Server thread/INFO] [minecraft/AdvancementList]: Loaded 1273 advancements
[21:11:17] [Server thread/WARN] [minecraft/MappedRegistry]: Not all defined tags for registry ResourceKey[minecraft:root / minecraft:worldgen/biome] are present in data pack: minecraft:is_birch_forest, minecraft:is_mangrove
[21:11:18] [Render thread/INFO] [minecraft/AdvancementList]: Loaded 50 advancements
[21:12:23] [Server thread/WARN] [minecraft/MinecraftServer]: Can't keep up! Is the server overloaded? Running 43343ms or 866 ticks behind
[21:14:45] [Server thread/WARN] [minecraft/MinecraftServer]: Can't keep up! Is the server overloaded? Running 46117ms or 922 ticks behind
[21:16:13] [Server thread/DEBUG] [ne.mi.co.ForgeHooks/WP]: Gathering id map for writing to world save RTF08052
[21:16:13] [Server thread/DEBUG] [ne.mi.co.ForgeHooks/WP]: ID Map collection complete RTF08052
[21:17:19] [Server thread/WARN] [minecraft/MinecraftServer]: Can't keep up! Is the server overloaded? Running 35735ms or 714 ticks behind
[21:19:57] [Server thread/INFO] [co.ri.ge.sy.ci.in.wo.CityReservationMaskRegistry/]: Activated City reservation mask: noVegetation=368, noVanillaStructure=368, plannedStructures=233, serverRoot=.\saves\RTF08052\.
[21:20:06] [Server thread/WARN] [minecraft/MinecraftServer]: Can't keep up! Is the server overloaded? Running 39928ms or 798 ticks behind
[21:21:27] [Worker-Main-6/INFO] [co.ri.ge.sy.ci.in.wo.CityReservationMaskRegistry/]: City worldgen structure hook reached planned owner chunk 242,-792 for civic_core_fill_011 (geomantia:city/trek_v3/village/swamp/houses/swamp_shepherd_1)
[21:21:27] [Worker-Main-6/INFO] [co.ri.ge.sy.ci.in.wo.CityReservationMaskRegistry/]: City planned structures matched chunk 242,-792: 1
[21:21:27] [Worker-Main-6/INFO] [co.ri.ge.sy.ci.in.wo.MinecraftCityWorldgenStructurePlacer/]: Injected City template terrain StructureStart civic_core_fill_011 geomantia:city/trek_v3/village/swamp/houses/swamp_shepherd_1 at 242,-792 with datum 74
[21:21:27] [Worker-Main-12/INFO] [co.ri.ge.sy.ci.in.wo.CityReservationMaskRegistry/]: City worldgen structure hook reached planned owner chunk 243,-790 for civic_core_fill_002 (geomantia:city/trek_v3/village/swamp_vanilla/houses/swamp_small_house_7)
[21:21:27] [Worker-Main-12/INFO] [co.ri.ge.sy.ci.in.wo.CityReservationMaskRegistry/]: City planned structures matched chunk 243,-790: 1
[21:21:27] [Worker-Main-12/INFO] [co.ri.ge.sy.ci.in.wo.MinecraftCityWorldgenStructurePlacer/]: Injected City template terrain StructureStart civic_core_fill_002 geomantia:city/trek_v3/village/swamp_vanilla/houses/swamp_small_house_7 at 243,-790 with datum 73
[21:21:27] [Worker-Main-5/INFO] [co.ri.ge.sy.ci.in.wo.CityReservationMaskRegistry/]: City worldgen structure hook reached planned owner chunk 242,-791 for civic_core_fill_011 (geomantia:city/trek_v3/village/swamp/houses/swamp_shepherd_1)
[21:21:27] [Worker-Main-5/INFO] [co.ri.ge.sy.ci.in.wo.CityReservationMaskRegistry/]: City planned structures matched chunk 242,-791: 1
[21:21:27] [Worker-Main-5/INFO] [co.ri.ge.sy.ci.in.wo.CityReservationMaskRegistry/]: City worldgen structure hook reached planned owner chunk 243,-791 for civic_core_fill_006 (geomantia:city/trek_v3/village/plains/houses/plains_small_house_1)
[21:21:27] [Worker-Main-5/INFO] [co.ri.ge.sy.ci.in.wo.CityReservationMaskRegistry/]: City planned structures matched chunk 243,-791: 1
[21:21:27] [Worker-Main-5/INFO] [co.ri.ge.sy.ci.in.wo.CityReservationMaskRegistry/]: City worldgen structure hook reached planned owner chunk 244,-791 for civic_core_fill_006 (geomantia:city/trek_v3/village/plains/houses/plains_small_house_1)
[21:21:27] [Worker-Main-5/INFO] [co.ri.ge.sy.ci.in.wo.CityReservationMaskRegistry/]: City planned structures matched chunk 244,-791: 1
[21:21:27] [Worker-Main-6/INFO] [co.ri.ge.sy.ci.in.wo.CityReservationMaskRegistry/]: City worldgen structure hook reached planned owner chunk 243,-789 for civic_core_fill_002 (geomantia:city/trek_v3/village/swamp_vanilla/houses/swamp_small_house_7)
[21:21:27] [Worker-Main-6/INFO] [co.ri.ge.sy.ci.in.wo.CityReservationMaskRegistry/]: City planned structures matched chunk 243,-789: 1
[21:21:27] [Worker-Main-6/INFO] [co.ri.ge.sy.ci.in.wo.CityReservationMaskRegistry/]: City worldgen structure hook reached planned owner chunk 243,-792 for civic_core_fill_006 (geomantia:city/trek_v3/village/plains/houses/plains_small_house_1)
[21:21:27] [Worker-Main-6/INFO] [co.ri.ge.sy.ci.in.wo.CityReservationMaskRegistry/]: City planned structures matched chunk 243,-792: 1
[21:21:27] [Worker-Main-6/INFO] [co.ri.ge.sy.ci.in.wo.MinecraftCityWorldgenStructurePlacer/]: Injected City template terrain StructureStart civic_core_fill_006 geomantia:city/trek_v3/village/plains/houses/plains_small_house_1 at 243,-792 with datum 74
[21:21:27] [Worker-Main-6/INFO] [co.ri.ge.sy.ci.in.wo.CityReservationMaskRegistry/]: City worldgen structure hook reached planned owner chunk 244,-792 for civic_core_fill_006 (geomantia:city/trek_v3/village/plains/houses/plains_small_house_1)
[21:21:27] [Worker-Main-6/INFO] [co.ri.ge.sy.ci.in.wo.CityReservationMaskRegistry/]: City planned structures matched chunk 244,-792: 1
[21:21:27] [Worker-Main-5/INFO] [co.ri.ge.sy.ci.in.wo.CityReservationMaskRegistry/]: City worldgen structure hook reached planned owner chunk 241,-791 for civic_core_fill_003 (geomantia:city/trek_v3/village/desert/houses/desert_medium_house_2)
[21:21:27] [Worker-Main-5/INFO] [co.ri.ge.sy.ci.in.wo.CityReservationMaskRegistry/]: City planned structures matched chunk 241,-791: 1
[21:21:27] [Worker-Main-5/INFO] [co.ri.ge.sy.ci.in.wo.MinecraftCityWorldgenStructurePlacer/]: Injected City template terrain StructureStart civic_core_fill_003 geomantia:city/trek_v3/village/desert/houses/desert_medium_house_2 at 241,-791 with datum 74
[21:21:27] [Worker-Main-12/INFO] [co.ri.ge.sy.ci.in.wo.CityReservationMaskRegistry/]: City worldgen structure hook reached planned owner chunk 245,-791 for civic_core_fill_007 (geomantia:city/trek_v3/village/plains/houses/plains_small_house_4)
[21:21:27] [Worker-Main-12/INFO] [co.ri.ge.sy.ci.in.wo.CityReservationMaskRegistry/]: City planned structures matched chunk 245,-791: 1
[21:21:27] [Worker-Main-12/INFO] [co.ri.ge.sy.ci.in.wo.MinecraftCityWorldgenStructurePlacer/]: Injected City template terrain StructureStart civic_core_fill_007 geomantia:city/trek_v3/village/plains/houses/plains_small_house_4 at 245,-791 with datum 73
[21:21:27] [Worker-Main-12/INFO] [co.ri.ge.sy.ci.in.wo.CityReservationMaskRegistry/]: City worldgen structure hook reached planned owner chunk 241,-790 for civic_core_fill_003 (geomantia:city/trek_v3/village/desert/houses/desert_medium_house_2)
[21:21:27] [Worker-Main-12/INFO] [co.ri.ge.sy.ci.in.wo.CityReservationMaskRegistry/]: City worldgen structure hook reached planned owner chunk 241,-790 for civic_core_fill_003 (geomantia:city/trek_v3/village/desert/houses/desert_medium_house_2)
[21:21:27] [Worker-Main-12/INFO] [co.ri.ge.sy.ci.in.wo.CityReservationMaskRegistry/]: City planned structures matched chunk 241,-790: 1
[21:21:27] [Worker-Main-6/INFO] [co.ri.ge.sy.ci.in.wo.CityReservationMaskRegistry/]: City worldgen structure hook reached planned owner chunk 241,-789 for civic_core_fill_016 (geomantia:city/trek_v3/village/desert/houses/desert_butcher_1)
[21:21:27] [Worker-Main-6/INFO] [co.ri.ge.sy.ci.in.wo.CityReservationMaskRegistry/]: City worldgen structure hook reached planned owner chunk 241,-789 for civic_core_fill_016 (geomantia:city/trek_v3/village/desert/houses/desert_butcher_1)
[21:21:27] [Worker-Main-6/INFO] [co.ri.ge.sy.ci.in.wo.CityReservationMaskRegistry/]: City planned structures matched chunk 241,-789: 1
[21:21:27] [Worker-Main-6/INFO] [co.ri.ge.sy.ci.in.wo.MinecraftCityWorldgenStructurePlacer/]: Injected City template terrain StructureStart civic_core_fill_016 geomantia:city/trek_v3/village/desert/houses/desert_butcher_1 at 241,-789 with datum 73
[21:21:27] [Worker-Main-12/INFO] [co.ri.ge.sy.ci.in.wo.CityReservationMaskRegistry/]: City worldgen structure hook reached planned owner chunk 245,-789 for civic_core_required_001 (geomantia:city/stubbs/civic/town_hall_01)
[21:21:27] [Worker-Main-12/INFO] [co.ri.ge.sy.ci.in.wo.CityReservationMaskRegistry/]: City worldgen structure hook reached planned owner chunk 245,-789 for civic_core_required_001 (geomantia:city/stubbs/civic/town_hall_01)
[21:21:27] [Worker-Main-12/INFO] [co.ri.ge.sy.ci.in.wo.CityReservationMaskRegistry/]: City worldgen structure hook reached planned owner chunk 245,-789 for civic_core_required_001 (geomantia:city/stubbs/civic/town_hall_01)
[21:21:27] [Worker-Main-12/INFO] [co.ri.ge.sy.ci.in.wo.CityReservationMaskRegistry/]: City planned structures matched chunk 245,-789: 1
[21:21:27] [Worker-Main-12/INFO] [co.ri.ge.sy.ci.in.wo.MinecraftCityWorldgenStructurePlacer/]: Injected City template terrain StructureStart civic_core_required_001 geomantia:city/stubbs/civic/town_hall_01 at 245,-789 with datum 73
[21:21:27] [Worker-Main-5/INFO] [co.ri.ge.sy.ci.in.wo.CityReservationMaskRegistry/]: City worldgen structure hook reached planned owner chunk 242,-788 for civic_core_fill_008 (geomantia:city/trek_v3/village/desert/houses/desert_medium_house_1)
[21:21:27] [Worker-Main-5/INFO] [co.ri.ge.sy.ci.in.wo.CityReservationMaskRegistry/]: City planned structures matched chunk 242,-788: 1
[21:21:27] [Worker-Main-5/INFO] [co.ri.ge.sy.ci.in.wo.MinecraftCityWorldgenStructurePlacer/]: Injected City template terrain StructureStart civic_core_fill_008 geomantia:city/trek_v3/village/desert/houses/desert_medium_house_1 at 242,-788 with datum 73
[21:21:27] [Worker-Main-5/INFO] [co.ri.ge.sy.ci.in.wo.CityReservationMaskRegistry/]: City worldgen structure hook reached planned owner chunk 245,-788 for civic_core_required_001 (geomantia:city/stubbs/civic/town_hall_01)
[21:21:27] [Worker-Main-5/INFO] [co.ri.ge.sy.ci.in.wo.CityReservationMaskRegistry/]: City planned structures matched chunk 245,-788: 1
[21:21:27] [Worker-Main-5/INFO] [co.ri.ge.sy.ci.in.wo.CityReservationMaskRegistry/]: City worldgen structure hook reached planned owner chunk 241,-793 for civic_core_fill_033 (geomantia:city/trek_v3/village/desert/houses/desert_weaponsmith_1)
[21:21:27] [Worker-Main-5/INFO] [co.ri.ge.sy.ci.in.wo.CityReservationMaskRegistry/]: City planned structures matched chunk 241,-793: 1
[21:21:27] [Worker-Main-5/INFO] [co.ri.ge.sy.ci.in.wo.MinecraftCityWorldgenStructurePlacer/]: Injected City template terrain StructureStart civic_core_fill_033 geomantia:city/trek_v3/village/desert/houses/desert_weaponsmith_1 at 241,-793 with datum 74
[21:21:27] [Worker-Main-12/INFO] [co.ri.ge.sy.ci.in.wo.CityReservationMaskRegistry/]: City worldgen structure hook reached planned owner chunk 242,-793 for civic_core_fill_019 (geomantia:city/trek_v3/village/desert/houses/desert_farm_1)
[21:21:27] [Worker-Main-12/INFO] [co.ri.ge.sy.ci.in.wo.CityReservationMaskRegistry/]: City planned structures matched chunk 242,-793: 1
[21:21:27] [Worker-Main-12/INFO] [co.ri.ge.sy.ci.in.wo.CityReservationMaskRegistry/]: City worldgen structure hook reached planned owner chunk 243,-793 for civic_core_fill_014 (geomantia:city/trek_v3/village/plains/houses/plains_weaponsmith_1)
[21:21:27] [Worker-Main-12/INFO] [co.ri.ge.sy.ci.in.wo.CityReservationMaskRegistry/]: City planned structures matched chunk 243,-793: 1
[21:21:27] [Worker-Main-12/INFO] [co.ri.ge.sy.ci.in.wo.CityReservationMaskRegistry/]: City worldgen structure hook reached planned owner chunk 244,-793 for civic_core_fill_014 (geomantia:city/trek_v3/village/plains/houses/plains_weaponsmith_1)
[21:21:27] [Worker-Main-12/INFO] [co.ri.ge.sy.ci.in.wo.CityReservationMaskRegistry/]: City planned structures matched chunk 244,-793: 1
[21:21:27] [Worker-Main-12/INFO] [co.ri.ge.sy.ci.in.wo.CityReservationMaskRegistry/]: City worldgen structure hook reached planned owner chunk 245,-793 for civic_core_fill_022 (geomantia:city/trek_v3/village/desert/houses/desert_small_house_7)
[21:21:27] [Worker-Main-12/INFO] [co.ri.ge.sy.ci.in.wo.CityReservationMaskRegistry/]: City planned structures matched chunk 245,-793: 1
[21:21:27] [Worker-Main-12/INFO] [co.ri.ge.sy.ci.in.wo.CityReservationMaskRegistry/]: City worldgen structure hook reached planned owner chunk 246,-792 for civic_core_fill_009 (geomantia:city/trek_v3/village/plains/houses/plains_small_house_2)
[21:21:27] [Worker-Main-12/INFO] [co.ri.ge.sy.ci.in.wo.CityReservationMaskRegistry/]: City planned structures matched chunk 246,-792: 1
[21:21:27] [Worker-Main-12/INFO] [co.ri.ge.sy.ci.in.wo.MinecraftCityWorldgenStructurePlacer/]: Injected City template terrain StructureStart civic_core_fill_009 geomantia:city/trek_v3/village/plains/houses/plains_small_house_2 at 246,-792 with datum 72
[21:21:27] [Worker-Main-12/INFO] [co.ri.ge.sy.ci.in.wo.CityReservationMaskRegistry/]: City worldgen structure hook reached planned owner chunk 246,-791 for civic_core_fill_009 (geomantia:city/trek_v3/village/plains/houses/plains_small_house_2)
[21:21:27] [Worker-Main-12/INFO] [co.ri.ge.sy.ci.in.wo.CityReservationMaskRegistry/]: City planned structures matched chunk 246,-791: 1
[21:21:27] [Worker-Main-6/INFO] [co.ri.ge.sy.ci.in.wo.CityReservationMaskRegistry/]: City worldgen structure hook reached planned owner chunk 240,-790 for civic_core_fill_024 (geomantia:city/trek_v3/village/desert/houses/desert_small_house_8)
[21:21:27] [Worker-Main-6/INFO] [co.ri.ge.sy.ci.in.wo.CityReservationMaskRegistry/]: City planned structures matched chunk 240,-790: 1
[21:21:27] [Worker-Main-6/INFO] [co.ri.ge.sy.ci.in.wo.MinecraftCityWorldgenStructurePlacer/]: Injected City template terrain StructureStart civic_core_fill_024 geomantia:city/trek_v3/village/desert/houses/desert_small_house_8 at 240,-790 with datum 72
[21:21:27] [Worker-Main-6/INFO] [co.ri.ge.sy.ci.in.wo.CityReservationMaskRegistry/]: City worldgen structure hook reached planned owner chunk 246,-789 for civic_core_required_001 (geomantia:city/stubbs/civic/town_hall_01)
[21:21:27] [Worker-Main-6/INFO] [co.ri.ge.sy.ci.in.wo.CityReservationMaskRegistry/]: City planned structures matched chunk 246,-789: 1
[21:21:27] [Worker-Main-12/INFO] [co.ri.ge.sy.ci.in.wo.CityReservationMaskRegistry/]: City worldgen structure hook reached planned owner chunk 240,-788 for artisan_quarter_connectivity_009 (geomantia:city/stubbs/commercial/town_workshop_01)
[21:21:27] [Worker-Main-12/INFO] [co.ri.ge.sy.ci.in.wo.CityReservationMaskRegistry/]: City planned structures matched chunk 240,-788: 1
[21:21:27] [Worker-Main-12/INFO] [co.ri.ge.sy.ci.in.wo.CityReservationMaskRegistry/]: City worldgen structure hook reached planned owner chunk 246,-788 for civic_core_required_001 (geomantia:city/stubbs/civic/town_hall_01)
[21:21:27] [Worker-Main-12/INFO] [co.ri.ge.sy.ci.in.wo.CityReservationMaskRegistry/]: City worldgen structure hook reached planned owner chunk 246,-788 for civic_core_required_001 (geomantia:city/stubbs/civic/town_hall_01)
[21:21:27] [Worker-Main-12/INFO] [co.ri.ge.sy.ci.in.wo.CityReservationMaskRegistry/]: City worldgen structure hook reached planned owner chunk 246,-788 for civic_core_required_001 (geomantia:city/stubbs/civic/town_hall_01)
[21:21:27] [Worker-Main-12/INFO] [co.ri.ge.sy.ci.in.wo.CityReservationMaskRegistry/]: City worldgen structure hook reached planned owner chunk 246,-788 for civic_core_required_001 (geomantia:city/stubbs/civic/town_hall_01)
[21:21:27] [Worker-Main-12/INFO] [co.ri.ge.sy.ci.in.wo.CityReservationMaskRegistry/]: City worldgen structure hook reached planned owner chunk 246,-788 for civic_core_required_001 (geomantia:city/stubbs/civic/town_hall_01)
[21:21:27] [Worker-Main-12/INFO] [co.ri.ge.sy.ci.in.wo.CityReservationMaskRegistry/]: City worldgen structure hook reached planned owner chunk 246,-788 for civic_core_required_001 (geomantia:city/stubbs/civic/town_hall_01)
[21:21:27] [Worker-Main-12/INFO] [co.ri.ge.sy.ci.in.wo.CityReservationMaskRegistry/]: City worldgen structure hook reached planned owner chunk 246,-788 for civic_core_required_001 (geomantia:city/stubbs/civic/town_hall_01)
[21:21:27] [Worker-Main-12/INFO] [co.ri.ge.sy.ci.in.wo.CityReservationMaskRegistry/]: City worldgen structure hook reached planned owner chunk 246,-788 for civic_core_required_001 (geomantia:city/stubbs/civic/town_hall_01)
[21:21:27] [Worker-Main-12/INFO] [co.ri.ge.sy.ci.in.wo.CityReservationMaskRegistry/]: City planned structures matched chunk 246,-788: 1
[21:21:27] [Worker-Main-12/INFO] [co.ri.ge.sy.ci.in.wo.CityReservationMaskRegistry/]: City worldgen structure hook reached planned owner chunk 240,-787 for civic_core_fill_021 (geomantia:city/trek_v3/village/desert/houses/desert_farm_3)
[21:21:27] [Worker-Main-12/INFO] [co.ri.ge.sy.ci.in.wo.CityReservationMaskRegistry/]: City planned structures matched chunk 240,-787: 1
[21:21:27] [Worker-Main-12/INFO] [co.ri.ge.sy.ci.in.wo.MinecraftCityWorldgenStructurePlacer/]: Injected City template terrain StructureStart civic_core_fill_021 geomantia:city/trek_v3/village/desert/houses/desert_farm_3 at 240,-787 with datum 73
[21:21:27] [Worker-Main-12/INFO] [co.ri.ge.sy.ci.in.wo.CityReservationMaskRegistry/]: City worldgen structure hook reached planned owner chunk 241,-787 for civic_core_fill_021 (geomantia:city/trek_v3/village/desert/houses/desert_farm_3)
[21:21:27] [Worker-Main-12/INFO] [co.ri.ge.sy.ci.in.wo.CityReservationMaskRegistry/]: City planned structures matched chunk 241,-787: 1
[21:21:27] [Worker-Main-5/INFO] [co.ri.ge.sy.ci.in.wo.CityReservationMaskRegistry/]: City worldgen structure hook reached planned owner chunk 243,-787 for civic_core_fill_013 (geomantia:city/trek_v3/village/desert/houses/desert_toolsmith_1)
[21:21:27] [Worker-Main-5/INFO] [co.ri.ge.sy.ci.in.wo.CityReservationMaskRegistry/]: City planned structures matched chunk 243,-787: 2
[21:21:27] [Worker-Main-5/INFO] [co.ri.ge.sy.ci.in.wo.MinecraftCityWorldgenStructurePlacer/]: Injected City template terrain StructureStart civic_core_fill_013 geomantia:city/trek_v3/village/desert/houses/desert_toolsmith_1 at 243,-787 with datum 74
[21:21:27] [Worker-Main-12/INFO] [co.ri.ge.sy.ci.in.wo.CityReservationMaskRegistry/]: City worldgen structure hook reached planned owner chunk 244,-787 for civic_core_fill_010 (geomantia:city/trek_v3/village/desert/houses/desert_shepherd_1)
[21:21:27] [Worker-Main-12/INFO] [co.ri.ge.sy.ci.in.wo.CityReservationMaskRegistry/]: City planned structures matched chunk 244,-787: 1
[21:21:27] [Worker-Main-12/INFO] [co.ri.ge.sy.ci.in.wo.MinecraftCityWorldgenStructurePlacer/]: Injected City template terrain StructureStart civic_core_fill_010 geomantia:city/trek_v3/village/desert/houses/desert_shepherd_1 at 244,-787 with datum 74
[21:21:27] [Worker-Main-6/INFO] [co.ri.ge.sy.ci.in.wo.CityReservationMaskRegistry/]: City worldgen structure hook reached planned owner chunk 245,-787 for civic_core_fill_010 (geomantia:city/trek_v3/village/desert/houses/desert_shepherd_1)
[21:21:27] [Worker-Main-6/INFO] [co.ri.ge.sy.ci.in.wo.CityReservationMaskRegistry/]: City planned structures matched chunk 245,-787: 1
[21:21:27] [Worker-Main-5/INFO] [co.ri.ge.sy.ci.in.wo.CityReservationMaskRegistry/]: City worldgen structure hook reached planned owner chunk 239,-794 for civic_core_fill_045 (geomantia:city/trek_v3/village/swamp/houses/swamp_shepherd_1)
[21:21:27] [Worker-Main-5/INFO] [co.ri.ge.sy.ci.in.wo.CityReservationMaskRegistry/]: City planned structures matched chunk 239,-794: 1
[21:21:27] [Worker-Main-5/INFO] [co.ri.ge.sy.ci.in.wo.CityReservationMaskRegistry/]: City worldgen structure hook reached planned owner chunk 240,-794 for civic_core_fill_040 (geomantia:city/trek_v3/village/desert/houses/desert_fletcher_1)
[21:21:27] [Worker-Main-5/INFO] [co.ri.ge.sy.ci.in.wo.CityReservationMaskRegistry/]: City planned structures matched chunk 240,-794: 1
[21:21:27] [Worker-Main-5/INFO] [co.ri.ge.sy.ci.in.wo.CityReservationMaskRegistry/]: City worldgen structure hook reached planned owner chunk 242,-794 for civic_core_fill_019 (geomantia:city/trek_v3/village/desert/houses/desert_farm_1)
[21:21:27] [Worker-Main-5/INFO] [co.ri.ge.sy.ci.in.wo.CityReservationMaskRegistry/]: City planned structures matched chunk 242,-794: 1
[21:21:27] [Worker-Main-5/INFO] [co.ri.ge.sy.ci.in.wo.MinecraftCityWorldgenStructurePlacer/]: Injected City template terrain StructureStart civic_core_fill_019 geomantia:city/trek_v3/village/desert/houses/desert_farm_1 at 242,-794 with datum 74
[21:21:27] [Worker-Main-6/INFO] [co.ri.ge.sy.ci.in.wo.CityReservationMaskRegistry/]: City worldgen structure hook reached planned owner chunk 243,-794 for civic_core_fill_014 (geomantia:city/trek_v3/village/plains/houses/plains_weaponsmith_1)
[21:21:27] [Worker-Main-6/INFO] [co.ri.ge.sy.ci.in.wo.CityReservationMaskRegistry/]: City planned structures matched chunk 243,-794: 1
[21:21:27] [Worker-Main-6/INFO] [co.ri.ge.sy.ci.in.wo.MinecraftCityWorldgenStructurePlacer/]: Injected City template terrain StructureStart civic_core_fill_014 geomantia:city/trek_v3/village/plains/houses/plains_weaponsmith_1 at 243,-794 with datum 74
[21:21:27] [Worker-Main-12/INFO] [co.ri.ge.sy.ci.in.wo.CityReservationMaskRegistry/]: City worldgen structure hook reached planned owner chunk 244,-794 for civic_core_fill_014 (geomantia:city/trek_v3/village/plains/houses/plains_weaponsmith_1)
[21:21:27] [Worker-Main-12/INFO] [co.ri.ge.sy.ci.in.wo.CityReservationMaskRegistry/]: City planned structures matched chunk 244,-794: 1
[21:21:27] [Worker-Main-5/INFO] [co.ri.ge.sy.ci.in.wo.CityReservationMaskRegistry/]: City worldgen structure hook reached planned owner chunk 245,-794 for civic_core_fill_022 (geomantia:city/trek_v3/village/desert/houses/desert_small_house_7)
[21:21:27] [Worker-Main-5/INFO] [co.ri.ge.sy.ci.in.wo.CityReservationMaskRegistry/]: City planned structures matched chunk 245,-794: 1
[21:21:27] [Worker-Main-5/INFO] [co.ri.ge.sy.ci.in.wo.MinecraftCityWorldgenStructurePlacer/]: Injected City template terrain StructureStart civic_core_fill_022 geomantia:city/trek_v3/village/desert/houses/desert_small_house_7 at 245,-794 with datum 73
[21:21:27] [Worker-Main-5/INFO] [co.ri.ge.sy.ci.in.wo.CityReservationMaskRegistry/]: City worldgen structure hook reached planned owner chunk 246,-794 for artisan_quarter_connectivity_012 (geomantia:city/stubbs/residential/household_01)
[21:21:27] [Worker-Main-5/INFO] [co.ri.ge.sy.ci.in.wo.CityReservationMaskRegistry/]: City planned structures matched chunk 246,-794: 1
[21:21:27] [Worker-Main-5/INFO] [co.ri.ge.sy.ci.in.wo.CityReservationMaskRegistry/]: City worldgen structure hook reached planned owner chunk 247,-794 for artisan_quarter_connectivity_012 (geomantia:city/stubbs/residential/household_01)
[21:21:27] [Worker-Main-5/INFO] [co.ri.ge.sy.ci.in.wo.CityReservationMaskRegistry/]: City planned structures matched chunk 247,-794: 1
[21:21:27] [Worker-Main-5/INFO] [co.ri.ge.sy.ci.in.wo.CityReservationMaskRegistry/]: City worldgen structure hook reached planned owner chunk 239,-793 for civic_core_fill_043 (geomantia:city/trek_v3/village/plains/houses/plains_small_house_2)
[21:21:27] [Worker-Main-5/INFO] [co.ri.ge.sy.ci.in.wo.CityReservationMaskRegistry/]: City planned structures matched chunk 239,-793: 1
[21:21:27] [Worker-Main-5/INFO] [co.ri.ge.sy.ci.in.wo.MinecraftCityWorldgenStructurePlacer/]: Injected City template terrain StructureStart civic_core_fill_043 geomantia:city/trek_v3/village/plains/houses/plains_small_house_2 at 239,-793 with datum 73
[21:21:27] [Worker-Main-12/INFO] [co.ri.ge.sy.ci.in.wo.CityReservationMaskRegistry/]: City worldgen structure hook reached planned owner chunk 247,-793 for civic_core_fill_027 (geomantia:city/trek_v3/village/desert/houses/desert_small_house_2)
[21:21:27] [Worker-Main-12/INFO] [co.ri.ge.sy.ci.in.wo.CityReservationMaskRegistry/]: City planned structures matched chunk 247,-793: 1
[21:21:27] [Worker-Main-12/INFO] [co.ri.ge.sy.ci.in.wo.MinecraftCityWorldgenStructurePlacer/]: Injected City template terrain StructureStart civic_core_fill_027 geomantia:city/trek_v3/village/desert/houses/desert_small_house_2 at 247,-793 with datum 72
[21:21:27] [Worker-Main-6/INFO] [co.ri.ge.sy.ci.in.wo.CityReservationMaskRegistry/]: City worldgen structure hook reached planned owner chunk 239,-792 for civic_core_fill_004 (geomantia:city/trek_v3/village/swamp_vanilla/houses/swamp_small_house_6)
[21:21:27] [Worker-Main-6/INFO] [co.ri.ge.sy.ci.in.wo.CityReservationMaskRegistry/]: City planned structures matched chunk 239,-792: 1
[21:21:27] [Worker-Main-6/INFO] [co.ri.ge.sy.ci.in.wo.MinecraftCityWorldgenStructurePlacer/]: Injected City template terrain StructureStart civic_core_fill_004 geomantia:city/trek_v3/village/swamp_vanilla/houses/swamp_small_house_6 at 239,-792 with datum 73
[21:21:27] [Worker-Main-5/INFO] [co.ri.ge.sy.ci.in.wo.CityReservationMaskRegistry/]: City worldgen structure hook reached planned owner chunk 247,-792 for civic_core_fill_009 (geomantia:city/trek_v3/village/plains/houses/plains_small_house_2)
[21:21:27] [Worker-Main-5/INFO] [co.ri.ge.sy.ci.in.wo.CityReservationMaskRegistry/]: City planned structures matched chunk 247,-792: 1
[21:21:27] [Worker-Main-6/INFO] [co.ri.ge.sy.ci.in.wo.CityReservationMaskRegistry/]: City worldgen structure hook reached planned owner chunk 247,-791 for civic_core_fill_009 (geomantia:city/trek_v3/village/plains/houses/plains_small_house_2)
[21:21:27] [Worker-Main-6/INFO] [co.ri.ge.sy.ci.in.wo.CityReservationMaskRegistry/]: City planned structures matched chunk 247,-791: 1
[21:21:27] [Worker-Main-6/INFO] [co.ri.ge.sy.ci.in.wo.CityReservationMaskRegistry/]: City worldgen structure hook reached planned owner chunk 239,-789 for civic_core_fill_032 (geomantia:city/trek_v3/village/desert/houses/desert_mason_1)
[21:21:27] [Worker-Main-6/INFO] [co.ri.ge.sy.ci.in.wo.CityReservationMaskRegistry/]: City planned structures matched chunk 239,-789: 1
[21:21:27] [Worker-Main-6/INFO] [co.ri.ge.sy.ci.in.wo.MinecraftCityWorldgenStructurePlacer/]: Injected City template terrain StructureStart civic_core_fill_032 geomantia:city/trek_v3/village/desert/houses/desert_mason_1 at 239,-789 with datum 72
[21:21:27] [Worker-Main-12/INFO] [co.ri.ge.sy.ci.in.wo.CityReservationMaskRegistry/]: City worldgen structure hook reached planned owner chunk 247,-789 for civic_core_required_001 (geomantia:city/stubbs/civic/town_hall_01)
[21:21:27] [Worker-Main-12/INFO] [co.ri.ge.sy.ci.in.wo.CityReservationMaskRegistry/]: City planned structures matched chunk 247,-789: 1
[21:21:27] [Worker-Main-12/INFO] [co.ri.ge.sy.ci.in.wo.CityReservationMaskRegistry/]: City worldgen structure hook reached planned owner chunk 239,-788 for artisan_quarter_connectivity_009 (geomantia:city/stubbs/commercial/town_workshop_01)
[21:21:27] [Worker-Main-12/INFO] [co.ri.ge.sy.ci.in.wo.CityReservationMaskRegistry/]: City planned structures matched chunk 239,-788: 1
[21:21:27] [Worker-Main-12/INFO] [co.ri.ge.sy.ci.in.wo.MinecraftCityWorldgenStructurePlacer/]: Injected City template terrain StructureStart artisan_quarter_connectivity_009 geomantia:city/stubbs/commercial/town_workshop_01 at 239,-788 with datum 72
[21:21:27] [Worker-Main-6/INFO] [co.ri.ge.sy.ci.in.wo.CityReservationMaskRegistry/]: City worldgen structure hook reached planned owner chunk 247,-788 for civic_core_required_001 (geomantia:city/stubbs/civic/town_hall_01)
[21:21:27] [Worker-Main-6/INFO] [co.ri.ge.sy.ci.in.wo.CityReservationMaskRegistry/]: City planned structures matched chunk 247,-788: 1
[21:21:27] [Worker-Main-5/INFO] [co.ri.ge.sy.ci.in.wo.CityReservationMaskRegistry/]: City worldgen structure hook reached planned owner chunk 239,-787 for civic_core_fill_042 (geomantia:city/trek_v3/village/plains/houses/plains_small_house_4)
[21:21:27] [Worker-Main-5/INFO] [co.ri.ge.sy.ci.in.wo.CityReservationMaskRegistry/]: City planned structures matched chunk 239,-787: 1
[21:21:27] [Worker-Main-5/INFO] [co.ri.ge.sy.ci.in.wo.CityReservationMaskRegistry/]: City worldgen structure hook reached planned owner chunk 239,-786 for civic_core_fill_042 (geomantia:city/trek_v3/village/plains/houses/plains_small_house_4)
[21:21:27] [Worker-Main-5/INFO] [co.ri.ge.sy.ci.in.wo.CityReservationMaskRegistry/]: City planned structures matched chunk 239,-786: 1
[21:21:27] [Worker-Main-5/INFO] [co.ri.ge.sy.ci.in.wo.CityReservationMaskRegistry/]: City worldgen structure hook reached planned owner chunk 240,-786 for civic_core_fill_021 (geomantia:city/trek_v3/village/desert/houses/desert_farm_3)
[21:21:27] [Worker-Main-5/INFO] [co.ri.ge.sy.ci.in.wo.CityReservationMaskRegistry/]: City planned structures matched chunk 240,-786: 1
[21:21:27] [Worker-Main-5/INFO] [co.ri.ge.sy.ci.in.wo.CityReservationMaskRegistry/]: City worldgen structure hook reached planned owner chunk 241,-786 for civic_core_fill_021 (geomantia:city/trek_v3/village/desert/houses/desert_farm_3)
[21:21:27] [Worker-Main-5/INFO] [co.ri.ge.sy.ci.in.wo.CityReservationMaskRegistry/]: City planned structures matched chunk 241,-786: 1
[21:21:27] [Worker-Main-5/INFO] [co.ri.ge.sy.ci.in.wo.CityReservationMaskRegistry/]: City worldgen structure hook reached planned owner chunk 243,-786 for civic_core_fill_013 (geomantia:city/trek_v3/village/desert/houses/desert_toolsmith_1)
[21:21:27] [Worker-Main-5/INFO] [co.ri.ge.sy.ci.in.wo.CityReservationMaskRegistry/]: City planned structures matched chunk 243,-786: 1
[21:21:27] [Worker-Main-5/INFO] [co.ri.ge.sy.ci.in.wo.CityReservationMaskRegistry/]: City worldgen structure hook reached planned owner chunk 244,-786 for civic_core_fill_010 (geomantia:city/trek_v3/village/desert/houses/desert_shepherd_1)
[21:21:27] [Worker-Main-5/INFO] [co.ri.ge.sy.ci.in.wo.CityReservationMaskRegistry/]: City planned structures matched chunk 244,-786: 1
[21:21:27] [Worker-Main-5/INFO] [co.ri.ge.sy.ci.in.wo.CityReservationMaskRegistry/]: City worldgen structure hook reached planned owner chunk 245,-786 for civic_core_fill_010 (geomantia:city/trek_v3/village/desert/houses/desert_shepherd_1)
[21:21:27] [Worker-Main-5/INFO] [co.ri.ge.sy.ci.in.wo.CityReservationMaskRegistry/]: City planned structures matched chunk 245,-786: 1
[21:21:27] [Worker-Main-5/INFO] [co.ri.ge.sy.ci.in.wo.CityReservationMaskRegistry/]: City worldgen structure hook reached planned owner chunk 246,-786 for civic_core_fill_015 (geomantia:city/trek_v3/village/desert/houses/desert_big_house_1)
[21:21:27] [Worker-Main-5/INFO] [co.ri.ge.sy.ci.in.wo.CityReservationMaskRegistry/]: City planned structures matched chunk 246,-786: 1
[21:21:27] [Worker-Main-5/INFO] [co.ri.ge.sy.ci.in.wo.MinecraftCityWorldgenStructurePlacer/]: Injected City template terrain StructureStart civic_core_fill_015 geomantia:city/trek_v3/village/desert/houses/desert_big_house_1 at 246,-786 with datum 73
[21:21:27] [Worker-Main-12/INFO] [co.ri.ge.sy.ci.in.wo.CityReservationMaskRegistry/]: City worldgen structure hook reached planned owner chunk 247,-786 for civic_core_fill_015 (geomantia:city/trek_v3/village/desert/houses/desert_big_house_1)
[21:21:28] [Worker-Main-12/INFO] [co.ri.ge.sy.ci.in.wo.CityReservationMaskRegistry/]: City planned structures matched chunk 247,-786: 1
[21:21:28] [Worker-Main-6/INFO] [co.ri.ge.sy.ci.in.wo.CityReservationMaskRegistry/]: City worldgen structure hook reached planned owner chunk 238,-795 for civic_core_fill_045 (geomantia:city/trek_v3/village/swamp/houses/swamp_shepherd_1)
[21:21:28] [Worker-Main-6/INFO] [co.ri.ge.sy.ci.in.wo.CityReservationMaskRegistry/]: City planned structures matched chunk 238,-795: 1
[21:21:28] [Worker-Main-6/INFO] [co.ri.ge.sy.ci.in.wo.MinecraftCityWorldgenStructurePlacer/]: Injected City template terrain StructureStart civic_core_fill_045 geomantia:city/trek_v3/village/swamp/houses/swamp_shepherd_1 at 238,-795 with datum 73
[21:21:28] [Worker-Main-5/INFO] [co.ri.ge.sy.ci.in.wo.CityReservationMaskRegistry/]: City worldgen structure hook reached planned owner chunk 239,-795 for civic_core_fill_045 (geomantia:city/trek_v3/village/swamp/houses/swamp_shepherd_1)
[21:21:28] [Worker-Main-5/INFO] [co.ri.ge.sy.ci.in.wo.CityReservationMaskRegistry/]: City planned structures matched chunk 239,-795: 1
[21:21:28] [Worker-Main-12/INFO] [co.ri.ge.sy.ci.in.wo.CityReservationMaskRegistry/]: City worldgen structure hook reached planned owner chunk 240,-795 for civic_core_fill_040 (geomantia:city/trek_v3/village/desert/houses/desert_fletcher_1)
[21:21:28] [Worker-Main-12/INFO] [co.ri.ge.sy.ci.in.wo.CityReservationMaskRegistry/]: City planned structures matched chunk 240,-795: 1
[21:21:28] [Worker-Main-12/INFO] [co.ri.ge.sy.ci.in.wo.MinecraftCityWorldgenStructurePlacer/]: Injected City template terrain StructureStart civic_core_fill_040 geomantia:city/trek_v3/village/desert/houses/desert_fletcher_1 at 240,-795 with datum 74
[21:21:28] [Worker-Main-6/INFO] [co.ri.ge.sy.ci.in.wo.CityReservationMaskRegistry/]: City worldgen structure hook reached planned owner chunk 241,-795 for civic_core_fill_037 (geomantia:city/trek_v3/village/swamp_vanilla/houses/swamp_small_house_7)
[21:21:28] [Worker-Main-6/INFO] [co.ri.ge.sy.ci.in.wo.CityReservationMaskRegistry/]: City planned structures matched chunk 241,-795: 1
[21:21:28] [Worker-Main-6/INFO] [co.ri.ge.sy.ci.in.wo.MinecraftCityWorldgenStructurePlacer/]: Injected City template terrain StructureStart civic_core_fill_037 geomantia:city/trek_v3/village/swamp_vanilla/houses/swamp_small_house_7 at 241,-795 with datum 74
[21:21:28] [Worker-Main-5/INFO] [co.ri.ge.sy.ci.in.wo.CityReservationMaskRegistry/]: City worldgen structure hook reached planned owner chunk 243,-795 for civic_core_fill_030 (geomantia:city/trek_v3/village/plains/houses/plains_butcher_1)
[21:21:28] [Worker-Main-5/INFO] [co.ri.ge.sy.ci.in.wo.CityReservationMaskRegistry/]: City planned structures matched chunk 243,-795: 1
[21:21:28] [Worker-Main-5/INFO] [co.ri.ge.sy.ci.in.wo.MinecraftCityWorldgenStructurePlacer/]: Injected City template terrain StructureStart civic_core_fill_030 geomantia:city/trek_v3/village/plains/houses/plains_butcher_1 at 243,-795 with datum 75
[21:21:28] [Worker-Main-6/INFO] [co.ri.ge.sy.ci.in.wo.CityReservationMaskRegistry/]: City worldgen structure hook reached planned owner chunk 244,-795 for civic_core_fill_030 (geomantia:city/trek_v3/village/plains/houses/plains_butcher_1)
[21:21:28] [Worker-Main-6/INFO] [co.ri.ge.sy.ci.in.wo.CityReservationMaskRegistry/]: City planned structures matched chunk 244,-795: 1
[21:21:28] [Worker-Main-12/INFO] [co.ri.ge.sy.ci.in.wo.CityReservationMaskRegistry/]: City worldgen structure hook reached planned owner chunk 246,-795 for artisan_quarter_connectivity_012 (geomantia:city/stubbs/residential/household_01)
[21:21:28] [Worker-Main-12/INFO] [co.ri.ge.sy.ci.in.wo.CityReservationMaskRegistry/]: City planned structures matched chunk 246,-795: 1
[21:21:28] [Worker-Main-12/INFO] [co.ri.ge.sy.ci.in.wo.MinecraftCityWorldgenStructurePlacer/]: Injected City template terrain StructureStart artisan_quarter_connectivity_012 geomantia:city/stubbs/residential/household_01 at 246,-795 with datum 60
[21:21:28] [Worker-Main-6/INFO] [co.ri.ge.sy.ci.in.wo.CityReservationMaskRegistry/]: City worldgen structure hook reached planned owner chunk 247,-795 for artisan_quarter_connectivity_012 (geomantia:city/stubbs/residential/household_01)
[21:21:28] [Worker-Main-6/INFO] [co.ri.ge.sy.ci.in.wo.CityReservationMaskRegistry/]: City planned structures matched chunk 247,-795: 1
[21:21:28] [Worker-Main-5/INFO] [co.ri.ge.sy.ci.in.wo.CityReservationMaskRegistry/]: City worldgen structure hook reached planned owner chunk 238,-794 for civic_core_fill_045 (geomantia:city/trek_v3/village/swamp/houses/swamp_shepherd_1)
[21:21:28] [Worker-Main-5/INFO] [co.ri.ge.sy.ci.in.wo.CityReservationMaskRegistry/]: City planned structures matched chunk 238,-794: 1
[21:21:28] [Worker-Main-5/INFO] [co.ri.ge.sy.ci.in.wo.CityReservationMaskRegistry/]: City worldgen structure hook reached planned owner chunk 248,-794 for civic_core_fill_017 (geomantia:city/trek_v3/village/plains/houses/plains_shepherd_1)
[21:21:28] [Worker-Main-5/INFO] [co.ri.ge.sy.ci.in.wo.CityReservationMaskRegistry/]: City planned structures matched chunk 248,-794: 1
[21:21:28] [Worker-Main-5/INFO] [co.ri.ge.sy.ci.in.wo.MinecraftCityWorldgenStructurePlacer/]: Injected City template terrain StructureStart civic_core_fill_017 geomantia:city/trek_v3/village/plains/houses/plains_shepherd_1 at 248,-794 with datum 71
[21:21:28] [Worker-Main-6/INFO] [co.ri.ge.sy.ci.in.wo.CityReservationMaskRegistry/]: City worldgen structure hook reached planned owner chunk 248,-793 for civic_core_fill_017 (geomantia:city/trek_v3/village/plains/houses/plains_shepherd_1)
[21:21:28] [Worker-Main-6/INFO] [co.ri.ge.sy.ci.in.wo.CityReservationMaskRegistry/]: City planned structures matched chunk 248,-793: 1
[21:21:28] [Worker-Main-5/INFO] [co.ri.ge.sy.ci.in.wo.CityReservationMaskRegistry/]: City worldgen structure hook reached planned owner chunk 248,-792 for civic_core_fill_025 (geomantia:city/trek_v3/village/desert/houses/desert_small_house_1)
[21:21:28] [Worker-Main-5/INFO] [co.ri.ge.sy.ci.in.wo.CityReservationMaskRegistry/]: City planned structures matched chunk 248,-792: 1
[21:21:28] [Worker-Main-5/INFO] [co.ri.ge.sy.ci.in.wo.MinecraftCityWorldgenStructurePlacer/]: Injected City template terrain StructureStart civic_core_fill_025 geomantia:city/trek_v3/village/desert/houses/desert_small_house_1 at 248,-792 with datum 71
[21:21:28] [Worker-Main-12/INFO] [co.ri.ge.sy.ci.in.wo.CityReservationMaskRegistry/]: City worldgen structure hook reached planned owner chunk 248,-790 for civic_core_fill_012 (geomantia:city/trek_v3/village/desert/houses/desert_tannery_1)
[21:21:28] [Worker-Main-12/INFO] [co.ri.ge.sy.ci.in.wo.CityReservationMaskRegistry/]: City planned structures matched chunk 248,-790: 1
[21:21:28] [Worker-Main-12/INFO] [co.ri.ge.sy.ci.in.wo.MinecraftCityWorldgenStructurePlacer/]: Injected City template terrain StructureStart civic_core_fill_012 geomantia:city/trek_v3/village/desert/houses/desert_tannery_1 at 248,-790 with datum 72
[21:21:28] [Worker-Main-5/INFO] [co.ri.ge.sy.ci.in.wo.CityReservationMaskRegistry/]: City worldgen structure hook reached planned owner chunk 248,-789 for civic_core_fill_012 (geomantia:city/trek_v3/village/desert/houses/desert_tannery_1)
[21:21:28] [Worker-Main-5/INFO] [co.ri.ge.sy.ci.in.wo.CityReservationMaskRegistry/]: City planned structures matched chunk 248,-789: 1
[21:21:28] [Worker-Main-12/INFO] [co.ri.ge.sy.ci.in.wo.CityReservationMaskRegistry/]: City worldgen structure hook reached planned owner chunk 238,-787 for civic_core_fill_042 (geomantia:city/trek_v3/village/plains/houses/plains_small_house_4)
[21:21:28] [Worker-Main-12/INFO] [co.ri.ge.sy.ci.in.wo.CityReservationMaskRegistry/]: City planned structures matched chunk 238,-787: 1
[21:21:28] [Worker-Main-12/INFO] [co.ri.ge.sy.ci.in.wo.MinecraftCityWorldgenStructurePlacer/]: Injected City template terrain StructureStart civic_core_fill_042 geomantia:city/trek_v3/village/plains/houses/plains_small_house_4 at 238,-787 with datum 72
[21:21:28] [Worker-Main-6/INFO] [co.ri.ge.sy.ci.in.wo.CityReservationMaskRegistry/]: City worldgen structure hook reached planned owner chunk 238,-786 for civic_core_fill_042 (geomantia:city/trek_v3/village/plains/houses/plains_small_house_4)
[21:21:28] [Worker-Main-6/INFO] [co.ri.ge.sy.ci.in.wo.CityReservationMaskRegistry/]: City planned structures matched chunk 238,-786: 1
[21:21:28] [Worker-Main-12/INFO] [co.ri.ge.sy.ci.in.wo.CityReservationMaskRegistry/]: City worldgen structure hook reached planned owner chunk 240,-785 for civic_core_fill_034 (geomantia:city/trek_v3/village/plains/houses/plains_farm_2)
[21:21:28] [Worker-Main-12/INFO] [co.ri.ge.sy.ci.in.wo.CityReservationMaskRegistry/]: City planned structures matched chunk 240,-785: 1
[21:21:28] [Worker-Main-12/INFO] [co.ri.ge.sy.ci.in.wo.MinecraftCityWorldgenStructurePlacer/]: Injected City template terrain StructureStart civic_core_fill_034 geomantia:city/trek_v3/village/plains/houses/plains_farm_2 at 240,-785 with datum 73
[21:21:28] [Worker-Main-6/INFO] [co.ri.ge.sy.ci.in.wo.CityReservationMaskRegistry/]: City worldgen structure hook reached planned owner chunk 241,-785 for civic_core_fill_034 (geomantia:city/trek_v3/village/plains/houses/plains_farm_2)
[21:21:28] [Worker-Main-6/INFO] [co.ri.ge.sy.ci.in.wo.CityReservationMaskRegistry/]: City planned structures matched chunk 241,-785: 1
[21:21:28] [Worker-Main-12/INFO] [co.ri.ge.sy.ci.in.wo.CityReservationMaskRegistry/]: City worldgen structure hook reached planned owner chunk 243,-785 for civic_core_fill_026 (geomantia:city/trek_v3/village/desert/houses/desert_small_house_3)
[21:21:28] [Worker-Main-12/INFO] [co.ri.ge.sy.ci.in.wo.CityReservationMaskRegistry/]: City planned structures matched chunk 243,-785: 1
[21:21:28] [Worker-Main-12/INFO] [co.ri.ge.sy.ci.in.wo.MinecraftCityWorldgenStructurePlacer/]: Injected City template terrain StructureStart civic_core_fill_026 geomantia:city/trek_v3/village/desert/houses/desert_small_house_3 at 243,-785 with datum 74
[21:21:28] [Worker-Main-12/INFO] [co.ri.ge.sy.ci.in.wo.CityReservationMaskRegistry/]: City worldgen structure hook reached planned owner chunk 244,-785 for civic_core_fill_018 (geomantia:city/trek_v3/village/desert/houses/desert_armorer_1)
[21:21:28] [Worker-Main-12/INFO] [co.ri.ge.sy.ci.in.wo.CityReservationMaskRegistry/]: City planned structures matched chunk 244,-785: 1
[21:21:28] [Worker-Main-12/INFO] [co.ri.ge.sy.ci.in.wo.MinecraftCityWorldgenStructurePlacer/]: Injected City template terrain StructureStart civic_core_fill_018 geomantia:city/trek_v3/village/desert/houses/desert_armorer_1 at 244,-785 with datum 74
[21:21:28] [Worker-Main-5/INFO] [co.ri.ge.sy.ci.in.wo.CityReservationMaskRegistry/]: City worldgen structure hook reached planned owner chunk 245,-785 for civic_core_fill_018 (geomantia:city/trek_v3/village/desert/houses/desert_armorer_1)
[21:21:28] [Worker-Main-5/INFO] [co.ri.ge.sy.ci.in.wo.CityReservationMaskRegistry/]: City planned structures matched chunk 245,-785: 1
[21:21:28] [Worker-Main-5/INFO] [co.ri.ge.sy.ci.in.wo.CityReservationMaskRegistry/]: City worldgen structure hook reached planned owner chunk 246,-785 for civic_core_fill_023 (geomantia:city/trek_v3/village/desert/houses/desert_small_house_6)
[21:21:28] [Worker-Main-5/INFO] [co.ri.ge.sy.ci.in.wo.CityReservationMaskRegistry/]: City planned structures matched chunk 246,-785: 1
[21:21:28] [Worker-Main-5/INFO] [co.ri.ge.sy.ci.in.wo.MinecraftCityWorldgenStructurePlacer/]: Injected City template terrain StructureStart civic_core_fill_023 geomantia:city/trek_v3/village/desert/houses/desert_small_house_6 at 246,-785 with datum 74
[21:21:28] [Worker-Main-12/INFO] [co.ri.ge.sy.ci.in.wo.CityReservationMaskRegistry/]: City worldgen structure hook reached planned owner chunk 248,-796 for artisan_quarter_connectivity_017 (geomantia:city/stubbs/commercial/flower_shop_01)
[21:21:28] [Worker-Main-12/INFO] [co.ri.ge.sy.ci.in.wo.CityReservationMaskRegistry/]: City planned structures matched chunk 248,-796: 1
[21:21:28] [Worker-Main-12/INFO] [co.ri.ge.sy.ci.in.wo.CityReservationMaskRegistry/]: City worldgen structure hook reached planned owner chunk 249,-796 for artisan_quarter_connectivity_017 (geomantia:city/stubbs/commercial/flower_shop_01)
[21:21:28] [Worker-Main-12/INFO] [co.ri.ge.sy.ci.in.wo.CityReservationMaskRegistry/]: City planned structures matched chunk 249,-796: 1
[21:21:28] [Worker-Main-12/INFO] [co.ri.ge.sy.ci.in.wo.CityReservationMaskRegistry/]: City worldgen structure hook reached planned owner chunk 249,-794 for civic_core_fill_017 (geomantia:city/trek_v3/village/plains/houses/plains_shepherd_1)
[21:21:28] [Worker-Main-12/INFO] [co.ri.ge.sy.ci.in.wo.CityReservationMaskRegistry/]: City planned structures matched chunk 249,-794: 2
[21:21:28] [Worker-Main-12/INFO] [co.ri.ge.sy.ci.in.wo.MinecraftCityWorldgenStructurePlacer/]: Injected City template terrain StructureStart civic_core_fill_038 geomantia:city/trek_v3/village/desert/houses/desert_medium_house_2 at 249,-794 with datum 71
[21:21:28] [Worker-Main-5/INFO] [co.ri.ge.sy.ci.in.wo.CityReservationMaskRegistry/]: City worldgen structure hook reached planned owner chunk 237,-793 for civic_core_fill_005 (geomantia:city/trek_v3/village/desert/houses/desert_fletcher_1)
[21:21:28] [Worker-Main-5/INFO] [co.ri.ge.sy.ci.in.wo.CityReservationMaskRegistry/]: City planned structures matched chunk 237,-793: 1
[21:21:28] [Worker-Main-5/INFO] [co.ri.ge.sy.ci.in.wo.MinecraftCityWorldgenStructurePlacer/]: Injected City template terrain StructureStart civic_core_fill_005 geomantia:city/trek_v3/village/desert/houses/desert_fletcher_1 at 237,-793 with datum 74
[21:21:28] [Worker-Main-6/INFO] [co.ri.ge.sy.ci.in.wo.CityReservationMaskRegistry/]: City worldgen structure hook reached planned owner chunk 249,-793 for civic_core_fill_017 (geomantia:city/trek_v3/village/plains/houses/plains_shepherd_1)
[21:21:28] [Worker-Main-6/INFO] [co.ri.ge.sy.ci.in.wo.CityReservationMaskRegistry/]: City planned structures matched chunk 249,-793: 1
[21:21:28] [Worker-Main-12/INFO] [co.ri.ge.sy.ci.in.wo.CityReservationMaskRegistry/]: City worldgen structure hook reached planned owner chunk 237,-792 for civic_core_fill_005 (geomantia:city/trek_v3/village/desert/houses/desert_fletcher_1)
[21:21:28] [Worker-Main-12/INFO] [co.ri.ge.sy.ci.in.wo.CityReservationMaskRegistry/]: City planned structures matched chunk 237,-792: 1
[21:21:28] [Worker-Main-5/INFO] [co.ri.ge.sy.ci.in.wo.CityReservationMaskRegistry/]: City worldgen structure hook reached planned owner chunk 249,-792 for civic_core_fill_025 (geomantia:city/trek_v3/village/desert/houses/desert_small_house_1)
[21:21:28] [Worker-Main-5/INFO] [co.ri.ge.sy.ci.in.wo.CityReservationMaskRegistry/]: City planned structures matched chunk 249,-792: 1
[21:21:28] [Worker-Main-5/INFO] [co.ri.ge.sy.ci.in.wo.CityReservationMaskRegistry/]: City worldgen structure hook reached planned owner chunk 249,-790 for civic_core_fill_012 (geomantia:city/trek_v3/village/desert/houses/desert_tannery_1)
[21:21:28] [Worker-Main-5/INFO] [co.ri.ge.sy.ci.in.wo.CityReservationMaskRegistry/]: City planned structures matched chunk 249,-790: 1
[21:21:28] [Worker-Main-5/INFO] [co.ri.ge.sy.ci.in.wo.CityReservationMaskRegistry/]: City worldgen structure hook reached planned owner chunk 237,-789 for artisan_quarter_fill_004 (geomantia:city/stubbs/residential/household_01)
[21:21:28] [Worker-Main-5/INFO] [co.ri.ge.sy.ci.in.wo.CityReservationMaskRegistry/]: City planned structures matched chunk 237,-789: 1
[21:21:28] [Worker-Main-5/INFO] [co.ri.ge.sy.ci.in.wo.MinecraftCityWorldgenStructurePlacer/]: Injected City template terrain StructureStart artisan_quarter_fill_004 geomantia:city/stubbs/residential/household_01 at 237,-789 with datum 72
[21:21:28] [Worker-Main-6/INFO] [co.ri.ge.sy.ci.in.wo.CityReservationMaskRegistry/]: City worldgen structure hook reached planned owner chunk 249,-789 for civic_core_fill_012 (geomantia:city/trek_v3/village/desert/houses/desert_tannery_1)
[21:21:28] [Worker-Main-6/INFO] [co.ri.ge.sy.ci.in.wo.CityReservationMaskRegistry/]: City worldgen structure hook reached planned owner chunk 249,-789 for civic_core_fill_012 (geomantia:city/trek_v3/village/desert/houses/desert_tannery_1)
[21:21:28] [Worker-Main-6/INFO] [co.ri.ge.sy.ci.in.wo.CityReservationMaskRegistry/]: City worldgen structure hook reached planned owner chunk 249,-789 for civic_core_fill_012 (geomantia:city/trek_v3/village/desert/houses/desert_tannery_1)
[21:21:28] [Worker-Main-6/INFO] [co.ri.ge.sy.ci.in.wo.CityReservationMaskRegistry/]: City worldgen structure hook reached planned owner chunk 249,-789 for civic_core_fill_012 (geomantia:city/trek_v3/village/desert/houses/desert_tannery_1)
[21:21:28] [Worker-Main-6/INFO] [co.ri.ge.sy.ci.in.wo.CityReservationMaskRegistry/]: City worldgen structure hook reached planned owner chunk 249,-789 for civic_core_fill_012 (geomantia:city/trek_v3/village/desert/houses/desert_tannery_1)
[21:21:28] [Worker-Main-6/INFO] [co.ri.ge.sy.ci.in.wo.CityReservationMaskRegistry/]: City worldgen structure hook reached planned owner chunk 249,-789 for civic_core_fill_012 (geomantia:city/trek_v3/village/desert/houses/desert_tannery_1)
[21:21:28] [Worker-Main-6/INFO] [co.ri.ge.sy.ci.in.wo.CityReservationMaskRegistry/]: City worldgen structure hook reached planned owner chunk 249,-789 for civic_core_fill_012 (geomantia:city/trek_v3/village/desert/houses/desert_tannery_1)
[21:21:28] [Worker-Main-6/INFO] [co.ri.ge.sy.ci.in.wo.CityReservationMaskRegistry/]: City worldgen structure hook reached planned owner chunk 249,-789 for civic_core_fill_012 (geomantia:city/trek_v3/village/desert/houses/desert_tannery_1)
[21:21:28] [Worker-Main-6/INFO] [co.ri.ge.sy.ci.in.wo.CityReservationMaskRegistry/]: City worldgen structure hook reached planned owner chunk 249,-789 for civic_core_fill_012 (geomantia:city/trek_v3/village/desert/houses/desert_tannery_1)
[21:21:28] [Worker-Main-6/INFO] [co.ri.ge.sy.ci.in.wo.CityReservationMaskRegistry/]: City worldgen structure hook reached planned owner chunk 249,-789 for civic_core_fill_012 (geomantia:city/trek_v3/village/desert/houses/desert_tannery_1)
[21:21:28] [Worker-Main-6/INFO] [co.ri.ge.sy.ci.in.wo.CityReservationMaskRegistry/]: City worldgen structure hook reached planned owner chunk 249,-789 for civic_core_fill_012 (geomantia:city/trek_v3/village/desert/houses/desert_tannery_1)
[21:21:28] [Worker-Main-6/INFO] [co.ri.ge.sy.ci.in.wo.CityReservationMaskRegistry/]: City worldgen structure hook reached planned owner chunk 249,-789 for civic_core_fill_012 (geomantia:city/trek_v3/village/desert/houses/desert_tannery_1)
[21:21:28] [Worker-Main-6/INFO] [co.ri.ge.sy.ci.in.wo.CityReservationMaskRegistry/]: City worldgen structure hook reached planned owner chunk 249,-789 for civic_core_fill_012 (geomantia:city/trek_v3/village/desert/houses/desert_tannery_1)
[21:21:28] [Worker-Main-6/INFO] [co.ri.ge.sy.ci.in.wo.CityReservationMaskRegistry/]: City worldgen structure hook reached planned owner chunk 249,-789 for civic_core_fill_012 (geomantia:city/trek_v3/village/desert/houses/desert_tannery_1)
[21:21:28] [Worker-Main-6/INFO] [co.ri.ge.sy.ci.in.wo.CityReservationMaskRegistry/]: City planned structures matched chunk 249,-789: 1
[21:21:28] [Worker-Main-5/INFO] [co.ri.ge.sy.ci.in.wo.CityReservationMaskRegistry/]: City worldgen structure hook reached planned owner chunk 237,-787 for artisan_quarter_fill_005 (geomantia:city/stubbs/residential/household_02)
[21:21:28] [Worker-Main-5/INFO] [co.ri.ge.sy.ci.in.wo.CityReservationMaskRegistry/]: City planned structures matched chunk 237,-787: 1
[21:21:28] [Worker-Main-5/INFO] [co.ri.ge.sy.ci.in.wo.MinecraftCityWorldgenStructurePlacer/]: Injected City template terrain StructureStart artisan_quarter_fill_005 geomantia:city/stubbs/residential/household_02 at 237,-787 with datum 72
[21:21:28] [Worker-Main-5/INFO] [co.ri.ge.sy.ci.in.wo.CityReservationMaskRegistry/]: City worldgen structure hook reached planned owner chunk 249,-787 for civic_core_fill_028 (geomantia:city/trek_v3/village/desert/houses/desert_small_house_5)
[21:21:28] [Worker-Main-5/INFO] [co.ri.ge.sy.ci.in.wo.CityReservationMaskRegistry/]: City worldgen structure hook reached planned owner chunk 249,-787 for civic_core_fill_028 (geomantia:city/trek_v3/village/desert/houses/desert_small_house_5)
[21:21:28] [Worker-Main-5/INFO] [co.ri.ge.sy.ci.in.wo.CityReservationMaskRegistry/]: City planned structures matched chunk 249,-787: 1
[21:21:28] [Worker-Main-5/INFO] [co.ri.ge.sy.ci.in.wo.MinecraftCityWorldgenStructurePlacer/]: Injected City template terrain StructureStart civic_core_fill_028 geomantia:city/trek_v3/village/desert/houses/desert_small_house_5 at 249,-787 with datum 72
[21:21:28] [Worker-Main-5/INFO] [co.ri.ge.sy.ci.in.wo.CityReservationMaskRegistry/]: City worldgen structure hook reached planned owner chunk 237,-785 for civic_core_connectivity_060 (geomantia:city/trek_v3/village/desert/houses/desert_butcher_1)
[21:21:28] [Worker-Main-5/INFO] [co.ri.ge.sy.ci.in.wo.CityReservationMaskRegistry/]: City planned structures matched chunk 237,-785: 1
[21:21:28] [Worker-Main-5/INFO] [co.ri.ge.sy.ci.in.wo.CityReservationMaskRegistry/]: City worldgen structure hook reached planned owner chunk 249,-785 for civic_core_fill_036 (geomantia:city/trek_v3/village/plains/houses/plains_farm_1)
[21:21:28] [Worker-Main-5/INFO] [co.ri.ge.sy.ci.in.wo.CityReservationMaskRegistry/]: City planned structures matched chunk 249,-785: 1
[21:21:28] [Worker-Main-5/INFO] [co.ri.ge.sy.ci.in.wo.MinecraftCityWorldgenStructurePlacer/]: Injected City template terrain StructureStart civic_core_fill_036 geomantia:city/trek_v3/village/plains/houses/plains_farm_1 at 249,-785 with datum 73
[21:21:28] [Worker-Main-6/INFO] [co.ri.ge.sy.ci.in.wo.CityReservationMaskRegistry/]: City worldgen structure hook reached planned owner chunk 237,-784 for civic_core_connectivity_060 (geomantia:city/trek_v3/village/desert/houses/desert_butcher_1)
[21:21:28] [Worker-Main-6/INFO] [co.ri.ge.sy.ci.in.wo.CityReservationMaskRegistry/]: City planned structures matched chunk 237,-784: 1
[21:21:28] [Worker-Main-6/INFO] [co.ri.ge.sy.ci.in.wo.CityReservationMaskRegistry/]: City worldgen structure hook reached planned owner chunk 240,-784 for civic_core_fill_034 (geomantia:city/trek_v3/village/plains/houses/plains_farm_2)
[21:21:28] [Worker-Main-6/INFO] [co.ri.ge.sy.ci.in.wo.CityReservationMaskRegistry/]: City planned structures matched chunk 240,-784: 1
[21:21:28] [Worker-Main-6/INFO] [co.ri.ge.sy.ci.in.wo.CityReservationMaskRegistry/]: City worldgen structure hook reached planned owner chunk 241,-784 for civic_core_fill_034 (geomantia:city/trek_v3/village/plains/houses/plains_farm_2)
[21:21:28] [Worker-Main-6/INFO] [co.ri.ge.sy.ci.in.wo.CityReservationMaskRegistry/]: City planned structures matched chunk 241,-784: 1
[21:21:28] [Worker-Main-6/INFO] [co.ri.ge.sy.ci.in.wo.CityReservationMaskRegistry/]: City worldgen structure hook reached planned owner chunk 248,-784 for civic_core_fill_031 (geomantia:city/trek_v3/village/plains/houses/plains_toolsmith_1)
[21:21:28] [Worker-Main-6/INFO] [co.ri.ge.sy.ci.in.wo.CityReservationMaskRegistry/]: City planned structures matched chunk 248,-784: 1
[21:21:28] [Worker-Main-6/INFO] [co.ri.ge.sy.ci.in.wo.MinecraftCityWorldgenStructurePlacer/]: Injected City template terrain StructureStart civic_core_fill_031 geomantia:city/trek_v3/village/plains/houses/plains_toolsmith_1 at 248,-784 with datum 73
[21:21:28] [Worker-Main-6/INFO] [co.ri.ge.sy.ci.in.wo.CityReservationMaskRegistry/]: City worldgen structure hook reached planned owner chunk 239,-797 for artisan_quarter_connectivity_011 (geomantia:city/stubbs/commercial/general_store_01)
[21:21:28] [Worker-Main-6/INFO] [co.ri.ge.sy.ci.in.wo.CityReservationMaskRegistry/]: City planned structures matched chunk 239,-797: 1
[21:21:28] [Worker-Main-6/INFO] [co.ri.ge.sy.ci.in.wo.CityReservationMaskRegistry/]: City worldgen structure hook reached planned owner chunk 240,-797 for artisan_quarter_connectivity_011 (geomantia:city/stubbs/commercial/general_store_01)
[21:21:28] [Worker-Main-6/INFO] [co.ri.ge.sy.ci.in.wo.CityReservationMaskRegistry/]: City planned structures matched chunk 240,-797: 1
[21:21:28] [Worker-Main-6/INFO] [co.ri.ge.sy.ci.in.wo.CityReservationMaskRegistry/]: City worldgen structure hook reached planned owner chunk 242,-797 for artisan_quarter_connectivity_013 (geomantia:city/stubbs/residential/household_02)
[21:21:28] [Worker-Main-6/INFO] [co.ri.ge.sy.ci.in.wo.CityReservationMaskRegistry/]: City planned structures matched chunk 242,-797: 1
[21:21:28] [Worker-Main-6/INFO] [co.ri.ge.sy.ci.in.wo.CityReservationMaskRegistry/]: City worldgen structure hook reached planned owner chunk 243,-797 for artisan_quarter_connectivity_013 (geomantia:city/stubbs/residential/household_02)
[21:21:28] [Worker-Main-6/INFO] [co.ri.ge.sy.ci.in.wo.CityReservationMaskRegistry/]: City planned structures matched chunk 243,-797: 1
[21:21:28] [Worker-Main-6/INFO] [co.ri.ge.sy.ci.in.wo.CityReservationMaskRegistry/]: City worldgen structure hook reached planned owner chunk 248,-797 for artisan_quarter_connectivity_017 (geomantia:city/stubbs/commercial/flower_shop_01)
[21:21:28] [Worker-Main-6/INFO] [co.ri.ge.sy.ci.in.wo.CityReservationMaskRegistry/]: City planned structures matched chunk 248,-797: 1
[21:21:28] [Worker-Main-6/INFO] [co.ri.ge.sy.ci.in.wo.MinecraftCityWorldgenStructurePlacer/]: Injected City template terrain StructureStart artisan_quarter_connectivity_017 geomantia:city/stubbs/commercial/flower_shop_01 at 248,-797 with datum 71
[21:21:28] [Worker-Main-3/INFO] [co.ri.ge.sy.ci.in.wo.CityReservationMaskRegistry/]: City worldgen structure hook reached planned owner chunk 249,-797 for artisan_quarter_connectivity_017 (geomantia:city/stubbs/commercial/flower_shop_01)
[21:21:28] [Worker-Main-3/INFO] [co.ri.ge.sy.ci.in.wo.CityReservationMaskRegistry/]: City planned structures matched chunk 249,-797: 1
[21:21:28] [Worker-Main-6/INFO] [co.ri.ge.sy.ci.in.wo.CityReservationMaskRegistry/]: City worldgen structure hook reached planned owner chunk 250,-794 for civic_core_fill_038 (geomantia:city/trek_v3/village/desert/houses/desert_medium_house_2)
[21:21:28] [Worker-Main-6/INFO] [co.ri.ge.sy.ci.in.wo.CityReservationMaskRegistry/]: City planned structures matched chunk 250,-794: 1
[21:21:28] [Worker-Main-6/INFO] [co.ri.ge.sy.ci.in.wo.CityReservationMaskRegistry/]: City worldgen structure hook reached planned owner chunk 236,-789 for artisan_quarter_fill_002 (geomantia:city/stubbs/commercial/town_workshop_01)
[21:21:28] [Worker-Main-6/INFO] [co.ri.ge.sy.ci.in.wo.CityReservationMaskRegistry/]: City planned structures matched chunk 236,-789: 1
[21:21:28] [Worker-Main-6/INFO] [co.ri.ge.sy.ci.in.wo.CityReservationMaskRegistry/]: City worldgen structure hook reached planned owner chunk 250,-789 for civic_core_fill_020 (geomantia:city/trek_v3/village/desert/houses/desert_farm_2)
[21:21:28] [Worker-Main-6/INFO] [co.ri.ge.sy.ci.in.wo.CityReservationMaskRegistry/]: City planned structures matched chunk 250,-789: 1
[21:21:28] [Worker-Main-6/INFO] [co.ri.ge.sy.ci.in.wo.MinecraftCityWorldgenStructurePlacer/]: Injected City template terrain StructureStart civic_core_fill_020 geomantia:city/trek_v3/village/desert/houses/desert_farm_2 at 250,-789 with datum 70
[21:21:28] [Worker-Main-4/INFO] [co.ri.ge.sy.ci.in.wo.CityReservationMaskRegistry/]: City worldgen structure hook reached planned owner chunk 250,-788 for civic_core_fill_020 (geomantia:city/trek_v3/village/desert/houses/desert_farm_2)
[21:21:28] [Worker-Main-4/INFO] [co.ri.ge.sy.ci.in.wo.CityReservationMaskRegistry/]: City planned structures matched chunk 250,-788: 1
[21:21:28] [Worker-Main-4/INFO] [co.ri.ge.sy.ci.in.wo.CityReservationMaskRegistry/]: City worldgen structure hook reached planned owner chunk 236,-787 for artisan_quarter_fill_007 (geomantia:city/stubbs/residential/civilian_house_03)
[21:21:28] [Worker-Main-4/INFO] [co.ri.ge.sy.ci.in.wo.CityReservationMaskRegistry/]: City planned structures matched chunk 236,-787: 1
[21:21:28] [Worker-Main-4/INFO] [co.ri.ge.sy.ci.in.wo.CityReservationMaskRegistry/]: City worldgen structure hook reached planned owner chunk 236,-786 for artisan_quarter_fill_007 (geomantia:city/stubbs/residential/civilian_house_03)
[21:21:28] [Worker-Main-4/INFO] [co.ri.ge.sy.ci.in.wo.CityReservationMaskRegistry/]: City planned structures matched chunk 236,-786: 1
[21:21:28] [Worker-Main-4/INFO] [co.ri.ge.sy.ci.in.wo.CityReservationMaskRegistry/]: City worldgen structure hook reached planned owner chunk 250,-786 for civic_core_fill_041 (geomantia:city/trek_v3/village/plains/houses/plains_small_house_1)
[21:21:28] [Worker-Main-4/INFO] [co.ri.ge.sy.ci.in.wo.CityReservationMaskRegistry/]: City planned structures matched chunk 250,-786: 1
[21:21:28] [Worker-Main-4/INFO] [co.ri.ge.sy.ci.in.wo.MinecraftCityWorldgenStructurePlacer/]: Injected City template terrain StructureStart civic_core_fill_041 geomantia:city/trek_v3/village/plains/houses/plains_small_house_1 at 250,-786 with datum 71
[21:21:28] [Worker-Main-6/INFO] [co.ri.ge.sy.ci.in.wo.CityReservationMaskRegistry/]: City worldgen structure hook reached planned owner chunk 236,-785 for civic_core_connectivity_060 (geomantia:city/trek_v3/village/desert/houses/desert_butcher_1)
[21:21:28] [Worker-Main-6/INFO] [co.ri.ge.sy.ci.in.wo.CityReservationMaskRegistry/]: City planned structures matched chunk 236,-785: 1
[21:21:28] [Worker-Main-6/INFO] [co.ri.ge.sy.ci.in.wo.MinecraftCityWorldgenStructurePlacer/]: Injected City template terrain StructureStart civic_core_connectivity_060 geomantia:city/trek_v3/village/desert/houses/desert_butcher_1 at 236,-785 with datum 72
[21:21:28] [Worker-Main-4/INFO] [co.ri.ge.sy.ci.in.wo.CityReservationMaskRegistry/]: City worldgen structure hook reached planned owner chunk 236,-784 for civic_core_connectivity_060 (geomantia:city/trek_v3/village/desert/houses/desert_butcher_1)
[21:21:28] [Worker-Main-4/INFO] [co.ri.ge.sy.ci.in.wo.CityReservationMaskRegistry/]: City planned structures matched chunk 236,-784: 1
[21:21:28] [Worker-Main-4/INFO] [co.ri.ge.sy.ci.in.wo.CityReservationMaskRegistry/]: City worldgen structure hook reached planned owner chunk 250,-784 for artisan_quarter_connectivity_018 (geomantia:city/stubbs/commercial/laundry_facility_01)
[21:21:28] [Worker-Main-4/INFO] [co.ri.ge.sy.ci.in.wo.CityReservationMaskRegistry/]: City planned structures matched chunk 250,-784: 1
[21:21:28] [Worker-Main-4/INFO] [co.ri.ge.sy.ci.in.wo.MinecraftCityWorldgenStructurePlacer/]: Injected City template terrain StructureStart artisan_quarter_connectivity_018 geomantia:city/stubbs/commercial/laundry_facility_01 at 250,-784 with datum 73
[21:21:28] [Worker-Main-3/INFO] [co.ri.ge.sy.ci.in.wo.CityReservationMaskRegistry/]: City worldgen structure hook reached planned owner chunk 236,-783 for civic_core_connectivity_058 (geomantia:city/trek_v3/village/plains/houses/plains_weaponsmith_1)
[21:21:28] [Worker-Main-3/INFO] [co.ri.ge.sy.ci.in.wo.CityReservationMaskRegistry/]: City planned structures matched chunk 236,-783: 1
[21:21:28] [Worker-Main-3/INFO] [co.ri.ge.sy.ci.in.wo.MinecraftCityWorldgenStructurePlacer/]: Injected City template terrain StructureStart civic_core_connectivity_058 geomantia:city/trek_v3/village/plains/houses/plains_weaponsmith_1 at 236,-783 with datum 72
[21:21:28] [Worker-Main-4/INFO] [co.ri.ge.sy.ci.in.wo.CityReservationMaskRegistry/]: City worldgen structure hook reached planned owner chunk 237,-783 for civic_core_connectivity_058 (geomantia:city/trek_v3/village/plains/houses/plains_weaponsmith_1)
[21:21:28] [Worker-Main-4/INFO] [co.ri.ge.sy.ci.in.wo.CityReservationMaskRegistry/]: City planned structures matched chunk 237,-783: 1
[21:21:28] [Worker-Main-4/INFO] [co.ri.ge.sy.ci.in.wo.CityReservationMaskRegistry/]: City worldgen structure hook reached planned owner chunk 240,-783 for artisan_quarter_connectivity_010 (geomantia:city/stubbs/agriculture/farm_storage_house_01)
[21:21:28] [Worker-Main-4/INFO] [co.ri.ge.sy.ci.in.wo.CityReservationMaskRegistry/]: City planned structures matched chunk 240,-783: 1
[21:21:28] [Worker-Main-4/INFO] [co.ri.ge.sy.ci.in.wo.MinecraftCityWorldgenStructurePlacer/]: Injected City template terrain StructureStart artisan_quarter_connectivity_010 geomantia:city/stubbs/agriculture/farm_storage_house_01 at 240,-783 with datum 71
[21:21:28] [Worker-Main-4/INFO] [co.ri.ge.sy.ci.in.wo.CityReservationMaskRegistry/]: City worldgen structure hook reached planned owner chunk 241,-783 for artisan_quarter_connectivity_010 (geomantia:city/stubbs/agriculture/farm_storage_house_01)
[21:21:28] [Worker-Main-4/INFO] [co.ri.ge.sy.ci.in.wo.CityReservationMaskRegistry/]: City planned structures matched chunk 241,-783: 1
[21:21:28] [Worker-Main-4/INFO] [co.ri.ge.sy.ci.in.wo.CityReservationMaskRegistry/]: City worldgen structure hook reached planned owner chunk 243,-783 for civic_core_fill_044 (geomantia:city/trek_v3/village/desert/houses/desert_shepherd_1)
[21:21:28] [Worker-Main-4/INFO] [co.ri.ge.sy.ci.in.wo.CityReservationMaskRegistry/]: City planned structures matched chunk 243,-783: 1
[21:21:28] [Worker-Main-4/INFO] [co.ri.ge.sy.ci.in.wo.MinecraftCityWorldgenStructurePlacer/]: Injected City template terrain StructureStart civic_core_fill_044 geomantia:city/trek_v3/village/desert/houses/desert_shepherd_1 at 243,-783 with datum 72
[21:21:28] [Worker-Main-4/INFO] [co.ri.ge.sy.ci.in.wo.CityReservationMaskRegistry/]: City worldgen structure hook reached planned owner chunk 245,-783 for civic_core_fill_039 (geomantia:city/trek_v3/village/swamp_vanilla/houses/swamp_small_house_6)
[21:21:28] [Worker-Main-4/INFO] [co.ri.ge.sy.ci.in.wo.CityReservationMaskRegistry/]: City planned structures matched chunk 245,-783: 1
[21:21:28] [Worker-Main-4/INFO] [co.ri.ge.sy.ci.in.wo.MinecraftCityWorldgenStructurePlacer/]: Injected City template terrain StructureStart civic_core_fill_039 geomantia:city/trek_v3/village/swamp_vanilla/houses/swamp_small_house_6 at 245,-783 with datum 72
[21:21:28] [Worker-Main-6/INFO] [co.ri.ge.sy.ci.in.wo.CityReservationMaskRegistry/]: City worldgen structure hook reached planned owner chunk 246,-783 for civic_core_fill_039 (geomantia:city/trek_v3/village/swamp_vanilla/houses/swamp_small_house_6)
[21:21:28] [Worker-Main-6/INFO] [co.ri.ge.sy.ci.in.wo.CityReservationMaskRegistry/]: City planned structures matched chunk 246,-783: 1
[21:21:28] [Worker-Main-3/INFO] [co.ri.ge.sy.ci.in.wo.CityReservationMaskRegistry/]: City worldgen structure hook reached planned owner chunk 248,-783 for civic_core_fill_031 (geomantia:city/trek_v3/village/plains/houses/plains_toolsmith_1)
[21:21:28] [Worker-Main-3/INFO] [co.ri.ge.sy.ci.in.wo.CityReservationMaskRegistry/]: City planned structures matched chunk 248,-783: 1
[21:21:28] [Worker-Main-3/INFO] [co.ri.ge.sy.ci.in.wo.CityReservationMaskRegistry/]: City worldgen structure hook reached planned owner chunk 250,-783 for artisan_quarter_connectivity_018 (geomantia:city/stubbs/commercial/laundry_facility_01)
[21:21:28] [Worker-Main-3/INFO] [co.ri.ge.sy.ci.in.wo.CityReservationMaskRegistry/]: City planned structures matched chunk 250,-783: 1
[21:21:28] [Worker-Main-3/INFO] [co.ri.ge.sy.ci.in.wo.CityReservationMaskRegistry/]: City worldgen structure hook reached planned owner chunk 239,-798 for artisan_quarter_connectivity_011 (geomantia:city/stubbs/commercial/general_store_01)
[21:21:28] [Worker-Main-3/INFO] [co.ri.ge.sy.ci.in.wo.CityReservationMaskRegistry/]: City planned structures matched chunk 239,-798: 1
[21:21:28] [Worker-Main-3/INFO] [co.ri.ge.sy.ci.in.wo.MinecraftCityWorldgenStructurePlacer/]: Injected City template terrain StructureStart artisan_quarter_connectivity_011 geomantia:city/stubbs/commercial/general_store_01 at 239,-798 with datum 75
[21:21:28] [Worker-Main-4/INFO] [co.ri.ge.sy.ci.in.wo.CityReservationMaskRegistry/]: City worldgen structure hook reached planned owner chunk 240,-798 for artisan_quarter_connectivity_011 (geomantia:city/stubbs/commercial/general_store_01)
[21:21:28] [Worker-Main-4/INFO] [co.ri.ge.sy.ci.in.wo.CityReservationMaskRegistry/]: City planned structures matched chunk 240,-798: 1
[21:21:28] [Worker-Main-4/INFO] [co.ri.ge.sy.ci.in.wo.CityReservationMaskRegistry/]: City worldgen structure hook reached planned owner chunk 242,-798 for artisan_quarter_connectivity_013 (geomantia:city/stubbs/residential/household_02)
[21:21:28] [Worker-Main-4/INFO] [co.ri.ge.sy.ci.in.wo.CityReservationMaskRegistry/]: City planned structures matched chunk 242,-798: 1
[21:21:28] [Worker-Main-4/INFO] [co.ri.ge.sy.ci.in.wo.MinecraftCityWorldgenStructurePlacer/]: Injected City template terrain StructureStart artisan_quarter_connectivity_013 geomantia:city/stubbs/residential/household_02 at 242,-798 with datum 76
[21:21:28] [Worker-Main-6/INFO] [co.ri.ge.sy.ci.in.wo.CityReservationMaskRegistry/]: City worldgen structure hook reached planned owner chunk 243,-798 for artisan_quarter_connectivity_013 (geomantia:city/stubbs/residential/household_02)
[21:21:28] [Worker-Main-6/INFO] [co.ri.ge.sy.ci.in.wo.CityReservationMaskRegistry/]: City planned structures matched chunk 243,-798: 1
[21:21:28] [Worker-Main-3/INFO] [co.ri.ge.sy.ci.in.wo.CityReservationMaskRegistry/]: City worldgen structure hook reached planned owner chunk 235,-791 for artisan_quarter_required_001 (geomantia:city/stubbs/commercial/town_workshop_01)
[21:21:28] [Worker-Main-3/INFO] [co.ri.ge.sy.ci.in.wo.CityReservationMaskRegistry/]: City planned structures matched chunk 235,-791: 1
[21:21:28] [Worker-Main-3/INFO] [co.ri.ge.sy.ci.in.wo.MinecraftCityWorldgenStructurePlacer/]: Injected City template terrain StructureStart artisan_quarter_required_001 geomantia:city/stubbs/commercial/town_workshop_01 at 235,-791 with datum 74
[21:21:28] [Worker-Main-4/INFO] [co.ri.ge.sy.ci.in.wo.CityReservationMaskRegistry/]: City worldgen structure hook reached planned owner chunk 235,-789 for artisan_quarter_fill_002 (geomantia:city/stubbs/commercial/town_workshop_01)
[21:21:28] [Worker-Main-4/INFO] [co.ri.ge.sy.ci.in.wo.CityReservationMaskRegistry/]: City planned structures matched chunk 235,-789: 1
[21:21:28] [Worker-Main-4/INFO] [co.ri.ge.sy.ci.in.wo.MinecraftCityWorldgenStructurePlacer/]: Injected City template terrain StructureStart artisan_quarter_fill_002 geomantia:city/stubbs/commercial/town_workshop_01 at 235,-789 with datum 73
[21:21:28] [Worker-Main-6/INFO] [co.ri.ge.sy.ci.in.wo.CityReservationMaskRegistry/]: City worldgen structure hook reached planned owner chunk 235,-787 for artisan_quarter_fill_007 (geomantia:city/stubbs/residential/civilian_house_03)
[21:21:28] [Worker-Main-6/INFO] [co.ri.ge.sy.ci.in.wo.CityReservationMaskRegistry/]: City planned structures matched chunk 235,-787: 1
[21:21:28] [Worker-Main-6/INFO] [co.ri.ge.sy.ci.in.wo.MinecraftCityWorldgenStructurePlacer/]: Injected City template terrain StructureStart artisan_quarter_fill_007 geomantia:city/stubbs/residential/civilian_house_03 at 235,-787 with datum 73
[21:21:28] [Worker-Main-4/INFO] [co.ri.ge.sy.ci.in.wo.CityReservationMaskRegistry/]: City worldgen structure hook reached planned owner chunk 235,-786 for artisan_quarter_fill_007 (geomantia:city/stubbs/residential/civilian_house_03)
[21:21:28] [Worker-Main-4/INFO] [co.ri.ge.sy.ci.in.wo.CityReservationMaskRegistry/]: City planned structures matched chunk 235,-786: 1
[21:21:28] [Worker-Main-6/INFO] [co.ri.ge.sy.ci.in.wo.CityReservationMaskRegistry/]: City worldgen structure hook reached planned owner chunk 235,-784 for civic_core_connectivity_061 (geomantia:city/trek_v3/village/plains/houses/plains_shepherd_1)
[21:21:28] [Worker-Main-6/INFO] [co.ri.ge.sy.ci.in.wo.CityReservationMaskRegistry/]: City planned structures matched chunk 235,-784: 1
[21:21:28] [Worker-Main-3/INFO] [co.ri.ge.sy.ci.in.wo.CityReservationMaskRegistry/]: City worldgen structure hook reached planned owner chunk 251,-794 for artisan_quarter_connectivity_015 (geomantia:city/stubbs/commercial/motel_01)
[21:21:28] [Worker-Main-3/INFO] [co.ri.ge.sy.ci.in.wo.CityReservationMaskRegistry/]: City planned structures matched chunk 251,-794: 1
[21:21:28] [Worker-Main-3/INFO] [co.ri.ge.sy.ci.in.wo.MinecraftCityWorldgenStructurePlacer/]: Injected City template terrain StructureStart artisan_quarter_connectivity_015 geomantia:city/stubbs/commercial/motel_01 at 251,-794 with datum 71
[21:21:28] [Worker-Main-6/INFO] [co.ri.ge.sy.ci.in.wo.CityReservationMaskRegistry/]: City worldgen structure hook reached planned owner chunk 251,-793 for artisan_quarter_connectivity_015 (geomantia:city/stubbs/commercial/motel_01)
[21:21:28] [Worker-Main-6/INFO] [co.ri.ge.sy.ci.in.wo.CityReservationMaskRegistry/]: City planned structures matched chunk 251,-793: 1
[21:21:28] [Worker-Main-3/INFO] [co.ri.ge.sy.ci.in.wo.CityReservationMaskRegistry/]: City worldgen structure hook reached planned owner chunk 251,-791 for civic_core_fill_035 (geomantia:city/trek_v3/village/plains/houses/plains_stable_1)
[21:21:28] [Worker-Main-3/INFO] [co.ri.ge.sy.ci.in.wo.CityReservationMaskRegistry/]: City planned structures matched chunk 251,-791: 1
[21:21:28] [Worker-Main-3/INFO] [co.ri.ge.sy.ci.in.wo.MinecraftCityWorldgenStructurePlacer/]: Injected City template terrain StructureStart civic_core_fill_035 geomantia:city/trek_v3/village/plains/houses/plains_stable_1 at 251,-791 with datum 71
[21:21:28] [Worker-Main-4/INFO] [co.ri.ge.sy.ci.in.wo.CityReservationMaskRegistry/]: City worldgen structure hook reached planned owner chunk 251,-784 for artisan_quarter_connectivity_018 (geomantia:city/stubbs/commercial/laundry_facility_01)
[21:21:28] [Worker-Main-4/INFO] [co.ri.ge.sy.ci.in.wo.CityReservationMaskRegistry/]: City planned structures matched chunk 251,-784: 1
[21:21:28] [Worker-Main-4/INFO] [co.ri.ge.sy.ci.in.wo.CityReservationMaskRegistry/]: City worldgen structure hook reached planned owner chunk 235,-783 for civic_core_connectivity_061 (geomantia:city/trek_v3/village/plains/houses/plains_shepherd_1)
[21:21:28] [Worker-Main-4/INFO] [co.ri.ge.sy.ci.in.wo.CityReservationMaskRegistry/]: City planned structures matched chunk 235,-783: 1
[21:21:28] [Worker-Main-4/INFO] [co.ri.ge.sy.ci.in.wo.CityReservationMaskRegistry/]: City worldgen structure hook reached planned owner chunk 251,-783 for artisan_quarter_connectivity_018 (geomantia:city/stubbs/commercial/laundry_facility_01)
[21:21:28] [Worker-Main-4/INFO] [co.ri.ge.sy.ci.in.wo.CityReservationMaskRegistry/]: City planned structures matched chunk 251,-783: 1
[21:21:28] [Worker-Main-4/INFO] [co.ri.ge.sy.ci.in.wo.CityReservationMaskRegistry/]: City worldgen structure hook reached planned owner chunk 235,-782 for civic_core_connectivity_059 (geomantia:city/trek_v3/village/desert/houses/desert_big_house_1)
[21:21:28] [Worker-Main-4/INFO] [co.ri.ge.sy.ci.in.wo.CityReservationMaskRegistry/]: City planned structures matched chunk 235,-782: 1
[21:21:28] [Worker-Main-4/INFO] [co.ri.ge.sy.ci.in.wo.MinecraftCityWorldgenStructurePlacer/]: Injected City template terrain StructureStart civic_core_connectivity_059 geomantia:city/trek_v3/village/desert/houses/desert_big_house_1 at 235,-782 with datum 72
[21:21:28] [Worker-Main-6/INFO] [co.ri.ge.sy.ci.in.wo.CityReservationMaskRegistry/]: City worldgen structure hook reached planned owner chunk 236,-782 for civic_core_connectivity_058 (geomantia:city/trek_v3/village/plains/houses/plains_weaponsmith_1)
[21:21:28] [Worker-Main-6/INFO] [co.ri.ge.sy.ci.in.wo.CityReservationMaskRegistry/]: City planned structures matched chunk 236,-782: 2
[21:21:28] [Worker-Main-3/INFO] [co.ri.ge.sy.ci.in.wo.CityReservationMaskRegistry/]: City worldgen structure hook reached planned owner chunk 237,-782 for civic_core_connectivity_058 (geomantia:city/trek_v3/village/plains/houses/plains_weaponsmith_1)
[21:21:28] [Worker-Main-3/INFO] [co.ri.ge.sy.ci.in.wo.CityReservationMaskRegistry/]: City planned structures matched chunk 237,-782: 1
[21:21:28] [Worker-Main-3/INFO] [co.ri.ge.sy.ci.in.wo.CityReservationMaskRegistry/]: City worldgen structure hook reached planned owner chunk 240,-782 for artisan_quarter_connectivity_010 (geomantia:city/stubbs/agriculture/farm_storage_house_01)
[21:21:28] [Worker-Main-3/INFO] [co.ri.ge.sy.ci.in.wo.CityReservationMaskRegistry/]: City planned structures matched chunk 240,-782: 1
[21:21:28] [Worker-Main-3/INFO] [co.ri.ge.sy.ci.in.wo.CityReservationMaskRegistry/]: City worldgen structure hook reached planned owner chunk 241,-782 for artisan_quarter_connectivity_010 (geomantia:city/stubbs/agriculture/farm_storage_house_01)
[21:21:28] [Worker-Main-3/INFO] [co.ri.ge.sy.ci.in.wo.CityReservationMaskRegistry/]: City planned structures matched chunk 241,-782: 1
[21:21:28] [Worker-Main-3/INFO] [co.ri.ge.sy.ci.in.wo.CityReservationMaskRegistry/]: City worldgen structure hook reached planned owner chunk 242,-782 for artisan_quarter_connectivity_014 (geomantia:city/stubbs/residential/civilian_house_03)
[21:21:28] [Worker-Main-3/INFO] [co.ri.ge.sy.ci.in.wo.CityReservationMaskRegistry/]: City planned structures matched chunk 242,-782: 1
[21:21:28] [Worker-Main-3/INFO] [co.ri.ge.sy.ci.in.wo.MinecraftCityWorldgenStructurePlacer/]: Injected City template terrain StructureStart artisan_quarter_connectivity_014 geomantia:city/stubbs/residential/civilian_house_03 at 242,-782 with datum 70
[21:21:28] [Worker-Main-3/INFO] [co.ri.ge.sy.ci.in.wo.CityReservationMaskRegistry/]: City worldgen structure hook reached planned owner chunk 243,-782 for artisan_quarter_connectivity_014 (geomantia:city/stubbs/residential/civilian_house_03)
[21:21:28] [Worker-Main-3/INFO] [co.ri.ge.sy.ci.in.wo.CityReservationMaskRegistry/]: City planned structures matched chunk 243,-782: 1
[21:21:28] [Worker-Main-4/INFO] [co.ri.ge.sy.ci.in.wo.CityReservationMaskRegistry/]: City worldgen structure hook reached planned owner chunk 250,-782 for artisan_quarter_connectivity_018 (geomantia:city/stubbs/commercial/laundry_facility_01)
[21:21:28] [Worker-Main-4/INFO] [co.ri.ge.sy.ci.in.wo.CityReservationMaskRegistry/]: City planned structures matched chunk 250,-782: 1
[21:21:28] [Worker-Main-4/INFO] [co.ri.ge.sy.ci.in.wo.CityReservationMaskRegistry/]: City worldgen structure hook reached planned owner chunk 251,-782 for artisan_quarter_connectivity_018 (geomantia:city/stubbs/commercial/laundry_facility_01)
[21:21:28] [Worker-Main-4/INFO] [co.ri.ge.sy.ci.in.wo.CityReservationMaskRegistry/]: City planned structures matched chunk 251,-782: 1
[21:21:28] [Worker-Main-6/DEBUG] [mixin/]: Mixing forge.BeardifierMixin from roadweaver.mixins.json into net.minecraft.world.level.levelgen.Beardifier
[21:21:28] [Worker-Main-6/DEBUG] [mixin/]: Mixing CityDecorationBeardifierMixin from geomantia.mixins.json into net.minecraft.world.level.levelgen.Beardifier
[21:21:28] [Worker-Main-12/INFO] [co.ri.ge.sy.ci.in.wo.CityReservationMaskRegistry/]: City worldgen structure hook reached planned owner chunk 234,-795 for artisan_quarter_fill_006 (geomantia:city/stubbs/residential/civilian_house_03)
[21:21:28] [Worker-Main-12/INFO] [co.ri.ge.sy.ci.in.wo.CityReservationMaskRegistry/]: City planned structures matched chunk 234,-795: 1
[21:21:28] [Worker-Main-12/INFO] [co.ri.ge.sy.ci.in.wo.CityReservationMaskRegistry/]: City worldgen structure hook reached planned owner chunk 234,-794 for artisan_quarter_fill_006 (geomantia:city/stubbs/residential/civilian_house_03)
[21:21:28] [Worker-Main-12/INFO] [co.ri.ge.sy.ci.in.wo.CityReservationMaskRegistry/]: City planned structures matched chunk 234,-794: 1
[21:21:28] [Worker-Main-12/INFO] [co.ri.ge.sy.ci.in.wo.CityReservationMaskRegistry/]: City worldgen structure hook reached planned owner chunk 234,-793 for artisan_quarter_fill_006 (geomantia:city/stubbs/residential/civilian_house_03)
[21:21:28] [Worker-Main-12/INFO] [co.ri.ge.sy.ci.in.wo.CityReservationMaskRegistry/]: City planned structures matched chunk 234,-793: 1
[21:21:28] [Worker-Main-12/INFO] [co.ri.ge.sy.ci.in.wo.CityReservationMaskRegistry/]: City worldgen structure hook reached planned owner chunk 234,-784 for civic_core_connectivity_061 (geomantia:city/trek_v3/village/plains/houses/plains_shepherd_1)
[21:21:28] [Worker-Main-12/INFO] [co.ri.ge.sy.ci.in.wo.CityReservationMaskRegistry/]: City planned structures matched chunk 234,-784: 1
[21:21:28] [Worker-Main-12/INFO] [co.ri.ge.sy.ci.in.wo.MinecraftCityWorldgenStructurePlacer/]: Injected City template terrain StructureStart civic_core_connectivity_061 geomantia:city/trek_v3/village/plains/houses/plains_shepherd_1 at 234,-784 with datum 73
[21:21:28] [Worker-Main-3/INFO] [co.ri.ge.sy.ci.in.wo.CityReservationMaskRegistry/]: City worldgen structure hook reached planned owner chunk 234,-783 for civic_core_connectivity_061 (geomantia:city/trek_v3/village/plains/houses/plains_shepherd_1)
[21:21:28] [Worker-Main-3/INFO] [co.ri.ge.sy.ci.in.wo.CityReservationMaskRegistry/]: City planned structures matched chunk 234,-783: 1
[21:21:28] [Worker-Main-4/INFO] [co.ri.ge.sy.ci.in.wo.CityReservationMaskRegistry/]: City worldgen structure hook reached planned owner chunk 252,-794 for artisan_quarter_connectivity_015 (geomantia:city/stubbs/commercial/motel_01)
[21:21:28] [Worker-Main-4/INFO] [co.ri.ge.sy.ci.in.wo.CityReservationMaskRegistry/]: City planned structures matched chunk 252,-794: 1
[21:21:28] [Worker-Main-4/INFO] [co.ri.ge.sy.ci.in.wo.CityReservationMaskRegistry/]: City worldgen structure hook reached planned owner chunk 252,-793 for artisan_quarter_connectivity_015 (geomantia:city/stubbs/commercial/motel_01)
[21:21:28] [Worker-Main-4/INFO] [co.ri.ge.sy.ci.in.wo.CityReservationMaskRegistry/]: City planned structures matched chunk 252,-793: 1
[21:21:28] [Worker-Main-4/INFO] [co.ri.ge.sy.ci.in.wo.CityReservationMaskRegistry/]: City worldgen structure hook reached planned owner chunk 252,-786 for civic_core_connectivity_049 (geomantia:city/trek_v3/village/desert/houses/desert_fletcher_1)
[21:21:28] [Worker-Main-4/INFO] [co.ri.ge.sy.ci.in.wo.CityReservationMaskRegistry/]: City planned structures matched chunk 252,-786: 1
[21:21:28] [Worker-Main-4/INFO] [co.ri.ge.sy.ci.in.wo.MinecraftCityWorldgenStructurePlacer/]: Injected City template terrain StructureStart civic_core_connectivity_049 geomantia:city/trek_v3/village/desert/houses/desert_fletcher_1 at 252,-786 with datum 72
[21:21:28] [Worker-Main-3/INFO] [co.ri.ge.sy.ci.in.wo.CityReservationMaskRegistry/]: City worldgen structure hook reached planned owner chunk 235,-781 for civic_core_connectivity_059 (geomantia:city/trek_v3/village/desert/houses/desert_big_house_1)
[21:21:28] [Worker-Main-3/INFO] [co.ri.ge.sy.ci.in.wo.CityReservationMaskRegistry/]: City planned structures matched chunk 235,-781: 1
[21:21:28] [Worker-Main-3/INFO] [co.ri.ge.sy.ci.in.wo.CityReservationMaskRegistry/]: City worldgen structure hook reached planned owner chunk 236,-781 for civic_core_connectivity_059 (geomantia:city/trek_v3/village/desert/houses/desert_big_house_1)
[21:21:28] [Worker-Main-3/INFO] [co.ri.ge.sy.ci.in.wo.CityReservationMaskRegistry/]: City planned structures matched chunk 236,-781: 2
[21:21:28] [Worker-Main-3/INFO] [co.ri.ge.sy.ci.in.wo.MinecraftCityWorldgenStructurePlacer/]: Injected City template terrain StructureStart civic_core_connectivity_062 geomantia:city/trek_v3/village/desert/houses/desert_armorer_1 at 236,-781 with datum 71
[21:21:28] [Worker-Main-3/INFO] [co.ri.ge.sy.ci.in.wo.CityReservationMaskRegistry/]: City worldgen structure hook reached planned owner chunk 240,-781 for artisan_quarter_connectivity_010 (geomantia:city/stubbs/agriculture/farm_storage_house_01)
[21:21:28] [Worker-Main-3/INFO] [co.ri.ge.sy.ci.in.wo.CityReservationMaskRegistry/]: City planned structures matched chunk 240,-781: 1
[21:21:28] [Worker-Main-12/INFO] [co.ri.ge.sy.ci.in.wo.CityReservationMaskRegistry/]: City worldgen structure hook reached planned owner chunk 241,-781 for artisan_quarter_connectivity_010 (geomantia:city/stubbs/agriculture/farm_storage_house_01)
[21:21:28] [Worker-Main-12/INFO] [co.ri.ge.sy.ci.in.wo.CityReservationMaskRegistry/]: City planned structures matched chunk 241,-781: 1
[21:21:28] [Worker-Main-12/INFO] [co.ri.ge.sy.ci.in.wo.CityReservationMaskRegistry/]: City worldgen structure hook reached planned owner chunk 242,-781 for artisan_quarter_connectivity_014 (geomantia:city/stubbs/residential/civilian_house_03)
[21:21:28] [Worker-Main-12/INFO] [co.ri.ge.sy.ci.in.wo.CityReservationMaskRegistry/]: City planned structures matched chunk 242,-781: 1
[21:21:28] [Worker-Main-3/INFO] [co.ri.ge.sy.ci.in.wo.CityReservationMaskRegistry/]: City worldgen structure hook reached planned owner chunk 243,-781 for artisan_quarter_connectivity_014 (geomantia:city/stubbs/residential/civilian_house_03)
[21:21:28] [Worker-Main-3/INFO] [co.ri.ge.sy.ci.in.wo.CityReservationMaskRegistry/]: City planned structures matched chunk 243,-781: 1
[21:21:28] [Worker-Main-6/INFO] [co.ri.ge.sy.ci.in.wo.CityReservationMaskRegistry/]: City worldgen structure hook reached planned owner chunk 252,-781 for civic_core_connectivity_048 (geomantia:city/trek_v3/village/swamp_vanilla/houses/swamp_small_house_6)
[21:21:28] [Worker-Main-6/INFO] [co.ri.ge.sy.ci.in.wo.CityReservationMaskRegistry/]: City planned structures matched chunk 252,-781: 1
[21:21:28] [Worker-Main-6/INFO] [co.ri.ge.sy.ci.in.wo.MinecraftCityWorldgenStructurePlacer/]: Injected City template terrain StructureStart civic_core_connectivity_048 geomantia:city/trek_v3/village/swamp_vanilla/houses/swamp_small_house_6 at 252,-781 with datum 72
[21:21:28] [Worker-Main-6/INFO] [co.ri.ge.sy.ci.in.wo.CityReservationMaskRegistry/]: City worldgen structure hook reached planned owner chunk 233,-795 for artisan_quarter_fill_006 (geomantia:city/stubbs/residential/civilian_house_03)
[21:21:28] [Worker-Main-6/INFO] [co.ri.ge.sy.ci.in.wo.CityReservationMaskRegistry/]: City planned structures matched chunk 233,-795: 1
[21:21:28] [Worker-Main-6/INFO] [co.ri.ge.sy.ci.in.wo.MinecraftCityWorldgenStructurePlacer/]: Injected City template terrain StructureStart artisan_quarter_fill_006 geomantia:city/stubbs/residential/civilian_house_03 at 233,-795 with datum 75
[21:21:28] [Worker-Main-12/INFO] [co.ri.ge.sy.ci.in.wo.CityReservationMaskRegistry/]: City worldgen structure hook reached planned owner chunk 233,-794 for artisan_quarter_fill_006 (geomantia:city/stubbs/residential/civilian_house_03)
[21:21:28] [Worker-Main-12/INFO] [co.ri.ge.sy.ci.in.wo.CityReservationMaskRegistry/]: City worldgen structure hook reached planned owner chunk 233,-794 for artisan_quarter_fill_006 (geomantia:city/stubbs/residential/civilian_house_03)
[21:21:28] [Worker-Main-12/INFO] [co.ri.ge.sy.ci.in.wo.CityReservationMaskRegistry/]: City planned structures matched chunk 233,-794: 1
[21:21:28] [Worker-Main-12/INFO] [co.ri.ge.sy.ci.in.wo.CityReservationMaskRegistry/]: City worldgen structure hook reached planned owner chunk 233,-793 for artisan_quarter_fill_006 (geomantia:city/stubbs/residential/civilian_house_03)
[21:21:28] [Worker-Main-12/INFO] [co.ri.ge.sy.ci.in.wo.CityReservationMaskRegistry/]: City planned structures matched chunk 233,-793: 1
[21:21:28] [Worker-Main-12/INFO] [co.ri.ge.sy.ci.in.wo.CityReservationMaskRegistry/]: City worldgen structure hook reached planned owner chunk 233,-791 for artisan_quarter_fill_003 (geomantia:city/stubbs/agriculture/farm_storage_house_01)
[21:21:28] [Worker-Main-12/INFO] [co.ri.ge.sy.ci.in.wo.CityReservationMaskRegistry/]: City planned structures matched chunk 233,-791: 1
[21:21:28] [Worker-Main-5/INFO] [co.ri.ge.sy.ci.in.wo.CityReservationMaskRegistry/]: City worldgen structure hook reached planned owner chunk 233,-790 for artisan_quarter_fill_003 (geomantia:city/stubbs/agriculture/farm_storage_house_01)
[21:21:28] [Worker-Main-5/INFO] [co.ri.ge.sy.ci.in.wo.CityReservationMaskRegistry/]: City planned structures matched chunk 233,-790: 1
[21:21:29] [Worker-Main-4/INFO] [co.ri.ge.sy.ci.in.wo.CityReservationMaskRegistry/]: City worldgen structure hook reached planned owner chunk 253,-793 for artisan_quarter_connectivity_019 (geomantia:city/stubbs/commercial/town_workshop_01)
[21:21:29] [Worker-Main-4/INFO] [co.ri.ge.sy.ci.in.wo.CityReservationMaskRegistry/]: City planned structures matched chunk 253,-793: 1
[21:21:29] [Worker-Main-4/INFO] [co.ri.ge.sy.ci.in.wo.MinecraftCityWorldgenStructurePlacer/]: Injected City template terrain StructureStart artisan_quarter_connectivity_019 geomantia:city/stubbs/commercial/town_workshop_01 at 253,-793 with datum 70
[21:21:29] [Worker-Main-12/INFO] [co.ri.ge.sy.ci.in.wo.CityReservationMaskRegistry/]: City worldgen structure hook reached planned owner chunk 253,-792 for artisan_quarter_connectivity_019 (geomantia:city/stubbs/commercial/town_workshop_01)
[21:21:29] [Worker-Main-12/INFO] [co.ri.ge.sy.ci.in.wo.CityReservationMaskRegistry/]: City planned structures matched chunk 253,-792: 1
[21:21:29] [Worker-Main-5/INFO] [co.ri.ge.sy.ci.in.wo.CityReservationMaskRegistry/]: City worldgen structure hook reached planned owner chunk 253,-789 for artisan_quarter_connectivity_016 (geomantia:city/stubbs/agriculture/horse_stall_02)
[21:21:29] [Worker-Main-5/INFO] [co.ri.ge.sy.ci.in.wo.CityReservationMaskRegistry/]: City planned structures matched chunk 253,-789: 1
[21:21:29] [Worker-Main-5/INFO] [co.ri.ge.sy.ci.in.wo.MinecraftCityWorldgenStructurePlacer/]: Injected City template terrain StructureStart artisan_quarter_connectivity_016 geomantia:city/stubbs/agriculture/horse_stall_02 at 253,-789 with datum 71
[21:21:29] [Worker-Main-5/INFO] [co.ri.ge.sy.ci.in.wo.CityReservationMaskRegistry/]: City worldgen structure hook reached planned owner chunk 253,-788 for artisan_quarter_connectivity_016 (geomantia:city/stubbs/agriculture/horse_stall_02)
[21:21:29] [Worker-Main-5/INFO] [co.ri.ge.sy.ci.in.wo.CityReservationMaskRegistry/]: City planned structures matched chunk 253,-788: 1
[21:21:29] [Worker-Main-6/INFO] [co.ri.ge.sy.ci.in.wo.CityReservationMaskRegistry/]: City worldgen structure hook reached planned owner chunk 253,-782 for civic_core_connectivity_046 (geomantia:city/trek_v3/village/swamp_vanilla/houses/swamp_small_house_7)
[21:21:29] [Worker-Main-6/INFO] [co.ri.ge.sy.ci.in.wo.CityReservationMaskRegistry/]: City planned structures matched chunk 253,-782: 1
[21:21:29] [Worker-Main-6/INFO] [co.ri.ge.sy.ci.in.wo.MinecraftCityWorldgenStructurePlacer/]: Injected City template terrain StructureStart civic_core_connectivity_046 geomantia:city/trek_v3/village/swamp_vanilla/houses/swamp_small_house_7 at 253,-782 with datum 72
[21:21:29] [Worker-Main-12/INFO] [co.ri.ge.sy.ci.in.wo.CityReservationMaskRegistry/]: City worldgen structure hook reached planned owner chunk 233,-781 for civic_core_connectivity_065 (geomantia:city/trek_v3/village/desert/houses/desert_farm_3)
[21:21:29] [Worker-Main-12/INFO] [co.ri.ge.sy.ci.in.wo.CityReservationMaskRegistry/]: City planned structures matched chunk 233,-781: 1
[21:21:29] [Worker-Main-4/INFO] [co.ri.ge.sy.ci.in.wo.CityReservationMaskRegistry/]: City worldgen structure hook reached planned owner chunk 253,-781 for civic_core_connectivity_048 (geomantia:city/trek_v3/village/swamp_vanilla/houses/swamp_small_house_6)
[21:21:29] [Worker-Main-4/INFO] [co.ri.ge.sy.ci.in.wo.CityReservationMaskRegistry/]: City planned structures matched chunk 253,-781: 1
[21:21:29] [Worker-Main-3/INFO] [co.ri.ge.sy.ci.in.wo.CityReservationMaskRegistry/]: City worldgen structure hook reached planned owner chunk 234,-780 for civic_core_connectivity_063 (geomantia:city/trek_v3/village/desert/houses/desert_farm_1)
[21:21:29] [Worker-Main-3/INFO] [co.ri.ge.sy.ci.in.wo.CityReservationMaskRegistry/]: City planned structures matched chunk 234,-780: 1
[21:21:29] [Worker-Main-3/INFO] [co.ri.ge.sy.ci.in.wo.MinecraftCityWorldgenStructurePlacer/]: Injected City template terrain StructureStart civic_core_connectivity_063 geomantia:city/trek_v3/village/desert/houses/desert_farm_1 at 234,-780 with datum 71
[21:21:29] [Worker-Main-5/INFO] [co.ri.ge.sy.ci.in.wo.CityReservationMaskRegistry/]: City worldgen structure hook reached planned owner chunk 233,-780 for civic_core_connectivity_064 (geomantia:city/trek_v3/village/desert/houses/desert_farm_2)
[21:21:29] [Worker-Main-5/INFO] [co.ri.ge.sy.ci.in.wo.CityReservationMaskRegistry/]: City planned structures matched chunk 233,-780: 1
[21:21:29] [Worker-Main-5/INFO] [co.ri.ge.sy.ci.in.wo.CityReservationMaskRegistry/]: City worldgen structure hook reached planned owner chunk 235,-780 for civic_core_connectivity_063 (geomantia:city/trek_v3/village/desert/houses/desert_farm_1)
[21:21:29] [Worker-Main-5/INFO] [co.ri.ge.sy.ci.in.wo.CityReservationMaskRegistry/]: City planned structures matched chunk 235,-780: 1
[21:21:29] [Worker-Main-5/INFO] [co.ri.ge.sy.ci.in.wo.CityReservationMaskRegistry/]: City worldgen structure hook reached planned owner chunk 236,-780 for civic_core_connectivity_062 (geomantia:city/trek_v3/village/desert/houses/desert_armorer_1)
[21:21:29] [Worker-Main-5/INFO] [co.ri.ge.sy.ci.in.wo.CityReservationMaskRegistry/]: City planned structures matched chunk 236,-780: 1
[21:21:29] [Worker-Main-14/INFO] [co.ri.ge.sy.ci.in.wo.CityReservationMaskRegistry/]: City worldgen structure hook reached planned owner chunk 253,-780 for civic_core_connectivity_056 (geomantia:city/trek_v3/village/desert/houses/desert_tannery_1)
[21:21:29] [Worker-Main-14/INFO] [co.ri.ge.sy.ci.in.wo.CityReservationMaskRegistry/]: City planned structures matched chunk 253,-780: 1
[21:21:29] [Worker-Main-14/INFO] [co.ri.ge.sy.ci.in.wo.MinecraftCityWorldgenStructurePlacer/]: Injected City template terrain StructureStart civic_core_connectivity_056 geomantia:city/trek_v3/village/desert/houses/desert_tannery_1 at 253,-780 with datum 71
[21:21:29] [Worker-Main-3/INFO] [co.ri.ge.sy.ci.in.wo.CityReservationMaskRegistry/]: City worldgen structure hook reached planned owner chunk 232,-791 for artisan_quarter_fill_003 (geomantia:city/stubbs/agriculture/farm_storage_house_01)
[21:21:29] [Worker-Main-3/INFO] [co.ri.ge.sy.ci.in.wo.CityReservationMaskRegistry/]: City planned structures matched chunk 232,-791: 1
[21:21:29] [Worker-Main-3/INFO] [co.ri.ge.sy.ci.in.wo.MinecraftCityWorldgenStructurePlacer/]: Injected City template terrain StructureStart artisan_quarter_fill_003 geomantia:city/stubbs/agriculture/farm_storage_house_01 at 232,-791 with datum 77
[21:21:29] [Worker-Main-8/INFO] [co.ri.ge.sy.ci.in.wo.CityReservationMaskRegistry/]: City worldgen structure hook reached planned owner chunk 232,-790 for artisan_quarter_fill_003 (geomantia:city/stubbs/agriculture/farm_storage_house_01)
[21:21:29] [Worker-Main-8/INFO] [co.ri.ge.sy.ci.in.wo.CityReservationMaskRegistry/]: City planned structures matched chunk 232,-790: 1
[21:21:29] [Worker-Main-2/INFO] [co.ri.ge.sy.ci.in.wo.CityReservationMaskRegistry/]: City worldgen structure hook reached planned owner chunk 254,-793 for artisan_quarter_connectivity_019 (geomantia:city/stubbs/commercial/town_workshop_01)
[21:21:29] [Worker-Main-2/INFO] [co.ri.ge.sy.ci.in.wo.CityReservationMaskRegistry/]: City planned structures matched chunk 254,-793: 1
[21:21:29] [Worker-Main-2/INFO] [co.ri.ge.sy.ci.in.wo.CityReservationMaskRegistry/]: City worldgen structure hook reached planned owner chunk 254,-792 for artisan_quarter_connectivity_019 (geomantia:city/stubbs/commercial/town_workshop_01)
[21:21:29] [Worker-Main-2/INFO] [co.ri.ge.sy.ci.in.wo.CityReservationMaskRegistry/]: City planned structures matched chunk 254,-792: 1
[21:21:29] [Worker-Main-2/INFO] [co.ri.ge.sy.ci.in.wo.CityReservationMaskRegistry/]: City worldgen structure hook reached planned owner chunk 254,-789 for artisan_quarter_connectivity_016 (geomantia:city/stubbs/agriculture/horse_stall_02)
[21:21:29] [Worker-Main-2/INFO] [co.ri.ge.sy.ci.in.wo.CityReservationMaskRegistry/]: City planned structures matched chunk 254,-789: 1
[21:21:29] [Worker-Main-2/INFO] [co.ri.ge.sy.ci.in.wo.CityReservationMaskRegistry/]: City worldgen structure hook reached planned owner chunk 254,-788 for artisan_quarter_connectivity_016 (geomantia:city/stubbs/agriculture/horse_stall_02)
[21:21:29] [Worker-Main-2/INFO] [co.ri.ge.sy.ci.in.wo.CityReservationMaskRegistry/]: City planned structures matched chunk 254,-788: 1
[21:21:29] [Worker-Main-2/INFO] [co.ri.ge.sy.ci.in.wo.CityReservationMaskRegistry/]: City worldgen structure hook reached planned owner chunk 254,-787 for artisan_quarter_connectivity_020 (geomantia:city/stubbs/agriculture/farm_storage_house_01)
[21:21:29] [Worker-Main-2/INFO] [co.ri.ge.sy.ci.in.wo.CityReservationMaskRegistry/]: City planned structures matched chunk 254,-787: 1
[21:21:29] [Worker-Main-2/INFO] [co.ri.ge.sy.ci.in.wo.MinecraftCityWorldgenStructurePlacer/]: Injected City template terrain StructureStart artisan_quarter_connectivity_020 geomantia:city/stubbs/agriculture/farm_storage_house_01 at 254,-787 with datum 73
[21:21:29] [Worker-Main-2/INFO] [co.ri.ge.sy.ci.in.wo.CityReservationMaskRegistry/]: City worldgen structure hook reached planned owner chunk 254,-786 for artisan_quarter_connectivity_020 (geomantia:city/stubbs/agriculture/farm_storage_house_01)
[21:21:29] [Worker-Main-2/INFO] [co.ri.ge.sy.ci.in.wo.CityReservationMaskRegistry/]: City planned structures matched chunk 254,-786: 1
[21:21:29] [Worker-Main-15/INFO] [co.ri.ge.sy.ci.in.wo.CityReservationMaskRegistry/]: City worldgen structure hook reached planned owner chunk 254,-785 for artisan_quarter_connectivity_020 (geomantia:city/stubbs/agriculture/farm_storage_house_01)
[21:21:29] [Worker-Main-15/INFO] [co.ri.ge.sy.ci.in.wo.CityReservationMaskRegistry/]: City planned structures matched chunk 254,-785: 1
[21:21:29] [Worker-Main-2/INFO] [co.ri.ge.sy.ci.in.wo.CityReservationMaskRegistry/]: City worldgen structure hook reached planned owner chunk 254,-783 for civic_core_connectivity_047 (geomantia:city/trek_v3/village/desert/houses/desert_medium_house_2)
[21:21:29] [Worker-Main-2/INFO] [co.ri.ge.sy.ci.in.wo.CityReservationMaskRegistry/]: City planned structures matched chunk 254,-783: 1
[21:21:29] [Worker-Main-2/INFO] [co.ri.ge.sy.ci.in.wo.MinecraftCityWorldgenStructurePlacer/]: Injected City template terrain StructureStart civic_core_connectivity_047 geomantia:city/trek_v3/village/desert/houses/desert_medium_house_2 at 254,-783 with datum 72
[21:21:29] [Worker-Main-3/INFO] [co.ri.ge.sy.ci.in.wo.CityReservationMaskRegistry/]: City worldgen structure hook reached planned owner chunk 254,-782 for civic_core_connectivity_047 (geomantia:city/trek_v3/village/desert/houses/desert_medium_house_2)
[21:21:29] [Worker-Main-3/INFO] [co.ri.ge.sy.ci.in.wo.CityReservationMaskRegistry/]: City planned structures matched chunk 254,-782: 2
[21:21:29] [Worker-Main-3/INFO] [co.ri.ge.sy.ci.in.wo.MinecraftCityWorldgenStructurePlacer/]: Injected City template terrain StructureStart civic_core_connectivity_050 geomantia:city/trek_v3/village/plains/houses/plains_small_house_1 at 254,-782 with datum 72
[21:21:29] [Worker-Main-8/INFO] [co.ri.ge.sy.ci.in.wo.CityReservationMaskRegistry/]: City worldgen structure hook reached planned owner chunk 232,-781 for civic_core_connectivity_065 (geomantia:city/trek_v3/village/desert/houses/desert_farm_3)
[21:21:29] [Worker-Main-8/INFO] [co.ri.ge.sy.ci.in.wo.CityReservationMaskRegistry/]: City planned structures matched chunk 232,-781: 1
[21:21:29] [Worker-Main-8/INFO] [co.ri.ge.sy.ci.in.wo.MinecraftCityWorldgenStructurePlacer/]: Injected City template terrain StructureStart civic_core_connectivity_065 geomantia:city/trek_v3/village/desert/houses/desert_farm_3 at 232,-781 with datum 72
[21:21:29] [Worker-Main-3/INFO] [co.ri.ge.sy.ci.in.wo.CityReservationMaskRegistry/]: City worldgen structure hook reached planned owner chunk 254,-781 for civic_core_connectivity_050 (geomantia:city/trek_v3/village/plains/houses/plains_small_house_1)
[21:21:29] [Worker-Main-3/INFO] [co.ri.ge.sy.ci.in.wo.CityReservationMaskRegistry/]: City planned structures matched chunk 254,-781: 1
[21:21:29] [Worker-Main-6/INFO] [co.ri.ge.sy.ci.in.wo.CityReservationMaskRegistry/]: City worldgen structure hook reached planned owner chunk 232,-780 for civic_core_connectivity_064 (geomantia:city/trek_v3/village/desert/houses/desert_farm_2)
[21:21:29] [Worker-Main-6/INFO] [co.ri.ge.sy.ci.in.wo.CityReservationMaskRegistry/]: City planned structures matched chunk 232,-780: 1
[21:21:29] [Worker-Main-6/INFO] [co.ri.ge.sy.ci.in.wo.MinecraftCityWorldgenStructurePlacer/]: Injected City template terrain StructureStart civic_core_connectivity_064 geomantia:city/trek_v3/village/desert/houses/desert_farm_2 at 232,-780 with datum 70
[21:21:29] [Worker-Main-1/INFO] [co.ri.ge.sy.ci.in.wo.CityReservationMaskRegistry/]: City worldgen structure hook reached planned owner chunk 232,-779 for civic_core_connectivity_064 (geomantia:city/trek_v3/village/desert/houses/desert_farm_2)
[21:21:29] [Worker-Main-1/INFO] [co.ri.ge.sy.ci.in.wo.CityReservationMaskRegistry/]: City planned structures matched chunk 232,-779: 2
[21:21:29] [Worker-Main-1/INFO] [co.ri.ge.sy.ci.in.wo.MinecraftCityWorldgenStructurePlacer/]: Injected City template terrain StructureStart civic_core_connectivity_066 geomantia:city/trek_v3/village/desert/houses/desert_small_house_7 at 232,-779 with datum 69
[21:21:29] [Worker-Main-2/INFO] [co.ri.ge.sy.ci.in.wo.CityReservationMaskRegistry/]: City worldgen structure hook reached planned owner chunk 233,-779 for civic_core_connectivity_064 (geomantia:city/trek_v3/village/desert/houses/desert_farm_2)
[21:21:29] [Worker-Main-2/INFO] [co.ri.ge.sy.ci.in.wo.CityReservationMaskRegistry/]: City planned structures matched chunk 233,-779: 2
[21:21:29] [Worker-Main-3/INFO] [co.ri.ge.sy.ci.in.wo.CityReservationMaskRegistry/]: City worldgen structure hook reached planned owner chunk 250,-779 for river_market_connectivity_056 (geomantia:city/stubbs/agriculture/farm_storage_house_01)
[21:21:29] [Worker-Main-3/INFO] [co.ri.ge.sy.ci.in.wo.CityReservationMaskRegistry/]: City planned structures matched chunk 250,-779: 1
[21:21:29] [Worker-Main-3/INFO] [co.ri.ge.sy.ci.in.wo.MinecraftCityWorldgenStructurePlacer/]: Injected City template terrain StructureStart river_market_connectivity_056 geomantia:city/stubbs/agriculture/farm_storage_house_01 at 250,-779 with datum 71
[21:21:29] [Worker-Main-2/INFO] [co.ri.ge.sy.ci.in.wo.CityReservationMaskRegistry/]: City worldgen structure hook reached planned owner chunk 251,-779 for river_market_connectivity_056 (geomantia:city/stubbs/agriculture/farm_storage_house_01)
[21:21:29] [Worker-Main-2/INFO] [co.ri.ge.sy.ci.in.wo.CityReservationMaskRegistry/]: City planned structures matched chunk 251,-779: 1
[21:21:29] [Worker-Main-6/INFO] [co.ri.ge.sy.ci.in.wo.CityReservationMaskRegistry/]: City worldgen structure hook reached planned owner chunk 253,-779 for civic_core_connectivity_056 (geomantia:city/trek_v3/village/desert/houses/desert_tannery_1)
[21:21:29] [Worker-Main-6/INFO] [co.ri.ge.sy.ci.in.wo.CityReservationMaskRegistry/]: City planned structures matched chunk 253,-779: 1
[21:21:29] [Worker-Main-14/INFO] [co.ri.ge.sy.ci.in.wo.CityReservationMaskRegistry/]: City worldgen structure hook reached planned owner chunk 254,-779 for civic_core_connectivity_053 (geomantia:city/trek_v3/village/plains/houses/plains_small_house_2)
[21:21:29] [Worker-Main-14/INFO] [co.ri.ge.sy.ci.in.wo.CityReservationMaskRegistry/]: City planned structures matched chunk 254,-779: 1
[21:21:29] [Worker-Main-14/INFO] [co.ri.ge.sy.ci.in.wo.MinecraftCityWorldgenStructurePlacer/]: Injected City template terrain StructureStart civic_core_connectivity_053 geomantia:city/trek_v3/village/plains/houses/plains_small_house_2 at 254,-779 with datum 70
[21:21:30] [Worker-Main-6/INFO] [co.ri.ge.sy.ci.in.wo.CityReservationMaskRegistry/]: Recorded completed City template worldgen placement civic_core_fill_002 geomantia:city/trek_v3/village/swamp_vanilla/houses/swamp_small_house_7 after 2 owner chunks at datum 73
[21:21:30] [Worker-Main-10/INFO] [co.ri.ge.sy.ci.in.wo.CityReservationMaskRegistry/]: City worldgen structure hook reached planned owner chunk 231,-780 for civic_core_connectivity_067 (geomantia:city/trek_v3/village/desert/houses/desert_small_house_6)
[21:21:30] [Worker-Main-10/INFO] [co.ri.ge.sy.ci.in.wo.CityReservationMaskRegistry/]: City planned structures matched chunk 231,-780: 1
[21:21:30] [Worker-Main-10/INFO] [co.ri.ge.sy.ci.in.wo.MinecraftCityWorldgenStructurePlacer/]: Injected City template terrain StructureStart civic_core_connectivity_067 geomantia:city/trek_v3/village/desert/houses/desert_small_house_6 at 231,-780 with datum 66
[21:21:30] [Worker-Main-12/INFO] [co.ri.ge.sy.ci.in.wo.CityReservationMaskRegistry/]: Recorded completed City template worldgen placement civic_core_fill_011 geomantia:city/trek_v3/village/swamp/houses/swamp_shepherd_1 after 2 owner chunks at datum 74
[21:21:30] [Worker-Main-4/INFO] [co.ri.ge.sy.ci.in.wo.CityReservationMaskRegistry/]: Recorded completed City template worldgen placement civic_core_fill_006 geomantia:city/trek_v3/village/plains/houses/plains_small_house_1 after 4 owner chunks at datum 74
[21:21:30] [Server thread/INFO] [minecraft/MinecraftServer]: [Dev: 已将Dev传送至3900.500000, 120.000000, -12639.500000]
[21:21:30] [Server thread/WARN] [minecraft/MinecraftServer]: Can't keep up! Is the server overloaded? Running 3000ms or 60 ticks behind
[21:21:30] [Render thread/INFO] [minecraft/ChatComponent]: [System] [CHAT] 已将Dev传送至3900.500000, 120.000000, -12639.500000
[21:21:30] [Worker-Main-8/INFO] [co.ri.ge.sy.ci.in.wo.CityReservationMaskRegistry/]: City worldgen structure hook reached planned owner chunk 255,-787 for artisan_quarter_connectivity_020 (geomantia:city/stubbs/agriculture/farm_storage_house_01)
[21:21:30] [Worker-Main-8/INFO] [co.ri.ge.sy.ci.in.wo.CityReservationMaskRegistry/]: City planned structures matched chunk 255,-787: 1
[21:21:30] [Worker-Main-11/INFO] [co.ri.ge.sy.ci.in.wo.CityReservationMaskRegistry/]: City worldgen structure hook reached planned owner chunk 255,-786 for artisan_quarter_connectivity_020 (geomantia:city/stubbs/agriculture/farm_storage_house_01)
[21:21:30] [Worker-Main-11/INFO] [co.ri.ge.sy.ci.in.wo.CityReservationMaskRegistry/]: City planned structures matched chunk 255,-786: 1
[21:21:30] [Worker-Main-11/INFO] [co.ri.ge.sy.ci.in.wo.CityReservationMaskRegistry/]: City worldgen structure hook reached planned owner chunk 255,-785 for artisan_quarter_connectivity_020 (geomantia:city/stubbs/agriculture/farm_storage_house_01)
[21:21:30] [Worker-Main-11/INFO] [co.ri.ge.sy.ci.in.wo.CityReservationMaskRegistry/]: City planned structures matched chunk 255,-785: 1
[21:21:30] [Worker-Main-12/INFO] [co.ri.ge.sy.ci.in.wo.CityReservationMaskRegistry/]: City worldgen structure hook reached planned owner chunk 255,-783 for civic_core_connectivity_051 (geomantia:city/trek_v3/village/plains/houses/plains_small_house_4)
[21:21:30] [Worker-Main-12/INFO] [co.ri.ge.sy.ci.in.wo.CityReservationMaskRegistry/]: City planned structures matched chunk 255,-783: 1
[21:21:30] [Worker-Main-12/INFO] [co.ri.ge.sy.ci.in.wo.MinecraftCityWorldgenStructurePlacer/]: Injected City template terrain StructureStart civic_core_connectivity_051 geomantia:city/trek_v3/village/plains/houses/plains_small_house_4 at 255,-783 with datum 76
[21:21:30] [Worker-Main-6/INFO] [co.ri.ge.sy.ci.in.wo.CityReservationMaskRegistry/]: City worldgen structure hook reached planned owner chunk 255,-780 for civic_core_connectivity_052 (geomantia:city/trek_v3/village/desert/houses/desert_medium_house_1)
[21:21:30] [Worker-Main-6/INFO] [co.ri.ge.sy.ci.in.wo.CityReservationMaskRegistry/]: City planned structures matched chunk 255,-780: 1
[21:21:30] [Worker-Main-6/INFO] [co.ri.ge.sy.ci.in.wo.MinecraftCityWorldgenStructurePlacer/]: Injected City template terrain StructureStart civic_core_connectivity_052 geomantia:city/trek_v3/village/desert/houses/desert_medium_house_1 at 255,-780 with datum 74
[21:21:30] [Worker-Main-13/INFO] [co.ri.ge.sy.ci.in.wo.CityReservationMaskRegistry/]: Recorded completed City template worldgen placement civic_core_fill_003 geomantia:city/trek_v3/village/desert/houses/desert_medium_house_2 after 2 owner chunks at datum 74
[21:21:30] [Worker-Main-3/INFO] [co.ri.ge.sy.ci.in.wo.CityReservationMaskRegistry/]: City worldgen structure hook reached planned owner chunk 231,-779 for civic_core_connectivity_068 (geomantia:city/trek_v3/village/desert/houses/desert_small_house_8)
[21:21:30] [Worker-Main-3/INFO] [co.ri.ge.sy.ci.in.wo.CityReservationMaskRegistry/]: City planned structures matched chunk 231,-779: 1
[21:21:30] [Worker-Main-14/INFO] [co.ri.ge.sy.ci.in.wo.CityReservationMaskRegistry/]: City worldgen structure hook reached planned owner chunk 232,-778 for civic_core_connectivity_069 (geomantia:city/trek_v3/village/desert/houses/desert_small_house_1)
[21:21:30] [Worker-Main-14/INFO] [co.ri.ge.sy.ci.in.wo.CityReservationMaskRegistry/]: City planned structures matched chunk 232,-778: 1
[21:21:30] [Worker-Main-14/INFO] [co.ri.ge.sy.ci.in.wo.MinecraftCityWorldgenStructurePlacer/]: Injected City template terrain StructureStart civic_core_connectivity_069 geomantia:city/trek_v3/village/desert/houses/desert_small_house_1 at 232,-778 with datum 68
[21:21:30] [Worker-Main-7/INFO] [co.ri.ge.sy.ci.in.wo.CityReservationMaskRegistry/]: City worldgen structure hook reached planned owner chunk 233,-778 for civic_core_connectivity_069 (geomantia:city/trek_v3/village/desert/houses/desert_small_house_1)
[21:21:30] [Worker-Main-7/INFO] [co.ri.ge.sy.ci.in.wo.CityReservationMaskRegistry/]: City planned structures matched chunk 233,-778: 1
[21:21:30] [RW-Worker-2/INFO] [roadweaver/]: 粗地形区域按 tile 加载: radiusApproxChunks=256 tiles=1089 samples=1050625 step=8 maxTiles=70000
[21:21:30] [Worker-Main-13/INFO] [co.ri.ge.sy.ci.in.wo.CityReservationMaskRegistry/]: Recorded completed City template worldgen placement civic_core_fill_007 geomantia:city/trek_v3/village/plains/houses/plains_small_house_4 after 1 owner chunks at datum 73
[21:21:30] [RW-CoarseTile-3/INFO] [roadweaver/]: OpenCL 粗采样配置未启用，使用 CPU
[21:21:30] [RW-CoarseTile-2/INFO] [roadweaver/]: 粗高度采样使用 CPU
[21:21:30] [Worker-Main-2/INFO] [co.ri.ge.sy.ci.in.wo.CityReservationMaskRegistry/]: City worldgen structure hook reached planned owner chunk 255,-779 for civic_core_connectivity_052 (geomantia:city/trek_v3/village/desert/houses/desert_medium_house_1)
[21:21:30] [Worker-Main-2/INFO] [co.ri.ge.sy.ci.in.wo.CityReservationMaskRegistry/]: City planned structures matched chunk 255,-779: 1
[21:21:30] [Worker-Main-5/INFO] [co.ri.ge.sy.ci.in.wo.CityReservationMaskRegistry/]: City worldgen structure hook reached planned owner chunk 250,-778 for river_market_connectivity_056 (geomantia:city/stubbs/agriculture/farm_storage_house_01)
[21:21:30] [Worker-Main-5/INFO] [co.ri.ge.sy.ci.in.wo.CityReservationMaskRegistry/]: City planned structures matched chunk 250,-778: 1
[21:21:30] [Worker-Main-2/INFO] [co.ri.ge.sy.ci.in.wo.CityReservationMaskRegistry/]: City worldgen structure hook reached planned owner chunk 251,-778 for river_market_connectivity_056 (geomantia:city/stubbs/agriculture/farm_storage_house_01)
[21:21:30] [Worker-Main-2/INFO] [co.ri.ge.sy.ci.in.wo.CityReservationMaskRegistry/]: City planned structures matched chunk 251,-778: 1
[21:21:30] [Worker-Main-3/INFO] [co.ri.ge.sy.ci.in.wo.CityReservationMaskRegistry/]: City worldgen structure hook reached planned owner chunk 230,-779 for civic_core_connectivity_068 (geomantia:city/trek_v3/village/desert/houses/desert_small_house_8)
[21:21:30] [Worker-Main-3/INFO] [co.ri.ge.sy.ci.in.wo.CityReservationMaskRegistry/]: City planned structures matched chunk 230,-779: 1
[21:21:30] [Worker-Main-3/INFO] [co.ri.ge.sy.ci.in.wo.MinecraftCityWorldgenStructurePlacer/]: Injected City template terrain StructureStart civic_core_connectivity_068 geomantia:city/trek_v3/village/desert/houses/desert_small_house_8 at 230,-779 with datum 69
[21:21:30] [Worker-Main-6/INFO] [co.ri.ge.sy.ci.in.wo.CityReservationMaskRegistry/]: City worldgen structure hook reached planned owner chunk 232,-777 for civic_core_connectivity_069 (geomantia:city/trek_v3/village/desert/houses/desert_small_house_1)
[21:21:30] [Worker-Main-6/INFO] [co.ri.ge.sy.ci.in.wo.CityReservationMaskRegistry/]: City planned structures matched chunk 232,-777: 1
[21:21:30] [Worker-Main-8/INFO] [co.ri.ge.sy.ci.in.wo.CityReservationMaskRegistry/]: City worldgen structure hook reached planned owner chunk 229,-779 for west_residential_connectivity_042 (geomantia:city/trek_v3/village/plains/houses/plains_farm_1)
[21:21:30] [Worker-Main-8/INFO] [co.ri.ge.sy.ci.in.wo.CityReservationMaskRegistry/]: City planned structures matched chunk 229,-779: 1
[21:21:30] [Worker-Main-8/INFO] [co.ri.ge.sy.ci.in.wo.CityReservationMaskRegistry/]: City worldgen structure hook reached planned owner chunk 229,-778 for west_residential_connectivity_042 (geomantia:city/trek_v3/village/plains/houses/plains_farm_1)
[21:21:30] [Worker-Main-8/INFO] [co.ri.ge.sy.ci.in.wo.CityReservationMaskRegistry/]: City planned structures matched chunk 229,-778: 1
[21:21:30] [Worker-Main-11/INFO] [co.ri.ge.sy.ci.in.wo.CityReservationMaskRegistry/]: City worldgen structure hook reached planned owner chunk 233,-777 for civic_core_connectivity_069 (geomantia:city/trek_v3/village/desert/houses/desert_small_house_1)
[21:21:30] [Worker-Main-11/INFO] [co.ri.ge.sy.ci.in.wo.CityReservationMaskRegistry/]: City planned structures matched chunk 233,-777: 1
[21:21:30] [RW-Worker-3/INFO] [roadweaver/]: 粗地形区域按 tile 加载: radiusApproxChunks=256 tiles=1089 samples=1050625 step=8 maxTiles=70000
[21:21:31] [Worker-Main-11/INFO] [co.ri.ge.sy.ci.in.wo.CityReservationMaskRegistry/]: Recorded completed City template worldgen placement civic_core_fill_016 geomantia:city/trek_v3/village/desert/houses/desert_butcher_1 after 1 owner chunks at datum 73
[21:21:31] [Worker-Main-15/INFO] [co.ri.ge.sy.ci.in.wo.CityReservationMaskRegistry/]: City worldgen structure hook reached planned owner chunk 228,-779 for west_residential_connectivity_042 (geomantia:city/trek_v3/village/plains/houses/plains_farm_1)
[21:21:31] [Worker-Main-15/INFO] [co.ri.ge.sy.ci.in.wo.CityReservationMaskRegistry/]: City planned structures matched chunk 228,-779: 1
[21:21:31] [Worker-Main-15/INFO] [co.ri.ge.sy.ci.in.wo.MinecraftCityWorldgenStructurePlacer/]: Injected City template terrain StructureStart west_residential_connectivity_042 geomantia:city/trek_v3/village/plains/houses/plains_farm_1 at 228,-779 with datum 69
[21:21:31] [Worker-Main-1/INFO] [co.ri.ge.sy.ci.in.wo.CityReservationMaskRegistry/]: City worldgen structure hook reached planned owner chunk 228,-778 for west_residential_connectivity_042 (geomantia:city/trek_v3/village/plains/houses/plains_farm_1)
[21:21:31] [Worker-Main-1/INFO] [co.ri.ge.sy.ci.in.wo.CityReservationMaskRegistry/]: City planned structures matched chunk 228,-778: 1
[21:21:31] [Worker-Main-1/INFO] [co.ri.ge.sy.ci.in.wo.CityReservationMaskRegistry/]: City worldgen structure hook reached planned owner chunk 228,-777 for west_residential_connectivity_041 (geomantia:city/trek_v3/village/plains/houses/plains_stable_1)
[21:21:31] [Worker-Main-1/INFO] [co.ri.ge.sy.ci.in.wo.CityReservationMaskRegistry/]: City planned structures matched chunk 228,-777: 1
[21:21:31] [Worker-Main-1/INFO] [co.ri.ge.sy.ci.in.wo.MinecraftCityWorldgenStructurePlacer/]: Injected City template terrain StructureStart west_residential_connectivity_041 geomantia:city/trek_v3/village/plains/houses/plains_stable_1 at 228,-777 with datum 67
[21:21:31] [Worker-Main-1/INFO] [co.ri.ge.sy.ci.in.wo.CityReservationMaskRegistry/]: City worldgen structure hook reached planned owner chunk 227,-777 for west_residential_connectivity_038 (geomantia:city/trek_v3/village/desert/houses/desert_weaponsmith_1)
[21:21:31] [Worker-Main-1/INFO] [co.ri.ge.sy.ci.in.wo.CityReservationMaskRegistry/]: City planned structures matched chunk 227,-777: 1
[21:21:31] [Worker-Main-6/INFO] [co.ri.ge.sy.ci.in.wo.CityReservationMaskRegistry/]: City worldgen structure hook reached planned owner chunk 227,-776 for west_residential_connectivity_040 (geomantia:city/trek_v3/village/plains/houses/plains_farm_2)
[21:21:31] [Worker-Main-6/INFO] [co.ri.ge.sy.ci.in.wo.CityReservationMaskRegistry/]: City planned structures matched chunk 227,-776: 1
[21:21:31] [Worker-Main-6/INFO] [co.ri.ge.sy.ci.in.wo.MinecraftCityWorldgenStructurePlacer/]: Injected City template terrain StructureStart west_residential_connectivity_040 geomantia:city/trek_v3/village/plains/houses/plains_farm_2 at 227,-776 with datum 66
[21:21:31] [Worker-Main-10/INFO] [co.ri.ge.sy.ci.in.wo.CityReservationMaskRegistry/]: City worldgen structure hook reached planned owner chunk 227,-775 for west_residential_connectivity_040 (geomantia:city/trek_v3/village/plains/houses/plains_farm_2)
[21:21:31] [Worker-Main-10/INFO] [co.ri.ge.sy.ci.in.wo.CityReservationMaskRegistry/]: City planned structures matched chunk 227,-775: 1
[21:21:31] [Worker-Main-2/INFO] [co.ri.ge.sy.ci.in.wo.CityReservationMaskRegistry/]: City worldgen structure hook reached planned owner chunk 226,-778 for west_residential_connectivity_037 (geomantia:city/trek_v3/village/plains/houses/plains_medium_house_1)
[21:21:31] [Worker-Main-2/INFO] [co.ri.ge.sy.ci.in.wo.CityReservationMaskRegistry/]: City planned structures matched chunk 226,-778: 1
[21:21:31] [Worker-Main-6/INFO] [co.ri.ge.sy.ci.in.wo.CityReservationMaskRegistry/]: City worldgen structure hook reached planned owner chunk 226,-777 for west_residential_connectivity_036 (geomantia:city/trek_v3/village/plains/houses/plains_mason_1)
[21:21:31] [Worker-Main-6/INFO] [co.ri.ge.sy.ci.in.wo.CityReservationMaskRegistry/]: City planned structures matched chunk 226,-777: 3
[21:21:31] [Worker-Main-6/INFO] [co.ri.ge.sy.ci.in.wo.MinecraftCityWorldgenStructurePlacer/]: Injected City template terrain StructureStart west_residential_connectivity_038 geomantia:city/trek_v3/village/desert/houses/desert_weaponsmith_1 at 226,-777 with datum 68
[21:21:31] [Worker-Main-6/INFO] [co.ri.ge.sy.ci.in.wo.CityReservationMaskRegistry/]: City worldgen structure hook reached planned owner chunk 226,-776 for west_residential_connectivity_036 (geomantia:city/trek_v3/village/plains/houses/plains_mason_1)
[21:21:31] [Worker-Main-6/INFO] [co.ri.ge.sy.ci.in.wo.CityReservationMaskRegistry/]: City planned structures matched chunk 226,-776: 1
[21:21:31] [Render thread/INFO] [minecraft/AdvancementList]: Loaded 50 advancements
[21:21:31] [Worker-Main-7/INFO] [co.ri.ge.sy.ci.in.wo.CityReservationMaskRegistry/]: City worldgen structure hook reached planned owner chunk 225,-778 for west_residential_connectivity_037 (geomantia:city/trek_v3/village/plains/houses/plains_medium_house_1)
[21:21:31] [Worker-Main-7/INFO] [co.ri.ge.sy.ci.in.wo.CityReservationMaskRegistry/]: City planned structures matched chunk 225,-778: 1
[21:21:31] [Worker-Main-7/INFO] [co.ri.ge.sy.ci.in.wo.MinecraftCityWorldgenStructurePlacer/]: Injected City template terrain StructureStart west_residential_connectivity_037 geomantia:city/trek_v3/village/plains/houses/plains_medium_house_1 at 225,-778 with datum 68
[21:21:31] [Worker-Main-12/INFO] [co.ri.ge.sy.ci.in.wo.CityReservationMaskRegistry/]: City worldgen structure hook reached planned owner chunk 225,-777 for west_residential_connectivity_036 (geomantia:city/trek_v3/village/plains/houses/plains_mason_1)
[21:21:31] [Worker-Main-12/INFO] [co.ri.ge.sy.ci.in.wo.CityReservationMaskRegistry/]: City planned structures matched chunk 225,-777: 2
[21:21:31] [Worker-Main-12/INFO] [co.ri.ge.sy.ci.in.wo.MinecraftCityWorldgenStructurePlacer/]: Injected City template terrain StructureStart west_residential_connectivity_036 geomantia:city/trek_v3/village/plains/houses/plains_mason_1 at 225,-777 with datum 67
[21:21:31] [Worker-Main-8/INFO] [co.ri.ge.sy.ci.in.wo.CityReservationMaskRegistry/]: City worldgen structure hook reached planned owner chunk 225,-776 for west_residential_connectivity_036 (geomantia:city/trek_v3/village/plains/houses/plains_mason_1)
[21:21:31] [Worker-Main-8/INFO] [co.ri.ge.sy.ci.in.wo.CityReservationMaskRegistry/]: City planned structures matched chunk 225,-776: 1
[21:21:31] [Worker-Main-8/INFO] [co.ri.ge.sy.ci.in.wo.CityReservationMaskRegistry/]: City worldgen structure hook reached planned owner chunk 225,-775 for west_residential_connectivity_039 (geomantia:city/trek_v3/village/plains/houses/plains_tannery_1)
[21:21:31] [Worker-Main-8/INFO] [co.ri.ge.sy.ci.in.wo.CityReservationMaskRegistry/]: City planned structures matched chunk 225,-775: 1
[21:21:31] [Worker-Main-8/INFO] [co.ri.ge.sy.ci.in.wo.MinecraftCityWorldgenStructurePlacer/]: Injected City template terrain StructureStart west_residential_connectivity_039 geomantia:city/trek_v3/village/plains/houses/plains_tannery_1 at 225,-775 with datum 65
[21:21:31] [Worker-Main-2/INFO] [co.ri.ge.sy.ci.in.wo.CityReservationMaskRegistry/]: City worldgen structure hook reached planned owner chunk 225,-774 for west_residential_connectivity_039 (geomantia:city/trek_v3/village/plains/houses/plains_tannery_1)
[21:21:31] [Worker-Main-2/INFO] [co.ri.ge.sy.ci.in.wo.CityReservationMaskRegistry/]: City planned structures matched chunk 225,-774: 1
[21:21:31] [Worker-Main-1/INFO] [co.ri.ge.sy.ci.in.wo.CityReservationMaskRegistry/]: City worldgen structure hook reached planned owner chunk 224,-777 for west_residential_connectivity_034 (geomantia:city/trek_v3/village/plains/houses/plains_toolsmith_1)
[21:21:31] [Worker-Main-1/INFO] [co.ri.ge.sy.ci.in.wo.CityReservationMaskRegistry/]: City planned structures matched chunk 224,-777: 1
[21:21:31] [Worker-Main-1/INFO] [co.ri.ge.sy.ci.in.wo.CityReservationMaskRegistry/]: City worldgen structure hook reached planned owner chunk 224,-776 for west_residential_connectivity_034 (geomantia:city/trek_v3/village/plains/houses/plains_toolsmith_1)
[21:21:31] [Worker-Main-1/INFO] [co.ri.ge.sy.ci.in.wo.CityReservationMaskRegistry/]: City planned structures matched chunk 224,-776: 1
[21:21:31] [Worker-Main-14/INFO] [co.ri.ge.sy.ci.in.wo.CityReservationMaskRegistry/]: City worldgen structure hook reached planned owner chunk 224,-773 for river_market_connectivity_048 (geomantia:city/trek_v3/village/plains/houses/plains_mason_1)
[21:21:31] [Worker-Main-14/INFO] [co.ri.ge.sy.ci.in.wo.CityReservationMaskRegistry/]: City planned structures matched chunk 224,-773: 1
[21:21:31] [Worker-Main-14/INFO] [co.ri.ge.sy.ci.in.wo.CityReservationMaskRegistry/]: City worldgen structure hook reached planned owner chunk 224,-772 for river_market_connectivity_047 (geomantia:city/trek_v3/village/desert/houses/desert_mason_1)
[21:21:31] [Worker-Main-14/INFO] [co.ri.ge.sy.ci.in.wo.CityReservationMaskRegistry/]: City planned structures matched chunk 224,-772: 1
[21:21:31] [Worker-Main-14/INFO] [co.ri.ge.sy.ci.in.wo.CityReservationMaskRegistry/]: City worldgen structure hook reached planned owner chunk 224,-771 for river_market_connectivity_049 (geomantia:city/trek_v3/village/plains/houses/plains_medium_house_1)
[21:21:31] [Worker-Main-14/INFO] [co.ri.ge.sy.ci.in.wo.CityReservationMaskRegistry/]: City planned structures matched chunk 224,-771: 1
[21:21:31] [Worker-Main-10/INFO] [co.ri.ge.sy.ci.in.wo.CityReservationMaskRegistry/]: City worldgen structure hook reached planned owner chunk 226,-771 for river_market_connectivity_046 (geomantia:city/trek_v3/village/plains/houses/plains_toolsmith_1)
[21:21:31] [Worker-Main-10/INFO] [co.ri.ge.sy.ci.in.wo.CityReservationMaskRegistry/]: City planned structures matched chunk 226,-771: 1
[21:21:31] [Worker-Main-10/INFO] [co.ri.ge.sy.ci.in.wo.MinecraftCityWorldgenStructurePlacer/]: Injected City template terrain StructureStart river_market_connectivity_046 geomantia:city/trek_v3/village/plains/houses/plains_toolsmith_1 at 226,-771 with datum 64
[21:21:31] [Worker-Main-6/INFO] [co.ri.ge.sy.ci.in.wo.CityReservationMaskRegistry/]: City worldgen structure hook reached planned owner chunk 227,-771 for river_market_connectivity_046 (geomantia:city/trek_v3/village/plains/houses/plains_toolsmith_1)
[21:21:31] [Worker-Main-6/INFO] [co.ri.ge.sy.ci.in.wo.CityReservationMaskRegistry/]: City planned structures matched chunk 227,-771: 1
[21:21:31] [Worker-Main-10/INFO] [co.ri.ge.sy.ci.in.wo.CityReservationMaskRegistry/]: City worldgen structure hook reached planned owner chunk 223,-777 for west_residential_connectivity_034 (geomantia:city/trek_v3/village/plains/houses/plains_toolsmith_1)
[21:21:31] [Worker-Main-10/INFO] [co.ri.ge.sy.ci.in.wo.CityReservationMaskRegistry/]: City planned structures matched chunk 223,-777: 1
[21:21:32] [Worker-Main-10/INFO] [co.ri.ge.sy.ci.in.wo.MinecraftCityWorldgenStructurePlacer/]: Injected City template terrain StructureStart west_residential_connectivity_034 geomantia:city/trek_v3/village/plains/houses/plains_toolsmith_1 at 223,-777 with datum 66
[21:21:32] [Worker-Main-10/INFO] [co.ri.ge.sy.ci.in.wo.CityReservationMaskRegistry/]: City worldgen structure hook reached planned owner chunk 223,-776 for west_residential_connectivity_034 (geomantia:city/trek_v3/village/plains/houses/plains_toolsmith_1)
[21:21:32] [Worker-Main-10/INFO] [co.ri.ge.sy.ci.in.wo.CityReservationMaskRegistry/]: City planned structures matched chunk 223,-776: 1
[21:21:32] [Worker-Main-10/INFO] [co.ri.ge.sy.ci.in.wo.CityReservationMaskRegistry/]: City worldgen structure hook reached planned owner chunk 223,-775 for west_residential_connectivity_031 (geomantia:city/trek_v3/village/desert/houses/desert_small_house_5)
[21:21:32] [Worker-Main-10/INFO] [co.ri.ge.sy.ci.in.wo.CityReservationMaskRegistry/]: City planned structures matched chunk 223,-775: 1
[21:21:32] [Worker-Main-10/INFO] [co.ri.ge.sy.ci.in.wo.CityReservationMaskRegistry/]: City worldgen structure hook reached planned owner chunk 223,-773 for river_market_connectivity_048 (geomantia:city/trek_v3/village/plains/houses/plains_mason_1)
[21:21:32] [Worker-Main-10/INFO] [co.ri.ge.sy.ci.in.wo.CityReservationMaskRegistry/]: City planned structures matched chunk 223,-773: 1
[21:21:32] [Worker-Main-10/INFO] [co.ri.ge.sy.ci.in.wo.MinecraftCityWorldgenStructurePlacer/]: Injected City template terrain StructureStart river_market_connectivity_048 geomantia:city/trek_v3/village/plains/houses/plains_mason_1 at 223,-773 with datum 64
[21:21:32] [Worker-Main-14/INFO] [co.ri.ge.sy.ci.in.wo.CityReservationMaskRegistry/]: City worldgen structure hook reached planned owner chunk 223,-772 for river_market_connectivity_047 (geomantia:city/trek_v3/village/desert/houses/desert_mason_1)
[21:21:32] [Worker-Main-14/INFO] [co.ri.ge.sy.ci.in.wo.CityReservationMaskRegistry/]: City planned structures matched chunk 223,-772: 1
[21:21:32] [Worker-Main-14/INFO] [co.ri.ge.sy.ci.in.wo.MinecraftCityWorldgenStructurePlacer/]: Injected City template terrain StructureStart river_market_connectivity_047 geomantia:city/trek_v3/village/desert/houses/desert_mason_1 at 223,-772 with datum 64
[21:21:32] [Worker-Main-15/INFO] [co.ri.ge.sy.ci.in.wo.CityReservationMaskRegistry/]: City worldgen structure hook reached planned owner chunk 223,-771 for river_market_connectivity_049 (geomantia:city/trek_v3/village/plains/houses/plains_medium_house_1)
[21:21:32] [Worker-Main-15/INFO] [co.ri.ge.sy.ci.in.wo.CityReservationMaskRegistry/]: City planned structures matched chunk 223,-771: 1
[21:21:32] [Worker-Main-15/INFO] [co.ri.ge.sy.ci.in.wo.MinecraftCityWorldgenStructurePlacer/]: Injected City template terrain StructureStart river_market_connectivity_049 geomantia:city/trek_v3/village/plains/houses/plains_medium_house_1 at 223,-771 with datum 64
[21:21:32] [Worker-Main-15/INFO] [co.ri.ge.sy.ci.in.wo.CityReservationMaskRegistry/]: City worldgen structure hook reached planned owner chunk 223,-770 for river_market_connectivity_049 (geomantia:city/trek_v3/village/plains/houses/plains_medium_house_1)
[21:21:32] [Worker-Main-15/INFO] [co.ri.ge.sy.ci.in.wo.CityReservationMaskRegistry/]: City planned structures matched chunk 223,-770: 2
[21:21:32] [Worker-Main-15/INFO] [co.ri.ge.sy.ci.in.wo.MinecraftCityWorldgenStructurePlacer/]: Injected City template terrain StructureStart river_market_connectivity_051 geomantia:city/trek_v3/village/plains/houses/plains_tannery_1 at 223,-770 with datum 64
[21:21:32] [Worker-Main-10/INFO] [co.ri.ge.sy.ci.in.wo.CityReservationMaskRegistry/]: City worldgen structure hook reached planned owner chunk 224,-770 for river_market_connectivity_049 (geomantia:city/trek_v3/village/plains/houses/plains_medium_house_1)
[21:21:32] [Worker-Main-10/INFO] [co.ri.ge.sy.ci.in.wo.CityReservationMaskRegistry/]: City planned structures matched chunk 224,-770: 2
[21:21:32] [Worker-Main-14/INFO] [co.ri.ge.sy.ci.in.wo.CityReservationMaskRegistry/]: City worldgen structure hook reached planned owner chunk 226,-770 for river_market_connectivity_046 (geomantia:city/trek_v3/village/plains/houses/plains_toolsmith_1)
[21:21:32] [Worker-Main-14/INFO] [co.ri.ge.sy.ci.in.wo.CityReservationMaskRegistry/]: City planned structures matched chunk 226,-770: 1
[21:21:32] [Worker-Main-15/INFO] [co.ri.ge.sy.ci.in.wo.CityReservationMaskRegistry/]: City worldgen structure hook reached planned owner chunk 227,-770 for river_market_connectivity_043 (geomantia:city/trek_v3/village/desert/houses/desert_small_house_5)
[21:21:32] [Worker-Main-15/INFO] [co.ri.ge.sy.ci.in.wo.CityReservationMaskRegistry/]: City planned structures matched chunk 227,-770: 2
[21:21:32] [Worker-Main-15/INFO] [co.ri.ge.sy.ci.in.wo.MinecraftCityWorldgenStructurePlacer/]: Injected City template terrain StructureStart river_market_connectivity_043 geomantia:city/trek_v3/village/desert/houses/desert_small_house_5 at 227,-770 with datum 64
[21:21:32] [Worker-Main-10/INFO] [co.ri.ge.sy.ci.in.wo.CityReservationMaskRegistry/]: City worldgen structure hook reached planned owner chunk 228,-770 for river_market_connectivity_043 (geomantia:city/trek_v3/village/desert/houses/desert_small_house_5)
[21:21:32] [Worker-Main-10/INFO] [co.ri.ge.sy.ci.in.wo.CityReservationMaskRegistry/]: City planned structures matched chunk 228,-770: 1
[21:21:32] [Worker-Main-14/INFO] [co.ri.ge.sy.ci.in.wo.CityReservationMaskRegistry/]: City worldgen structure hook reached planned owner chunk 222,-775 for west_residential_connectivity_031 (geomantia:city/trek_v3/village/desert/houses/desert_small_house_5)
[21:21:32] [Worker-Main-14/INFO] [co.ri.ge.sy.ci.in.wo.CityReservationMaskRegistry/]: City planned structures matched chunk 222,-775: 1
[21:21:32] [Worker-Main-14/INFO] [co.ri.ge.sy.ci.in.wo.MinecraftCityWorldgenStructurePlacer/]: Injected City template terrain StructureStart west_residential_connectivity_031 geomantia:city/trek_v3/village/desert/houses/desert_small_house_5 at 222,-775 with datum 65
[21:21:32] [Worker-Main-2/INFO] [co.ri.ge.sy.ci.in.wo.CityReservationMaskRegistry/]: City worldgen structure hook reached planned owner chunk 222,-772 for river_market_connectivity_050 (geomantia:city/trek_v3/village/desert/houses/desert_weaponsmith_1)
[21:21:32] [Worker-Main-2/INFO] [co.ri.ge.sy.ci.in.wo.CityReservationMaskRegistry/]: City planned structures matched chunk 222,-772: 1
[21:21:32] [Worker-Main-2/INFO] [co.ri.ge.sy.ci.in.wo.MinecraftCityWorldgenStructurePlacer/]: Injected City template terrain StructureStart river_market_connectivity_050 geomantia:city/trek_v3/village/desert/houses/desert_weaponsmith_1 at 222,-772 with datum 64
[21:21:32] [Worker-Main-2/INFO] [co.ri.ge.sy.ci.in.wo.CityReservationMaskRegistry/]: City worldgen structure hook reached planned owner chunk 223,-769 for river_market_connectivity_051 (geomantia:city/trek_v3/village/plains/houses/plains_tannery_1)
[21:21:32] [Worker-Main-2/INFO] [co.ri.ge.sy.ci.in.wo.CityReservationMaskRegistry/]: City planned structures matched chunk 223,-769: 1
[21:21:32] [Worker-Main-15/INFO] [co.ri.ge.sy.ci.in.wo.CityReservationMaskRegistry/]: City worldgen structure hook reached planned owner chunk 224,-769 for river_market_connectivity_051 (geomantia:city/trek_v3/village/plains/houses/plains_tannery_1)
[21:21:32] [Worker-Main-15/INFO] [co.ri.ge.sy.ci.in.wo.CityReservationMaskRegistry/]: City planned structures matched chunk 224,-769: 1
[21:21:32] [Worker-Main-14/INFO] [co.ri.ge.sy.ci.in.wo.CityReservationMaskRegistry/]: City worldgen structure hook reached planned owner chunk 225,-769 for river_market_connectivity_045 (geomantia:city/trek_v3/village/plains/houses/plains_butcher_1)
[21:21:32] [Worker-Main-14/INFO] [co.ri.ge.sy.ci.in.wo.CityReservationMaskRegistry/]: City planned structures matched chunk 225,-769: 1
[21:21:32] [Worker-Main-14/INFO] [co.ri.ge.sy.ci.in.wo.MinecraftCityWorldgenStructurePlacer/]: Injected City template terrain StructureStart river_market_connectivity_045 geomantia:city/trek_v3/village/plains/houses/plains_butcher_1 at 225,-769 with datum 64
[21:21:32] [Worker-Main-2/INFO] [co.ri.ge.sy.ci.in.wo.CityReservationMaskRegistry/]: City worldgen structure hook reached planned owner chunk 226,-769 for river_market_connectivity_045 (geomantia:city/trek_v3/village/plains/houses/plains_butcher_1)
[21:21:32] [Worker-Main-2/INFO] [co.ri.ge.sy.ci.in.wo.CityReservationMaskRegistry/]: City planned structures matched chunk 226,-769: 1
[21:21:32] [Worker-Main-2/INFO] [co.ri.ge.sy.ci.in.wo.CityReservationMaskRegistry/]: City worldgen structure hook reached planned owner chunk 221,-777 for west_residential_connectivity_033 (geomantia:city/trek_v3/village/plains/houses/plains_butcher_1)
[21:21:32] [Worker-Main-2/INFO] [co.ri.ge.sy.ci.in.wo.CityReservationMaskRegistry/]: City planned structures matched chunk 221,-777: 1
[21:21:32] [Worker-Main-2/INFO] [co.ri.ge.sy.ci.in.wo.CityReservationMaskRegistry/]: City worldgen structure hook reached planned owner chunk 221,-775 for west_residential_connectivity_030 (geomantia:city/trek_v3/village/desert/houses/desert_small_house_2)
[21:21:32] [Worker-Main-2/INFO] [co.ri.ge.sy.ci.in.wo.CityReservationMaskRegistry/]: City planned structures matched chunk 221,-775: 1
[21:21:32] [Worker-Main-2/INFO] [co.ri.ge.sy.ci.in.wo.MinecraftCityWorldgenStructurePlacer/]: Injected City template terrain StructureStart west_residential_connectivity_030 geomantia:city/trek_v3/village/desert/houses/desert_small_house_2 at 221,-775 with datum 65
[21:21:32] [Worker-Main-10/INFO] [co.ri.ge.sy.ci.in.wo.CityReservationMaskRegistry/]: City worldgen structure hook reached planned owner chunk 221,-773 for river_market_connectivity_052 (geomantia:city/trek_v3/village/plains/houses/plains_farm_2)
[21:21:32] [Worker-Main-10/INFO] [co.ri.ge.sy.ci.in.wo.CityReservationMaskRegistry/]: City planned structures matched chunk 221,-773: 1
[21:21:32] [Worker-Main-10/INFO] [co.ri.ge.sy.ci.in.wo.MinecraftCityWorldgenStructurePlacer/]: Injected City template terrain StructureStart river_market_connectivity_052 geomantia:city/trek_v3/village/plains/houses/plains_farm_2 at 221,-773 with datum 64
[21:21:32] [Worker-Main-2/INFO] [co.ri.ge.sy.ci.in.wo.CityReservationMaskRegistry/]: City worldgen structure hook reached planned owner chunk 221,-771 for west_residential_connectivity_032 (geomantia:city/trek_v3/village/desert/houses/desert_small_house_4)
[21:21:32] [Worker-Main-2/INFO] [co.ri.ge.sy.ci.in.wo.CityReservationMaskRegistry/]: City planned structures matched chunk 221,-771: 1
[21:21:32] [Worker-Main-2/INFO] [co.ri.ge.sy.ci.in.wo.MinecraftCityWorldgenStructurePlacer/]: Injected City template terrain StructureStart west_residential_connectivity_032 geomantia:city/trek_v3/village/desert/houses/desert_small_house_4 at 221,-771 with datum 64
[21:21:32] [Worker-Main-2/INFO] [co.ri.ge.sy.ci.in.wo.CityReservationMaskRegistry/]: City worldgen structure hook reached planned owner chunk 221,-770 for west_residential_connectivity_035 (geomantia:city/trek_v3/village/desert/houses/desert_mason_1)
[21:21:32] [Worker-Main-2/INFO] [co.ri.ge.sy.ci.in.wo.CityReservationMaskRegistry/]: City planned structures matched chunk 221,-770: 1
[21:21:32] [Worker-Main-2/INFO] [co.ri.ge.sy.ci.in.wo.MinecraftCityWorldgenStructurePlacer/]: Injected City template terrain StructureStart west_residential_connectivity_035 geomantia:city/trek_v3/village/desert/houses/desert_mason_1 at 221,-770 with datum 64
[21:21:32] [Worker-Main-14/INFO] [co.ri.ge.sy.ci.in.wo.CityReservationMaskRegistry/]: City worldgen structure hook reached planned owner chunk 221,-769 for west_residential_connectivity_035 (geomantia:city/trek_v3/village/desert/houses/desert_mason_1)
[21:21:32] [Worker-Main-14/INFO] [co.ri.ge.sy.ci.in.wo.CityReservationMaskRegistry/]: City planned structures matched chunk 221,-769: 1
[21:21:32] [Worker-Main-10/INFO] [co.ri.ge.sy.ci.in.wo.CityReservationMaskRegistry/]: City worldgen structure hook reached planned owner chunk 225,-768 for river_market_connectivity_045 (geomantia:city/trek_v3/village/plains/houses/plains_butcher_1)
[21:21:32] [Worker-Main-10/INFO] [co.ri.ge.sy.ci.in.wo.CityReservationMaskRegistry/]: City planned structures matched chunk 225,-768: 1
[21:21:32] [Worker-Main-10/INFO] [co.ri.ge.sy.ci.in.wo.CityReservationMaskRegistry/]: City worldgen structure hook reached planned owner chunk 226,-768 for river_market_connectivity_045 (geomantia:city/trek_v3/village/plains/houses/plains_butcher_1)
[21:21:32] [Worker-Main-10/INFO] [co.ri.ge.sy.ci.in.wo.CityReservationMaskRegistry/]: City planned structures matched chunk 226,-768: 1
[21:21:32] [Worker-Main-10/INFO] [co.ri.ge.sy.ci.in.wo.CityReservationMaskRegistry/]: City worldgen structure hook reached planned owner chunk 227,-768 for river_market_connectivity_041 (geomantia:city/trek_v3/village/desert/houses/desert_small_house_3)
[21:21:32] [Worker-Main-10/INFO] [co.ri.ge.sy.ci.in.wo.CityReservationMaskRegistry/]: City planned structures matched chunk 227,-768: 1
[21:21:32] [Worker-Main-10/INFO] [co.ri.ge.sy.ci.in.wo.MinecraftCityWorldgenStructurePlacer/]: Injected City template terrain StructureStart river_market_connectivity_041 geomantia:city/trek_v3/village/desert/houses/desert_small_house_3 at 227,-768 with datum 64
[21:21:32] [Worker-Main-2/INFO] [co.ri.ge.sy.ci.in.wo.CityReservationMaskRegistry/]: City worldgen structure hook reached planned owner chunk 228,-768 for river_market_connectivity_041 (geomantia:city/trek_v3/village/desert/houses/desert_small_house_3)
[21:21:32] [Worker-Main-2/INFO] [co.ri.ge.sy.ci.in.wo.CityReservationMaskRegistry/]: City planned structures matched chunk 228,-768: 1
[21:21:32] [Worker-Main-10/INFO] [co.ri.ge.sy.ci.in.wo.CityReservationMaskRegistry/]: City worldgen structure hook reached planned owner chunk 231,-768 for river_market_connectivity_039 (geomantia:city/trek_v3/village/desert/houses/desert_small_house_8)
[21:21:32] [Worker-Main-10/INFO] [co.ri.ge.sy.ci.in.wo.CityReservationMaskRegistry/]: City planned structures matched chunk 231,-768: 1
[21:21:32] [Worker-Main-10/INFO] [co.ri.ge.sy.ci.in.wo.MinecraftCityWorldgenStructurePlacer/]: Injected City template terrain StructureStart river_market_connectivity_039 geomantia:city/trek_v3/village/desert/houses/desert_small_house_8 at 231,-768 with datum 64
[21:21:32] [Worker-Main-2/INFO] [co.ri.ge.sy.ci.in.wo.CityReservationMaskRegistry/]: City worldgen structure hook reached planned owner chunk 232,-768 for river_market_connectivity_039 (geomantia:city/trek_v3/village/desert/houses/desert_small_house_8)
[21:21:32] [Worker-Main-2/INFO] [co.ri.ge.sy.ci.in.wo.CityReservationMaskRegistry/]: City planned structures matched chunk 232,-768: 1
[21:21:33] [Worker-Main-10/INFO] [co.ri.ge.sy.ci.in.wo.CityReservationMaskRegistry/]: City worldgen structure hook reached planned owner chunk 220,-777 for west_residential_connectivity_033 (geomantia:city/trek_v3/village/plains/houses/plains_butcher_1)
[21:21:33] [Worker-Main-10/INFO] [co.ri.ge.sy.ci.in.wo.CityReservationMaskRegistry/]: City planned structures matched chunk 220,-777: 1
[21:21:33] [Worker-Main-10/INFO] [co.ri.ge.sy.ci.in.wo.MinecraftCityWorldgenStructurePlacer/]: Injected City template terrain StructureStart west_residential_connectivity_033 geomantia:city/trek_v3/village/plains/houses/plains_butcher_1 at 220,-777 with datum 66
[21:21:33] [Worker-Main-5/INFO] [co.ri.ge.sy.ci.in.wo.CityReservationMaskRegistry/]: City worldgen structure hook reached planned owner chunk 220,-774 for west_residential_connectivity_029 (geomantia:city/trek_v3/village/desert/houses/desert_small_house_3)
[21:21:33] [Worker-Main-5/INFO] [co.ri.ge.sy.ci.in.wo.CityReservationMaskRegistry/]: City planned structures matched chunk 220,-774: 1
[21:21:33] [Worker-Main-5/INFO] [co.ri.ge.sy.ci.in.wo.CityReservationMaskRegistry/]: City worldgen structure hook reached planned owner chunk 220,-773 for west_residential_connectivity_029 (geomantia:city/trek_v3/village/desert/houses/desert_small_house_3)
[21:21:33] [Worker-Main-5/INFO] [co.ri.ge.sy.ci.in.wo.CityReservationMaskRegistry/]: City planned structures matched chunk 220,-773: 1
[21:21:33] [Worker-Main-11/INFO] [co.ri.ge.sy.ci.in.wo.CityReservationMaskRegistry/]: City worldgen structure hook reached planned owner chunk 226,-767 for river_market_connectivity_042 (geomantia:city/trek_v3/village/desert/houses/desert_small_house_2)
[21:21:33] [Worker-Main-11/INFO] [co.ri.ge.sy.ci.in.wo.CityReservationMaskRegistry/]: City planned structures matched chunk 226,-767: 1
[21:21:33] [Worker-Main-11/INFO] [co.ri.ge.sy.ci.in.wo.MinecraftCityWorldgenStructurePlacer/]: Injected City template terrain StructureStart river_market_connectivity_042 geomantia:city/trek_v3/village/desert/houses/desert_small_house_2 at 226,-767 with datum 64
[21:21:33] [Worker-Main-2/INFO] [co.ri.ge.sy.ci.in.wo.CityReservationMaskRegistry/]: City worldgen structure hook reached planned owner chunk 227,-767 for river_market_connectivity_044 (geomantia:city/trek_v3/village/desert/houses/desert_small_house_4)
[21:21:33] [Worker-Main-2/INFO] [co.ri.ge.sy.ci.in.wo.CityReservationMaskRegistry/]: City planned structures matched chunk 227,-767: 1
[21:21:33] [Worker-Main-2/INFO] [co.ri.ge.sy.ci.in.wo.MinecraftCityWorldgenStructurePlacer/]: Injected City template terrain StructureStart river_market_connectivity_044 geomantia:city/trek_v3/village/desert/houses/desert_small_house_4 at 227,-767 with datum 64
[21:21:33] [Worker-Main-15/INFO] [co.ri.ge.sy.ci.in.wo.CityReservationMaskRegistry/]: City worldgen structure hook reached planned owner chunk 228,-767 for river_market_connectivity_044 (geomantia:city/trek_v3/village/desert/houses/desert_small_house_4)
[21:21:33] [Worker-Main-15/INFO] [co.ri.ge.sy.ci.in.wo.CityReservationMaskRegistry/]: City planned structures matched chunk 228,-767: 1
[21:21:33] [Worker-Main-2/INFO] [co.ri.ge.sy.ci.in.wo.CityReservationMaskRegistry/]: City worldgen structure hook reached planned owner chunk 230,-767 for river_market_connectivity_038 (geomantia:city/trek_v3/village/desert/houses/desert_small_house_6)
[21:21:33] [Worker-Main-2/INFO] [co.ri.ge.sy.ci.in.wo.CityReservationMaskRegistry/]: City planned structures matched chunk 230,-767: 1
[21:21:33] [Worker-Main-2/INFO] [co.ri.ge.sy.ci.in.wo.MinecraftCityWorldgenStructurePlacer/]: Injected City template terrain StructureStart river_market_connectivity_038 geomantia:city/trek_v3/village/desert/houses/desert_small_house_6 at 230,-767 with datum 64
[21:21:33] [Worker-Main-8/INFO] [co.ri.ge.sy.ci.in.wo.CityReservationMaskRegistry/]: City worldgen structure hook reached planned owner chunk 232,-767 for river_market_connectivity_036 (geomantia:city/trek_v3/village/desert/houses/desert_farm_3)
[21:21:33] [Worker-Main-8/INFO] [co.ri.ge.sy.ci.in.wo.CityReservationMaskRegistry/]: City planned structures matched chunk 232,-767: 1
[21:21:33] [Worker-Main-8/INFO] [co.ri.ge.sy.ci.in.wo.MinecraftCityWorldgenStructurePlacer/]: Injected City template terrain StructureStart river_market_connectivity_036 geomantia:city/trek_v3/village/desert/houses/desert_farm_3 at 232,-767 with datum 64
[21:21:33] [Worker-Main-13/INFO] [co.ri.ge.sy.ci.in.wo.CityReservationMaskRegistry/]: City worldgen structure hook reached planned owner chunk 254,-778 for civic_core_connectivity_053 (geomantia:city/trek_v3/village/plains/houses/plains_small_house_2)
[21:21:33] [Worker-Main-13/INFO] [co.ri.ge.sy.ci.in.wo.CityReservationMaskRegistry/]: City planned structures matched chunk 254,-778: 1
[21:21:33] [Worker-Main-12/INFO] [co.ri.ge.sy.ci.in.wo.CityReservationMaskRegistry/]: Recorded completed City template worldgen placement civic_core_connectivity_068 geomantia:city/trek_v3/village/desert/houses/desert_small_house_8 after 2 owner chunks at datum 69
[21:21:33] [Worker-Main-13/INFO] [co.ri.ge.sy.ci.in.wo.CityReservationMaskRegistry/]: Recorded completed City template worldgen placement civic_core_fill_008 geomantia:city/trek_v3/village/desert/houses/desert_medium_house_1 after 1 owner chunks at datum 73
[21:21:33] [Worker-Main-9/INFO] [co.ri.ge.sy.ci.in.wo.CityReservationMaskRegistry/]: City worldgen structure hook reached planned owner chunk 255,-778 for civic_core_connectivity_055 (geomantia:city/trek_v3/village/swamp/houses/swamp_shepherd_1)
[21:21:33] [Worker-Main-9/INFO] [co.ri.ge.sy.ci.in.wo.CityReservationMaskRegistry/]: City planned structures matched chunk 255,-778: 1
[21:21:33] [Worker-Main-9/INFO] [co.ri.ge.sy.ci.in.wo.MinecraftCityWorldgenStructurePlacer/]: Injected City template terrain StructureStart civic_core_connectivity_055 geomantia:city/trek_v3/village/swamp/houses/swamp_shepherd_1 at 255,-778 with datum 69
[21:21:33] [Worker-Main-9/INFO] [co.ri.ge.sy.ci.in.wo.CityReservationMaskRegistry/]: City worldgen structure hook reached planned owner chunk 229,-766 for river_market_connectivity_040 (geomantia:city/trek_v3/village/desert/houses/desert_small_house_1)
[21:21:33] [Worker-Main-9/INFO] [co.ri.ge.sy.ci.in.wo.CityReservationMaskRegistry/]: City planned structures matched chunk 229,-766: 1
[21:21:33] [Worker-Main-9/INFO] [co.ri.ge.sy.ci.in.wo.MinecraftCityWorldgenStructurePlacer/]: Injected City template terrain StructureStart river_market_connectivity_040 geomantia:city/trek_v3/village/desert/houses/desert_small_house_1 at 229,-766 with datum 64
[21:21:33] [Worker-Main-13/INFO] [co.ri.ge.sy.ci.in.wo.CityReservationMaskRegistry/]: City worldgen structure hook reached planned owner chunk 230,-766 for river_market_connectivity_037 (geomantia:city/trek_v3/village/desert/houses/desert_small_house_7)
[21:21:33] [Worker-Main-13/INFO] [co.ri.ge.sy.ci.in.wo.CityReservationMaskRegistry/]: City planned structures matched chunk 230,-766: 1
[21:21:33] [Worker-Main-13/INFO] [co.ri.ge.sy.ci.in.wo.MinecraftCityWorldgenStructurePlacer/]: Injected City template terrain StructureStart river_market_connectivity_037 geomantia:city/trek_v3/village/desert/houses/desert_small_house_7 at 230,-766 with datum 63
[21:21:34] [Worker-Main-13/INFO] [co.ri.ge.sy.ci.in.wo.CityReservationMaskRegistry/]: City worldgen structure hook reached planned owner chunk 231,-766 for river_market_connectivity_037 (geomantia:city/trek_v3/village/desert/houses/desert_small_house_7)
[21:21:34] [Worker-Main-13/INFO] [co.ri.ge.sy.ci.in.wo.CityReservationMaskRegistry/]: City planned structures matched chunk 231,-766: 1
[21:21:34] [Worker-Main-10/INFO] [co.ri.ge.sy.ci.in.wo.CityReservationMaskRegistry/]: City worldgen structure hook reached planned owner chunk 232,-766 for river_market_connectivity_035 (geomantia:city/trek_v3/village/desert/houses/desert_farm_2)
[21:21:34] [Worker-Main-10/INFO] [co.ri.ge.sy.ci.in.wo.CityReservationMaskRegistry/]: City planned structures matched chunk 232,-766: 2
[21:21:34] [Worker-Main-10/INFO] [co.ri.ge.sy.ci.in.wo.MinecraftCityWorldgenStructurePlacer/]: Injected City template terrain StructureStart river_market_connectivity_035 geomantia:city/trek_v3/village/desert/houses/desert_farm_2 at 232,-766 with datum 64
[21:21:34] [Worker-Main-11/INFO] [co.ri.ge.sy.ci.in.wo.CityReservationMaskRegistry/]: City worldgen structure hook reached planned owner chunk 229,-790 for artisan_quarter_fill_008 (geomantia:city/stubbs/residential/civilian_house_03)
[21:21:34] [Worker-Main-11/INFO] [co.ri.ge.sy.ci.in.wo.CityReservationMaskRegistry/]: City planned structures matched chunk 229,-790: 1
[21:21:34] [Worker-Main-11/INFO] [co.ri.ge.sy.ci.in.wo.CityReservationMaskRegistry/]: City worldgen structure hook reached planned owner chunk 230,-790 for artisan_quarter_fill_008 (geomantia:city/stubbs/residential/civilian_house_03)
[21:21:34] [Worker-Main-11/INFO] [co.ri.ge.sy.ci.in.wo.CityReservationMaskRegistry/]: City planned structures matched chunk 230,-790: 1
[21:21:34] [Worker-Main-12/INFO] [co.ri.ge.sy.ci.in.wo.CityReservationMaskRegistry/]: Recorded completed City template worldgen placement civic_core_connectivity_069 geomantia:city/trek_v3/village/desert/houses/desert_small_house_1 after 4 owner chunks at datum 68
[21:21:34] [Worker-Main-1/INFO] [co.ri.ge.sy.ci.in.wo.CityReservationMaskRegistry/]: Recorded completed City template worldgen placement civic_core_connectivity_066 geomantia:city/trek_v3/village/desert/houses/desert_small_house_7 after 2 owner chunks at datum 69
[21:21:34] [Worker-Main-2/INFO] [co.ri.ge.sy.ci.in.wo.CityReservationMaskRegistry/]: Recorded completed City template worldgen placement civic_core_connectivity_064 geomantia:city/trek_v3/village/desert/houses/desert_farm_2 after 4 owner chunks at datum 70
[21:21:34] [Worker-Main-1/INFO] [co.ri.ge.sy.ci.in.wo.CityReservationMaskRegistry/]: City worldgen structure hook reached planned owner chunk 219,-774 for west_residential_connectivity_029 (geomantia:city/trek_v3/village/desert/houses/desert_small_house_3)
[21:21:34] [Worker-Main-1/INFO] [co.ri.ge.sy.ci.in.wo.CityReservationMaskRegistry/]: City planned structures matched chunk 219,-774: 1
[21:21:34] [Worker-Main-1/INFO] [co.ri.ge.sy.ci.in.wo.MinecraftCityWorldgenStructurePlacer/]: Injected City template terrain StructureStart west_residential_connectivity_029 geomantia:city/trek_v3/village/desert/houses/desert_small_house_3 at 219,-774 with datum 64
[21:21:34] [Worker-Main-2/INFO] [co.ri.ge.sy.ci.in.wo.CityReservationMaskRegistry/]: City worldgen structure hook reached planned owner chunk 219,-773 for west_residential_connectivity_029 (geomantia:city/trek_v3/village/desert/houses/desert_small_house_3)
[21:21:34] [Worker-Main-2/INFO] [co.ri.ge.sy.ci.in.wo.CityReservationMaskRegistry/]: City planned structures matched chunk 219,-773: 1
[21:21:34] [Worker-Main-6/INFO] [co.ri.ge.sy.ci.in.wo.CityReservationMaskRegistry/]: Recorded completed City template worldgen placement civic_core_connectivity_067 geomantia:city/trek_v3/village/desert/houses/desert_small_house_6 after 1 owner chunks at datum 66
[21:21:34] [Worker-Main-13/INFO] [co.ri.ge.sy.ci.in.wo.CityReservationMaskRegistry/]: City worldgen structure hook reached planned owner chunk 230,-791 for artisan_quarter_fill_008 (geomantia:city/stubbs/residential/civilian_house_03)
[21:21:34] [Worker-Main-13/INFO] [co.ri.ge.sy.ci.in.wo.CityReservationMaskRegistry/]: City planned structures matched chunk 230,-791: 1
[21:21:34] [Worker-Main-4/INFO] [co.ri.ge.sy.ci.in.wo.CityReservationMaskRegistry/]: City worldgen structure hook reached planned owner chunk 256,-780 for civic_core_connectivity_054 (geomantia:city/trek_v3/village/desert/houses/desert_shepherd_1)
[21:21:34] [Worker-Main-4/INFO] [co.ri.ge.sy.ci.in.wo.CityReservationMaskRegistry/]: City planned structures matched chunk 256,-780: 1
[21:21:34] [Worker-Main-4/INFO] [co.ri.ge.sy.ci.in.wo.MinecraftCityWorldgenStructurePlacer/]: Injected City template terrain StructureStart civic_core_connectivity_054 geomantia:city/trek_v3/village/desert/houses/desert_shepherd_1 at 256,-780 with datum 73
[21:21:35] [Worker-Main-5/INFO] [co.ri.ge.sy.ci.in.wo.CityReservationMaskRegistry/]: Recorded completed City template worldgen placement civic_core_fill_024 geomantia:city/trek_v3/village/desert/houses/desert_small_house_8 after 1 owner chunks at datum 72
[21:21:35] [Worker-Main-13/INFO] [co.ri.ge.sy.ci.in.wo.CityReservationMaskRegistry/]: City worldgen structure hook reached planned owner chunk 256,-785 for river_market_connectivity_055 (geomantia:city/stubbs/commercial/town_workshop_01)
[21:21:35] [Worker-Main-13/INFO] [co.ri.ge.sy.ci.in.wo.CityReservationMaskRegistry/]: City planned structures matched chunk 256,-785: 1
[21:21:35] [Worker-Main-13/INFO] [co.ri.ge.sy.ci.in.wo.MinecraftCityWorldgenStructurePlacer/]: Injected City template terrain StructureStart river_market_connectivity_055 geomantia:city/stubbs/commercial/town_workshop_01 at 256,-785 with datum 91
[21:21:35] [Worker-Main-5/INFO] [co.ri.ge.sy.ci.in.wo.CityReservationMaskRegistry/]: City worldgen structure hook reached planned owner chunk 256,-784 for river_market_connectivity_055 (geomantia:city/stubbs/commercial/town_workshop_01)
[21:21:35] [Worker-Main-5/INFO] [co.ri.ge.sy.ci.in.wo.CityReservationMaskRegistry/]: City planned structures matched chunk 256,-784: 1
[21:21:35] [Worker-Main-1/INFO] [co.ri.ge.sy.ci.in.wo.CityReservationMaskRegistry/]: City worldgen structure hook reached planned owner chunk 256,-779 for civic_core_connectivity_054 (geomantia:city/trek_v3/village/desert/houses/desert_shepherd_1)
[21:21:35] [Worker-Main-1/INFO] [co.ri.ge.sy.ci.in.wo.CityReservationMaskRegistry/]: City planned structures matched chunk 256,-779: 1
[21:21:35] [Worker-Main-4/INFO] [co.ri.ge.sy.ci.in.wo.CityReservationMaskRegistry/]: City worldgen structure hook reached planned owner chunk 256,-787 for river_market_connectivity_058 (geomantia:city/stubbs/residential/household_01)
[21:21:35] [Worker-Main-4/INFO] [co.ri.ge.sy.ci.in.wo.CityReservationMaskRegistry/]: City planned structures matched chunk 256,-787: 1
[21:21:35] [Worker-Main-4/INFO] [co.ri.ge.sy.ci.in.wo.MinecraftCityWorldgenStructurePlacer/]: Injected City template terrain StructureStart river_market_connectivity_058 geomantia:city/stubbs/residential/household_01 at 256,-787 with datum 89
[21:21:35] [Worker-Main-1/INFO] [co.ri.ge.sy.ci.in.wo.CityReservationMaskRegistry/]: City worldgen structure hook reached planned owner chunk 229,-765 for river_market_connectivity_040 (geomantia:city/trek_v3/village/desert/houses/desert_small_house_1)
[21:21:35] [Worker-Main-1/INFO] [co.ri.ge.sy.ci.in.wo.CityReservationMaskRegistry/]: City planned structures matched chunk 229,-765: 1
[21:21:35] [Worker-Main-1/INFO] [co.ri.ge.sy.ci.in.wo.CityReservationMaskRegistry/]: City worldgen structure hook reached planned owner chunk 232,-765 for river_market_connectivity_035 (geomantia:city/trek_v3/village/desert/houses/desert_farm_2)
[21:21:35] [Worker-Main-1/INFO] [co.ri.ge.sy.ci.in.wo.CityReservationMaskRegistry/]: City planned structures matched chunk 232,-765: 1
[21:21:36] [Worker-Main-1/INFO] [co.ri.ge.sy.ci.in.wo.CityReservationMaskRegistry/]: City worldgen structure hook reached planned owner chunk 229,-791 for artisan_quarter_fill_008 (geomantia:city/stubbs/residential/civilian_house_03)
[21:21:36] [Worker-Main-1/INFO] [co.ri.ge.sy.ci.in.wo.CityReservationMaskRegistry/]: City planned structures matched chunk 229,-791: 1
[21:21:36] [Worker-Main-1/INFO] [co.ri.ge.sy.ci.in.wo.MinecraftCityWorldgenStructurePlacer/]: Injected City template terrain StructureStart artisan_quarter_fill_008 geomantia:city/stubbs/residential/civilian_house_03 at 229,-791 with datum 78
[21:21:36] [Worker-Main-7/INFO] [co.ri.ge.sy.ci.in.wo.CityReservationMaskRegistry/]: City worldgen structure hook reached planned owner chunk 244,-765 for river_market_fill_003 (geomantia:city/trek_v3/village/desert/houses/desert_medium_house_2)
[21:21:36] [Worker-Main-7/INFO] [co.ri.ge.sy.ci.in.wo.CityReservationMaskRegistry/]: City planned structures matched chunk 244,-765: 1
[21:21:36] [Worker-Main-7/INFO] [co.ri.ge.sy.ci.in.wo.MinecraftCityWorldgenStructurePlacer/]: Injected City template terrain StructureStart river_market_fill_003 geomantia:city/trek_v3/village/desert/houses/desert_medium_house_2 at 244,-765 with datum 64
[21:21:36] [Worker-Main-6/INFO] [co.ri.ge.sy.ci.in.wo.CityReservationMaskRegistry/]: City worldgen structure hook reached planned owner chunk 218,-775 for west_residential_connectivity_026 (geomantia:city/trek_v3/village/desert/houses/desert_small_house_6)
[21:21:36] [Worker-Main-6/INFO] [co.ri.ge.sy.ci.in.wo.CityReservationMaskRegistry/]: City planned structures matched chunk 218,-775: 1
[21:21:36] [Worker-Main-6/INFO] [co.ri.ge.sy.ci.in.wo.MinecraftCityWorldgenStructurePlacer/]: Injected City template terrain StructureStart west_residential_connectivity_026 geomantia:city/trek_v3/village/desert/houses/desert_small_house_6 at 218,-775 with datum 65
[21:21:36] [Worker-Main-13/INFO] [co.ri.ge.sy.ci.in.wo.CityReservationMaskRegistry/]: Recorded completed City template worldgen placement civic_core_connectivity_065 geomantia:city/trek_v3/village/desert/houses/desert_farm_3 after 2 owner chunks at datum 72
[21:21:36] [Worker-Main-5/INFO] [co.ri.ge.sy.ci.in.wo.CityReservationMaskRegistry/]: City worldgen structure hook reached planned owner chunk 218,-773 for west_residential_connectivity_027 (geomantia:city/trek_v3/village/desert/houses/desert_small_house_8)
[21:21:36] [Worker-Main-5/INFO] [co.ri.ge.sy.ci.in.wo.CityReservationMaskRegistry/]: City planned structures matched chunk 218,-773: 1
[21:21:36] [Worker-Main-5/INFO] [co.ri.ge.sy.ci.in.wo.MinecraftCityWorldgenStructurePlacer/]: Injected City template terrain StructureStart west_residential_connectivity_027 geomantia:city/trek_v3/village/desert/houses/desert_small_house_8 at 218,-773 with datum 64
[21:21:36] [Worker-Main-14/INFO] [co.ri.ge.sy.ci.in.wo.CityReservationMaskRegistry/]: City worldgen structure hook reached planned owner chunk 256,-778 for civic_core_connectivity_055 (geomantia:city/trek_v3/village/swamp/houses/swamp_shepherd_1)
[21:21:36] [Worker-Main-14/INFO] [co.ri.ge.sy.ci.in.wo.CityReservationMaskRegistry/]: City planned structures matched chunk 256,-778: 1
[21:21:37] [Worker-Main-1/INFO] [co.ri.ge.sy.ci.in.wo.CityReservationMaskRegistry/]: Recorded completed City template worldgen placement west_residential_connectivity_041 geomantia:city/trek_v3/village/plains/houses/plains_stable_1 after 1 owner chunks at datum 67
[21:21:37] [Worker-Main-8/INFO] [co.ri.ge.sy.ci.in.wo.CityReservationMaskRegistry/]: Recorded completed City template worldgen placement west_residential_connectivity_042 geomantia:city/trek_v3/village/plains/houses/plains_farm_1 after 4 owner chunks at datum 69
[21:21:37] [Worker-Main-1/INFO] [co.ri.ge.sy.ci.in.wo.CityReservationMaskRegistry/]: Recorded completed City template worldgen placement civic_core_fill_033 geomantia:city/trek_v3/village/desert/houses/desert_weaponsmith_1 after 1 owner chunks at datum 74
[21:21:37] [Worker-Main-8/INFO] [co.ri.ge.sy.ci.in.wo.CityReservationMaskRegistry/]: City worldgen structure hook reached planned owner chunk 255,-777 for civic_core_connectivity_055 (geomantia:city/trek_v3/village/swamp/houses/swamp_shepherd_1)
[21:21:37] [Worker-Main-8/INFO] [co.ri.ge.sy.ci.in.wo.CityReservationMaskRegistry/]: City planned structures matched chunk 255,-777: 1
[21:21:37] [Worker-Main-15/INFO] [co.ri.ge.sy.ci.in.wo.CityReservationMaskRegistry/]: City worldgen structure hook reached planned owner chunk 256,-777 for civic_core_connectivity_055 (geomantia:city/trek_v3/village/swamp/houses/swamp_shepherd_1)
[21:21:37] [Worker-Main-15/INFO] [co.ri.ge.sy.ci.in.wo.CityReservationMaskRegistry/]: City planned structures matched chunk 256,-777: 1
[21:21:37] [Worker-Main-11/INFO] [co.ri.ge.sy.ci.in.wo.CityReservationMaskRegistry/]: Recorded completed City template worldgen placement artisan_quarter_connectivity_009 geomantia:city/stubbs/commercial/town_workshop_01 after 2 owner chunks at datum 72
[21:21:38] [Worker-Main-4/INFO] [co.ri.ge.sy.ci.in.wo.CityReservationMaskRegistry/]: Recorded completed City template worldgen placement civic_core_fill_032 geomantia:city/trek_v3/village/desert/houses/desert_mason_1 after 1 owner chunks at datum 72
[21:21:38] [Worker-Main-10/INFO] [co.ri.ge.sy.ci.in.wo.CityReservationMaskRegistry/]: Recorded completed City template worldgen placement civic_core_fill_004 geomantia:city/trek_v3/village/swamp_vanilla/houses/swamp_small_house_6 after 1 owner chunks at datum 73
[21:21:38] [Worker-Main-12/INFO] [co.ri.ge.sy.ci.in.wo.CityReservationMaskRegistry/]: Recorded completed City template worldgen placement civic_core_fill_043 geomantia:city/trek_v3/village/plains/houses/plains_small_house_2 after 1 owner chunks at datum 73
[21:21:38] [Worker-Main-14/INFO] [co.ri.ge.sy.ci.in.wo.CityReservationMaskRegistry/]: City worldgen structure hook reached planned owner chunk 257,-787 for river_market_connectivity_058 (geomantia:city/stubbs/residential/household_01)
[21:21:38] [Worker-Main-14/INFO] [co.ri.ge.sy.ci.in.wo.CityReservationMaskRegistry/]: City planned structures matched chunk 257,-787: 1
[21:21:38] [Worker-Main-6/INFO] [co.ri.ge.sy.ci.in.wo.CityReservationMaskRegistry/]: Recorded completed City template worldgen placement civic_core_fill_022 geomantia:city/trek_v3/village/desert/houses/desert_small_house_7 after 2 owner chunks at datum 73
[21:21:38] [Worker-Main-15/INFO] [co.ri.ge.sy.ci.in.wo.CityReservationMaskRegistry/]: City worldgen structure hook reached planned owner chunk 257,-785 for river_market_connectivity_055 (geomantia:city/stubbs/commercial/town_workshop_01)
[21:21:38] [Worker-Main-15/INFO] [co.ri.ge.sy.ci.in.wo.CityReservationMaskRegistry/]: City planned structures matched chunk 257,-785: 1
[21:21:38] [Worker-Main-12/INFO] [co.ri.ge.sy.ci.in.wo.CityReservationMaskRegistry/]: City worldgen structure hook reached planned owner chunk 257,-784 for river_market_connectivity_055 (geomantia:city/stubbs/commercial/town_workshop_01)
[21:21:38] [Worker-Main-12/INFO] [co.ri.ge.sy.ci.in.wo.CityReservationMaskRegistry/]: City planned structures matched chunk 257,-784: 1
[21:21:38] [Worker-Main-4/INFO] [co.ri.ge.sy.ci.in.wo.CityReservationMaskRegistry/]: City worldgen structure hook reached planned owner chunk 257,-782 for east_residential_connectivity_026 (geomantia:city/stubbs/agriculture/farm_storage_house_01)
[21:21:38] [Worker-Main-4/INFO] [co.ri.ge.sy.ci.in.wo.CityReservationMaskRegistry/]: City planned structures matched chunk 257,-782: 1
[21:21:38] [Worker-Main-4/INFO] [co.ri.ge.sy.ci.in.wo.MinecraftCityWorldgenStructurePlacer/]: Injected City template terrain StructureStart east_residential_connectivity_026 geomantia:city/stubbs/agriculture/farm_storage_house_01 at 257,-782 with datum 82
[21:21:38] [Worker-Main-9/INFO] [co.ri.ge.sy.ci.in.wo.CityReservationMaskRegistry/]: City worldgen structure hook reached planned owner chunk 257,-781 for east_residential_connectivity_026 (geomantia:city/stubbs/agriculture/farm_storage_house_01)
[21:21:38] [Worker-Main-9/INFO] [co.ri.ge.sy.ci.in.wo.CityReservationMaskRegistry/]: City planned structures matched chunk 257,-781: 1
[21:21:38] [Worker-Main-3/INFO] [co.ri.ge.sy.ci.in.wo.CityReservationMaskRegistry/]: City worldgen structure hook reached planned owner chunk 257,-780 for civic_core_connectivity_054 (geomantia:city/trek_v3/village/desert/houses/desert_shepherd_1)
[21:21:38] [Worker-Main-3/INFO] [co.ri.ge.sy.ci.in.wo.CityReservationMaskRegistry/]: City planned structures matched chunk 257,-780: 2
[21:21:38] [Worker-Main-3/INFO] [co.ri.ge.sy.ci.in.wo.MinecraftCityWorldgenStructurePlacer/]: Injected City template terrain StructureStart civic_core_connectivity_057 geomantia:city/trek_v3/village/desert/houses/desert_toolsmith_1 at 257,-780 with datum 73
[21:21:38] [Worker-Main-3/INFO] [co.ri.ge.sy.ci.in.wo.CityReservationMaskRegistry/]: Recorded completed City template worldgen placement civic_core_fill_027 geomantia:city/trek_v3/village/desert/houses/desert_small_house_2 after 1 owner chunks at datum 72
[21:21:38] [Worker-Main-3/INFO] [co.ri.ge.sy.ci.in.wo.CityReservationMaskRegistry/]: Recorded completed City template worldgen placement civic_core_fill_014 geomantia:city/trek_v3/village/plains/houses/plains_weaponsmith_1 after 4 owner chunks at datum 74
[21:21:38] [Worker-Main-15/INFO] [co.ri.ge.sy.ci.in.wo.CityReservationMaskRegistry/]: Recorded completed City template worldgen placement civic_core_fill_019 geomantia:city/trek_v3/village/desert/houses/desert_farm_1 after 2 owner chunks at datum 74
[21:21:38] [Worker-Main-8/INFO] [co.ri.ge.sy.ci.in.wo.CityReservationMaskRegistry/]: Recorded completed City template worldgen placement civic_core_fill_009 geomantia:city/trek_v3/village/plains/houses/plains_small_house_2 after 4 owner chunks at datum 72
[21:21:38] [Worker-Main-9/INFO] [co.ri.ge.sy.ci.in.wo.CityReservationMaskRegistry/]: City worldgen structure hook reached planned owner chunk 257,-779 for civic_core_connectivity_054 (geomantia:city/trek_v3/village/desert/houses/desert_shepherd_1)
[21:21:38] [Worker-Main-9/INFO] [co.ri.ge.sy.ci.in.wo.CityReservationMaskRegistry/]: City planned structures matched chunk 257,-779: 2
[21:21:38] [Worker-Main-8/INFO] [co.ri.ge.sy.ci.in.wo.CityReservationMaskRegistry/]: City worldgen structure hook reached planned owner chunk 257,-777 for east_residential_connectivity_028 (geomantia:city/stubbs/residential/household_01)
[21:21:38] [Worker-Main-8/INFO] [co.ri.ge.sy.ci.in.wo.CityReservationMaskRegistry/]: City planned structures matched chunk 257,-777: 1
[21:21:38] [Worker-Main-8/INFO] [co.ri.ge.sy.ci.in.wo.MinecraftCityWorldgenStructurePlacer/]: Injected City template terrain StructureStart east_residential_connectivity_028 geomantia:city/stubbs/residential/household_01 at 257,-777 with datum 70
[21:21:39] [Worker-Main-11/INFO] [co.ri.ge.sy.ci.in.wo.CityReservationMaskRegistry/]: Recorded completed City template worldgen placement civic_core_required_001 geomantia:city/stubbs/civic/town_hall_01 after 6 owner chunks at datum 73
[21:21:39] [Worker-Main-14/INFO] [co.ri.ge.sy.ci.in.wo.CityReservationMaskRegistry/]: Recorded completed City template worldgen placement civic_core_fill_021 geomantia:city/trek_v3/village/desert/houses/desert_farm_3 after 4 owner chunks at datum 73
[21:21:39] [Worker-Main-14/INFO] [co.ri.ge.sy.ci.in.wo.CityReservationMaskRegistry/]: Recorded completed City template worldgen placement civic_core_fill_013 geomantia:city/trek_v3/village/desert/houses/desert_toolsmith_1 after 2 owner chunks at datum 74
[21:21:39] [Worker-Main-7/INFO] [co.ri.ge.sy.ci.in.wo.CityReservationMaskRegistry/]: Recorded completed City template worldgen placement civic_core_fill_015 geomantia:city/trek_v3/village/desert/houses/desert_big_house_1 after 2 owner chunks at datum 73
[21:21:39] [Worker-Main-7/INFO] [co.ri.ge.sy.ci.in.wo.CityReservationMaskRegistry/]: Recorded completed City template worldgen placement civic_core_fill_010 geomantia:city/trek_v3/village/desert/houses/desert_shepherd_1 after 4 owner chunks at datum 74
[21:21:39] [Worker-Main-6/INFO] [co.ri.ge.sy.ci.in.wo.CityReservationMaskRegistry/]: City worldgen structure hook reached planned owner chunk 256,-775 for river_market_connectivity_024 (geomantia:city/trek_v3/village/plains/houses/plains_small_house_2)
[21:21:39] [Worker-Main-6/INFO] [co.ri.ge.sy.ci.in.wo.CityReservationMaskRegistry/]: City planned structures matched chunk 256,-775: 1
[21:21:39] [Worker-Main-6/INFO] [co.ri.ge.sy.ci.in.wo.MinecraftCityWorldgenStructurePlacer/]: Injected City template terrain StructureStart river_market_connectivity_024 geomantia:city/trek_v3/village/plains/houses/plains_small_house_2 at 256,-775 with datum 67
[21:21:39] [Worker-Main-6/INFO] [co.ri.ge.sy.ci.in.wo.CityReservationMaskRegistry/]: City worldgen structure hook reached planned owner chunk 257,-775 for river_market_connectivity_024 (geomantia:city/trek_v3/village/plains/houses/plains_small_house_2)
[21:21:39] [Worker-Main-6/INFO] [co.ri.ge.sy.ci.in.wo.CityReservationMaskRegistry/]: City planned structures matched chunk 257,-775: 1
[21:21:40] [Worker-Main-11/INFO] [co.ri.ge.sy.ci.in.wo.CityReservationMaskRegistry/]: Recorded completed City template worldgen placement civic_core_fill_026 geomantia:city/trek_v3/village/desert/houses/desert_small_house_3 after 1 owner chunks at datum 74
[21:21:40] [Worker-Main-15/INFO] [co.ri.ge.sy.ci.in.wo.CityReservationMaskRegistry/]: Recorded completed City template worldgen placement civic_core_fill_018 geomantia:city/trek_v3/village/desert/houses/desert_armorer_1 after 2 owner chunks at datum 74
[21:21:40] [Worker-Main-14/INFO] [co.ri.ge.sy.ci.in.wo.CityReservationMaskRegistry/]: Recorded completed City template worldgen placement civic_core_fill_023 geomantia:city/trek_v3/village/desert/houses/desert_small_house_6 after 1 owner chunks at datum 74
[21:21:40] [Worker-Main-11/INFO] [co.ri.ge.sy.ci.in.wo.CityReservationMaskRegistry/]: City worldgen structure hook reached planned owner chunk 258,-782 for east_residential_connectivity_026 (geomantia:city/stubbs/agriculture/farm_storage_house_01)
[21:21:40] [Worker-Main-11/INFO] [co.ri.ge.sy.ci.in.wo.CityReservationMaskRegistry/]: City planned structures matched chunk 258,-782: 1
[21:21:40] [Worker-Main-13/INFO] [co.ri.ge.sy.ci.in.wo.CityReservationMaskRegistry/]: Recorded completed City template worldgen placement civic_core_fill_040 geomantia:city/trek_v3/village/desert/houses/desert_fletcher_1 after 2 owner chunks at datum 74
[21:21:40] [Worker-Main-3/INFO] [co.ri.ge.sy.ci.in.wo.CityReservationMaskRegistry/]: Recorded completed City template worldgen placement civic_core_fill_030 geomantia:city/trek_v3/village/plains/houses/plains_butcher_1 after 2 owner chunks at datum 75
[21:21:40] [Worker-Main-6/INFO] [co.ri.ge.sy.ci.in.wo.CityReservationMaskRegistry/]: Recorded completed City template worldgen placement civic_core_fill_037 geomantia:city/trek_v3/village/swamp_vanilla/houses/swamp_small_house_7 after 1 owner chunks at datum 74
[21:21:40] [Worker-Main-6/INFO] [co.ri.ge.sy.ci.in.wo.CityReservationMaskRegistry/]: City worldgen structure hook reached planned owner chunk 258,-781 for east_residential_connectivity_026 (geomantia:city/stubbs/agriculture/farm_storage_house_01)
[21:21:40] [Worker-Main-6/INFO] [co.ri.ge.sy.ci.in.wo.CityReservationMaskRegistry/]: City planned structures matched chunk 258,-781: 1
[21:21:40] [Worker-Main-3/INFO] [co.ri.ge.sy.ci.in.wo.CityReservationMaskRegistry/]: City worldgen structure hook reached planned owner chunk 258,-780 for civic_core_connectivity_057 (geomantia:city/trek_v3/village/desert/houses/desert_toolsmith_1)
[21:21:40] [Worker-Main-3/INFO] [co.ri.ge.sy.ci.in.wo.CityReservationMaskRegistry/]: City planned structures matched chunk 258,-780: 1
[21:21:40] [Worker-Main-15/INFO] [co.ri.ge.sy.ci.in.wo.CityReservationMaskRegistry/]: City worldgen structure hook reached planned owner chunk 258,-779 for civic_core_connectivity_057 (geomantia:city/trek_v3/village/desert/houses/desert_toolsmith_1)
[21:21:40] [Worker-Main-15/INFO] [co.ri.ge.sy.ci.in.wo.CityReservationMaskRegistry/]: City planned structures matched chunk 258,-779: 1
[21:21:40] [Worker-Main-1/INFO] [co.ri.ge.sy.ci.in.wo.CityReservationMaskRegistry/]: City worldgen structure hook reached planned owner chunk 258,-778 for river_market_connectivity_053 (geomantia:city/trek_v3/village/plains/houses/plains_stable_1)
[21:21:40] [Worker-Main-1/INFO] [co.ri.ge.sy.ci.in.wo.CityReservationMaskRegistry/]: City planned structures matched chunk 258,-778: 1
[21:21:40] [Worker-Main-1/INFO] [co.ri.ge.sy.ci.in.wo.MinecraftCityWorldgenStructurePlacer/]: Injected City template terrain StructureStart river_market_connectivity_053 geomantia:city/trek_v3/village/plains/houses/plains_stable_1 at 258,-778 with datum 73
[21:21:40] [Worker-Main-11/INFO] [co.ri.ge.sy.ci.in.wo.CityReservationMaskRegistry/]: City worldgen structure hook reached planned owner chunk 258,-777 for east_residential_connectivity_028 (geomantia:city/stubbs/residential/household_01)
[21:21:41] [Worker-Main-11/INFO] [co.ri.ge.sy.ci.in.wo.CityReservationMaskRegistry/]: City planned structures matched chunk 258,-777: 1
[21:21:41] [Worker-Main-15/INFO] [co.ri.ge.sy.ci.in.wo.CityReservationMaskRegistry/]: Recorded completed City template worldgen placement artisan_quarter_connectivity_012 geomantia:city/stubbs/residential/household_01 after 4 owner chunks at datum 60
[21:21:41] [Worker-Main-15/INFO] [co.ri.ge.sy.ci.in.wo.CityReservationMaskRegistry/]: Recorded completed City template worldgen placement civic_core_fill_042 geomantia:city/trek_v3/village/plains/houses/plains_small_house_4 after 4 owner chunks at datum 72
[21:21:42] [Worker-Main-1/INFO] [co.ri.ge.sy.ci.in.wo.CityReservationMaskRegistry/]: Recorded completed City template worldgen placement civic_core_fill_045 geomantia:city/trek_v3/village/swamp/houses/swamp_shepherd_1 after 4 owner chunks at datum 73
[21:21:42] [Worker-Main-13/INFO] [co.ri.ge.sy.ci.in.wo.CityReservationMaskRegistry/]: Recorded completed City template worldgen placement civic_core_fill_005 geomantia:city/trek_v3/village/desert/houses/desert_fletcher_1 after 2 owner chunks at datum 74
[21:21:43] [Worker-Main-3/INFO] [co.ri.ge.sy.ci.in.wo.CityReservationMaskRegistry/]: Recorded completed City template worldgen placement artisan_quarter_fill_004 geomantia:city/stubbs/residential/household_01 after 1 owner chunks at datum 72
[21:21:43] [Worker-Main-13/INFO] [co.ri.ge.sy.ci.in.wo.CityReservationMaskRegistry/]: Recorded completed City template worldgen placement artisan_quarter_fill_005 geomantia:city/stubbs/residential/household_02 after 1 owner chunks at datum 72
[21:21:43] [Worker-Main-14/INFO] [co.ri.ge.sy.ci.in.wo.CityReservationMaskRegistry/]: City worldgen structure hook reached planned owner chunk 259,-784 for east_residential_connectivity_024 (geomantia:city/stubbs/commercial/laundry_facility_01)
[21:21:43] [Worker-Main-14/INFO] [co.ri.ge.sy.ci.in.wo.CityReservationMaskRegistry/]: City planned structures matched chunk 259,-784: 1
[21:21:43] [Worker-Main-14/INFO] [co.ri.ge.sy.ci.in.wo.MinecraftCityWorldgenStructurePlacer/]: Injected City template terrain StructureStart east_residential_connectivity_024 geomantia:city/stubbs/commercial/laundry_facility_01 at 259,-784 with datum 78
[21:21:43] [Worker-Main-6/INFO] [co.ri.ge.sy.ci.in.wo.CityReservationMaskRegistry/]: City worldgen structure hook reached planned owner chunk 259,-783 for east_residential_connectivity_024 (geomantia:city/stubbs/commercial/laundry_facility_01)
[21:21:43] [Worker-Main-6/INFO] [co.ri.ge.sy.ci.in.wo.CityReservationMaskRegistry/]: City planned structures matched chunk 259,-783: 1
[21:21:43] [Worker-Main-7/INFO] [co.ri.ge.sy.ci.in.wo.CityReservationMaskRegistry/]: City worldgen structure hook reached planned owner chunk 259,-778 for river_market_connectivity_053 (geomantia:city/trek_v3/village/plains/houses/plains_stable_1)
[21:21:43] [Worker-Main-7/INFO] [co.ri.ge.sy.ci.in.wo.CityReservationMaskRegistry/]: City planned structures matched chunk 259,-778: 1
[21:21:43] [Worker-Main-13/INFO] [co.ri.ge.sy.ci.in.wo.CityReservationMaskRegistry/]: City worldgen structure hook reached planned owner chunk 259,-776 for river_market_connectivity_027 (geomantia:city/trek_v3/village/desert/houses/desert_tannery_1)
[21:21:43] [Worker-Main-13/INFO] [co.ri.ge.sy.ci.in.wo.CityReservationMaskRegistry/]: City planned structures matched chunk 259,-776: 1
[21:21:43] [Worker-Main-13/INFO] [co.ri.ge.sy.ci.in.wo.MinecraftCityWorldgenStructurePlacer/]: Injected City template terrain StructureStart river_market_connectivity_027 geomantia:city/trek_v3/village/desert/houses/desert_tannery_1 at 259,-776 with datum 69
[21:21:43] [Worker-Main-3/INFO] [co.ri.ge.sy.ci.in.wo.CityReservationMaskRegistry/]: City worldgen structure hook reached planned owner chunk 258,-775 for river_market_connectivity_025 (geomantia:city/trek_v3/village/desert/houses/desert_shepherd_1)
[21:21:43] [Worker-Main-3/INFO] [co.ri.ge.sy.ci.in.wo.CityReservationMaskRegistry/]: City planned structures matched chunk 258,-775: 1
[21:21:43] [Worker-Main-3/INFO] [co.ri.ge.sy.ci.in.wo.MinecraftCityWorldgenStructurePlacer/]: Injected City template terrain StructureStart river_market_connectivity_025 geomantia:city/trek_v3/village/desert/houses/desert_shepherd_1 at 258,-775 with datum 67
[21:21:43] [Worker-Main-4/INFO] [co.ri.ge.sy.ci.in.wo.CityReservationMaskRegistry/]: Recorded completed City template worldgen placement civic_core_fill_012 geomantia:city/trek_v3/village/desert/houses/desert_tannery_1 after 4 owner chunks at datum 72
[21:21:43] [Worker-Main-8/INFO] [co.ri.ge.sy.ci.in.wo.CityReservationMaskRegistry/]: Recorded completed City template worldgen placement civic_core_fill_025 geomantia:city/trek_v3/village/desert/houses/desert_small_house_1 after 2 owner chunks at datum 71
[21:21:43] [Worker-Main-4/INFO] [co.ri.ge.sy.ci.in.wo.CityReservationMaskRegistry/]: Recorded completed City template worldgen placement civic_core_fill_028 geomantia:city/trek_v3/village/desert/houses/desert_small_house_5 after 1 owner chunks at datum 72
[21:21:43] [Worker-Main-6/INFO] [co.ri.ge.sy.ci.in.wo.CityReservationMaskRegistry/]: City worldgen structure hook reached planned owner chunk 259,-775 for river_market_connectivity_027 (geomantia:city/trek_v3/village/desert/houses/desert_tannery_1)
[21:21:43] [Worker-Main-6/INFO] [co.ri.ge.sy.ci.in.wo.CityReservationMaskRegistry/]: City planned structures matched chunk 259,-775: 1
[21:21:43] [Worker-Main-8/INFO] [co.ri.ge.sy.ci.in.wo.CityReservationMaskRegistry/]: Recorded completed City template worldgen placement civic_core_fill_036 geomantia:city/trek_v3/village/plains/houses/plains_farm_1 after 1 owner chunks at datum 73
[21:21:44] [Worker-Main-5/INFO] [co.ri.ge.sy.ci.in.wo.CityReservationMaskRegistry/]: Recorded completed City template worldgen placement civic_core_fill_017 geomantia:city/trek_v3/village/plains/houses/plains_shepherd_1 after 4 owner chunks at datum 71
[21:21:44] [Worker-Main-7/INFO] [co.ri.ge.sy.ci.in.wo.CityReservationMaskRegistry/]: Recorded completed City template worldgen placement artisan_quarter_connectivity_017 geomantia:city/stubbs/commercial/flower_shop_01 after 4 owner chunks at datum 71
[21:21:44] [Worker-Main-4/INFO] [co.ri.ge.sy.ci.in.wo.CityReservationMaskRegistry/]: City worldgen structure hook reached planned owner chunk 260,-784 for east_residential_connectivity_024 (geomantia:city/stubbs/commercial/laundry_facility_01)
[21:21:44] [Worker-Main-4/INFO] [co.ri.ge.sy.ci.in.wo.CityReservationMaskRegistry/]: City planned structures matched chunk 260,-784: 1
[21:21:44] [Worker-Main-1/INFO] [co.ri.ge.sy.ci.in.wo.CityReservationMaskRegistry/]: City worldgen structure hook reached planned owner chunk 260,-783 for east_residential_connectivity_024 (geomantia:city/stubbs/commercial/laundry_facility_01)
[21:21:44] [Worker-Main-1/INFO] [co.ri.ge.sy.ci.in.wo.CityReservationMaskRegistry/]: City planned structures matched chunk 260,-783: 1
[21:21:44] [Worker-Main-1/INFO] [co.ri.ge.sy.ci.in.wo.CityReservationMaskRegistry/]: City worldgen structure hook reached planned owner chunk 260,-782 for east_residential_connectivity_023 (geomantia:city/stubbs/commercial/flower_shop_01)
[21:21:44] [Worker-Main-1/INFO] [co.ri.ge.sy.ci.in.wo.CityReservationMaskRegistry/]: City planned structures matched chunk 260,-782: 1
[21:21:44] [Worker-Main-1/INFO] [co.ri.ge.sy.ci.in.wo.MinecraftCityWorldgenStructurePlacer/]: Injected City template terrain StructureStart east_residential_connectivity_023 geomantia:city/stubbs/commercial/flower_shop_01 at 260,-782 with datum 75
[21:21:44] [Worker-Main-8/INFO] [co.ri.ge.sy.ci.in.wo.CityReservationMaskRegistry/]: City worldgen structure hook reached planned owner chunk 260,-781 for east_residential_connectivity_023 (geomantia:city/stubbs/commercial/flower_shop_01)
[21:21:44] [Worker-Main-8/INFO] [co.ri.ge.sy.ci.in.wo.CityReservationMaskRegistry/]: City planned structures matched chunk 260,-781: 1
[21:21:44] [Worker-Main-11/INFO] [co.ri.ge.sy.ci.in.wo.CityReservationMaskRegistry/]: City worldgen structure hook reached planned owner chunk 260,-780 for east_residential_connectivity_025 (geomantia:city/stubbs/commercial/town_workshop_01)
[21:21:44] [Worker-Main-11/INFO] [co.ri.ge.sy.ci.in.wo.CityReservationMaskRegistry/]: City planned structures matched chunk 260,-780: 1
[21:21:44] [Worker-Main-11/INFO] [co.ri.ge.sy.ci.in.wo.MinecraftCityWorldgenStructurePlacer/]: Injected City template terrain StructureStart east_residential_connectivity_025 geomantia:city/stubbs/commercial/town_workshop_01 at 260,-780 with datum 75
[21:21:44] [Worker-Main-7/INFO] [co.ri.ge.sy.ci.in.wo.CityReservationMaskRegistry/]: City worldgen structure hook reached planned owner chunk 260,-779 for east_residential_connectivity_025 (geomantia:city/stubbs/commercial/town_workshop_01)
[21:21:44] [Worker-Main-7/INFO] [co.ri.ge.sy.ci.in.wo.CityReservationMaskRegistry/]: City planned structures matched chunk 260,-779: 1
[21:21:44] [Worker-Main-6/INFO] [co.ri.ge.sy.ci.in.wo.CityReservationMaskRegistry/]: City worldgen structure hook reached planned owner chunk 260,-778 for east_residential_connectivity_027 (geomantia:city/stubbs/commercial/general_store_01)
[21:21:44] [Worker-Main-6/INFO] [co.ri.ge.sy.ci.in.wo.CityReservationMaskRegistry/]: City planned structures matched chunk 260,-778: 1
[21:21:44] [Worker-Main-6/INFO] [co.ri.ge.sy.ci.in.wo.MinecraftCityWorldgenStructurePlacer/]: Injected City template terrain StructureStart east_residential_connectivity_027 geomantia:city/stubbs/commercial/general_store_01 at 260,-778 with datum 73
[21:21:44] [Worker-Main-2/INFO] [co.ri.ge.sy.ci.in.wo.CityReservationMaskRegistry/]: City worldgen structure hook reached planned owner chunk 260,-777 for east_residential_connectivity_027 (geomantia:city/stubbs/commercial/general_store_01)
[21:21:44] [Worker-Main-2/INFO] [co.ri.ge.sy.ci.in.wo.CityReservationMaskRegistry/]: City planned structures matched chunk 260,-777: 1
[21:21:45] [Worker-Main-6/INFO] [co.ri.ge.sy.ci.in.wo.CityReservationMaskRegistry/]: Recorded completed City template worldgen placement civic_core_fill_020 geomantia:city/trek_v3/village/desert/houses/desert_farm_2 after 2 owner chunks at datum 70
[21:21:45] [Worker-Main-4/INFO] [co.ri.ge.sy.ci.in.wo.CityReservationMaskRegistry/]: City worldgen structure hook reached planned owner chunk 260,-776 for east_residential_connectivity_027 (geomantia:city/stubbs/commercial/general_store_01)
[21:21:45] [Worker-Main-4/INFO] [co.ri.ge.sy.ci.in.wo.CityReservationMaskRegistry/]: City planned structures matched chunk 260,-776: 1
[21:21:45] [Worker-Main-2/INFO] [co.ri.ge.sy.ci.in.wo.CityReservationMaskRegistry/]: Recorded completed City template worldgen placement civic_core_fill_041 geomantia:city/trek_v3/village/plains/houses/plains_small_house_1 after 1 owner chunks at datum 71
[21:21:45] [Worker-Main-9/INFO] [co.ri.ge.sy.ci.in.wo.CityReservationMaskRegistry/]: Recorded completed City template worldgen placement civic_core_fill_038 geomantia:city/trek_v3/village/desert/houses/desert_medium_house_2 after 2 owner chunks at datum 71
[21:21:46] [Worker-Main-4/INFO] [co.ri.ge.sy.ci.in.wo.CityReservationMaskRegistry/]: City worldgen structure hook reached planned owner chunk 256,-774 for river_market_connectivity_023 (geomantia:city/trek_v3/village/desert/houses/desert_medium_house_1)
[21:21:46] [Worker-Main-4/INFO] [co.ri.ge.sy.ci.in.wo.CityReservationMaskRegistry/]: City planned structures matched chunk 256,-774: 1
[21:21:46] [Worker-Main-4/INFO] [co.ri.ge.sy.ci.in.wo.MinecraftCityWorldgenStructurePlacer/]: Injected City template terrain StructureStart river_market_connectivity_023 geomantia:city/trek_v3/village/desert/houses/desert_medium_house_1 at 256,-774 with datum 66
[21:21:46] [Worker-Main-2/INFO] [co.ri.ge.sy.ci.in.wo.CityReservationMaskRegistry/]: City worldgen structure hook reached planned owner chunk 257,-774 for river_market_connectivity_023 (geomantia:city/trek_v3/village/desert/houses/desert_medium_house_1)
[21:21:46] [Worker-Main-2/INFO] [co.ri.ge.sy.ci.in.wo.CityReservationMaskRegistry/]: City planned structures matched chunk 257,-774: 1
[21:21:46] [Worker-Main-7/INFO] [co.ri.ge.sy.ci.in.wo.CityReservationMaskRegistry/]: City worldgen structure hook reached planned owner chunk 258,-774 for river_market_connectivity_025 (geomantia:city/trek_v3/village/desert/houses/desert_shepherd_1)
[21:21:46] [Worker-Main-7/INFO] [co.ri.ge.sy.ci.in.wo.CityReservationMaskRegistry/]: City planned structures matched chunk 258,-774: 1
[21:21:46] [Worker-Main-12/INFO] [co.ri.ge.sy.ci.in.wo.CityReservationMaskRegistry/]: City worldgen structure hook reached planned owner chunk 259,-774 for river_market_connectivity_026 (geomantia:city/trek_v3/village/swamp/houses/swamp_shepherd_1)
[21:21:46] [Worker-Main-12/INFO] [co.ri.ge.sy.ci.in.wo.CityReservationMaskRegistry/]: City planned structures matched chunk 259,-774: 1
[21:21:46] [Worker-Main-12/INFO] [co.ri.ge.sy.ci.in.wo.MinecraftCityWorldgenStructurePlacer/]: Injected City template terrain StructureStart river_market_connectivity_026 geomantia:city/trek_v3/village/swamp/houses/swamp_shepherd_1 at 259,-774 with datum 67
[21:21:46] [Worker-Main-7/INFO] [co.ri.ge.sy.ci.in.wo.CityReservationMaskRegistry/]: Recorded completed City template worldgen placement civic_core_connectivity_060 geomantia:city/trek_v3/village/desert/houses/desert_butcher_1 after 4 owner chunks at datum 72
[21:21:46] [Worker-Main-7/INFO] [co.ri.ge.sy.ci.in.wo.CityReservationMaskRegistry/]: Recorded completed City template worldgen placement civic_core_fill_034 geomantia:city/trek_v3/village/plains/houses/plains_farm_2 after 4 owner chunks at datum 73
[21:21:46] [Worker-Main-3/INFO] [co.ri.ge.sy.ci.in.wo.CityReservationMaskRegistry/]: City worldgen structure hook reached planned owner chunk 260,-774 for river_market_connectivity_026 (geomantia:city/trek_v3/village/swamp/houses/swamp_shepherd_1)
[21:21:46] [Worker-Main-3/INFO] [co.ri.ge.sy.ci.in.wo.CityReservationMaskRegistry/]: City planned structures matched chunk 260,-774: 1
[21:21:47] [Worker-Main-10/INFO] [co.ri.ge.sy.ci.in.wo.CityReservationMaskRegistry/]: Recorded completed City template worldgen placement artisan_quarter_connectivity_013 geomantia:city/stubbs/residential/household_02 after 4 owner chunks at datum 76
[21:21:47] [Worker-Main-8/INFO] [co.ri.ge.sy.ci.in.wo.CityReservationMaskRegistry/]: Recorded completed City template worldgen placement artisan_quarter_connectivity_011 geomantia:city/stubbs/commercial/general_store_01 after 4 owner chunks at datum 75
[21:21:47] [Worker-Main-1/INFO] [co.ri.ge.sy.ci.in.wo.CityReservationMaskRegistry/]: Recorded completed City template worldgen placement artisan_quarter_required_001 geomantia:city/stubbs/commercial/town_workshop_01 after 1 owner chunks at datum 74
[21:21:48] [Worker-Main-1/INFO] [co.ri.ge.sy.ci.in.wo.CityReservationMaskRegistry/]: Recorded completed City template worldgen placement artisan_quarter_fill_002 geomantia:city/stubbs/commercial/town_workshop_01 after 2 owner chunks at datum 73
[21:21:48] [Worker-Main-13/INFO] [co.ri.ge.sy.ci.in.wo.CityReservationMaskRegistry/]: Recorded completed City template worldgen placement artisan_quarter_fill_007 geomantia:city/stubbs/residential/civilian_house_03 after 4 owner chunks at datum 73
[21:21:48] [Worker-Main-2/INFO] [co.ri.ge.sy.ci.in.wo.CityReservationMaskRegistry/]: City worldgen structure hook reached planned owner chunk 256,-773 for river_market_connectivity_023 (geomantia:city/trek_v3/village/desert/houses/desert_medium_house_1)
[21:21:48] [Worker-Main-2/INFO] [co.ri.ge.sy.ci.in.wo.CityReservationMaskRegistry/]: City planned structures matched chunk 256,-773: 1
[21:21:48] [Worker-Main-5/INFO] [co.ri.ge.sy.ci.in.wo.CityReservationMaskRegistry/]: City worldgen structure hook reached planned owner chunk 257,-773 for river_market_connectivity_023 (geomantia:city/trek_v3/village/desert/houses/desert_medium_house_1)
[21:21:48] [Worker-Main-5/INFO] [co.ri.ge.sy.ci.in.wo.CityReservationMaskRegistry/]: City planned structures matched chunk 257,-773: 1
[21:21:48] [Worker-Main-7/INFO] [co.ri.ge.sy.ci.in.wo.CityReservationMaskRegistry/]: Recorded completed City template worldgen placement civic_core_fill_044 geomantia:city/trek_v3/village/desert/houses/desert_shepherd_1 after 1 owner chunks at datum 72
[21:21:48] [Worker-Main-2/INFO] [co.ri.ge.sy.ci.in.wo.CityReservationMaskRegistry/]: Recorded completed City template worldgen placement civic_core_fill_039 geomantia:city/trek_v3/village/swamp_vanilla/houses/swamp_small_house_6 after 2 owner chunks at datum 72
[21:21:49] [Worker-Main-11/INFO] [co.ri.ge.sy.ci.in.wo.CityReservationMaskRegistry/]: Recorded completed City template worldgen placement civic_core_fill_031 geomantia:city/trek_v3/village/plains/houses/plains_toolsmith_1 after 2 owner chunks at datum 73
[21:21:49] [Worker-Main-5/INFO] [co.ri.ge.sy.ci.in.wo.CityReservationMaskRegistry/]: Recorded completed City template worldgen placement civic_core_connectivity_061 geomantia:city/trek_v3/village/plains/houses/plains_shepherd_1 after 4 owner chunks at datum 73
[21:21:49] [Worker-Main-13/INFO] [co.ri.ge.sy.ci.in.wo.CityReservationMaskRegistry/]: City worldgen structure hook reached planned owner chunk 252,-772 for river_market_connectivity_021 (geomantia:city/trek_v3/village/plains/houses/plains_small_house_1)
[21:21:49] [Worker-Main-13/INFO] [co.ri.ge.sy.ci.in.wo.CityReservationMaskRegistry/]: City planned structures matched chunk 252,-772: 1
[21:21:49] [Worker-Main-13/INFO] [co.ri.ge.sy.ci.in.wo.MinecraftCityWorldgenStructurePlacer/]: Injected City template terrain StructureStart river_market_connectivity_021 geomantia:city/trek_v3/village/plains/houses/plains_small_house_1 at 252,-772 with datum 65
[21:21:49] [Worker-Main-14/INFO] [co.ri.ge.sy.ci.in.wo.CityReservationMaskRegistry/]: City worldgen structure hook reached planned owner chunk 253,-772 for river_market_connectivity_021 (geomantia:city/trek_v3/village/plains/houses/plains_small_house_1)
[21:21:50] [Worker-Main-14/INFO] [co.ri.ge.sy.ci.in.wo.CityReservationMaskRegistry/]: City planned structures matched chunk 253,-772: 1
[21:21:50] [Worker-Main-10/INFO] [co.ri.ge.sy.ci.in.wo.CityReservationMaskRegistry/]: City worldgen structure hook reached planned owner chunk 254,-772 for river_market_connectivity_022 (geomantia:city/trek_v3/village/plains/houses/plains_small_house_4)
[21:21:50] [Worker-Main-10/INFO] [co.ri.ge.sy.ci.in.wo.CityReservationMaskRegistry/]: City planned structures matched chunk 254,-772: 1
[21:21:50] [Worker-Main-10/INFO] [co.ri.ge.sy.ci.in.wo.MinecraftCityWorldgenStructurePlacer/]: Injected City template terrain StructureStart river_market_connectivity_022 geomantia:city/trek_v3/village/plains/houses/plains_small_house_4 at 254,-772 with datum 65
[21:21:50] [Worker-Main-14/INFO] [co.ri.ge.sy.ci.in.wo.CityReservationMaskRegistry/]: Recorded completed City template worldgen placement civic_core_connectivity_058 geomantia:city/trek_v3/village/plains/houses/plains_weaponsmith_1 after 4 owner chunks at datum 72
[21:21:50] [Worker-Main-15/INFO] [co.ri.ge.sy.ci.in.wo.CityReservationMaskRegistry/]: City worldgen structure hook reached planned owner chunk 255,-772 for river_market_connectivity_022 (geomantia:city/trek_v3/village/plains/houses/plains_small_house_4)
[21:21:50] [Worker-Main-15/INFO] [co.ri.ge.sy.ci.in.wo.CityReservationMaskRegistry/]: City planned structures matched chunk 255,-772: 1
[21:21:51] [Worker-Main-5/INFO] [co.ri.ge.sy.ci.in.wo.CityReservationMaskRegistry/]: City worldgen structure hook reached planned owner chunk 261,-787 for river_market_connectivity_057 (geomantia:city/stubbs/commercial/general_store_01)
[21:21:51] [Worker-Main-5/INFO] [co.ri.ge.sy.ci.in.wo.CityReservationMaskRegistry/]: City planned structures matched chunk 261,-787: 1
[21:21:51] [Worker-Main-5/INFO] [co.ri.ge.sy.ci.in.wo.MinecraftCityWorldgenStructurePlacer/]: Injected City template terrain StructureStart river_market_connectivity_057 geomantia:city/stubbs/commercial/general_store_01 at 261,-787 with datum 83
[21:21:51] [Worker-Main-8/INFO] [co.ri.ge.sy.ci.in.wo.CityReservationMaskRegistry/]: City worldgen structure hook reached planned owner chunk 261,-786 for river_market_connectivity_057 (geomantia:city/stubbs/commercial/general_store_01)
[21:21:51] [Worker-Main-8/INFO] [co.ri.ge.sy.ci.in.wo.CityReservationMaskRegistry/]: City planned structures matched chunk 261,-786: 1
[21:21:51] [Worker-Main-13/INFO] [co.ri.ge.sy.ci.in.wo.CityReservationMaskRegistry/]: City worldgen structure hook reached planned owner chunk 261,-785 for river_market_connectivity_057 (geomantia:city/stubbs/commercial/general_store_01)
[21:21:51] [Worker-Main-13/INFO] [co.ri.ge.sy.ci.in.wo.CityReservationMaskRegistry/]: City planned structures matched chunk 261,-785: 1
[21:21:51] [Worker-Main-13/INFO] [co.ri.ge.sy.ci.in.wo.CityReservationMaskRegistry/]: City worldgen structure hook reached planned owner chunk 261,-784 for east_residential_connectivity_024 (geomantia:city/stubbs/commercial/laundry_facility_01)
[21:21:51] [Worker-Main-13/INFO] [co.ri.ge.sy.ci.in.wo.CityReservationMaskRegistry/]: City planned structures matched chunk 261,-784: 1
[21:21:51] [Worker-Main-13/INFO] [co.ri.ge.sy.ci.in.wo.CityReservationMaskRegistry/]: City worldgen structure hook reached planned owner chunk 261,-783 for east_residential_connectivity_024 (geomantia:city/stubbs/commercial/laundry_facility_01)
[21:21:51] [Worker-Main-13/INFO] [co.ri.ge.sy.ci.in.wo.CityReservationMaskRegistry/]: City planned structures matched chunk 261,-783: 1
[21:21:51] [Worker-Main-5/INFO] [co.ri.ge.sy.ci.in.wo.CityReservationMaskRegistry/]: City worldgen structure hook reached planned owner chunk 261,-782 for east_residential_connectivity_023 (geomantia:city/stubbs/commercial/flower_shop_01)
[21:21:51] [Worker-Main-5/INFO] [co.ri.ge.sy.ci.in.wo.CityReservationMaskRegistry/]: City planned structures matched chunk 261,-782: 1
[21:21:51] [Worker-Main-13/INFO] [co.ri.ge.sy.ci.in.wo.CityReservationMaskRegistry/]: City worldgen structure hook reached planned owner chunk 261,-781 for east_residential_connectivity_023 (geomantia:city/stubbs/commercial/flower_shop_01)
[21:21:51] [Worker-Main-13/INFO] [co.ri.ge.sy.ci.in.wo.CityReservationMaskRegistry/]: City planned structures matched chunk 261,-781: 1
[21:21:51] [Worker-Main-5/INFO] [co.ri.ge.sy.ci.in.wo.CityReservationMaskRegistry/]: City worldgen structure hook reached planned owner chunk 261,-778 for east_residential_connectivity_027 (geomantia:city/stubbs/commercial/general_store_01)
[21:21:51] [Worker-Main-5/INFO] [co.ri.ge.sy.ci.in.wo.CityReservationMaskRegistry/]: City planned structures matched chunk 261,-778: 1
[21:21:51] [Worker-Main-11/INFO] [co.ri.ge.sy.ci.in.wo.CityReservationMaskRegistry/]: City worldgen structure hook reached planned owner chunk 261,-777 for east_residential_connectivity_027 (geomantia:city/stubbs/commercial/general_store_01)
[21:21:51] [Worker-Main-11/INFO] [co.ri.ge.sy.ci.in.wo.CityReservationMaskRegistry/]: City planned structures matched chunk 261,-777: 1
[21:21:51] [Worker-Main-5/INFO] [co.ri.ge.sy.ci.in.wo.CityReservationMaskRegistry/]: City worldgen structure hook reached planned owner chunk 261,-776 for east_residential_connectivity_027 (geomantia:city/stubbs/commercial/general_store_01)
[21:21:51] [Worker-Main-5/INFO] [co.ri.ge.sy.ci.in.wo.CityReservationMaskRegistry/]: City planned structures matched chunk 261,-776: 1
[21:21:51] [Worker-Main-3/INFO] [co.ri.ge.sy.ci.in.wo.CityReservationMaskRegistry/]: City worldgen structure hook reached planned owner chunk 261,-774 for river_market_connectivity_028 (geomantia:city/trek_v3/village/desert/houses/desert_toolsmith_1)
[21:21:51] [Worker-Main-3/INFO] [co.ri.ge.sy.ci.in.wo.CityReservationMaskRegistry/]: City planned structures matched chunk 261,-774: 1
[21:21:51] [Worker-Main-3/INFO] [co.ri.ge.sy.ci.in.wo.MinecraftCityWorldgenStructurePlacer/]: Injected City template terrain StructureStart river_market_connectivity_028 geomantia:city/trek_v3/village/desert/houses/desert_toolsmith_1 at 261,-774 with datum 67
[21:21:51] [Worker-Main-10/INFO] [co.ri.ge.sy.ci.in.wo.CityReservationMaskRegistry/]: Recorded completed City template worldgen placement artisan_quarter_connectivity_018 geomantia:city/stubbs/commercial/laundry_facility_01 after 6 owner chunks at datum 73
[21:21:52] [Worker-Main-1/INFO] [co.ri.ge.sy.ci.in.wo.CityReservationMaskRegistry/]: Recorded completed City template worldgen placement civic_core_fill_035 geomantia:city/trek_v3/village/plains/houses/plains_stable_1 after 1 owner chunks at datum 71
[21:21:52] [Worker-Main-12/INFO] [co.ri.ge.sy.ci.in.wo.CityReservationMaskRegistry/]: Recorded completed City template worldgen placement artisan_quarter_fill_006 geomantia:city/stubbs/residential/civilian_house_03 after 6 owner chunks at datum 75
[21:21:53] [Worker-Main-14/INFO] [co.ri.ge.sy.ci.in.wo.CityReservationMaskRegistry/]: City worldgen structure hook reached planned owner chunk 252,-771 for river_market_connectivity_018 (geomantia:city/trek_v3/village/desert/houses/desert_medium_house_2)
[21:21:53] [Worker-Main-14/INFO] [co.ri.ge.sy.ci.in.wo.CityReservationMaskRegistry/]: City planned structures matched chunk 252,-771: 1
[21:21:53] [Worker-Main-14/INFO] [co.ri.ge.sy.ci.in.wo.MinecraftCityWorldgenStructurePlacer/]: Injected City template terrain StructureStart river_market_connectivity_018 geomantia:city/trek_v3/village/desert/houses/desert_medium_house_2 at 252,-771 with datum 64
[21:21:53] [Worker-Main-1/INFO] [co.ri.ge.sy.ci.in.wo.CityReservationMaskRegistry/]: City worldgen structure hook reached planned owner chunk 253,-771 for river_market_connectivity_018 (geomantia:city/trek_v3/village/desert/houses/desert_medium_house_2)
[21:21:53] [Worker-Main-1/INFO] [co.ri.ge.sy.ci.in.wo.CityReservationMaskRegistry/]: City planned structures matched chunk 253,-771: 1
[21:21:53] [Worker-Main-6/INFO] [co.ri.ge.sy.ci.in.wo.CityReservationMaskRegistry/]: City worldgen structure hook reached planned owner chunk 254,-771 for river_market_connectivity_019 (geomantia:city/trek_v3/village/swamp_vanilla/houses/swamp_small_house_6)
[21:21:53] [Worker-Main-6/INFO] [co.ri.ge.sy.ci.in.wo.CityReservationMaskRegistry/]: City planned structures matched chunk 254,-771: 2
[21:21:53] [Worker-Main-6/INFO] [co.ri.ge.sy.ci.in.wo.MinecraftCityWorldgenStructurePlacer/]: Injected City template terrain StructureStart river_market_connectivity_019 geomantia:city/trek_v3/village/swamp_vanilla/houses/swamp_small_house_6 at 254,-771 with datum 65
[21:21:53] [Worker-Main-10/INFO] [co.ri.ge.sy.ci.in.wo.CityReservationMaskRegistry/]: Recorded completed City template worldgen placement artisan_quarter_connectivity_010 geomantia:city/stubbs/agriculture/farm_storage_house_01 after 6 owner chunks at datum 71
[21:21:53] [Worker-Main-13/INFO] [co.ri.ge.sy.ci.in.wo.CityReservationMaskRegistry/]: Recorded completed City template worldgen placement artisan_quarter_connectivity_014 geomantia:city/stubbs/residential/civilian_house_03 after 4 owner chunks at datum 70
[21:21:53] [Worker-Main-3/INFO] [co.ri.ge.sy.ci.in.wo.CityReservationMaskRegistry/]: City worldgen structure hook reached planned owner chunk 255,-771 for river_market_connectivity_022 (geomantia:city/trek_v3/village/plains/houses/plains_small_house_4)
[21:21:53] [Worker-Main-3/INFO] [co.ri.ge.sy.ci.in.wo.CityReservationMaskRegistry/]: City planned structures matched chunk 255,-771: 1
[21:21:54] [Worker-Main-14/INFO] [co.ri.ge.sy.ci.in.wo.CityReservationMaskRegistry/]: Recorded completed City template worldgen placement civic_core_connectivity_059 geomantia:city/trek_v3/village/desert/houses/desert_big_house_1 after 4 owner chunks at datum 72
[21:21:54] [Worker-Main-1/INFO] [co.ri.ge.sy.ci.in.wo.CityReservationMaskRegistry/]: City worldgen structure hook reached planned owner chunk 252,-770 for river_market_connectivity_017 (geomantia:city/trek_v3/village/swamp_vanilla/houses/swamp_small_house_7)
[21:21:54] [Worker-Main-1/INFO] [co.ri.ge.sy.ci.in.wo.CityReservationMaskRegistry/]: City planned structures matched chunk 252,-770: 2
[21:21:54] [Worker-Main-1/INFO] [co.ri.ge.sy.ci.in.wo.MinecraftCityWorldgenStructurePlacer/]: Injected City template terrain StructureStart river_market_connectivity_017 geomantia:city/trek_v3/village/swamp_vanilla/houses/swamp_small_house_7 at 252,-770 with datum 64
[21:21:54] [Worker-Main-12/INFO] [co.ri.ge.sy.ci.in.wo.CityReservationMaskRegistry/]: Recorded completed City template worldgen placement civic_core_connectivity_062 geomantia:city/trek_v3/village/desert/houses/desert_armorer_1 after 2 owner chunks at datum 71
[21:21:54] [Worker-Main-5/INFO] [co.ri.ge.sy.ci.in.wo.CityReservationMaskRegistry/]: City worldgen structure hook reached planned owner chunk 253,-770 for river_market_connectivity_017 (geomantia:city/trek_v3/village/swamp_vanilla/houses/swamp_small_house_7)
[21:21:54] [Worker-Main-5/INFO] [co.ri.ge.sy.ci.in.wo.CityReservationMaskRegistry/]: City planned structures matched chunk 253,-770: 2
[21:21:54] [Worker-Main-8/INFO] [co.ri.ge.sy.ci.in.wo.CityReservationMaskRegistry/]: City worldgen structure hook reached planned owner chunk 254,-770 for river_market_connectivity_019 (geomantia:city/trek_v3/village/swamp_vanilla/houses/swamp_small_house_6)
[21:21:54] [Worker-Main-8/INFO] [co.ri.ge.sy.ci.in.wo.CityReservationMaskRegistry/]: City planned structures matched chunk 254,-770: 1
[21:21:54] [Worker-Main-6/INFO] [co.ri.ge.sy.ci.in.wo.CityReservationMaskRegistry/]: City worldgen structure hook reached planned owner chunk 255,-770 for river_market_connectivity_020 (geomantia:city/trek_v3/village/desert/houses/desert_fletcher_1)
[21:21:54] [Worker-Main-6/INFO] [co.ri.ge.sy.ci.in.wo.CityReservationMaskRegistry/]: City planned structures matched chunk 255,-770: 1
[21:21:54] [Worker-Main-6/INFO] [co.ri.ge.sy.ci.in.wo.MinecraftCityWorldgenStructurePlacer/]: Injected City template terrain StructureStart river_market_connectivity_020 geomantia:city/trek_v3/village/desert/houses/desert_fletcher_1 at 255,-770 with datum 65
[21:21:55] [Worker-Main-2/INFO] [co.ri.ge.sy.ci.in.wo.CityReservationMaskRegistry/]: Recorded completed City template worldgen placement civic_core_connectivity_063 geomantia:city/trek_v3/village/desert/houses/desert_farm_1 after 2 owner chunks at datum 71
[21:21:55] [Worker-Main-7/INFO] [co.ri.ge.sy.ci.in.wo.CityReservationMaskRegistry/]: City worldgen structure hook reached planned owner chunk 262,-787 for river_market_connectivity_057 (geomantia:city/stubbs/commercial/general_store_01)
[21:21:55] [Worker-Main-7/INFO] [co.ri.ge.sy.ci.in.wo.CityReservationMaskRegistry/]: City planned structures matched chunk 262,-787: 1
[21:21:55] [Worker-Main-4/INFO] [co.ri.ge.sy.ci.in.wo.CityReservationMaskRegistry/]: City worldgen structure hook reached planned owner chunk 262,-786 for river_market_connectivity_057 (geomantia:city/stubbs/commercial/general_store_01)
[21:21:55] [Worker-Main-4/INFO] [co.ri.ge.sy.ci.in.wo.CityReservationMaskRegistry/]: City planned structures matched chunk 262,-786: 1
[21:21:55] [Worker-Main-12/INFO] [co.ri.ge.sy.ci.in.wo.CityReservationMaskRegistry/]: City worldgen structure hook reached planned owner chunk 262,-785 for river_market_connectivity_057 (geomantia:city/stubbs/commercial/general_store_01)
[21:21:55] [Worker-Main-12/INFO] [co.ri.ge.sy.ci.in.wo.CityReservationMaskRegistry/]: City planned structures matched chunk 262,-785: 1
[21:21:55] [Worker-Main-8/INFO] [co.ri.ge.sy.ci.in.wo.CityReservationMaskRegistry/]: City worldgen structure hook reached planned owner chunk 262,-781 for east_residential_connectivity_021 (geomantia:city/stubbs/commercial/motel_01)
[21:21:55] [Worker-Main-8/INFO] [co.ri.ge.sy.ci.in.wo.CityReservationMaskRegistry/]: City planned structures matched chunk 262,-781: 1
[21:21:55] [Worker-Main-8/INFO] [co.ri.ge.sy.ci.in.wo.MinecraftCityWorldgenStructurePlacer/]: Injected City template terrain StructureStart east_residential_connectivity_021 geomantia:city/stubbs/commercial/motel_01 at 262,-781 with datum 75
[21:21:55] [Worker-Main-5/INFO] [co.ri.ge.sy.ci.in.wo.CityReservationMaskRegistry/]: City worldgen structure hook reached planned owner chunk 262,-780 for east_residential_connectivity_021 (geomantia:city/stubbs/commercial/motel_01)
[21:21:55] [Worker-Main-5/INFO] [co.ri.ge.sy.ci.in.wo.CityReservationMaskRegistry/]: City planned structures matched chunk 262,-780: 1
[21:21:55] [Worker-Main-5/INFO] [co.ri.ge.sy.ci.in.wo.CityReservationMaskRegistry/]: Recorded completed City template worldgen placement artisan_quarter_connectivity_015 geomantia:city/stubbs/commercial/motel_01 after 4 owner chunks at datum 71
[21:21:55] [Worker-Main-14/INFO] [co.ri.ge.sy.ci.in.wo.CityReservationMaskRegistry/]: City worldgen structure hook reached planned owner chunk 262,-778 for river_market_connectivity_054 (geomantia:city/trek_v3/village/plains/houses/plains_farm_1)
[21:21:55] [Worker-Main-14/INFO] [co.ri.ge.sy.ci.in.wo.CityReservationMaskRegistry/]: City planned structures matched chunk 262,-778: 1
[21:21:55] [Worker-Main-14/INFO] [co.ri.ge.sy.ci.in.wo.MinecraftCityWorldgenStructurePlacer/]: Injected City template terrain StructureStart river_market_connectivity_054 geomantia:city/trek_v3/village/plains/houses/plains_farm_1 at 262,-778 with datum 73
[21:21:55] [Worker-Main-3/INFO] [co.ri.ge.sy.ci.in.wo.CityReservationMaskRegistry/]: Recorded completed City template worldgen placement civic_core_connectivity_049 geomantia:city/trek_v3/village/desert/houses/desert_fletcher_1 after 1 owner chunks at datum 72
[21:21:56] [Worker-Main-11/INFO] [co.ri.ge.sy.ci.in.wo.CityReservationMaskRegistry/]: City worldgen structure hook reached planned owner chunk 252,-769 for river_market_connectivity_017 (geomantia:city/trek_v3/village/swamp_vanilla/houses/swamp_small_house_7)
[21:21:56] [Worker-Main-11/INFO] [co.ri.ge.sy.ci.in.wo.CityReservationMaskRegistry/]: City planned structures matched chunk 252,-769: 1
[21:21:56] [Worker-Main-9/INFO] [co.ri.ge.sy.ci.in.wo.CityReservationMaskRegistry/]: City worldgen structure hook reached planned owner chunk 253,-769 for river_market_connectivity_017 (geomantia:city/trek_v3/village/swamp_vanilla/houses/swamp_small_house_7)
[21:21:56] [Worker-Main-9/INFO] [co.ri.ge.sy.ci.in.wo.CityReservationMaskRegistry/]: City planned structures matched chunk 253,-769: 1
[21:21:57] [Worker-Main-10/INFO] [co.ri.ge.sy.ci.in.wo.CityReservationMaskRegistry/]: City worldgen structure hook reached planned owner chunk 263,-785 for east_residential_connectivity_022 (geomantia:city/stubbs/agriculture/horse_stall_02)
[21:21:57] [Worker-Main-10/INFO] [co.ri.ge.sy.ci.in.wo.CityReservationMaskRegistry/]: City planned structures matched chunk 263,-785: 1
[21:21:57] [Worker-Main-10/INFO] [co.ri.ge.sy.ci.in.wo.MinecraftCityWorldgenStructurePlacer/]: Injected City template terrain StructureStart east_residential_connectivity_022 geomantia:city/stubbs/agriculture/horse_stall_02 at 263,-785 with datum 74
[21:21:57] [Worker-Main-5/INFO] [co.ri.ge.sy.ci.in.wo.CityReservationMaskRegistry/]: City worldgen structure hook reached planned owner chunk 263,-784 for east_residential_connectivity_022 (geomantia:city/stubbs/agriculture/horse_stall_02)
[21:21:57] [Worker-Main-5/INFO] [co.ri.ge.sy.ci.in.wo.CityReservationMaskRegistry/]: City planned structures matched chunk 263,-784: 1
[21:21:57] [Worker-Main-7/INFO] [co.ri.ge.sy.ci.in.wo.CityReservationMaskRegistry/]: City worldgen structure hook reached planned owner chunk 263,-783 for east_residential_connectivity_022 (geomantia:city/stubbs/agriculture/horse_stall_02)
[21:21:57] [Worker-Main-7/INFO] [co.ri.ge.sy.ci.in.wo.CityReservationMaskRegistry/]: City planned structures matched chunk 263,-783: 1
[21:21:57] [Worker-Main-7/INFO] [co.ri.ge.sy.ci.in.wo.CityReservationMaskRegistry/]: City worldgen structure hook reached planned owner chunk 263,-781 for east_residential_connectivity_021 (geomantia:city/stubbs/commercial/motel_01)
[21:21:57] [Worker-Main-7/INFO] [co.ri.ge.sy.ci.in.wo.CityReservationMaskRegistry/]: City planned structures matched chunk 263,-781: 1
[21:21:57] [Worker-Main-7/INFO] [co.ri.ge.sy.ci.in.wo.CityReservationMaskRegistry/]: City worldgen structure hook reached planned owner chunk 263,-780 for east_residential_connectivity_021 (geomantia:city/stubbs/commercial/motel_01)
[21:21:57] [Worker-Main-7/INFO] [co.ri.ge.sy.ci.in.wo.CityReservationMaskRegistry/]: City planned structures matched chunk 263,-780: 1
[21:21:57] [Worker-Main-10/INFO] [co.ri.ge.sy.ci.in.wo.CityReservationMaskRegistry/]: City worldgen structure hook reached planned owner chunk 263,-779 for east_residential_connectivity_018 (geomantia:city/stubbs/residential/household_01)
[21:21:57] [Worker-Main-10/INFO] [co.ri.ge.sy.ci.in.wo.CityReservationMaskRegistry/]: City planned structures matched chunk 263,-779: 1
[21:21:57] [Worker-Main-10/INFO] [co.ri.ge.sy.ci.in.wo.MinecraftCityWorldgenStructurePlacer/]: Injected City template terrain StructureStart east_residential_connectivity_018 geomantia:city/stubbs/residential/household_01 at 263,-779 with datum 73
[21:21:57] [Worker-Main-10/INFO] [co.ri.ge.sy.ci.in.wo.CityReservationMaskRegistry/]: City worldgen structure hook reached planned owner chunk 263,-778 for east_residential_connectivity_018 (geomantia:city/stubbs/residential/household_01)
[21:21:57] [Worker-Main-10/INFO] [co.ri.ge.sy.ci.in.wo.CityReservationMaskRegistry/]: City planned structures matched chunk 263,-778: 1
[21:21:58] [Worker-Main-5/INFO] [co.ri.ge.sy.ci.in.wo.CityReservationMaskRegistry/]: Recorded completed City template worldgen placement civic_core_connectivity_046 geomantia:city/trek_v3/village/swamp_vanilla/houses/swamp_small_house_7 after 1 owner chunks at datum 72
[21:21:58] [Worker-Main-15/INFO] [co.ri.ge.sy.ci.in.wo.CityReservationMaskRegistry/]: Recorded completed City template worldgen placement civic_core_connectivity_048 geomantia:city/trek_v3/village/swamp_vanilla/houses/swamp_small_house_6 after 2 owner chunks at datum 72
[21:21:58] [Worker-Main-5/INFO] [co.ri.ge.sy.ci.in.wo.CityReservationMaskRegistry/]: City worldgen structure hook reached planned owner chunk 264,-785 for east_residential_connectivity_022 (geomantia:city/stubbs/agriculture/horse_stall_02)
[21:21:58] [Worker-Main-5/INFO] [co.ri.ge.sy.ci.in.wo.CityReservationMaskRegistry/]: City planned structures matched chunk 264,-785: 1
[21:21:58] [Worker-Main-5/INFO] [co.ri.ge.sy.ci.in.wo.CityReservationMaskRegistry/]: City worldgen structure hook reached planned owner chunk 264,-784 for east_residential_connectivity_022 (geomantia:city/stubbs/agriculture/horse_stall_02)
[21:21:58] [Worker-Main-5/INFO] [co.ri.ge.sy.ci.in.wo.CityReservationMaskRegistry/]: City planned structures matched chunk 264,-784: 1
[21:21:58] [Worker-Main-5/INFO] [co.ri.ge.sy.ci.in.wo.CityReservationMaskRegistry/]: City worldgen structure hook reached planned owner chunk 264,-783 for east_residential_connectivity_022 (geomantia:city/stubbs/agriculture/horse_stall_02)
[21:21:58] [Worker-Main-5/INFO] [co.ri.ge.sy.ci.in.wo.CityReservationMaskRegistry/]: City planned structures matched chunk 264,-783: 1
[21:21:58] [Worker-Main-12/INFO] [co.ri.ge.sy.ci.in.wo.CityReservationMaskRegistry/]: City worldgen structure hook reached planned owner chunk 264,-781 for east_residential_connectivity_021 (geomantia:city/stubbs/commercial/motel_01)
[21:21:58] [Worker-Main-12/INFO] [co.ri.ge.sy.ci.in.wo.CityReservationMaskRegistry/]: City planned structures matched chunk 264,-781: 1
[21:21:58] [Worker-Main-12/INFO] [co.ri.ge.sy.ci.in.wo.CityReservationMaskRegistry/]: City worldgen structure hook reached planned owner chunk 264,-780 for east_residential_connectivity_021 (geomantia:city/stubbs/commercial/motel_01)
[21:21:58] [Worker-Main-12/INFO] [co.ri.ge.sy.ci.in.wo.CityReservationMaskRegistry/]: City planned structures matched chunk 264,-780: 1
[21:21:58] [Worker-Main-5/INFO] [co.ri.ge.sy.ci.in.wo.CityReservationMaskRegistry/]: City worldgen structure hook reached planned owner chunk 264,-779 for east_residential_connectivity_018 (geomantia:city/stubbs/residential/household_01)
[21:21:58] [Worker-Main-5/INFO] [co.ri.ge.sy.ci.in.wo.CityReservationMaskRegistry/]: City planned structures matched chunk 264,-779: 1
[21:21:58] [Worker-Main-4/INFO] [co.ri.ge.sy.ci.in.wo.CityReservationMaskRegistry/]: City worldgen structure hook reached planned owner chunk 264,-778 for east_residential_connectivity_018 (geomantia:city/stubbs/residential/household_01)
[21:21:58] [Worker-Main-4/INFO] [co.ri.ge.sy.ci.in.wo.CityReservationMaskRegistry/]: City planned structures matched chunk 264,-778: 1
[21:21:58] [Worker-Main-4/INFO] [co.ri.ge.sy.ci.in.wo.CityReservationMaskRegistry/]: Recorded completed City template worldgen placement civic_core_connectivity_056 geomantia:city/trek_v3/village/desert/houses/desert_tannery_1 after 2 owner chunks at datum 71
[21:21:58] [Worker-Main-3/INFO] [co.ri.ge.sy.ci.in.wo.CityReservationMaskRegistry/]: Recorded completed City template worldgen placement civic_core_connectivity_047 geomantia:city/trek_v3/village/desert/houses/desert_medium_house_2 after 2 owner chunks at datum 72
[21:21:59] [Worker-Main-3/INFO] [co.ri.ge.sy.ci.in.wo.CityReservationMaskRegistry/]: Recorded completed City template worldgen placement civic_core_connectivity_050 geomantia:city/trek_v3/village/plains/houses/plains_small_house_1 after 2 owner chunks at datum 72
[21:21:59] [Worker-Main-1/INFO] [co.ri.ge.sy.ci.in.wo.CityReservationMaskRegistry/]: Recorded completed City template worldgen placement river_market_connectivity_056 geomantia:city/stubbs/agriculture/farm_storage_house_01 after 4 owner chunks at datum 71
[21:21:59] [Worker-Main-14/INFO] [co.ri.ge.sy.ci.in.wo.CityReservationMaskRegistry/]: City worldgen structure hook reached planned owner chunk 246,-767 for river_market_fill_004 (geomantia:city/trek_v3/village/desert/houses/desert_fletcher_1)
[21:21:59] [Worker-Main-14/INFO] [co.ri.ge.sy.ci.in.wo.CityReservationMaskRegistry/]: City planned structures matched chunk 246,-767: 1
[21:21:59] [Worker-Main-14/INFO] [co.ri.ge.sy.ci.in.wo.MinecraftCityWorldgenStructurePlacer/]: Injected City template terrain StructureStart river_market_fill_004 geomantia:city/trek_v3/village/desert/houses/desert_fletcher_1 at 246,-767 with datum 64
[21:21:59] [Worker-Main-14/INFO] [co.ri.ge.sy.ci.in.wo.CityReservationMaskRegistry/]: City worldgen structure hook reached planned owner chunk 247,-767 for river_market_fill_005 (geomantia:city/trek_v3/village/plains/houses/plains_small_house_1)
[21:21:59] [Worker-Main-14/INFO] [co.ri.ge.sy.ci.in.wo.CityReservationMaskRegistry/]: City planned structures matched chunk 247,-767: 1
[21:21:59] [Worker-Main-14/INFO] [co.ri.ge.sy.ci.in.wo.MinecraftCityWorldgenStructurePlacer/]: Injected City template terrain StructureStart river_market_fill_005 geomantia:city/trek_v3/village/plains/houses/plains_small_house_1 at 247,-767 with datum 64
[21:21:59] [Worker-Main-11/INFO] [co.ri.ge.sy.ci.in.wo.CityReservationMaskRegistry/]: City worldgen structure hook reached planned owner chunk 249,-767 for river_market_fill_006 (geomantia:city/trek_v3/village/plains/houses/plains_small_house_4)
[21:21:59] [Worker-Main-11/INFO] [co.ri.ge.sy.ci.in.wo.CityReservationMaskRegistry/]: City planned structures matched chunk 249,-767: 1
[21:21:59] [Worker-Main-11/INFO] [co.ri.ge.sy.ci.in.wo.MinecraftCityWorldgenStructurePlacer/]: Injected City template terrain StructureStart river_market_fill_006 geomantia:city/trek_v3/village/plains/houses/plains_small_house_4 at 249,-767 with datum 64
[21:21:59] [Worker-Main-13/INFO] [co.ri.ge.sy.ci.in.wo.CityReservationMaskRegistry/]: City worldgen structure hook reached planned owner chunk 251,-767 for river_market_fill_010 (geomantia:city/trek_v3/village/swamp/houses/swamp_shepherd_1)
[21:21:59] [Worker-Main-13/INFO] [co.ri.ge.sy.ci.in.wo.CityReservationMaskRegistry/]: City planned structures matched chunk 251,-767: 1
[21:21:59] [Worker-Main-13/INFO] [co.ri.ge.sy.ci.in.wo.MinecraftCityWorldgenStructurePlacer/]: Injected City template terrain StructureStart river_market_fill_010 geomantia:city/trek_v3/village/swamp/houses/swamp_shepherd_1 at 251,-767 with datum 64
[21:22:01] [Worker-Main-15/INFO] [co.ri.ge.sy.ci.in.wo.CityReservationMaskRegistry/]: Recorded completed City template worldgen placement civic_core_connectivity_053 geomantia:city/trek_v3/village/plains/houses/plains_small_house_2 after 2 owner chunks at datum 70
[21:22:02] [Worker-Main-8/INFO] [co.ri.ge.sy.ci.in.wo.CityReservationMaskRegistry/]: Recorded completed City template worldgen placement artisan_quarter_fill_003 geomantia:city/stubbs/agriculture/farm_storage_house_01 after 4 owner chunks at datum 77
[21:22:02] [Worker-Main-13/INFO] [co.ri.ge.sy.ci.in.wo.CityReservationMaskRegistry/]: City worldgen structure hook reached planned owner chunk 245,-765 for river_market_fill_007 (geomantia:city/trek_v3/village/desert/houses/desert_medium_house_1)
[21:22:02] [Worker-Main-13/INFO] [co.ri.ge.sy.ci.in.wo.CityReservationMaskRegistry/]: City planned structures matched chunk 245,-765: 1
[21:22:02] [Worker-Main-13/INFO] [co.ri.ge.sy.ci.in.wo.MinecraftCityWorldgenStructurePlacer/]: Injected City template terrain StructureStart river_market_fill_007 geomantia:city/trek_v3/village/desert/houses/desert_medium_house_1 at 245,-765 with datum 64
[21:22:02] [Worker-Main-6/INFO] [co.ri.ge.sy.ci.in.wo.CityReservationMaskRegistry/]: City worldgen structure hook reached planned owner chunk 247,-765 for river_market_fill_008 (geomantia:city/trek_v3/village/plains/houses/plains_small_house_2)
[21:22:02] [Worker-Main-6/INFO] [co.ri.ge.sy.ci.in.wo.CityReservationMaskRegistry/]: City planned structures matched chunk 247,-765: 1
[21:22:02] [Worker-Main-6/INFO] [co.ri.ge.sy.ci.in.wo.MinecraftCityWorldgenStructurePlacer/]: Injected City template terrain StructureStart river_market_fill_008 geomantia:city/trek_v3/village/plains/houses/plains_small_house_2 at 247,-765 with datum 64
[21:22:02] [Worker-Main-8/INFO] [co.ri.ge.sy.ci.in.wo.CityReservationMaskRegistry/]: City worldgen structure hook reached planned owner chunk 249,-765 for river_market_fill_009 (geomantia:city/trek_v3/village/desert/houses/desert_shepherd_1)
[21:22:02] [Worker-Main-8/INFO] [co.ri.ge.sy.ci.in.wo.CityReservationMaskRegistry/]: City planned structures matched chunk 249,-765: 1
[21:22:02] [Worker-Main-8/INFO] [co.ri.ge.sy.ci.in.wo.MinecraftCityWorldgenStructurePlacer/]: Injected City template terrain StructureStart river_market_fill_009 geomantia:city/trek_v3/village/desert/houses/desert_shepherd_1 at 249,-765 with datum 64
[21:22:02] [Worker-Main-3/INFO] [co.ri.ge.sy.ci.in.wo.CityReservationMaskRegistry/]: Recorded completed City template worldgen placement artisan_quarter_connectivity_016 geomantia:city/stubbs/agriculture/horse_stall_02 after 4 owner chunks at datum 71
[21:22:03] [Worker-Main-1/INFO] [co.ri.ge.sy.ci.in.wo.CityReservationMaskRegistry/]: Recorded completed City template worldgen placement artisan_quarter_connectivity_019 geomantia:city/stubbs/commercial/town_workshop_01 after 4 owner chunks at datum 70
[21:22:03] [Worker-Main-6/INFO] [co.ri.ge.sy.ci.in.wo.CityReservationMaskRegistry/]: City worldgen structure hook reached planned owner chunk 236,-764 for river_market_connectivity_033 (geomantia:city/trek_v3/village/desert/houses/desert_armorer_1)
[21:22:03] [Worker-Main-6/INFO] [co.ri.ge.sy.ci.in.wo.CityReservationMaskRegistry/]: City planned structures matched chunk 236,-764: 1
[21:22:03] [Worker-Main-6/INFO] [co.ri.ge.sy.ci.in.wo.MinecraftCityWorldgenStructurePlacer/]: Injected City template terrain StructureStart river_market_connectivity_033 geomantia:city/trek_v3/village/desert/houses/desert_armorer_1 at 236,-764 with datum 64
[21:22:03] [Worker-Main-5/INFO] [co.ri.ge.sy.ci.in.wo.CityReservationMaskRegistry/]: City worldgen structure hook reached planned owner chunk 237,-764 for river_market_connectivity_033 (geomantia:city/trek_v3/village/desert/houses/desert_armorer_1)
[21:22:03] [Worker-Main-5/INFO] [co.ri.ge.sy.ci.in.wo.CityReservationMaskRegistry/]: City planned structures matched chunk 237,-764: 1
[21:22:03] [Worker-Main-13/INFO] [co.ri.ge.sy.ci.in.wo.CityReservationMaskRegistry/]: City worldgen structure hook reached planned owner chunk 233,-763 for river_market_connectivity_034 (geomantia:city/trek_v3/village/desert/houses/desert_farm_1)
[21:22:03] [Worker-Main-13/INFO] [co.ri.ge.sy.ci.in.wo.CityReservationMaskRegistry/]: City planned structures matched chunk 233,-763: 1
[21:22:03] [Worker-Main-13/INFO] [co.ri.ge.sy.ci.in.wo.MinecraftCityWorldgenStructurePlacer/]: Injected City template terrain StructureStart river_market_connectivity_034 geomantia:city/trek_v3/village/desert/houses/desert_farm_1 at 233,-763 with datum 64
[21:22:03] [Worker-Main-5/INFO] [co.ri.ge.sy.ci.in.wo.CityReservationMaskRegistry/]: City worldgen structure hook reached planned owner chunk 234,-763 for river_market_connectivity_034 (geomantia:city/trek_v3/village/desert/houses/desert_farm_1)
[21:22:03] [Worker-Main-5/INFO] [co.ri.ge.sy.ci.in.wo.CityReservationMaskRegistry/]: City planned structures matched chunk 234,-763: 1
[21:22:03] [Worker-Main-2/INFO] [co.ri.ge.sy.ci.in.wo.CityReservationMaskRegistry/]: City worldgen structure hook reached planned owner chunk 236,-763 for river_market_connectivity_031 (geomantia:city/trek_v3/village/desert/houses/desert_butcher_1)
[21:22:03] [Worker-Main-2/INFO] [co.ri.ge.sy.ci.in.wo.CityReservationMaskRegistry/]: City planned structures matched chunk 236,-763: 1
[21:22:04] [Worker-Main-2/INFO] [co.ri.ge.sy.ci.in.wo.MinecraftCityWorldgenStructurePlacer/]: Injected City template terrain StructureStart river_market_connectivity_031 geomantia:city/trek_v3/village/desert/houses/desert_butcher_1 at 236,-763 with datum 64
[21:22:04] [Worker-Main-15/INFO] [co.ri.ge.sy.ci.in.wo.CityReservationMaskRegistry/]: City worldgen structure hook reached planned owner chunk 237,-763 for river_market_connectivity_031 (geomantia:city/trek_v3/village/desert/houses/desert_butcher_1)
[21:22:04] [Worker-Main-15/INFO] [co.ri.ge.sy.ci.in.wo.CityReservationMaskRegistry/]: City planned structures matched chunk 237,-763: 1
[21:22:04] [Worker-Main-15/INFO] [co.ri.ge.sy.ci.in.wo.CityReservationMaskRegistry/]: City worldgen structure hook reached planned owner chunk 243,-763 for river_market_fill_002 (geomantia:city/trek_v3/village/swamp_vanilla/houses/swamp_small_house_7)
[21:22:04] [Worker-Main-15/INFO] [co.ri.ge.sy.ci.in.wo.CityReservationMaskRegistry/]: City planned structures matched chunk 243,-763: 1
[21:22:04] [Worker-Main-15/INFO] [co.ri.ge.sy.ci.in.wo.MinecraftCityWorldgenStructurePlacer/]: Injected City template terrain StructureStart river_market_fill_002 geomantia:city/trek_v3/village/swamp_vanilla/houses/swamp_small_house_7 at 243,-763 with datum 64
[21:22:04] [Worker-Main-14/INFO] [co.ri.ge.sy.ci.in.wo.CityReservationMaskRegistry/]: City worldgen structure hook reached planned owner chunk 265,-783 for east_residential_connectivity_019 (geomantia:city/stubbs/residential/household_02)
[21:22:04] [Worker-Main-14/INFO] [co.ri.ge.sy.ci.in.wo.CityReservationMaskRegistry/]: City planned structures matched chunk 265,-783: 1
[21:22:04] [Worker-Main-14/INFO] [co.ri.ge.sy.ci.in.wo.MinecraftCityWorldgenStructurePlacer/]: Injected City template terrain StructureStart east_residential_connectivity_019 geomantia:city/stubbs/residential/household_02 at 265,-783 with datum 74
[21:22:04] [Worker-Main-11/INFO] [co.ri.ge.sy.ci.in.wo.CityReservationMaskRegistry/]: City worldgen structure hook reached planned owner chunk 265,-781 for east_residential_connectivity_017 (geomantia:city/stubbs/commercial/general_store_01)
[21:22:04] [Worker-Main-11/INFO] [co.ri.ge.sy.ci.in.wo.CityReservationMaskRegistry/]: City planned structures matched chunk 265,-781: 1
[21:22:04] [Worker-Main-11/INFO] [co.ri.ge.sy.ci.in.wo.MinecraftCityWorldgenStructurePlacer/]: Injected City template terrain StructureStart east_residential_connectivity_017 geomantia:city/stubbs/commercial/general_store_01 at 265,-781 with datum 72
[21:22:04] [Worker-Main-6/INFO] [co.ri.ge.sy.ci.in.wo.CityReservationMaskRegistry/]: City worldgen structure hook reached planned owner chunk 265,-780 for east_residential_connectivity_017 (geomantia:city/stubbs/commercial/general_store_01)
[21:22:04] [Worker-Main-6/INFO] [co.ri.ge.sy.ci.in.wo.CityReservationMaskRegistry/]: City planned structures matched chunk 265,-780: 1
[21:22:04] [Worker-Main-7/INFO] [co.ri.ge.sy.ci.in.wo.CityReservationMaskRegistry/]: City worldgen structure hook reached planned owner chunk 265,-779 for east_residential_connectivity_020 (geomantia:city/stubbs/residential/civilian_house_03)
[21:22:04] [Worker-Main-7/INFO] [co.ri.ge.sy.ci.in.wo.CityReservationMaskRegistry/]: City planned structures matched chunk 265,-779: 1
[21:22:04] [Worker-Main-7/INFO] [co.ri.ge.sy.ci.in.wo.MinecraftCityWorldgenStructurePlacer/]: Injected City template terrain StructureStart east_residential_connectivity_020 geomantia:city/stubbs/residential/civilian_house_03 at 265,-779 with datum 73
[21:22:04] [Worker-Main-3/INFO] [co.ri.ge.sy.ci.in.wo.CityReservationMaskRegistry/]: City worldgen structure hook reached planned owner chunk 265,-778 for east_residential_connectivity_020 (geomantia:city/stubbs/residential/civilian_house_03)
[21:22:04] [Worker-Main-3/INFO] [co.ri.ge.sy.ci.in.wo.CityReservationMaskRegistry/]: City planned structures matched chunk 265,-778: 1
[21:22:05] [Worker-Main-3/INFO] [co.ri.ge.sy.ci.in.wo.CityReservationMaskRegistry/]: Recorded completed City template worldgen placement civic_core_connectivity_052 geomantia:city/trek_v3/village/desert/houses/desert_medium_house_1 after 2 owner chunks at datum 74
[21:22:05] [Worker-Main-8/INFO] [co.ri.ge.sy.ci.in.wo.CityReservationMaskRegistry/]: City worldgen structure hook reached planned owner chunk 237,-762 for river_market_connectivity_029 (geomantia:city/trek_v3/village/plains/houses/plains_weaponsmith_1)
[21:22:05] [Worker-Main-8/INFO] [co.ri.ge.sy.ci.in.wo.CityReservationMaskRegistry/]: City planned structures matched chunk 237,-762: 1
[21:22:06] [Worker-Main-3/INFO] [co.ri.ge.sy.ci.in.wo.CityReservationMaskRegistry/]: Recorded completed City template worldgen placement river_market_connectivity_021 geomantia:city/trek_v3/village/plains/houses/plains_small_house_1 after 2 owner chunks at datum 65
[21:22:06] [Worker-Main-4/INFO] [co.ri.ge.sy.ci.in.wo.CityReservationMaskRegistry/]: City worldgen structure hook reached planned owner chunk 234,-762 for river_market_connectivity_032 (geomantia:city/trek_v3/village/plains/houses/plains_shepherd_1)
[21:22:06] [Worker-Main-4/INFO] [co.ri.ge.sy.ci.in.wo.CityReservationMaskRegistry/]: City planned structures matched chunk 234,-762: 1
[21:22:06] [Worker-Main-4/INFO] [co.ri.ge.sy.ci.in.wo.MinecraftCityWorldgenStructurePlacer/]: Injected City template terrain StructureStart river_market_connectivity_032 geomantia:city/trek_v3/village/plains/houses/plains_shepherd_1 at 234,-762 with datum 64
[21:22:06] [Worker-Main-10/INFO] [co.ri.ge.sy.ci.in.wo.CityReservationMaskRegistry/]: City worldgen structure hook reached planned owner chunk 235,-762 for river_market_connectivity_030 (geomantia:city/trek_v3/village/desert/houses/desert_big_house_1)
[21:22:06] [Worker-Main-10/INFO] [co.ri.ge.sy.ci.in.wo.CityReservationMaskRegistry/]: City planned structures matched chunk 235,-762: 1
[21:22:06] [Worker-Main-10/INFO] [co.ri.ge.sy.ci.in.wo.MinecraftCityWorldgenStructurePlacer/]: Injected City template terrain StructureStart river_market_connectivity_030 geomantia:city/trek_v3/village/desert/houses/desert_big_house_1 at 235,-762 with datum 65
[21:22:06] [Worker-Main-8/INFO] [co.ri.ge.sy.ci.in.wo.CityReservationMaskRegistry/]: City worldgen structure hook reached planned owner chunk 236,-762 for river_market_connectivity_029 (geomantia:city/trek_v3/village/plains/houses/plains_weaponsmith_1)
[21:22:06] [Worker-Main-8/INFO] [co.ri.ge.sy.ci.in.wo.CityReservationMaskRegistry/]: City planned structures matched chunk 236,-762: 2
[21:22:06] [Worker-Main-8/INFO] [co.ri.ge.sy.ci.in.wo.MinecraftCityWorldgenStructurePlacer/]: Injected City template terrain StructureStart river_market_connectivity_029 geomantia:city/trek_v3/village/plains/houses/plains_weaponsmith_1 at 236,-762 with datum 64
[21:22:07] [Worker-Main-15/INFO] [co.ri.ge.sy.ci.in.wo.CityReservationMaskRegistry/]: Recorded completed City template worldgen placement artisan_quarter_fill_008 geomantia:city/stubbs/residential/civilian_house_03 after 4 owner chunks at datum 78
[21:22:09] [Worker-Main-1/INFO] [co.ri.ge.sy.ci.in.wo.CityReservationMaskRegistry/]: City worldgen structure hook reached planned owner chunk 217,-776 for west_residential_connectivity_024 (geomantia:city/trek_v3/village/desert/houses/desert_farm_3)
[21:22:09] [Worker-Main-1/INFO] [co.ri.ge.sy.ci.in.wo.CityReservationMaskRegistry/]: City planned structures matched chunk 217,-776: 1
[21:22:09] [Worker-Main-5/INFO] [co.ri.ge.sy.ci.in.wo.CityReservationMaskRegistry/]: City worldgen structure hook reached planned owner chunk 217,-775 for west_residential_connectivity_024 (geomantia:city/trek_v3/village/desert/houses/desert_farm_3)
[21:22:09] [Worker-Main-5/INFO] [co.ri.ge.sy.ci.in.wo.CityReservationMaskRegistry/]: City planned structures matched chunk 217,-775: 1
[21:22:09] [Worker-Main-1/INFO] [co.ri.ge.sy.ci.in.wo.CityReservationMaskRegistry/]: City worldgen structure hook reached planned owner chunk 217,-774 for west_residential_connectivity_023 (geomantia:city/trek_v3/village/desert/houses/desert_farm_2)
[21:22:09] [Worker-Main-1/INFO] [co.ri.ge.sy.ci.in.wo.CityReservationMaskRegistry/]: City planned structures matched chunk 217,-774: 1
[21:22:09] [Worker-Main-9/INFO] [co.ri.ge.sy.ci.in.wo.CityReservationMaskRegistry/]: City worldgen structure hook reached planned owner chunk 217,-773 for west_residential_connectivity_025 (geomantia:city/trek_v3/village/desert/houses/desert_small_house_7)
[21:22:09] [Worker-Main-9/INFO] [co.ri.ge.sy.ci.in.wo.CityReservationMaskRegistry/]: City planned structures matched chunk 217,-773: 1
[21:22:09] [Worker-Main-9/INFO] [co.ri.ge.sy.ci.in.wo.MinecraftCityWorldgenStructurePlacer/]: Injected City template terrain StructureStart west_residential_connectivity_025 geomantia:city/trek_v3/village/desert/houses/desert_small_house_7 at 217,-773 with datum 64
[21:22:09] [RW-Worker-2/INFO] [roadweaver/]: 已补全已有道路区域地图粗地形瓦片 dimension=minecraft:overworld min=(-208, -16736) max=(7984, -8544)
[21:22:09] [Worker-Main-1/INFO] [co.ri.ge.sy.ci.in.wo.CityReservationMaskRegistry/]: City worldgen structure hook reached planned owner chunk 217,-772 for west_residential_connectivity_028 (geomantia:city/trek_v3/village/desert/houses/desert_small_house_1)
[21:22:09] [Worker-Main-1/INFO] [co.ri.ge.sy.ci.in.wo.CityReservationMaskRegistry/]: City planned structures matched chunk 217,-772: 1
[21:22:09] [Worker-Main-1/INFO] [co.ri.ge.sy.ci.in.wo.MinecraftCityWorldgenStructurePlacer/]: Injected City template terrain StructureStart west_residential_connectivity_028 geomantia:city/trek_v3/village/desert/houses/desert_small_house_1 at 217,-772 with datum 64
[21:22:09] [Worker-Main-13/INFO] [co.ri.ge.sy.ci.in.wo.CityReservationMaskRegistry/]: City worldgen structure hook reached planned owner chunk 217,-767 for agricultural_service_fill_003 (geomantia:city/trek_v3/village/desert/houses/desert_medium_house_2)
[21:22:09] [Worker-Main-13/INFO] [co.ri.ge.sy.ci.in.wo.CityReservationMaskRegistry/]: City planned structures matched chunk 217,-767: 1
[21:22:09] [Worker-Main-13/INFO] [co.ri.ge.sy.ci.in.wo.MinecraftCityWorldgenStructurePlacer/]: Injected City template terrain StructureStart agricultural_service_fill_003 geomantia:city/trek_v3/village/desert/houses/desert_medium_house_2 at 217,-767 with datum 64
[21:22:10] [Worker-Main-15/INFO] [co.ri.ge.sy.ci.in.wo.CityReservationMaskRegistry/]: Recorded completed City template worldgen placement west_residential_connectivity_040 geomantia:city/trek_v3/village/plains/houses/plains_farm_2 after 2 owner chunks at datum 66
[21:22:10] [Worker-Main-13/INFO] [co.ri.ge.sy.ci.in.wo.CityReservationMaskRegistry/]: Recorded completed City template worldgen placement artisan_quarter_connectivity_020 geomantia:city/stubbs/agriculture/farm_storage_house_01 after 6 owner chunks at datum 73
[21:22:10] [Worker-Main-3/INFO] [co.ri.ge.sy.ci.in.wo.CityReservationMaskRegistry/]: City worldgen structure hook reached planned owner chunk 241,-761 for river_market_required_001 (geomantia:city/stubbs/commercial/general_store_01)
[21:22:10] [Worker-Main-3/INFO] [co.ri.ge.sy.ci.in.wo.CityReservationMaskRegistry/]: City planned structures matched chunk 241,-761: 1
[21:22:10] [Worker-Main-3/INFO] [co.ri.ge.sy.ci.in.wo.MinecraftCityWorldgenStructurePlacer/]: Injected City template terrain StructureStart river_market_required_001 geomantia:city/stubbs/commercial/general_store_01 at 241,-761 with datum 64
[21:22:10] [Worker-Main-3/INFO] [co.ri.ge.sy.ci.in.wo.CityReservationMaskRegistry/]: City worldgen structure hook reached planned owner chunk 243,-761 for river_market_fill_014 (geomantia:city/stubbs/commercial/motel_01)
[21:22:10] [Worker-Main-3/INFO] [co.ri.ge.sy.ci.in.wo.CityReservationMaskRegistry/]: City planned structures matched chunk 243,-761: 1
[21:22:10] [Worker-Main-3/INFO] [co.ri.ge.sy.ci.in.wo.MinecraftCityWorldgenStructurePlacer/]: Injected City template terrain StructureStart river_market_fill_014 geomantia:city/stubbs/commercial/motel_01 at 243,-761 with datum 64
[21:22:10] [Worker-Main-14/INFO] [co.ri.ge.sy.ci.in.wo.CityReservationMaskRegistry/]: City worldgen structure hook reached planned owner chunk 244,-761 for river_market_fill_014 (geomantia:city/stubbs/commercial/motel_01)
[21:22:10] [Worker-Main-14/INFO] [co.ri.ge.sy.ci.in.wo.CityReservationMaskRegistry/]: City planned structures matched chunk 244,-761: 1
[21:22:11] [Worker-Main-11/INFO] [co.ri.ge.sy.ci.in.wo.CityReservationMaskRegistry/]: Recorded completed City template worldgen placement civic_core_connectivity_051 geomantia:city/trek_v3/village/plains/houses/plains_small_house_4 after 1 owner chunks at datum 76
[21:22:11] [Worker-Main-14/INFO] [co.ri.ge.sy.ci.in.wo.CityReservationMaskRegistry/]: Recorded completed City template worldgen placement river_market_connectivity_022 geomantia:city/trek_v3/village/plains/houses/plains_small_house_4 after 4 owner chunks at datum 65
[21:22:11] [RW-Worker-4/INFO] [roadweaver/]: 粗地形区域按 tile 加载: radiusApproxChunks=256 tiles=1089 samples=1050625 step=8 maxTiles=70000
[21:22:11] [Worker-Main-3/INFO] [co.ri.ge.sy.ci.in.wo.CityReservationMaskRegistry/]: City worldgen structure hook reached planned owner chunk 234,-761 for river_market_connectivity_032 (geomantia:city/trek_v3/village/plains/houses/plains_shepherd_1)
[21:22:11] [Worker-Main-3/INFO] [co.ri.ge.sy.ci.in.wo.CityReservationMaskRegistry/]: City planned structures matched chunk 234,-761: 1
[21:22:11] [Worker-Main-15/INFO] [co.ri.ge.sy.ci.in.wo.CityReservationMaskRegistry/]: City worldgen structure hook reached planned owner chunk 235,-761 for river_market_connectivity_030 (geomantia:city/trek_v3/village/desert/houses/desert_big_house_1)
[21:22:11] [Worker-Main-15/INFO] [co.ri.ge.sy.ci.in.wo.CityReservationMaskRegistry/]: City planned structures matched chunk 235,-761: 1
[21:22:11] [Worker-Main-15/INFO] [co.ri.ge.sy.ci.in.wo.CityReservationMaskRegistry/]: City worldgen structure hook reached planned owner chunk 236,-761 for river_market_connectivity_029 (geomantia:city/trek_v3/village/plains/houses/plains_weaponsmith_1)
[21:22:11] [Worker-Main-15/INFO] [co.ri.ge.sy.ci.in.wo.CityReservationMaskRegistry/]: City planned structures matched chunk 236,-761: 2
[21:22:11] [Worker-Main-8/INFO] [co.ri.ge.sy.ci.in.wo.CityReservationMaskRegistry/]: City worldgen structure hook reached planned owner chunk 237,-761 for river_market_connectivity_029 (geomantia:city/trek_v3/village/plains/houses/plains_weaponsmith_1)
[21:22:11] [Worker-Main-8/INFO] [co.ri.ge.sy.ci.in.wo.CityReservationMaskRegistry/]: City planned structures matched chunk 237,-761: 1
[21:22:13] [Worker-Main-13/INFO] [co.ri.ge.sy.ci.in.wo.CityReservationMaskRegistry/]: City worldgen structure hook reached planned owner chunk 216,-778 for west_residential_connectivity_020 (geomantia:city/trek_v3/village/plains/houses/plains_shepherd_1)
[21:22:13] [Worker-Main-13/INFO] [co.ri.ge.sy.ci.in.wo.CityReservationMaskRegistry/]: City planned structures matched chunk 216,-778: 1
[21:22:13] [Worker-Main-8/INFO] [co.ri.ge.sy.ci.in.wo.CityReservationMaskRegistry/]: City worldgen structure hook reached planned owner chunk 216,-777 for west_residential_connectivity_020 (geomantia:city/trek_v3/village/plains/houses/plains_shepherd_1)
[21:22:13] [Worker-Main-8/INFO] [co.ri.ge.sy.ci.in.wo.CityReservationMaskRegistry/]: City planned structures matched chunk 216,-777: 1
[21:22:13] [Worker-Main-13/INFO] [co.ri.ge.sy.ci.in.wo.CityReservationMaskRegistry/]: City worldgen structure hook reached planned owner chunk 216,-776 for west_residential_connectivity_020 (geomantia:city/trek_v3/village/plains/houses/plains_shepherd_1)
[21:22:13] [Worker-Main-13/INFO] [co.ri.ge.sy.ci.in.wo.CityReservationMaskRegistry/]: City planned structures matched chunk 216,-776: 2
[21:22:13] [Worker-Main-13/INFO] [co.ri.ge.sy.ci.in.wo.MinecraftCityWorldgenStructurePlacer/]: Injected City template terrain StructureStart west_residential_connectivity_024 geomantia:city/trek_v3/village/desert/houses/desert_farm_3 at 216,-776 with datum 66
[21:22:13] [Worker-Main-7/INFO] [co.ri.ge.sy.ci.in.wo.CityReservationMaskRegistry/]: City worldgen structure hook reached planned owner chunk 216,-775 for west_residential_connectivity_024 (geomantia:city/trek_v3/village/desert/houses/desert_farm_3)
[21:22:13] [Worker-Main-7/INFO] [co.ri.ge.sy.ci.in.wo.CityReservationMaskRegistry/]: City planned structures matched chunk 216,-775: 1
[21:22:13] [Worker-Main-1/INFO] [co.ri.ge.sy.ci.in.wo.CityReservationMaskRegistry/]: City worldgen structure hook reached planned owner chunk 216,-774 for west_residential_connectivity_023 (geomantia:city/trek_v3/village/desert/houses/desert_farm_2)
[21:22:13] [Worker-Main-1/INFO] [co.ri.ge.sy.ci.in.wo.CityReservationMaskRegistry/]: City planned structures matched chunk 216,-774: 1
[21:22:13] [Worker-Main-1/INFO] [co.ri.ge.sy.ci.in.wo.MinecraftCityWorldgenStructurePlacer/]: Injected City template terrain StructureStart west_residential_connectivity_023 geomantia:city/trek_v3/village/desert/houses/desert_farm_2 at 216,-774 with datum 65
[21:22:13] [Worker-Main-12/INFO] [co.ri.ge.sy.ci.in.wo.CityReservationMaskRegistry/]: Recorded completed City template worldgen placement west_residential_connectivity_038 geomantia:city/trek_v3/village/desert/houses/desert_weaponsmith_1 after 2 owner chunks at datum 68
[21:22:13] [Worker-Main-3/INFO] [co.ri.ge.sy.ci.in.wo.CityReservationMaskRegistry/]: City worldgen structure hook reached planned owner chunk 216,-765 for agricultural_service_required_001 (geomantia:city/stubbs/agriculture/windmill_01)
[21:22:13] [Worker-Main-3/INFO] [co.ri.ge.sy.ci.in.wo.CityReservationMaskRegistry/]: City planned structures matched chunk 216,-765: 1
[21:22:13] [Worker-Main-10/INFO] [co.ri.ge.sy.ci.in.wo.CityReservationMaskRegistry/]: City worldgen structure hook reached planned owner chunk 216,-764 for agricultural_service_required_001 (geomantia:city/stubbs/agriculture/windmill_01)
[21:22:13] [Worker-Main-10/INFO] [co.ri.ge.sy.ci.in.wo.CityReservationMaskRegistry/]: City planned structures matched chunk 216,-764: 1
[21:22:14] [Worker-Main-7/INFO] [co.ri.ge.sy.ci.in.wo.CityReservationMaskRegistry/]: City worldgen structure hook reached planned owner chunk 215,-778 for west_residential_connectivity_020 (geomantia:city/trek_v3/village/plains/houses/plains_shepherd_1)
[21:22:14] [Worker-Main-7/INFO] [co.ri.ge.sy.ci.in.wo.CityReservationMaskRegistry/]: City planned structures matched chunk 215,-778: 1
[21:22:14] [Worker-Main-7/INFO] [co.ri.ge.sy.ci.in.wo.MinecraftCityWorldgenStructurePlacer/]: Injected City template terrain StructureStart west_residential_connectivity_020 geomantia:city/trek_v3/village/plains/houses/plains_shepherd_1 at 215,-778 with datum 68
[21:22:14] [Worker-Main-7/INFO] [co.ri.ge.sy.ci.in.wo.CityReservationMaskRegistry/]: City worldgen structure hook reached planned owner chunk 215,-777 for west_residential_connectivity_020 (geomantia:city/trek_v3/village/plains/houses/plains_shepherd_1)
[21:22:14] [Worker-Main-7/INFO] [co.ri.ge.sy.ci.in.wo.CityReservationMaskRegistry/]: City planned structures matched chunk 215,-777: 1
[21:22:14] [Worker-Main-6/INFO] [co.ri.ge.sy.ci.in.wo.CityReservationMaskRegistry/]: City worldgen structure hook reached planned owner chunk 215,-776 for west_residential_connectivity_020 (geomantia:city/trek_v3/village/plains/houses/plains_shepherd_1)
[21:22:14] [Worker-Main-6/INFO] [co.ri.ge.sy.ci.in.wo.CityReservationMaskRegistry/]: City planned structures matched chunk 215,-776: 1
[21:22:15] [Worker-Main-2/INFO] [co.ri.ge.sy.ci.in.wo.CityReservationMaskRegistry/]: City worldgen structure hook reached planned owner chunk 215,-765 for agricultural_service_required_001 (geomantia:city/stubbs/agriculture/windmill_01)
[21:22:15] [Worker-Main-2/INFO] [co.ri.ge.sy.ci.in.wo.CityReservationMaskRegistry/]: City planned structures matched chunk 215,-765: 1
[21:22:15] [Worker-Main-2/INFO] [co.ri.ge.sy.ci.in.wo.MinecraftCityWorldgenStructurePlacer/]: Injected City template terrain StructureStart agricultural_service_required_001 geomantia:city/stubbs/agriculture/windmill_01 at 215,-765 with datum 64
[21:22:15] [Worker-Main-4/INFO] [co.ri.ge.sy.ci.in.wo.CityReservationMaskRegistry/]: Recorded completed City template worldgen placement west_residential_connectivity_037 geomantia:city/trek_v3/village/plains/houses/plains_medium_house_1 after 4 owner chunks at datum 68
[21:22:15] [Worker-Main-4/INFO] [co.ri.ge.sy.ci.in.wo.CityReservationMaskRegistry/]: Recorded completed City template worldgen placement west_residential_connectivity_036 geomantia:city/trek_v3/village/plains/houses/plains_mason_1 after 4 owner chunks at datum 67
[21:22:15] [Worker-Main-4/INFO] [co.ri.ge.sy.ci.in.wo.CityReservationMaskRegistry/]: City worldgen structure hook reached planned owner chunk 215,-764 for agricultural_service_required_001 (geomantia:city/stubbs/agriculture/windmill_01)
[21:22:15] [Worker-Main-4/INFO] [co.ri.ge.sy.ci.in.wo.CityReservationMaskRegistry/]: City planned structures matched chunk 215,-764: 1
[21:22:15] [Worker-Main-10/INFO] [co.ri.ge.sy.ci.in.wo.CityReservationMaskRegistry/]: Recorded completed City template worldgen placement west_residential_connectivity_039 geomantia:city/trek_v3/village/plains/houses/plains_tannery_1 after 2 owner chunks at datum 65
[21:22:16] [Worker-Main-3/INFO] [co.ri.ge.sy.ci.in.wo.CityReservationMaskRegistry/]: City worldgen structure hook reached planned owner chunk 214,-782 for west_residential_connectivity_016 (geomantia:city/trek_v3/village/desert/houses/desert_toolsmith_1)
[21:22:16] [Worker-Main-3/INFO] [co.ri.ge.sy.ci.in.wo.CityReservationMaskRegistry/]: City planned structures matched chunk 214,-782: 1
[21:22:16] [Worker-Main-8/INFO] [co.ri.ge.sy.ci.in.wo.CityReservationMaskRegistry/]: City worldgen structure hook reached planned owner chunk 214,-776 for west_residential_connectivity_019 (geomantia:city/trek_v3/village/desert/houses/desert_butcher_1)
[21:22:16] [Worker-Main-8/INFO] [co.ri.ge.sy.ci.in.wo.CityReservationMaskRegistry/]: City planned structures matched chunk 214,-776: 1
[21:22:16] [Worker-Main-2/INFO] [co.ri.ge.sy.ci.in.wo.CityReservationMaskRegistry/]: City worldgen structure hook reached planned owner chunk 214,-777 for west_residential_connectivity_019 (geomantia:city/trek_v3/village/desert/houses/desert_butcher_1)
[21:22:16] [Worker-Main-2/INFO] [co.ri.ge.sy.ci.in.wo.CityReservationMaskRegistry/]: City planned structures matched chunk 214,-777: 1
[21:22:16] [Worker-Main-2/INFO] [co.ri.ge.sy.ci.in.wo.MinecraftCityWorldgenStructurePlacer/]: Injected City template terrain StructureStart west_residential_connectivity_019 geomantia:city/trek_v3/village/desert/houses/desert_butcher_1 at 214,-777 with datum 67
[21:22:16] [Worker-Main-8/INFO] [co.ri.ge.sy.ci.in.wo.CityReservationMaskRegistry/]: City worldgen structure hook reached planned owner chunk 214,-775 for west_residential_connectivity_022 (geomantia:city/trek_v3/village/desert/houses/desert_farm_1)
[21:22:16] [Worker-Main-8/INFO] [co.ri.ge.sy.ci.in.wo.CityReservationMaskRegistry/]: City planned structures matched chunk 214,-775: 1
[21:22:16] [Worker-Main-2/INFO] [co.ri.ge.sy.ci.in.wo.CityReservationMaskRegistry/]: City worldgen structure hook reached planned owner chunk 214,-774 for agricultural_service_connectivity_014 (geomantia:city/trek_v3/village/swamp/houses/swamp_shepherd_1)
[21:22:16] [Worker-Main-2/INFO] [co.ri.ge.sy.ci.in.wo.CityReservationMaskRegistry/]: City planned structures matched chunk 214,-774: 1
[21:22:16] [Worker-Main-13/INFO] [co.ri.ge.sy.ci.in.wo.CityReservationMaskRegistry/]: City worldgen structure hook reached planned owner chunk 214,-773 for agricultural_service_connectivity_014 (geomantia:city/trek_v3/village/swamp/houses/swamp_shepherd_1)
[21:22:16] [Worker-Main-13/INFO] [co.ri.ge.sy.ci.in.wo.CityReservationMaskRegistry/]: City planned structures matched chunk 214,-773: 1
[21:22:16] [Worker-Main-13/INFO] [co.ri.ge.sy.ci.in.wo.CityReservationMaskRegistry/]: City worldgen structure hook reached planned owner chunk 214,-771 for agricultural_service_connectivity_008 (geomantia:city/trek_v3/village/desert/houses/desert_fletcher_1)
[21:22:16] [Worker-Main-13/INFO] [co.ri.ge.sy.ci.in.wo.CityReservationMaskRegistry/]: City planned structures matched chunk 214,-771: 1
[21:22:16] [Worker-Main-13/INFO] [co.ri.ge.sy.ci.in.wo.MinecraftCityWorldgenStructurePlacer/]: Injected City template terrain StructureStart agricultural_service_connectivity_008 geomantia:city/trek_v3/village/desert/houses/desert_fletcher_1 at 214,-771 with datum 64
[21:22:16] [Worker-Main-10/INFO] [co.ri.ge.sy.ci.in.wo.CityReservationMaskRegistry/]: City worldgen structure hook reached planned owner chunk 214,-767 for agricultural_service_fill_002 (geomantia:city/trek_v3/village/swamp_vanilla/houses/swamp_small_house_7)
[21:22:16] [Worker-Main-10/INFO] [co.ri.ge.sy.ci.in.wo.CityReservationMaskRegistry/]: City planned structures matched chunk 214,-767: 1
[21:22:16] [Worker-Main-10/INFO] [co.ri.ge.sy.ci.in.wo.MinecraftCityWorldgenStructurePlacer/]: Injected City template terrain StructureStart agricultural_service_fill_002 geomantia:city/trek_v3/village/swamp_vanilla/houses/swamp_small_house_7 at 214,-767 with datum 64
[21:22:16] [Worker-Main-6/INFO] [co.ri.ge.sy.ci.in.wo.CityReservationMaskRegistry/]: City worldgen structure hook reached planned owner chunk 214,-770 for agricultural_service_connectivity_008 (geomantia:city/trek_v3/village/desert/houses/desert_fletcher_1)
[21:22:16] [Worker-Main-6/INFO] [co.ri.ge.sy.ci.in.wo.CityReservationMaskRegistry/]: City planned structures matched chunk 214,-770: 1
[21:22:18] [Worker-Main-7/INFO] [co.ri.ge.sy.ci.in.wo.CityReservationMaskRegistry/]: City worldgen structure hook reached planned owner chunk 213,-785 for west_residential_connectivity_008 (geomantia:city/trek_v3/village/desert/houses/desert_fletcher_1)
[21:22:18] [Worker-Main-7/INFO] [co.ri.ge.sy.ci.in.wo.CityReservationMaskRegistry/]: City planned structures matched chunk 213,-785: 1
[21:22:18] [Worker-Main-7/INFO] [co.ri.ge.sy.ci.in.wo.MinecraftCityWorldgenStructurePlacer/]: Injected City template terrain StructureStart west_residential_connectivity_008 geomantia:city/trek_v3/village/desert/houses/desert_fletcher_1 at 213,-785 with datum 73
[21:22:18] [Worker-Main-13/INFO] [co.ri.ge.sy.ci.in.wo.CityReservationMaskRegistry/]: City worldgen structure hook reached planned owner chunk 213,-784 for west_residential_connectivity_008 (geomantia:city/trek_v3/village/desert/houses/desert_fletcher_1)
[21:22:18] [Worker-Main-13/INFO] [co.ri.ge.sy.ci.in.wo.CityReservationMaskRegistry/]: City planned structures matched chunk 213,-784: 1
[21:22:18] [Worker-Main-15/INFO] [co.ri.ge.sy.ci.in.wo.CityReservationMaskRegistry/]: City worldgen structure hook reached planned owner chunk 213,-782 for west_residential_connectivity_016 (geomantia:city/trek_v3/village/desert/houses/desert_toolsmith_1)
[21:22:18] [Worker-Main-15/INFO] [co.ri.ge.sy.ci.in.wo.CityReservationMaskRegistry/]: City planned structures matched chunk 213,-782: 1
[21:22:18] [Worker-Main-15/INFO] [co.ri.ge.sy.ci.in.wo.MinecraftCityWorldgenStructurePlacer/]: Injected City template terrain StructureStart west_residential_connectivity_016 geomantia:city/trek_v3/village/desert/houses/desert_toolsmith_1 at 213,-782 with datum 72
[21:22:18] [Worker-Main-7/INFO] [co.ri.ge.sy.ci.in.wo.CityReservationMaskRegistry/]: City worldgen structure hook reached planned owner chunk 213,-778 for west_residential_connectivity_017 (geomantia:city/trek_v3/village/plains/houses/plains_weaponsmith_1)
[21:22:18] [Worker-Main-7/INFO] [co.ri.ge.sy.ci.in.wo.CityReservationMaskRegistry/]: City planned structures matched chunk 213,-778: 1
[21:22:18] [Worker-Main-7/INFO] [co.ri.ge.sy.ci.in.wo.CityReservationMaskRegistry/]: City worldgen structure hook reached planned owner chunk 213,-777 for west_residential_connectivity_017 (geomantia:city/trek_v3/village/plains/houses/plains_weaponsmith_1)
[21:22:18] [Worker-Main-7/INFO] [co.ri.ge.sy.ci.in.wo.CityReservationMaskRegistry/]: City planned structures matched chunk 213,-777: 1
[21:22:18] [Worker-Main-11/INFO] [co.ri.ge.sy.ci.in.wo.CityReservationMaskRegistry/]: City worldgen structure hook reached planned owner chunk 213,-775 for west_residential_connectivity_022 (geomantia:city/trek_v3/village/desert/houses/desert_farm_1)
[21:22:18] [Worker-Main-11/INFO] [co.ri.ge.sy.ci.in.wo.CityReservationMaskRegistry/]: City planned structures matched chunk 213,-775: 1
[21:22:18] [Worker-Main-11/INFO] [co.ri.ge.sy.ci.in.wo.MinecraftCityWorldgenStructurePlacer/]: Injected City template terrain StructureStart west_residential_connectivity_022 geomantia:city/trek_v3/village/desert/houses/desert_farm_1 at 213,-775 with datum 66
[21:22:18] [Worker-Main-13/INFO] [co.ri.ge.sy.ci.in.wo.CityReservationMaskRegistry/]: City worldgen structure hook reached planned owner chunk 213,-774 for agricultural_service_connectivity_013 (geomantia:city/trek_v3/village/desert/houses/desert_shepherd_1)
[21:22:18] [Worker-Main-13/INFO] [co.ri.ge.sy.ci.in.wo.CityReservationMaskRegistry/]: City planned structures matched chunk 213,-774: 2
[21:22:18] [Worker-Main-13/INFO] [co.ri.ge.sy.ci.in.wo.MinecraftCityWorldgenStructurePlacer/]: Injected City template terrain StructureStart agricultural_service_connectivity_014 geomantia:city/trek_v3/village/swamp/houses/swamp_shepherd_1 at 213,-774 with datum 65
[21:22:18] [Worker-Main-13/INFO] [co.ri.ge.sy.ci.in.wo.CityReservationMaskRegistry/]: City worldgen structure hook reached planned owner chunk 213,-773 for agricultural_service_connectivity_014 (geomantia:city/trek_v3/village/swamp/houses/swamp_shepherd_1)
[21:22:18] [Worker-Main-13/INFO] [co.ri.ge.sy.ci.in.wo.CityReservationMaskRegistry/]: City planned structures matched chunk 213,-773: 1
[21:22:18] [Worker-Main-5/INFO] [co.ri.ge.sy.ci.in.wo.CityReservationMaskRegistry/]: City worldgen structure hook reached planned owner chunk 213,-771 for agricultural_service_connectivity_007 (geomantia:city/trek_v3/village/swamp_vanilla/houses/swamp_small_house_6)
[21:22:18] [Worker-Main-5/INFO] [co.ri.ge.sy.ci.in.wo.CityReservationMaskRegistry/]: City planned structures matched chunk 213,-771: 1
[21:22:18] [Worker-Main-5/INFO] [co.ri.ge.sy.ci.in.wo.MinecraftCityWorldgenStructurePlacer/]: Injected City template terrain StructureStart agricultural_service_connectivity_007 geomantia:city/trek_v3/village/swamp_vanilla/houses/swamp_small_house_6 at 213,-771 with datum 64
[21:22:18] [Worker-Main-8/INFO] [co.ri.ge.sy.ci.in.wo.CityReservationMaskRegistry/]: City worldgen structure hook reached planned owner chunk 213,-770 for agricultural_service_connectivity_005 (geomantia:city/trek_v3/village/swamp_vanilla/houses/swamp_small_house_7)
[21:22:18] [Worker-Main-8/INFO] [co.ri.ge.sy.ci.in.wo.CityReservationMaskRegistry/]: City planned structures matched chunk 213,-770: 1
[21:22:18] [Worker-Main-8/INFO] [co.ri.ge.sy.ci.in.wo.MinecraftCityWorldgenStructurePlacer/]: Injected City template terrain StructureStart agricultural_service_connectivity_005 geomantia:city/trek_v3/village/swamp_vanilla/houses/swamp_small_house_7 at 213,-770 with datum 64
[21:22:18] [Worker-Main-12/INFO] [co.ri.ge.sy.ci.in.wo.CityReservationMaskRegistry/]: City worldgen structure hook reached planned owner chunk 213,-769 for agricultural_service_connectivity_005 (geomantia:city/trek_v3/village/swamp_vanilla/houses/swamp_small_house_7)
[21:22:18] [Worker-Main-12/INFO] [co.ri.ge.sy.ci.in.wo.CityReservationMaskRegistry/]: City planned structures matched chunk 213,-769: 1
[21:22:18] [Worker-Main-11/INFO] [co.ri.ge.sy.ci.in.wo.CityReservationMaskRegistry/]: City worldgen structure hook reached planned owner chunk 213,-767 for agricultural_service_fill_004 (geomantia:city/trek_v3/village/swamp_vanilla/houses/swamp_small_house_6)
[21:22:18] [Worker-Main-11/INFO] [co.ri.ge.sy.ci.in.wo.CityReservationMaskRegistry/]: City planned structures matched chunk 213,-767: 1
[21:22:18] [Worker-Main-11/INFO] [co.ri.ge.sy.ci.in.wo.MinecraftCityWorldgenStructurePlacer/]: Injected City template terrain StructureStart agricultural_service_fill_004 geomantia:city/trek_v3/village/swamp_vanilla/houses/swamp_small_house_6 at 213,-767 with datum 64
[21:22:18] [Worker-Main-12/INFO] [co.ri.ge.sy.ci.in.wo.CityReservationMaskRegistry/]: Recorded completed City template worldgen placement west_residential_connectivity_034 geomantia:city/trek_v3/village/plains/houses/plains_toolsmith_1 after 4 owner chunks at datum 66
[21:22:19] [Render thread/INFO] [minecraft/AdvancementList]: Loaded 50 advancements
[21:22:19] [Worker-Main-1/INFO] [co.ri.ge.sy.ci.in.wo.CityReservationMaskRegistry/]: Recorded completed City template worldgen placement river_market_connectivity_048 geomantia:city/trek_v3/village/plains/houses/plains_mason_1 after 2 owner chunks at datum 64
[21:22:20] [Worker-Main-11/INFO] [co.ri.ge.sy.ci.in.wo.CityReservationMaskRegistry/]: City worldgen structure hook reached planned owner chunk 212,-789 for west_residential_fill_002 (geomantia:city/trek_v3/village/swamp_vanilla/houses/swamp_small_house_7)
[21:22:20] [Worker-Main-11/INFO] [co.ri.ge.sy.ci.in.wo.CityReservationMaskRegistry/]: City planned structures matched chunk 212,-789: 2
[21:22:20] [Worker-Main-11/INFO] [co.ri.ge.sy.ci.in.wo.MinecraftCityWorldgenStructurePlacer/]: Injected City template terrain StructureStart west_residential_fill_002 geomantia:city/trek_v3/village/swamp_vanilla/houses/swamp_small_house_7 at 212,-789 with datum 73
[21:22:20] [Worker-Main-14/INFO] [co.ri.ge.sy.ci.in.wo.CityReservationMaskRegistry/]: City worldgen structure hook reached planned owner chunk 212,-788 for west_residential_fill_002 (geomantia:city/trek_v3/village/swamp_vanilla/houses/swamp_small_house_7)
[21:22:20] [Worker-Main-14/INFO] [co.ri.ge.sy.ci.in.wo.CityReservationMaskRegistry/]: City planned structures matched chunk 212,-788: 1
[21:22:20] [Worker-Main-14/INFO] [co.ri.ge.sy.ci.in.wo.CityReservationMaskRegistry/]: City worldgen structure hook reached planned owner chunk 212,-785 for west_residential_connectivity_007 (geomantia:city/trek_v3/village/swamp_vanilla/houses/swamp_small_house_6)
[21:22:20] [Worker-Main-14/INFO] [co.ri.ge.sy.ci.in.wo.CityReservationMaskRegistry/]: City planned structures matched chunk 212,-785: 1
[21:22:20] [Worker-Main-10/INFO] [co.ri.ge.sy.ci.in.wo.CityReservationMaskRegistry/]: City worldgen structure hook reached planned owner chunk 212,-784 for west_residential_connectivity_007 (geomantia:city/trek_v3/village/swamp_vanilla/houses/swamp_small_house_6)
[21:22:20] [Worker-Main-10/INFO] [co.ri.ge.sy.ci.in.wo.CityReservationMaskRegistry/]: City planned structures matched chunk 212,-784: 1
[21:22:20] [Worker-Main-10/INFO] [co.ri.ge.sy.ci.in.wo.CityReservationMaskRegistry/]: City worldgen structure hook reached planned owner chunk 212,-783 for west_residential_connectivity_010 (geomantia:city/trek_v3/village/plains/houses/plains_small_house_4)
[21:22:20] [Worker-Main-10/INFO] [co.ri.ge.sy.ci.in.wo.CityReservationMaskRegistry/]: City planned structures matched chunk 212,-783: 1
[21:22:20] [Worker-Main-10/INFO] [co.ri.ge.sy.ci.in.wo.CityReservationMaskRegistry/]: City worldgen structure hook reached planned owner chunk 212,-782 for west_residential_connectivity_013 (geomantia:city/trek_v3/village/desert/houses/desert_shepherd_1)
[21:22:20] [Worker-Main-10/INFO] [co.ri.ge.sy.ci.in.wo.CityReservationMaskRegistry/]: City planned structures matched chunk 212,-782: 1
[21:22:20] [Worker-Main-10/INFO] [co.ri.ge.sy.ci.in.wo.MinecraftCityWorldgenStructurePlacer/]: Injected City template terrain StructureStart west_residential_connectivity_013 geomantia:city/trek_v3/village/desert/houses/desert_shepherd_1 at 212,-782 with datum 72
[21:22:20] [Worker-Main-2/INFO] [co.ri.ge.sy.ci.in.wo.CityReservationMaskRegistry/]: City worldgen structure hook reached planned owner chunk 212,-780 for west_residential_connectivity_014 (geomantia:city/trek_v3/village/swamp/houses/swamp_shepherd_1)
[21:22:20] [Worker-Main-2/INFO] [co.ri.ge.sy.ci.in.wo.CityReservationMaskRegistry/]: City planned structures matched chunk 212,-780: 1
[21:22:20] [Worker-Main-2/INFO] [co.ri.ge.sy.ci.in.wo.CityReservationMaskRegistry/]: City worldgen structure hook reached planned owner chunk 212,-779 for west_residential_connectivity_014 (geomantia:city/trek_v3/village/swamp/houses/swamp_shepherd_1)
[21:22:20] [Worker-Main-2/INFO] [co.ri.ge.sy.ci.in.wo.CityReservationMaskRegistry/]: City planned structures matched chunk 212,-779: 1
[21:22:20] [Worker-Main-1/INFO] [co.ri.ge.sy.ci.in.wo.CityReservationMaskRegistry/]: City worldgen structure hook reached planned owner chunk 212,-778 for west_residential_connectivity_017 (geomantia:city/trek_v3/village/plains/houses/plains_weaponsmith_1)
[21:22:20] [Worker-Main-1/INFO] [co.ri.ge.sy.ci.in.wo.CityReservationMaskRegistry/]: City planned structures matched chunk 212,-778: 1
[21:22:20] [Worker-Main-1/INFO] [co.ri.ge.sy.ci.in.wo.MinecraftCityWorldgenStructurePlacer/]: Injected City template terrain StructureStart west_residential_connectivity_017 geomantia:city/trek_v3/village/plains/houses/plains_weaponsmith_1 at 212,-778 with datum 68
[21:22:20] [Worker-Main-1/INFO] [co.ri.ge.sy.ci.in.wo.CityReservationMaskRegistry/]: City worldgen structure hook reached planned owner chunk 212,-777 for west_residential_connectivity_017 (geomantia:city/trek_v3/village/plains/houses/plains_weaponsmith_1)
[21:22:20] [Worker-Main-1/INFO] [co.ri.ge.sy.ci.in.wo.CityReservationMaskRegistry/]: City planned structures matched chunk 212,-777: 2
[21:22:20] [Worker-Main-13/INFO] [co.ri.ge.sy.ci.in.wo.CityReservationMaskRegistry/]: City worldgen structure hook reached planned owner chunk 212,-776 for west_residential_connectivity_018 (geomantia:city/trek_v3/village/desert/houses/desert_big_house_1)
[21:22:20] [Worker-Main-13/INFO] [co.ri.ge.sy.ci.in.wo.CityReservationMaskRegistry/]: City planned structures matched chunk 212,-776: 1
[21:22:20] [Worker-Main-3/INFO] [co.ri.ge.sy.ci.in.wo.CityReservationMaskRegistry/]: City worldgen structure hook reached planned owner chunk 212,-775 for agricultural_service_connectivity_015 (geomantia:city/trek_v3/village/desert/houses/desert_tannery_1)
[21:22:20] [Worker-Main-3/INFO] [co.ri.ge.sy.ci.in.wo.CityReservationMaskRegistry/]: City planned structures matched chunk 212,-775: 1
[21:22:20] [Worker-Main-3/INFO] [co.ri.ge.sy.ci.in.wo.CityReservationMaskRegistry/]: City worldgen structure hook reached planned owner chunk 212,-774 for agricultural_service_connectivity_013 (geomantia:city/trek_v3/village/desert/houses/desert_shepherd_1)
[21:22:20] [Worker-Main-3/INFO] [co.ri.ge.sy.ci.in.wo.CityReservationMaskRegistry/]: City planned structures matched chunk 212,-774: 2
[21:22:20] [Worker-Main-3/INFO] [co.ri.ge.sy.ci.in.wo.MinecraftCityWorldgenStructurePlacer/]: Injected City template terrain StructureStart agricultural_service_connectivity_013 geomantia:city/trek_v3/village/desert/houses/desert_shepherd_1 at 212,-774 with datum 65
[21:22:20] [Worker-Main-3/INFO] [co.ri.ge.sy.ci.in.wo.CityReservationMaskRegistry/]: City worldgen structure hook reached planned owner chunk 212,-773 for agricultural_service_connectivity_011 (geomantia:city/trek_v3/village/desert/houses/desert_medium_house_1)
[21:22:20] [Worker-Main-3/INFO] [co.ri.ge.sy.ci.in.wo.CityReservationMaskRegistry/]: City planned structures matched chunk 212,-773: 2
[21:22:20] [Worker-Main-3/INFO] [co.ri.ge.sy.ci.in.wo.MinecraftCityWorldgenStructurePlacer/]: Injected City template terrain StructureStart agricultural_service_connectivity_011 geomantia:city/trek_v3/village/desert/houses/desert_medium_house_1 at 212,-773 with datum 65
[21:22:20] [Worker-Main-2/INFO] [co.ri.ge.sy.ci.in.wo.CityReservationMaskRegistry/]: City worldgen structure hook reached planned owner chunk 212,-772 for agricultural_service_connectivity_011 (geomantia:city/trek_v3/village/desert/houses/desert_medium_house_1)
[21:22:20] [Worker-Main-2/INFO] [co.ri.ge.sy.ci.in.wo.CityReservationMaskRegistry/]: City planned structures matched chunk 212,-772: 2
[21:22:20] [Worker-Main-3/INFO] [co.ri.ge.sy.ci.in.wo.CityReservationMaskRegistry/]: City worldgen structure hook reached planned owner chunk 212,-770 for agricultural_service_connectivity_006 (geomantia:city/trek_v3/village/desert/houses/desert_medium_house_2)
[21:22:20] [Worker-Main-3/INFO] [co.ri.ge.sy.ci.in.wo.CityReservationMaskRegistry/]: City planned structures matched chunk 212,-770: 1
[21:22:20] [Worker-Main-3/INFO] [co.ri.ge.sy.ci.in.wo.MinecraftCityWorldgenStructurePlacer/]: Injected City template terrain StructureStart agricultural_service_connectivity_006 geomantia:city/trek_v3/village/desert/houses/desert_medium_house_2 at 212,-770 with datum 64
[21:22:20] [Worker-Main-6/INFO] [co.ri.ge.sy.ci.in.wo.CityReservationMaskRegistry/]: City worldgen structure hook reached planned owner chunk 212,-769 for agricultural_service_connectivity_006 (geomantia:city/trek_v3/village/desert/houses/desert_medium_house_2)
[21:22:20] [Worker-Main-6/INFO] [co.ri.ge.sy.ci.in.wo.CityReservationMaskRegistry/]: City planned structures matched chunk 212,-769: 1
[21:22:20] [Worker-Main-4/INFO] [co.ri.ge.sy.ci.in.wo.CityReservationMaskRegistry/]: City worldgen structure hook reached planned owner chunk 212,-790 for west_residential_fill_003 (geomantia:city/trek_v3/village/desert/houses/desert_medium_house_2)
[21:22:20] [Worker-Main-4/INFO] [co.ri.ge.sy.ci.in.wo.CityReservationMaskRegistry/]: City planned structures matched chunk 212,-790: 1
[21:22:20] [Worker-Main-4/INFO] [co.ri.ge.sy.ci.in.wo.MinecraftCityWorldgenStructurePlacer/]: Injected City template terrain StructureStart west_residential_fill_003 geomantia:city/trek_v3/village/desert/houses/desert_medium_house_2 at 212,-790 with datum 72
[21:22:21] [Worker-Main-9/INFO] [co.ri.ge.sy.ci.in.wo.CityReservationMaskRegistry/]: Recorded completed City template worldgen placement west_residential_connectivity_031 geomantia:city/trek_v3/village/desert/houses/desert_small_house_5 after 2 owner chunks at datum 65
[21:22:21] [Worker-Main-1/INFO] [co.ri.ge.sy.ci.in.wo.CityReservationMaskRegistry/]: City worldgen structure hook reached planned owner chunk 211,-787 for west_residential_required_001 (geomantia:city/stubbs/residential/household_01)
[21:22:21] [Worker-Main-1/INFO] [co.ri.ge.sy.ci.in.wo.CityReservationMaskRegistry/]: City planned structures matched chunk 211,-787: 1
[21:22:21] [Worker-Main-1/INFO] [co.ri.ge.sy.ci.in.wo.MinecraftCityWorldgenStructurePlacer/]: Injected City template terrain StructureStart west_residential_required_001 geomantia:city/stubbs/residential/household_01 at 211,-787 with datum 76
[21:22:21] [Worker-Main-14/INFO] [co.ri.ge.sy.ci.in.wo.CityReservationMaskRegistry/]: City worldgen structure hook reached planned owner chunk 211,-786 for west_residential_connectivity_005 (geomantia:city/trek_v3/village/swamp_vanilla/houses/swamp_small_house_7)
[21:22:21] [Worker-Main-14/INFO] [co.ri.ge.sy.ci.in.wo.CityReservationMaskRegistry/]: City planned structures matched chunk 211,-786: 1
[21:22:21] [Worker-Main-14/INFO] [co.ri.ge.sy.ci.in.wo.MinecraftCityWorldgenStructurePlacer/]: Injected City template terrain StructureStart west_residential_connectivity_005 geomantia:city/trek_v3/village/swamp_vanilla/houses/swamp_small_house_7 at 211,-786 with datum 75
[21:22:21] [Worker-Main-14/INFO] [co.ri.ge.sy.ci.in.wo.CityReservationMaskRegistry/]: City worldgen structure hook reached planned owner chunk 211,-785 for west_residential_connectivity_005 (geomantia:city/trek_v3/village/swamp_vanilla/houses/swamp_small_house_7)
[21:22:21] [Worker-Main-14/INFO] [co.ri.ge.sy.ci.in.wo.CityReservationMaskRegistry/]: City planned structures matched chunk 211,-785: 2
[21:22:21] [Worker-Main-14/INFO] [co.ri.ge.sy.ci.in.wo.MinecraftCityWorldgenStructurePlacer/]: Injected City template terrain StructureStart west_residential_connectivity_007 geomantia:city/trek_v3/village/swamp_vanilla/houses/swamp_small_house_6 at 211,-785 with datum 74
[21:22:21] [Worker-Main-14/INFO] [co.ri.ge.sy.ci.in.wo.CityReservationMaskRegistry/]: City worldgen structure hook reached planned owner chunk 211,-784 for west_residential_connectivity_007 (geomantia:city/trek_v3/village/swamp_vanilla/houses/swamp_small_house_6)
[21:22:21] [Worker-Main-14/INFO] [co.ri.ge.sy.ci.in.wo.CityReservationMaskRegistry/]: City planned structures matched chunk 211,-784: 1
[21:22:21] [Worker-Main-13/INFO] [co.ri.ge.sy.ci.in.wo.CityReservationMaskRegistry/]: City worldgen structure hook reached planned owner chunk 211,-783 for west_residential_connectivity_010 (geomantia:city/trek_v3/village/plains/houses/plains_small_house_4)
[21:22:21] [Worker-Main-13/INFO] [co.ri.ge.sy.ci.in.wo.CityReservationMaskRegistry/]: City planned structures matched chunk 211,-783: 1
[21:22:21] [Worker-Main-13/INFO] [co.ri.ge.sy.ci.in.wo.MinecraftCityWorldgenStructurePlacer/]: Injected City template terrain StructureStart west_residential_connectivity_010 geomantia:city/trek_v3/village/plains/houses/plains_small_house_4 at 211,-783 with datum 73
[21:22:21] [Worker-Main-5/INFO] [co.ri.ge.sy.ci.in.wo.CityReservationMaskRegistry/]: City worldgen structure hook reached planned owner chunk 211,-782 for west_residential_connectivity_011 (geomantia:city/trek_v3/village/desert/houses/desert_medium_house_1)
[21:22:21] [Worker-Main-5/INFO] [co.ri.ge.sy.ci.in.wo.CityReservationMaskRegistry/]: City planned structures matched chunk 211,-782: 1
[21:22:21] [Worker-Main-5/INFO] [co.ri.ge.sy.ci.in.wo.MinecraftCityWorldgenStructurePlacer/]: Injected City template terrain StructureStart west_residential_connectivity_011 geomantia:city/trek_v3/village/desert/houses/desert_medium_house_1 at 211,-782 with datum 72
[21:22:21] [Worker-Main-4/INFO] [co.ri.ge.sy.ci.in.wo.CityReservationMaskRegistry/]: City worldgen structure hook reached planned owner chunk 211,-781 for west_residential_connectivity_011 (geomantia:city/trek_v3/village/desert/houses/desert_medium_house_1)
[21:22:21] [Worker-Main-4/INFO] [co.ri.ge.sy.ci.in.wo.CityReservationMaskRegistry/]: City planned structures matched chunk 211,-781: 1
[21:22:21] [Worker-Main-5/INFO] [co.ri.ge.sy.ci.in.wo.CityReservationMaskRegistry/]: City worldgen structure hook reached planned owner chunk 211,-780 for west_residential_connectivity_014 (geomantia:city/trek_v3/village/swamp/houses/swamp_shepherd_1)
[21:22:21] [Worker-Main-5/INFO] [co.ri.ge.sy.ci.in.wo.CityReservationMaskRegistry/]: City planned structures matched chunk 211,-780: 1
[21:22:21] [Worker-Main-5/INFO] [co.ri.ge.sy.ci.in.wo.MinecraftCityWorldgenStructurePlacer/]: Injected City template terrain StructureStart west_residential_connectivity_014 geomantia:city/trek_v3/village/swamp/houses/swamp_shepherd_1 at 211,-780 with datum 68
[21:22:21] [Worker-Main-1/INFO] [co.ri.ge.sy.ci.in.wo.CityReservationMaskRegistry/]: City worldgen structure hook reached planned owner chunk 211,-779 for west_residential_connectivity_014 (geomantia:city/trek_v3/village/swamp/houses/swamp_shepherd_1)
[21:22:21] [Worker-Main-1/INFO] [co.ri.ge.sy.ci.in.wo.CityReservationMaskRegistry/]: City planned structures matched chunk 211,-779: 1
[21:22:21] [Worker-Main-13/INFO] [co.ri.ge.sy.ci.in.wo.CityReservationMaskRegistry/]: City worldgen structure hook reached planned owner chunk 211,-777 for west_residential_connectivity_018 (geomantia:city/trek_v3/village/desert/houses/desert_big_house_1)
[21:22:21] [Worker-Main-13/INFO] [co.ri.ge.sy.ci.in.wo.CityReservationMaskRegistry/]: City planned structures matched chunk 211,-777: 1
[21:22:21] [Worker-Main-13/INFO] [co.ri.ge.sy.ci.in.wo.MinecraftCityWorldgenStructurePlacer/]: Injected City template terrain StructureStart west_residential_connectivity_018 geomantia:city/trek_v3/village/desert/houses/desert_big_house_1 at 211,-777 with datum 67
[21:22:22] [Worker-Main-9/INFO] [co.ri.ge.sy.ci.in.wo.CityReservationMaskRegistry/]: City worldgen structure hook reached planned owner chunk 211,-776 for west_residential_connectivity_018 (geomantia:city/trek_v3/village/desert/houses/desert_big_house_1)
[21:22:22] [Worker-Main-9/INFO] [co.ri.ge.sy.ci.in.wo.CityReservationMaskRegistry/]: City planned structures matched chunk 211,-776: 1
[21:22:22] [Worker-Main-15/INFO] [co.ri.ge.sy.ci.in.wo.CityReservationMaskRegistry/]: City worldgen structure hook reached planned owner chunk 211,-775 for agricultural_service_connectivity_015 (geomantia:city/trek_v3/village/desert/houses/desert_tannery_1)
[21:22:22] [Worker-Main-15/INFO] [co.ri.ge.sy.ci.in.wo.CityReservationMaskRegistry/]: City planned structures matched chunk 211,-775: 1
[21:22:22] [Worker-Main-15/INFO] [co.ri.ge.sy.ci.in.wo.MinecraftCityWorldgenStructurePlacer/]: Injected City template terrain StructureStart agricultural_service_connectivity_015 geomantia:city/trek_v3/village/desert/houses/desert_tannery_1 at 211,-775 with datum 66
[21:22:22] [Worker-Main-13/INFO] [co.ri.ge.sy.ci.in.wo.CityReservationMaskRegistry/]: City worldgen structure hook reached planned owner chunk 211,-774 for agricultural_service_connectivity_015 (geomantia:city/trek_v3/village/desert/houses/desert_tannery_1)
[21:22:22] [Worker-Main-13/INFO] [co.ri.ge.sy.ci.in.wo.CityReservationMaskRegistry/]: City worldgen structure hook reached planned owner chunk 211,-774 for agricultural_service_connectivity_015 (geomantia:city/trek_v3/village/desert/houses/desert_tannery_1)
[21:22:23] [Worker-Main-13/INFO] [co.ri.ge.sy.ci.in.wo.CityReservationMaskRegistry/]: City planned structures matched chunk 211,-774: 1
[21:22:23] [Worker-Main-12/INFO] [co.ri.ge.sy.ci.in.wo.CityReservationMaskRegistry/]: City worldgen structure hook reached planned owner chunk 211,-773 for agricultural_service_connectivity_012 (geomantia:city/trek_v3/village/plains/houses/plains_small_house_2)
[21:22:23] [Worker-Main-12/INFO] [co.ri.ge.sy.ci.in.wo.CityReservationMaskRegistry/]: City planned structures matched chunk 211,-773: 1
[21:22:23] [Worker-Main-12/INFO] [co.ri.ge.sy.ci.in.wo.MinecraftCityWorldgenStructurePlacer/]: Injected City template terrain StructureStart agricultural_service_connectivity_012 geomantia:city/trek_v3/village/plains/houses/plains_small_house_2 at 211,-773 with datum 65
[21:22:23] [Worker-Main-12/INFO] [co.ri.ge.sy.ci.in.wo.CityReservationMaskRegistry/]: City worldgen structure hook reached planned owner chunk 211,-772 for agricultural_service_connectivity_012 (geomantia:city/trek_v3/village/plains/houses/plains_small_house_2)
[21:22:23] [Worker-Main-12/INFO] [co.ri.ge.sy.ci.in.wo.CityReservationMaskRegistry/]: City planned structures matched chunk 211,-772: 1
[21:22:23] [Worker-Main-9/INFO] [co.ri.ge.sy.ci.in.wo.CityReservationMaskRegistry/]: City worldgen structure hook reached planned owner chunk 211,-771 for agricultural_service_connectivity_010 (geomantia:city/trek_v3/village/plains/houses/plains_small_house_4)
[21:22:23] [Worker-Main-9/INFO] [co.ri.ge.sy.ci.in.wo.CityReservationMaskRegistry/]: City planned structures matched chunk 211,-771: 1
[21:22:23] [Worker-Main-5/INFO] [co.ri.ge.sy.ci.in.wo.CityReservationMaskRegistry/]: City worldgen structure hook reached planned owner chunk 211,-770 for agricultural_service_connectivity_009 (geomantia:city/trek_v3/village/plains/houses/plains_small_house_1)
[21:22:23] [Worker-Main-5/INFO] [co.ri.ge.sy.ci.in.wo.CityReservationMaskRegistry/]: City planned structures matched chunk 211,-770: 1
[21:22:23] [Worker-Main-5/INFO] [co.ri.ge.sy.ci.in.wo.MinecraftCityWorldgenStructurePlacer/]: Injected City template terrain StructureStart agricultural_service_connectivity_009 geomantia:city/trek_v3/village/plains/houses/plains_small_house_1 at 211,-770 with datum 64
[21:22:23] [Worker-Main-4/INFO] [co.ri.ge.sy.ci.in.wo.CityReservationMaskRegistry/]: City worldgen structure hook reached planned owner chunk 211,-769 for agricultural_service_connectivity_009 (geomantia:city/trek_v3/village/plains/houses/plains_small_house_1)
[21:22:23] [Worker-Main-4/INFO] [co.ri.ge.sy.ci.in.wo.CityReservationMaskRegistry/]: City planned structures matched chunk 211,-769: 1
[21:22:23] [Worker-Main-7/INFO] [co.ri.ge.sy.ci.in.wo.CityReservationMaskRegistry/]: Recorded completed City template worldgen placement west_residential_connectivity_030 geomantia:city/trek_v3/village/desert/houses/desert_small_house_2 after 1 owner chunks at datum 65
[21:22:24] [Worker-Main-11/INFO] [co.ri.ge.sy.ci.in.wo.CityReservationMaskRegistry/]: Recorded completed City template worldgen placement river_market_connectivity_052 geomantia:city/trek_v3/village/plains/houses/plains_farm_2 after 1 owner chunks at datum 64
[21:22:24] [Worker-Main-6/INFO] [co.ri.ge.sy.ci.in.wo.CityReservationMaskRegistry/]: City worldgen structure hook reached planned owner chunk 210,-785 for west_residential_connectivity_006 (geomantia:city/trek_v3/village/desert/houses/desert_medium_house_2)
[21:22:24] [Worker-Main-6/INFO] [co.ri.ge.sy.ci.in.wo.CityReservationMaskRegistry/]: City planned structures matched chunk 210,-785: 1
[21:22:24] [Worker-Main-6/INFO] [co.ri.ge.sy.ci.in.wo.MinecraftCityWorldgenStructurePlacer/]: Injected City template terrain StructureStart west_residential_connectivity_006 geomantia:city/trek_v3/village/desert/houses/desert_medium_house_2 at 210,-785 with datum 75
[21:22:24] [Worker-Main-13/INFO] [co.ri.ge.sy.ci.in.wo.CityReservationMaskRegistry/]: City worldgen structure hook reached planned owner chunk 210,-784 for west_residential_connectivity_006 (geomantia:city/trek_v3/village/desert/houses/desert_medium_house_2)
[21:22:24] [Worker-Main-13/INFO] [co.ri.ge.sy.ci.in.wo.CityReservationMaskRegistry/]: City planned structures matched chunk 210,-784: 1
[21:22:24] [Worker-Main-9/INFO] [co.ri.ge.sy.ci.in.wo.CityReservationMaskRegistry/]: City worldgen structure hook reached planned owner chunk 210,-781 for west_residential_connectivity_012 (geomantia:city/trek_v3/village/plains/houses/plains_small_house_2)
[21:22:24] [Worker-Main-9/INFO] [co.ri.ge.sy.ci.in.wo.CityReservationMaskRegistry/]: City planned structures matched chunk 210,-781: 1
[21:22:24] [Worker-Main-9/INFO] [co.ri.ge.sy.ci.in.wo.MinecraftCityWorldgenStructurePlacer/]: Injected City template terrain StructureStart west_residential_connectivity_012 geomantia:city/trek_v3/village/plains/houses/plains_small_house_2 at 210,-781 with datum 70
[21:22:24] [Worker-Main-10/INFO] [co.ri.ge.sy.ci.in.wo.CityReservationMaskRegistry/]: City worldgen structure hook reached planned owner chunk 210,-777 for west_residential_connectivity_021 (geomantia:city/trek_v3/village/desert/houses/desert_armorer_1)
[21:22:24] [Worker-Main-10/INFO] [co.ri.ge.sy.ci.in.wo.CityReservationMaskRegistry/]: City planned structures matched chunk 210,-777: 1
[21:22:24] [Worker-Main-10/INFO] [co.ri.ge.sy.ci.in.wo.MinecraftCityWorldgenStructurePlacer/]: Injected City template terrain StructureStart west_residential_connectivity_021 geomantia:city/trek_v3/village/desert/houses/desert_armorer_1 at 210,-777 with datum 66
[21:22:24] [Worker-Main-9/INFO] [co.ri.ge.sy.ci.in.wo.CityReservationMaskRegistry/]: City worldgen structure hook reached planned owner chunk 210,-773 for agricultural_service_connectivity_016 (geomantia:city/trek_v3/village/desert/houses/desert_toolsmith_1)
[21:22:24] [Worker-Main-9/INFO] [co.ri.ge.sy.ci.in.wo.CityReservationMaskRegistry/]: City planned structures matched chunk 210,-773: 1
[21:22:24] [Worker-Main-9/INFO] [co.ri.ge.sy.ci.in.wo.MinecraftCityWorldgenStructurePlacer/]: Injected City template terrain StructureStart agricultural_service_connectivity_016 geomantia:city/trek_v3/village/desert/houses/desert_toolsmith_1 at 210,-773 with datum 65
[21:22:24] [Worker-Main-11/INFO] [co.ri.ge.sy.ci.in.wo.CityReservationMaskRegistry/]: City worldgen structure hook reached planned owner chunk 210,-772 for agricultural_service_connectivity_016 (geomantia:city/trek_v3/village/desert/houses/desert_toolsmith_1)
[21:22:24] [Worker-Main-11/INFO] [co.ri.ge.sy.ci.in.wo.CityReservationMaskRegistry/]: City planned structures matched chunk 210,-772: 1
[21:22:24] [Worker-Main-11/INFO] [co.ri.ge.sy.ci.in.wo.CityReservationMaskRegistry/]: City worldgen structure hook reached planned owner chunk 210,-771 for agricultural_service_connectivity_010 (geomantia:city/trek_v3/village/plains/houses/plains_small_house_4)
[21:22:24] [Worker-Main-11/INFO] [co.ri.ge.sy.ci.in.wo.CityReservationMaskRegistry/]: City planned structures matched chunk 210,-771: 1
[21:22:24] [Worker-Main-11/INFO] [co.ri.ge.sy.ci.in.wo.MinecraftCityWorldgenStructurePlacer/]: Injected City template terrain StructureStart agricultural_service_connectivity_010 geomantia:city/trek_v3/village/plains/houses/plains_small_house_4 at 210,-771 with datum 64
[21:22:24] [Worker-Main-2/INFO] [co.ri.ge.sy.ci.in.wo.CityReservationMaskRegistry/]: Recorded completed City template worldgen placement west_residential_connectivity_033 geomantia:city/trek_v3/village/plains/houses/plains_butcher_1 after 2 owner chunks at datum 66
[21:22:25] [Worker-Main-6/INFO] [co.ri.ge.sy.ci.in.wo.CityReservationMaskRegistry/]: City worldgen structure hook reached planned owner chunk 209,-787 for west_residential_fill_004 (geomantia:city/trek_v3/village/swamp_vanilla/houses/swamp_small_house_6)
[21:22:25] [Worker-Main-6/INFO] [co.ri.ge.sy.ci.in.wo.CityReservationMaskRegistry/]: City planned structures matched chunk 209,-787: 1
[21:22:25] [Worker-Main-6/INFO] [co.ri.ge.sy.ci.in.wo.MinecraftCityWorldgenStructurePlacer/]: Injected City template terrain StructureStart west_residential_fill_004 geomantia:city/trek_v3/village/swamp_vanilla/houses/swamp_small_house_6 at 209,-787 with datum 78
[21:22:26] [Worker-Main-11/INFO] [co.ri.ge.sy.ci.in.wo.CityReservationMaskRegistry/]: City worldgen structure hook reached planned owner chunk 209,-785 for west_residential_connectivity_009 (geomantia:city/trek_v3/village/plains/houses/plains_small_house_1)
[21:22:26] [Worker-Main-11/INFO] [co.ri.ge.sy.ci.in.wo.CityReservationMaskRegistry/]: City planned structures matched chunk 209,-785: 1
[21:22:26] [Worker-Main-11/INFO] [co.ri.ge.sy.ci.in.wo.MinecraftCityWorldgenStructurePlacer/]: Injected City template terrain StructureStart west_residential_connectivity_009 geomantia:city/trek_v3/village/plains/houses/plains_small_house_1 at 209,-785 with datum 77
[21:22:26] [Worker-Main-1/INFO] [co.ri.ge.sy.ci.in.wo.CityReservationMaskRegistry/]: City worldgen structure hook reached planned owner chunk 209,-784 for west_residential_connectivity_009 (geomantia:city/trek_v3/village/plains/houses/plains_small_house_1)
[21:22:26] [Worker-Main-1/INFO] [co.ri.ge.sy.ci.in.wo.CityReservationMaskRegistry/]: City planned structures matched chunk 209,-784: 1
[21:22:26] [Worker-Main-1/INFO] [co.ri.ge.sy.ci.in.wo.CityReservationMaskRegistry/]: City worldgen structure hook reached planned owner chunk 209,-782 for west_residential_connectivity_015 (geomantia:city/trek_v3/village/desert/houses/desert_tannery_1)
[21:22:26] [Worker-Main-1/INFO] [co.ri.ge.sy.ci.in.wo.CityReservationMaskRegistry/]: City planned structures matched chunk 209,-782: 1
[21:22:27] [Worker-Main-4/INFO] [co.ri.ge.sy.ci.in.wo.CityReservationMaskRegistry/]: Recorded completed City template worldgen placement river_market_connectivity_047 geomantia:city/trek_v3/village/desert/houses/desert_mason_1 after 2 owner chunks at datum 64
[21:22:27] [Worker-Main-8/INFO] [co.ri.ge.sy.ci.in.wo.CityReservationMaskRegistry/]: Recorded completed City template worldgen placement river_market_connectivity_050 geomantia:city/trek_v3/village/desert/houses/desert_weaponsmith_1 after 1 owner chunks at datum 64
[21:22:27] [Worker-Main-3/INFO] [co.ri.ge.sy.ci.in.wo.CityReservationMaskRegistry/]: Recorded completed City template worldgen placement west_residential_connectivity_032 geomantia:city/trek_v3/village/desert/houses/desert_small_house_4 after 1 owner chunks at datum 64
[21:22:27] [Worker-Main-2/INFO] [co.ri.ge.sy.ci.in.wo.CityReservationMaskRegistry/]: City worldgen structure hook reached planned owner chunk 241,-760 for river_market_required_001 (geomantia:city/stubbs/commercial/general_store_01)
[21:22:27] [Worker-Main-2/INFO] [co.ri.ge.sy.ci.in.wo.CityReservationMaskRegistry/]: City planned structures matched chunk 241,-760: 1
[21:22:28] [Worker-Main-5/INFO] [co.ri.ge.sy.ci.in.wo.CityReservationMaskRegistry/]: Recorded completed City template worldgen placement river_market_connectivity_043 geomantia:city/trek_v3/village/desert/houses/desert_small_house_5 after 2 owner chunks at datum 64
[21:22:28] [Worker-Main-10/INFO] [co.ri.ge.sy.ci.in.wo.CityReservationMaskRegistry/]: Recorded completed City template worldgen placement river_market_connectivity_046 geomantia:city/trek_v3/village/plains/houses/plains_toolsmith_1 after 4 owner chunks at datum 64
[21:22:29] [Worker-Main-8/INFO] [co.ri.ge.sy.ci.in.wo.CityReservationMaskRegistry/]: Recorded completed City template worldgen placement river_market_connectivity_049 geomantia:city/trek_v3/village/plains/houses/plains_medium_house_1 after 4 owner chunks at datum 64
[21:22:29] [Worker-Main-3/INFO] [co.ri.ge.sy.ci.in.wo.CityReservationMaskRegistry/]: City worldgen structure hook reached planned owner chunk 239,-759 for river_market_fill_011 (geomantia:city/trek_v3/village/desert/houses/desert_tannery_1)
[21:22:29] [Worker-Main-3/INFO] [co.ri.ge.sy.ci.in.wo.CityReservationMaskRegistry/]: City planned structures matched chunk 239,-759: 1
[21:22:29] [Worker-Main-3/INFO] [co.ri.ge.sy.ci.in.wo.MinecraftCityWorldgenStructurePlacer/]: Injected City template terrain StructureStart river_market_fill_011 geomantia:city/trek_v3/village/desert/houses/desert_tannery_1 at 239,-759 with datum 65
[21:22:30] [Worker-Main-3/INFO] [co.ri.ge.sy.ci.in.wo.CityReservationMaskRegistry/]: Recorded completed City template worldgen placement river_market_connectivity_051 geomantia:city/trek_v3/village/plains/houses/plains_tannery_1 after 4 owner chunks at datum 64
[21:22:30] [Worker-Main-1/INFO] [co.ri.ge.sy.ci.in.wo.CityReservationMaskRegistry/]: Recorded completed City template worldgen placement west_residential_connectivity_035 geomantia:city/trek_v3/village/desert/houses/desert_mason_1 after 2 owner chunks at datum 64
[21:22:31] [Worker-Main-10/INFO] [co.ri.ge.sy.ci.in.wo.CityReservationMaskRegistry/]: Recorded completed City template worldgen placement west_residential_connectivity_029 geomantia:city/trek_v3/village/desert/houses/desert_small_house_3 after 4 owner chunks at datum 64
[21:22:31] [Worker-Main-14/INFO] [co.ri.ge.sy.ci.in.wo.CityReservationMaskRegistry/]: Recorded completed City template worldgen placement river_market_connectivity_045 geomantia:city/trek_v3/village/plains/houses/plains_butcher_1 after 4 owner chunks at datum 64
[21:22:31] [Worker-Main-9/INFO] [co.ri.ge.sy.ci.in.wo.CityReservationMaskRegistry/]: Recorded completed City template worldgen placement river_market_connectivity_041 geomantia:city/trek_v3/village/desert/houses/desert_small_house_3 after 2 owner chunks at datum 64
[21:22:32] [Worker-Main-13/INFO] [co.ri.ge.sy.ci.in.wo.CityReservationMaskRegistry/]: Recorded completed City template worldgen placement river_market_connectivity_039 geomantia:city/trek_v3/village/desert/houses/desert_small_house_8 after 2 owner chunks at datum 64
[21:22:32] [Worker-Main-9/INFO] [co.ri.ge.sy.ci.in.wo.CityReservationMaskRegistry/]: City worldgen structure hook reached planned owner chunk 208,-782 for west_residential_connectivity_015 (geomantia:city/trek_v3/village/desert/houses/desert_tannery_1)
[21:22:32] [Worker-Main-9/INFO] [co.ri.ge.sy.ci.in.wo.CityReservationMaskRegistry/]: City planned structures matched chunk 208,-782: 1
[21:22:32] [Worker-Main-9/INFO] [co.ri.ge.sy.ci.in.wo.MinecraftCityWorldgenStructurePlacer/]: Injected City template terrain StructureStart west_residential_connectivity_015 geomantia:city/trek_v3/village/desert/houses/desert_tannery_1 at 208,-782 with datum 71
[21:22:32] [Server thread/DEBUG] [ne.mi.co.ForgeHooks/WP]: Gathering id map for writing to world save RTF08052
[21:22:32] [Server thread/DEBUG] [ne.mi.co.ForgeHooks/WP]: ID Map collection complete RTF08052
[21:22:32] [Worker-Main-10/INFO] [co.ri.ge.sy.ci.in.wo.CityReservationMaskRegistry/]: Recorded completed City template worldgen placement west_residential_connectivity_027 geomantia:city/trek_v3/village/desert/houses/desert_small_house_8 after 1 owner chunks at datum 64
[21:22:32] [Worker-Main-9/INFO] [co.ri.ge.sy.ci.in.wo.CityReservationMaskRegistry/]: Recorded completed City template worldgen placement west_residential_connectivity_026 geomantia:city/trek_v3/village/desert/houses/desert_small_house_6 after 1 owner chunks at datum 65
[21:22:33] [Worker-Main-11/INFO] [co.ri.ge.sy.ci.in.wo.CityReservationMaskRegistry/]: City worldgen structure hook reached planned owner chunk 239,-757 for river_market_fill_012 (geomantia:city/trek_v3/village/desert/houses/desert_toolsmith_1)
[21:22:33] [Worker-Main-11/INFO] [co.ri.ge.sy.ci.in.wo.CityReservationMaskRegistry/]: City planned structures matched chunk 239,-757: 1
[21:22:33] [Worker-Main-11/INFO] [co.ri.ge.sy.ci.in.wo.MinecraftCityWorldgenStructurePlacer/]: Injected City template terrain StructureStart river_market_fill_012 geomantia:city/trek_v3/village/desert/houses/desert_toolsmith_1 at 239,-757 with datum 65
[21:22:33] [Worker-Main-14/INFO] [co.ri.ge.sy.ci.in.wo.CityReservationMaskRegistry/]: City worldgen structure hook reached planned owner chunk 241,-757 for river_market_fill_013 (geomantia:city/trek_v3/village/plains/houses/plains_weaponsmith_1)
[21:22:33] [Worker-Main-14/INFO] [co.ri.ge.sy.ci.in.wo.CityReservationMaskRegistry/]: City planned structures matched chunk 241,-757: 1
[21:22:33] [Worker-Main-14/INFO] [co.ri.ge.sy.ci.in.wo.MinecraftCityWorldgenStructurePlacer/]: Injected City template terrain StructureStart river_market_fill_013 geomantia:city/trek_v3/village/plains/houses/plains_weaponsmith_1 at 241,-757 with datum 65
[21:22:33] [Worker-Main-10/INFO] [co.ri.ge.sy.ci.in.wo.CityReservationMaskRegistry/]: City worldgen structure hook reached planned owner chunk 243,-757 for river_market_fill_015 (geomantia:city/stubbs/agriculture/horse_stall_02)
[21:22:33] [Worker-Main-10/INFO] [co.ri.ge.sy.ci.in.wo.CityReservationMaskRegistry/]: City worldgen structure hook reached planned owner chunk 243,-757 for river_market_fill_015 (geomantia:city/stubbs/agriculture/horse_stall_02)
[21:22:33] [Worker-Main-10/INFO] [co.ri.ge.sy.ci.in.wo.CityReservationMaskRegistry/]: City planned structures matched chunk 243,-757: 1
[21:22:33] [Worker-Main-10/INFO] [co.ri.ge.sy.ci.in.wo.MinecraftCityWorldgenStructurePlacer/]: Injected City template terrain StructureStart river_market_fill_015 geomantia:city/stubbs/agriculture/horse_stall_02 at 243,-757 with datum 65
[21:22:33] [Worker-Main-1/INFO] [co.ri.ge.sy.ci.in.wo.CityReservationMaskRegistry/]: City worldgen structure hook reached planned owner chunk 244,-757 for river_market_fill_015 (geomantia:city/stubbs/agriculture/horse_stall_02)
[21:22:33] [Worker-Main-1/INFO] [co.ri.ge.sy.ci.in.wo.CityReservationMaskRegistry/]: City planned structures matched chunk 244,-757: 1
[21:22:33] [Worker-Main-15/INFO] [co.ri.ge.sy.ci.in.wo.CityReservationMaskRegistry/]: City worldgen structure hook reached planned owner chunk 245,-757 for river_market_fill_016 (geomantia:city/stubbs/commercial/laundry_facility_01)
[21:22:33] [Worker-Main-15/INFO] [co.ri.ge.sy.ci.in.wo.CityReservationMaskRegistry/]: City planned structures matched chunk 245,-757: 1
[21:22:33] [Worker-Main-15/INFO] [co.ri.ge.sy.ci.in.wo.MinecraftCityWorldgenStructurePlacer/]: Injected City template terrain StructureStart river_market_fill_016 geomantia:city/stubbs/commercial/laundry_facility_01 at 245,-757 with datum 64
[21:22:33] [Worker-Main-15/INFO] [co.ri.ge.sy.ci.in.wo.CityReservationMaskRegistry/]: City worldgen structure hook reached planned owner chunk 246,-757 for river_market_fill_016 (geomantia:city/stubbs/commercial/laundry_facility_01)
[21:22:33] [Worker-Main-15/INFO] [co.ri.ge.sy.ci.in.wo.CityReservationMaskRegistry/]: City planned structures matched chunk 246,-757: 1
[21:22:34] [Worker-Main-7/INFO] [co.ri.ge.sy.ci.in.wo.CityReservationMaskRegistry/]: Recorded completed City template worldgen placement river_market_connectivity_038 geomantia:city/trek_v3/village/desert/houses/desert_small_house_6 after 1 owner chunks at datum 64
[21:22:34] [Worker-Main-11/INFO] [co.ri.ge.sy.ci.in.wo.CityReservationMaskRegistry/]: Recorded completed City template worldgen placement river_market_connectivity_044 geomantia:city/trek_v3/village/desert/houses/desert_small_house_4 after 2 owner chunks at datum 64
[21:22:34] [Worker-Main-4/INFO] [co.ri.ge.sy.ci.in.wo.CityReservationMaskRegistry/]: Recorded completed City template worldgen placement river_market_connectivity_042 geomantia:city/trek_v3/village/desert/houses/desert_small_house_2 after 1 owner chunks at datum 64
[21:22:35] [Worker-Main-8/INFO] [co.ri.ge.sy.ci.in.wo.CityReservationMaskRegistry/]: Recorded completed City template worldgen placement west_residential_connectivity_025 geomantia:city/trek_v3/village/desert/houses/desert_small_house_7 after 1 owner chunks at datum 64
[21:22:35] [Worker-Main-1/INFO] [co.ri.ge.sy.ci.in.wo.CityReservationMaskRegistry/]: Recorded completed City template worldgen placement west_residential_connectivity_028 geomantia:city/trek_v3/village/desert/houses/desert_small_house_1 after 1 owner chunks at datum 64
[21:22:35] [Worker-Main-5/INFO] [co.ri.ge.sy.ci.in.wo.CityReservationMaskRegistry/]: Recorded completed City template worldgen placement agricultural_service_fill_003 geomantia:city/trek_v3/village/desert/houses/desert_medium_house_2 after 1 owner chunks at datum 64
[21:22:36] [Worker-Main-6/INFO] [co.ri.ge.sy.ci.in.wo.CityReservationMaskRegistry/]: City worldgen structure hook reached planned owner chunk 243,-756 for river_market_fill_015 (geomantia:city/stubbs/agriculture/horse_stall_02)
[21:22:36] [Worker-Main-6/INFO] [co.ri.ge.sy.ci.in.wo.CityReservationMaskRegistry/]: City planned structures matched chunk 243,-756: 1
[21:22:36] [Worker-Main-6/INFO] [co.ri.ge.sy.ci.in.wo.CityReservationMaskRegistry/]: City worldgen structure hook reached planned owner chunk 244,-756 for river_market_fill_015 (geomantia:city/stubbs/agriculture/horse_stall_02)
[21:22:36] [Worker-Main-6/INFO] [co.ri.ge.sy.ci.in.wo.CityReservationMaskRegistry/]: City planned structures matched chunk 244,-756: 1
[21:22:36] [Worker-Main-12/INFO] [co.ri.ge.sy.ci.in.wo.CityReservationMaskRegistry/]: City worldgen structure hook reached planned owner chunk 245,-756 for river_market_fill_016 (geomantia:city/stubbs/commercial/laundry_facility_01)
[21:22:36] [Worker-Main-12/INFO] [co.ri.ge.sy.ci.in.wo.CityReservationMaskRegistry/]: City planned structures matched chunk 245,-756: 1
[21:22:36] [Worker-Main-12/INFO] [co.ri.ge.sy.ci.in.wo.CityReservationMaskRegistry/]: City worldgen structure hook reached planned owner chunk 246,-756 for river_market_fill_016 (geomantia:city/stubbs/commercial/laundry_facility_01)
[21:22:36] [Worker-Main-12/INFO] [co.ri.ge.sy.ci.in.wo.CityReservationMaskRegistry/]: City planned structures matched chunk 246,-756: 1
[21:22:36] [Worker-Main-14/INFO] [co.ri.ge.sy.ci.in.wo.CityReservationMaskRegistry/]: Recorded completed City template worldgen placement river_market_connectivity_037 geomantia:city/trek_v3/village/desert/houses/desert_small_house_7 after 2 owner chunks at datum 63
[21:22:36] [Worker-Main-4/INFO] [co.ri.ge.sy.ci.in.wo.CityReservationMaskRegistry/]: Recorded completed City template worldgen placement river_market_connectivity_036 geomantia:city/trek_v3/village/desert/houses/desert_farm_3 after 2 owner chunks at datum 64
[21:22:37] [Worker-Main-6/INFO] [co.ri.ge.sy.ci.in.wo.CityReservationMaskRegistry/]: Recorded completed City template worldgen placement west_residential_connectivity_023 geomantia:city/trek_v3/village/desert/houses/desert_farm_2 after 2 owner chunks at datum 65
[21:22:38] [Worker-Main-2/INFO] [co.ri.ge.sy.ci.in.wo.CityReservationMaskRegistry/]: Recorded completed City template worldgen placement west_residential_connectivity_024 geomantia:city/trek_v3/village/desert/houses/desert_farm_3 after 4 owner chunks at datum 66
[21:22:39] [Worker-Main-5/INFO] [co.ri.ge.sy.ci.in.wo.CityReservationMaskRegistry/]: Recorded completed City template worldgen placement river_market_connectivity_040 geomantia:city/trek_v3/village/desert/houses/desert_small_house_1 after 2 owner chunks at datum 64
[21:22:39] [Worker-Main-2/INFO] [co.ri.ge.sy.ci.in.wo.CityReservationMaskRegistry/]: Recorded completed City template worldgen placement river_market_connectivity_035 geomantia:city/trek_v3/village/desert/houses/desert_farm_2 after 2 owner chunks at datum 64
[21:22:40] [Worker-Main-15/INFO] [co.ri.ge.sy.ci.in.wo.CityReservationMaskRegistry/]: Recorded completed City template worldgen placement river_market_connectivity_033 geomantia:city/trek_v3/village/desert/houses/desert_armorer_1 after 2 owner chunks at datum 64
[21:22:41] [Worker-Main-8/INFO] [co.ri.ge.sy.ci.in.wo.CityReservationMaskRegistry/]: Recorded completed City template worldgen placement river_market_fill_003 geomantia:city/trek_v3/village/desert/houses/desert_medium_house_2 after 1 owner chunks at datum 64
[21:22:42] [Worker-Main-13/INFO] [co.ri.ge.sy.ci.in.wo.CityReservationMaskRegistry/]: Recorded completed City template worldgen placement river_market_connectivity_031 geomantia:city/trek_v3/village/desert/houses/desert_butcher_1 after 2 owner chunks at datum 64
[21:22:42] [Worker-Main-1/INFO] [co.ri.ge.sy.ci.in.wo.CityReservationMaskRegistry/]: Recorded completed City template worldgen placement river_market_connectivity_034 geomantia:city/trek_v3/village/desert/houses/desert_farm_1 after 2 owner chunks at datum 64
[21:22:43] [Worker-Main-1/INFO] [co.ri.ge.sy.ci.in.wo.CityReservationMaskRegistry/]: Recorded completed City template worldgen placement agricultural_service_required_001 geomantia:city/stubbs/agriculture/windmill_01 after 4 owner chunks at datum 64
[21:22:43] [Worker-Main-10/INFO] [co.ri.ge.sy.ci.in.wo.CityReservationMaskRegistry/]: Recorded completed City template worldgen placement river_market_fill_002 geomantia:city/trek_v3/village/swamp_vanilla/houses/swamp_small_house_7 after 1 owner chunks at datum 64
[21:22:44] [Worker-Main-1/INFO] [co.ri.ge.sy.ci.in.wo.CityReservationMaskRegistry/]: Recorded completed City template worldgen placement west_residential_connectivity_020 geomantia:city/trek_v3/village/plains/houses/plains_shepherd_1 after 6 owner chunks at datum 68
[21:22:44] [RW-Worker-4/INFO] [roadweaver/]: Presets loaded: 57 entries
[21:22:45] [Worker-Main-15/INFO] [co.ri.ge.sy.ci.in.wo.CityReservationMaskRegistry/]: Recorded completed City template worldgen placement river_market_fill_007 geomantia:city/trek_v3/village/desert/houses/desert_medium_house_1 after 1 owner chunks at datum 64
[21:22:45] [Worker-Main-13/INFO] [co.ri.ge.sy.ci.in.wo.CityReservationMaskRegistry/]: Recorded completed City template worldgen placement river_market_fill_004 geomantia:city/trek_v3/village/desert/houses/desert_fletcher_1 after 1 owner chunks at datum 64
[21:22:45] [Server thread/INFO] [roadweaver/]: 已从旧道路数据补全结构状态 dimension=minecraft:overworld structures=3 connections=0
[21:22:47] [Worker-Main-1/INFO] [co.ri.ge.sy.ci.in.wo.CityReservationMaskRegistry/]: Recorded completed City template worldgen placement river_market_fill_005 geomantia:city/trek_v3/village/plains/houses/plains_small_house_1 after 1 owner chunks at datum 64
[21:22:47] [Worker-Main-1/INFO] [co.ri.ge.sy.ci.in.wo.CityReservationMaskRegistry/]: Recorded completed City template worldgen placement river_market_fill_008 geomantia:city/trek_v3/village/plains/houses/plains_small_house_2 after 1 owner chunks at datum 64
[21:22:47] [Worker-Main-3/INFO] [co.ri.ge.sy.ci.in.wo.CityReservationMaskRegistry/]: Recorded completed City template worldgen placement river_market_fill_006 geomantia:city/trek_v3/village/plains/houses/plains_small_house_4 after 1 owner chunks at datum 64
[21:22:47] [Worker-Main-13/INFO] [co.ri.ge.sy.ci.in.wo.CityReservationMaskRegistry/]: Recorded completed City template worldgen placement river_market_fill_009 geomantia:city/trek_v3/village/desert/houses/desert_shepherd_1 after 1 owner chunks at datum 64
[21:22:48] [Worker-Main-7/INFO] [co.ri.ge.sy.ci.in.wo.CityReservationMaskRegistry/]: Recorded completed City template worldgen placement river_market_fill_010 geomantia:city/trek_v3/village/swamp/houses/swamp_shepherd_1 after 1 owner chunks at datum 64
[21:22:49] [Worker-Main-4/INFO] [co.ri.ge.sy.ci.in.wo.CityReservationMaskRegistry/]: Recorded completed City template worldgen placement river_market_connectivity_018 geomantia:city/trek_v3/village/desert/houses/desert_medium_house_2 after 4 owner chunks at datum 64
[21:22:49] [Worker-Main-2/INFO] [co.ri.ge.sy.ci.in.wo.CityReservationMaskRegistry/]: Recorded completed City template worldgen placement river_market_connectivity_017 geomantia:city/trek_v3/village/swamp_vanilla/houses/swamp_small_house_7 after 4 owner chunks at datum 64
[21:22:50] [Worker-Main-2/INFO] [co.ri.ge.sy.ci.in.wo.CityReservationMaskRegistry/]: Recorded completed City template worldgen placement river_market_connectivity_019 geomantia:city/trek_v3/village/swamp_vanilla/houses/swamp_small_house_6 after 2 owner chunks at datum 65
[21:22:51] [Worker-Main-15/INFO] [co.ri.ge.sy.ci.in.wo.CityReservationMaskRegistry/]: Recorded completed City template worldgen placement river_market_connectivity_020 geomantia:city/trek_v3/village/desert/houses/desert_fletcher_1 after 1 owner chunks at datum 65
[21:22:52] [Worker-Main-14/INFO] [co.ri.ge.sy.ci.in.wo.CityReservationMaskRegistry/]: Recorded completed City template worldgen placement river_market_connectivity_029 geomantia:city/trek_v3/village/plains/houses/plains_weaponsmith_1 after 4 owner chunks at datum 64
[21:22:52] [Worker-Main-5/INFO] [co.ri.ge.sy.ci.in.wo.CityReservationMaskRegistry/]: Recorded completed City template worldgen placement river_market_connectivity_032 geomantia:city/trek_v3/village/plains/houses/plains_shepherd_1 after 2 owner chunks at datum 64
[21:22:52] [Worker-Main-5/INFO] [co.ri.ge.sy.ci.in.wo.CityReservationMaskRegistry/]: Recorded completed City template worldgen placement river_market_connectivity_030 geomantia:city/trek_v3/village/desert/houses/desert_big_house_1 after 4 owner chunks at datum 65
[21:22:53] [Worker-Main-8/INFO] [co.ri.ge.sy.ci.in.wo.CityReservationMaskRegistry/]: City worldgen structure hook reached planned owner chunk 266,-783 for east_residential_connectivity_019 (geomantia:city/stubbs/residential/household_02)
[21:22:53] [Worker-Main-8/INFO] [co.ri.ge.sy.ci.in.wo.CityReservationMaskRegistry/]: City planned structures matched chunk 266,-783: 1
[21:22:53] [Worker-Main-7/INFO] [co.ri.ge.sy.ci.in.wo.CityReservationMaskRegistry/]: City worldgen structure hook reached planned owner chunk 266,-781 for east_residential_connectivity_017 (geomantia:city/stubbs/commercial/general_store_01)
[21:22:53] [Worker-Main-7/INFO] [co.ri.ge.sy.ci.in.wo.CityReservationMaskRegistry/]: City planned structures matched chunk 266,-781: 1
[21:22:53] [Worker-Main-9/INFO] [co.ri.ge.sy.ci.in.wo.CityReservationMaskRegistry/]: City worldgen structure hook reached planned owner chunk 266,-780 for east_residential_connectivity_017 (geomantia:city/stubbs/commercial/general_store_01)
[21:22:53] [Worker-Main-9/INFO] [co.ri.ge.sy.ci.in.wo.CityReservationMaskRegistry/]: City planned structures matched chunk 266,-780: 1
[21:22:53] [Worker-Main-9/INFO] [co.ri.ge.sy.ci.in.wo.CityReservationMaskRegistry/]: City worldgen structure hook reached planned owner chunk 266,-779 for east_residential_connectivity_020 (geomantia:city/stubbs/residential/civilian_house_03)
[21:22:53] [Worker-Main-9/INFO] [co.ri.ge.sy.ci.in.wo.CityReservationMaskRegistry/]: City planned structures matched chunk 266,-779: 1
[21:22:53] [Worker-Main-7/INFO] [co.ri.ge.sy.ci.in.wo.CityReservationMaskRegistry/]: Recorded completed City template worldgen placement river_market_fill_014 geomantia:city/stubbs/commercial/motel_01 after 2 owner chunks at datum 64
[21:22:53] [Worker-Main-11/INFO] [co.ri.ge.sy.ci.in.wo.CityReservationMaskRegistry/]: City worldgen structure hook reached planned owner chunk 266,-778 for east_residential_connectivity_020 (geomantia:city/stubbs/residential/civilian_house_03)
[21:22:53] [Worker-Main-11/INFO] [co.ri.ge.sy.ci.in.wo.CityReservationMaskRegistry/]: City planned structures matched chunk 266,-778: 1
[21:22:54] [Worker-Main-10/INFO] [co.ri.ge.sy.ci.in.wo.CityReservationMaskRegistry/]: Recorded completed City template worldgen placement civic_core_connectivity_055 geomantia:city/trek_v3/village/swamp/houses/swamp_shepherd_1 after 4 owner chunks at datum 69
[21:22:55] [Worker-Main-12/INFO] [co.ri.ge.sy.ci.in.wo.CityReservationMaskRegistry/]: City worldgen structure hook reached planned owner chunk 267,-782 for east_residential_connectivity_014 (geomantia:city/stubbs/commercial/laundry_facility_01)
[21:22:55] [Worker-Main-12/INFO] [co.ri.ge.sy.ci.in.wo.CityReservationMaskRegistry/]: City planned structures matched chunk 267,-782: 1
[21:22:55] [Worker-Main-5/INFO] [co.ri.ge.sy.ci.in.wo.CityReservationMaskRegistry/]: City worldgen structure hook reached planned owner chunk 267,-781 for east_residential_connectivity_014 (geomantia:city/stubbs/commercial/laundry_facility_01)
[21:22:55] [Worker-Main-5/INFO] [co.ri.ge.sy.ci.in.wo.CityReservationMaskRegistry/]: City planned structures matched chunk 267,-781: 1
[21:22:55] [Worker-Main-10/INFO] [co.ri.ge.sy.ci.in.wo.CityReservationMaskRegistry/]: City worldgen structure hook reached planned owner chunk 267,-783 for east_residential_connectivity_014 (geomantia:city/stubbs/commercial/laundry_facility_01)
[21:22:55] [Worker-Main-10/INFO] [co.ri.ge.sy.ci.in.wo.CityReservationMaskRegistry/]: City planned structures matched chunk 267,-783: 1
[21:22:55] [Worker-Main-10/INFO] [co.ri.ge.sy.ci.in.wo.MinecraftCityWorldgenStructurePlacer/]: Injected City template terrain StructureStart east_residential_connectivity_014 geomantia:city/stubbs/commercial/laundry_facility_01 at 267,-783 with datum 78
[21:22:55] [Server thread/INFO] [roadweaver/]: 已从旧道路数据补全结构状态 dimension=minecraft:overworld structures=1 connections=0
[21:22:55] [Worker-Main-13/INFO] [co.ri.ge.sy.ci.in.wo.CityReservationMaskRegistry/]: Recorded completed City template worldgen placement river_market_connectivity_023 geomantia:city/trek_v3/village/desert/houses/desert_medium_house_1 after 4 owner chunks at datum 66
[21:22:56] [Worker-Main-13/INFO] [co.ri.ge.sy.ci.in.wo.CityReservationMaskRegistry/]: Recorded completed City template worldgen placement river_market_connectivity_024 geomantia:city/trek_v3/village/plains/houses/plains_small_house_2 after 2 owner chunks at datum 67
[21:22:56] [Worker-Main-13/INFO] [co.ri.ge.sy.ci.in.wo.CityReservationMaskRegistry/]: Recorded completed City template worldgen placement civic_core_connectivity_054 geomantia:city/trek_v3/village/desert/houses/desert_shepherd_1 after 4 owner chunks at datum 73
[21:22:56] [Worker-Main-12/INFO] [co.ri.ge.sy.ci.in.wo.CityReservationMaskRegistry/]: City worldgen structure hook reached planned owner chunk 268,-783 for east_residential_connectivity_014 (geomantia:city/stubbs/commercial/laundry_facility_01)
[21:22:56] [Worker-Main-12/INFO] [co.ri.ge.sy.ci.in.wo.CityReservationMaskRegistry/]: City worldgen structure hook reached planned owner chunk 268,-783 for east_residential_connectivity_014 (geomantia:city/stubbs/commercial/laundry_facility_01)
[21:22:56] [Worker-Main-12/INFO] [co.ri.ge.sy.ci.in.wo.CityReservationMaskRegistry/]: City planned structures matched chunk 268,-783: 1
[21:22:56] [Worker-Main-6/INFO] [co.ri.ge.sy.ci.in.wo.CityReservationMaskRegistry/]: City worldgen structure hook reached planned owner chunk 268,-782 for east_residential_connectivity_014 (geomantia:city/stubbs/commercial/laundry_facility_01)
[21:22:56] [Worker-Main-6/INFO] [co.ri.ge.sy.ci.in.wo.CityReservationMaskRegistry/]: City planned structures matched chunk 268,-782: 1
[21:22:56] [Worker-Main-6/INFO] [co.ri.ge.sy.ci.in.wo.CityReservationMaskRegistry/]: City worldgen structure hook reached planned owner chunk 268,-781 for east_residential_connectivity_014 (geomantia:city/stubbs/commercial/laundry_facility_01)
[21:22:56] [Worker-Main-6/INFO] [co.ri.ge.sy.ci.in.wo.CityReservationMaskRegistry/]: City planned structures matched chunk 268,-781: 1
[21:22:56] [Worker-Main-6/INFO] [co.ri.ge.sy.ci.in.wo.CityReservationMaskRegistry/]: City worldgen structure hook reached planned owner chunk 268,-784 for east_residential_connectivity_015 (geomantia:city/stubbs/commercial/town_workshop_01)
[21:22:56] [Worker-Main-6/INFO] [co.ri.ge.sy.ci.in.wo.CityReservationMaskRegistry/]: City planned structures matched chunk 268,-784: 1
[21:22:56] [Worker-Main-1/INFO] [co.ri.ge.sy.ci.in.wo.CityReservationMaskRegistry/]: City worldgen structure hook reached planned owner chunk 268,-785 for east_residential_connectivity_015 (geomantia:city/stubbs/commercial/town_workshop_01)
[21:22:56] [Worker-Main-1/INFO] [co.ri.ge.sy.ci.in.wo.CityReservationMaskRegistry/]: City planned structures matched chunk 268,-785: 1
[21:22:56] [Worker-Main-1/INFO] [co.ri.ge.sy.ci.in.wo.MinecraftCityWorldgenStructurePlacer/]: Injected City template terrain StructureStart east_residential_connectivity_015 geomantia:city/stubbs/commercial/town_workshop_01 at 268,-785 with datum 91
[21:22:57] [Worker-Main-11/INFO] [co.ri.ge.sy.ci.in.wo.CityReservationMaskRegistry/]: Recorded completed City template worldgen placement river_market_connectivity_025 geomantia:city/trek_v3/village/desert/houses/desert_shepherd_1 after 2 owner chunks at datum 67
[21:22:57] [Worker-Main-8/INFO] [co.ri.ge.sy.ci.in.wo.CityReservationMaskRegistry/]: Recorded completed City template worldgen placement east_residential_connectivity_028 geomantia:city/stubbs/residential/household_01 after 2 owner chunks at datum 70
[21:22:57] [Worker-Main-4/INFO] [co.ri.ge.sy.ci.in.wo.CityReservationMaskRegistry/]: Recorded completed City template worldgen placement civic_core_connectivity_057 geomantia:city/trek_v3/village/desert/houses/desert_toolsmith_1 after 4 owner chunks at datum 73
[21:22:58] [Worker-Main-5/INFO] [co.ri.ge.sy.ci.in.wo.CityReservationMaskRegistry/]: City worldgen structure hook reached planned owner chunk 269,-785 for east_residential_connectivity_015 (geomantia:city/stubbs/commercial/town_workshop_01)
[21:22:58] [Worker-Main-5/INFO] [co.ri.ge.sy.ci.in.wo.CityReservationMaskRegistry/]: City planned structures matched chunk 269,-785: 1
[21:22:58] [Worker-Main-2/INFO] [co.ri.ge.sy.ci.in.wo.CityReservationMaskRegistry/]: City worldgen structure hook reached planned owner chunk 269,-784 for east_residential_connectivity_015 (geomantia:city/stubbs/commercial/town_workshop_01)
[21:22:58] [Worker-Main-2/INFO] [co.ri.ge.sy.ci.in.wo.CityReservationMaskRegistry/]: City planned structures matched chunk 269,-784: 1
[21:22:59] [Worker-Main-9/INFO] [co.ri.ge.sy.ci.in.wo.CityReservationMaskRegistry/]: Recorded completed City template worldgen placement river_market_connectivity_053 geomantia:city/trek_v3/village/plains/houses/plains_stable_1 after 2 owner chunks at datum 73
[21:22:59] [Worker-Main-1/INFO] [co.ri.ge.sy.ci.in.wo.CityReservationMaskRegistry/]: Recorded completed City template worldgen placement river_market_connectivity_027 geomantia:city/trek_v3/village/desert/houses/desert_tannery_1 after 2 owner chunks at datum 69
[21:23:00] [Worker-Main-6/INFO] [co.ri.ge.sy.ci.in.wo.CityReservationMaskRegistry/]: Recorded completed City template worldgen placement east_residential_connectivity_026 geomantia:city/stubbs/agriculture/farm_storage_house_01 after 4 owner chunks at datum 82
[21:23:00] [Worker-Main-7/INFO] [co.ri.ge.sy.ci.in.wo.CityReservationMaskRegistry/]: City worldgen structure hook reached planned owner chunk 270,-785 for east_residential_connectivity_012 (geomantia:city/stubbs/agriculture/horse_stall_02)
[21:23:00] [Worker-Main-7/INFO] [co.ri.ge.sy.ci.in.wo.CityReservationMaskRegistry/]: City planned structures matched chunk 270,-785: 1
[21:23:00] [Worker-Main-7/INFO] [co.ri.ge.sy.ci.in.wo.MinecraftCityWorldgenStructurePlacer/]: Injected City template terrain StructureStart east_residential_connectivity_012 geomantia:city/stubbs/agriculture/horse_stall_02 at 270,-785 with datum 95
[21:23:00] [Worker-Main-7/INFO] [co.ri.ge.sy.ci.in.wo.CityReservationMaskRegistry/]: City worldgen structure hook reached planned owner chunk 270,-784 for east_residential_connectivity_012 (geomantia:city/stubbs/agriculture/horse_stall_02)
[21:23:00] [Worker-Main-7/INFO] [co.ri.ge.sy.ci.in.wo.CityReservationMaskRegistry/]: City planned structures matched chunk 270,-784: 1
[21:23:00] [Worker-Main-9/INFO] [co.ri.ge.sy.ci.in.wo.CityReservationMaskRegistry/]: City worldgen structure hook reached planned owner chunk 270,-783 for east_residential_connectivity_012 (geomantia:city/stubbs/agriculture/horse_stall_02)
[21:23:00] [Worker-Main-9/INFO] [co.ri.ge.sy.ci.in.wo.CityReservationMaskRegistry/]: City planned structures matched chunk 270,-783: 1
[21:23:00] [Worker-Main-4/INFO] [co.ri.ge.sy.ci.in.wo.CityReservationMaskRegistry/]: City worldgen structure hook reached planned owner chunk 270,-782 for east_residential_connectivity_011 (geomantia:city/stubbs/commercial/motel_01)
[21:23:00] [Worker-Main-4/INFO] [co.ri.ge.sy.ci.in.wo.CityReservationMaskRegistry/]: City planned structures matched chunk 270,-782: 1
[21:23:00] [Worker-Main-4/INFO] [co.ri.ge.sy.ci.in.wo.MinecraftCityWorldgenStructurePlacer/]: Injected City template terrain StructureStart east_residential_connectivity_011 geomantia:city/stubbs/commercial/motel_01 at 270,-782 with datum 82
[21:23:00] [Worker-Main-7/INFO] [co.ri.ge.sy.ci.in.wo.CityReservationMaskRegistry/]: City worldgen structure hook reached planned owner chunk 270,-781 for east_residential_connectivity_011 (geomantia:city/stubbs/commercial/motel_01)
[21:23:00] [Worker-Main-7/INFO] [co.ri.ge.sy.ci.in.wo.CityReservationMaskRegistry/]: City planned structures matched chunk 270,-781: 1
[21:23:00] [Worker-Main-15/INFO] [co.ri.ge.sy.ci.in.wo.CityReservationMaskRegistry/]: City worldgen structure hook reached planned owner chunk 270,-780 for east_residential_connectivity_013 (geomantia:city/stubbs/commercial/flower_shop_01)
[21:23:00] [Worker-Main-15/INFO] [co.ri.ge.sy.ci.in.wo.CityReservationMaskRegistry/]: City planned structures matched chunk 270,-780: 1
[21:23:00] [Worker-Main-15/INFO] [co.ri.ge.sy.ci.in.wo.MinecraftCityWorldgenStructurePlacer/]: Injected City template terrain StructureStart east_residential_connectivity_013 geomantia:city/stubbs/commercial/flower_shop_01 at 270,-780 with datum 78
[21:23:00] [Worker-Main-15/INFO] [co.ri.ge.sy.ci.in.wo.CityReservationMaskRegistry/]: City worldgen structure hook reached planned owner chunk 270,-779 for east_residential_connectivity_013 (geomantia:city/stubbs/commercial/flower_shop_01)
[21:23:00] [Worker-Main-15/INFO] [co.ri.ge.sy.ci.in.wo.CityReservationMaskRegistry/]: City planned structures matched chunk 270,-779: 1
[21:23:00] [Worker-Main-14/INFO] [co.ri.ge.sy.ci.in.wo.CityReservationMaskRegistry/]: City worldgen structure hook reached planned owner chunk 270,-778 for east_residential_connectivity_016 (geomantia:city/stubbs/agriculture/farm_storage_house_01)
[21:23:00] [Worker-Main-14/INFO] [co.ri.ge.sy.ci.in.wo.CityReservationMaskRegistry/]: City planned structures matched chunk 270,-778: 1
[21:23:00] [Worker-Main-14/INFO] [co.ri.ge.sy.ci.in.wo.MinecraftCityWorldgenStructurePlacer/]: Injected City template terrain StructureStart east_residential_connectivity_016 geomantia:city/stubbs/agriculture/farm_storage_house_01 at 270,-778 with datum 74
[21:23:00] [Worker-Main-5/INFO] [co.ri.ge.sy.ci.in.wo.CityReservationMaskRegistry/]: City worldgen structure hook reached planned owner chunk 270,-777 for east_residential_connectivity_016 (geomantia:city/stubbs/agriculture/farm_storage_house_01)
[21:23:00] [Worker-Main-5/INFO] [co.ri.ge.sy.ci.in.wo.CityReservationMaskRegistry/]: City planned structures matched chunk 270,-777: 1
[21:23:00] [Worker-Main-14/INFO] [co.ri.ge.sy.ci.in.wo.CityReservationMaskRegistry/]: City worldgen structure hook reached planned owner chunk 270,-776 for east_residential_connectivity_016 (geomantia:city/stubbs/agriculture/farm_storage_house_01)
[21:23:00] [Worker-Main-14/INFO] [co.ri.ge.sy.ci.in.wo.CityReservationMaskRegistry/]: City planned structures matched chunk 270,-776: 1
[21:23:01] [Worker-Main-13/INFO] [co.ri.ge.sy.ci.in.wo.CityReservationMaskRegistry/]: Recorded completed City template worldgen placement east_residential_connectivity_025 geomantia:city/stubbs/commercial/town_workshop_01 after 2 owner chunks at datum 75
[21:23:01] [Worker-Main-5/INFO] [co.ri.ge.sy.ci.in.wo.CityReservationMaskRegistry/]: Recorded completed City template worldgen placement river_market_connectivity_026 geomantia:city/trek_v3/village/swamp/houses/swamp_shepherd_1 after 2 owner chunks at datum 67
[21:23:02] [Worker-Main-5/INFO] [co.ri.ge.sy.ci.in.wo.CityReservationMaskRegistry/]: City worldgen structure hook reached planned owner chunk 271,-779 for east_residential_connectivity_013 (geomantia:city/stubbs/commercial/flower_shop_01)
[21:23:02] [Worker-Main-5/INFO] [co.ri.ge.sy.ci.in.wo.CityReservationMaskRegistry/]: City planned structures matched chunk 271,-779: 1
[21:23:02] [Worker-Main-2/INFO] [co.ri.ge.sy.ci.in.wo.CityReservationMaskRegistry/]: City worldgen structure hook reached planned owner chunk 271,-778 for east_residential_connectivity_016 (geomantia:city/stubbs/agriculture/farm_storage_house_01)
[21:23:02] [Worker-Main-2/INFO] [co.ri.ge.sy.ci.in.wo.CityReservationMaskRegistry/]: City planned structures matched chunk 271,-778: 1
[21:23:02] [Worker-Main-15/INFO] [co.ri.ge.sy.ci.in.wo.CityReservationMaskRegistry/]: City worldgen structure hook reached planned owner chunk 271,-777 for east_residential_connectivity_016 (geomantia:city/stubbs/agriculture/farm_storage_house_01)
[21:23:02] [Worker-Main-15/INFO] [co.ri.ge.sy.ci.in.wo.CityReservationMaskRegistry/]: City planned structures matched chunk 271,-777: 1
[21:23:02] [Worker-Main-5/INFO] [co.ri.ge.sy.ci.in.wo.CityReservationMaskRegistry/]: City worldgen structure hook reached planned owner chunk 271,-776 for east_residential_connectivity_016 (geomantia:city/stubbs/agriculture/farm_storage_house_01)
[21:23:02] [Worker-Main-5/INFO] [co.ri.ge.sy.ci.in.wo.CityReservationMaskRegistry/]: City planned structures matched chunk 271,-776: 1
[21:23:02] [Worker-Main-11/INFO] [co.ri.ge.sy.ci.in.wo.CityReservationMaskRegistry/]: City worldgen structure hook reached planned owner chunk 271,-781 for east_residential_connectivity_011 (geomantia:city/stubbs/commercial/motel_01)
[21:23:02] [Worker-Main-11/INFO] [co.ri.ge.sy.ci.in.wo.CityReservationMaskRegistry/]: City planned structures matched chunk 271,-781: 1
[21:23:02] [Worker-Main-13/INFO] [co.ri.ge.sy.ci.in.wo.CityReservationMaskRegistry/]: City worldgen structure hook reached planned owner chunk 271,-780 for east_residential_connectivity_013 (geomantia:city/stubbs/commercial/flower_shop_01)
[21:23:02] [Worker-Main-13/INFO] [co.ri.ge.sy.ci.in.wo.CityReservationMaskRegistry/]: City planned structures matched chunk 271,-780: 1
[21:23:02] [Worker-Main-5/INFO] [co.ri.ge.sy.ci.in.wo.CityReservationMaskRegistry/]: City worldgen structure hook reached planned owner chunk 271,-785 for east_residential_connectivity_012 (geomantia:city/stubbs/agriculture/horse_stall_02)
[21:23:02] [Worker-Main-5/INFO] [co.ri.ge.sy.ci.in.wo.CityReservationMaskRegistry/]: City planned structures matched chunk 271,-785: 1
[21:23:02] [Worker-Main-7/INFO] [co.ri.ge.sy.ci.in.wo.CityReservationMaskRegistry/]: City worldgen structure hook reached planned owner chunk 271,-784 for east_residential_connectivity_012 (geomantia:city/stubbs/agriculture/horse_stall_02)
[21:23:02] [Worker-Main-7/INFO] [co.ri.ge.sy.ci.in.wo.CityReservationMaskRegistry/]: City planned structures matched chunk 271,-784: 1
[21:23:02] [Worker-Main-4/INFO] [co.ri.ge.sy.ci.in.wo.CityReservationMaskRegistry/]: City worldgen structure hook reached planned owner chunk 271,-783 for east_residential_connectivity_012 (geomantia:city/stubbs/agriculture/horse_stall_02)
[21:23:02] [Worker-Main-4/INFO] [co.ri.ge.sy.ci.in.wo.CityReservationMaskRegistry/]: City planned structures matched chunk 271,-783: 1
[21:23:02] [Worker-Main-4/INFO] [co.ri.ge.sy.ci.in.wo.CityReservationMaskRegistry/]: City worldgen structure hook reached planned owner chunk 271,-782 for east_residential_connectivity_011 (geomantia:city/stubbs/commercial/motel_01)
[21:23:02] [Worker-Main-4/INFO] [co.ri.ge.sy.ci.in.wo.CityReservationMaskRegistry/]: City planned structures matched chunk 271,-782: 1
[21:23:02] [Worker-Main-7/INFO] [co.ri.ge.sy.ci.in.wo.CityReservationMaskRegistry/]: Recorded completed City template worldgen placement river_market_connectivity_028 geomantia:city/trek_v3/village/desert/houses/desert_toolsmith_1 after 1 owner chunks at datum 67
[21:23:03] [Worker-Main-2/INFO] [co.ri.ge.sy.ci.in.wo.CityReservationMaskRegistry/]: Recorded completed City template worldgen placement east_residential_connectivity_027 geomantia:city/stubbs/commercial/general_store_01 after 6 owner chunks at datum 73
[21:23:03] [Worker-Main-10/INFO] [co.ri.ge.sy.ci.in.wo.CityReservationMaskRegistry/]: City worldgen structure hook reached planned owner chunk 272,-775 for east_residential_connectivity_010 (geomantia:city/stubbs/residential/civilian_house_03)
[21:23:03] [Worker-Main-10/INFO] [co.ri.ge.sy.ci.in.wo.CityReservationMaskRegistry/]: City planned structures matched chunk 272,-775: 1
[21:23:03] [Worker-Main-10/INFO] [co.ri.ge.sy.ci.in.wo.MinecraftCityWorldgenStructurePlacer/]: Injected City template terrain StructureStart east_residential_connectivity_010 geomantia:city/stubbs/residential/civilian_house_03 at 272,-775 with datum 75
[21:23:04] [Worker-Main-2/INFO] [co.ri.ge.sy.ci.in.wo.CityReservationMaskRegistry/]: Recorded completed City template worldgen placement east_residential_connectivity_023 geomantia:city/stubbs/commercial/flower_shop_01 after 4 owner chunks at datum 75
[21:23:04] [Worker-Main-15/INFO] [co.ri.ge.sy.ci.in.wo.CityReservationMaskRegistry/]: City worldgen structure hook reached planned owner chunk 272,-774 for east_residential_connectivity_010 (geomantia:city/stubbs/residential/civilian_house_03)
[21:23:04] [Worker-Main-15/INFO] [co.ri.ge.sy.ci.in.wo.CityReservationMaskRegistry/]: City planned structures matched chunk 272,-774: 1
[21:23:04] [Worker-Main-15/INFO] [co.ri.ge.sy.ci.in.wo.CityReservationMaskRegistry/]: City worldgen structure hook reached planned owner chunk 272,-773 for east_residential_connectivity_010 (geomantia:city/stubbs/residential/civilian_house_03)
[21:23:04] [Worker-Main-15/INFO] [co.ri.ge.sy.ci.in.wo.CityReservationMaskRegistry/]: City planned structures matched chunk 272,-773: 1
[21:23:04] [Worker-Main-1/INFO] [co.ri.ge.sy.ci.in.wo.CityReservationMaskRegistry/]: Recorded completed City template worldgen placement river_market_connectivity_054 geomantia:city/trek_v3/village/plains/houses/plains_farm_1 after 1 owner chunks at datum 73
[21:23:05] [Worker-Main-2/INFO] [co.ri.ge.sy.ci.in.wo.CityReservationMaskRegistry/]: City worldgen structure hook reached planned owner chunk 273,-777 for east_residential_connectivity_009 (geomantia:city/stubbs/residential/household_02)
[21:23:05] [Worker-Main-2/INFO] [co.ri.ge.sy.ci.in.wo.CityReservationMaskRegistry/]: City planned structures matched chunk 273,-777: 1
[21:23:05] [Worker-Main-2/INFO] [co.ri.ge.sy.ci.in.wo.MinecraftCityWorldgenStructurePlacer/]: Injected City template terrain StructureStart east_residential_connectivity_009 geomantia:city/stubbs/residential/household_02 at 273,-777 with datum 74
[21:23:05] [Worker-Main-10/INFO] [co.ri.ge.sy.ci.in.wo.CityReservationMaskRegistry/]: City worldgen structure hook reached planned owner chunk 273,-776 for east_residential_connectivity_009 (geomantia:city/stubbs/residential/household_02)
[21:23:05] [Worker-Main-10/INFO] [co.ri.ge.sy.ci.in.wo.CityReservationMaskRegistry/]: City planned structures matched chunk 273,-776: 1
[21:23:05] [Worker-Main-3/INFO] [co.ri.ge.sy.ci.in.wo.CityReservationMaskRegistry/]: City worldgen structure hook reached planned owner chunk 273,-775 for east_residential_connectivity_010 (geomantia:city/stubbs/residential/civilian_house_03)
[21:23:05] [Worker-Main-3/INFO] [co.ri.ge.sy.ci.in.wo.CityReservationMaskRegistry/]: City planned structures matched chunk 273,-775: 1
[21:23:05] [Worker-Main-10/INFO] [co.ri.ge.sy.ci.in.wo.CityReservationMaskRegistry/]: City worldgen structure hook reached planned owner chunk 273,-774 for east_residential_connectivity_010 (geomantia:city/stubbs/residential/civilian_house_03)
[21:23:05] [Worker-Main-10/INFO] [co.ri.ge.sy.ci.in.wo.CityReservationMaskRegistry/]: City worldgen structure hook reached planned owner chunk 273,-774 for east_residential_connectivity_010 (geomantia:city/stubbs/residential/civilian_house_03)
[21:23:05] [Worker-Main-10/INFO] [co.ri.ge.sy.ci.in.wo.CityReservationMaskRegistry/]: City planned structures matched chunk 273,-774: 1
[21:23:05] [Worker-Main-10/INFO] [co.ri.ge.sy.ci.in.wo.CityReservationMaskRegistry/]: City worldgen structure hook reached planned owner chunk 273,-773 for east_residential_connectivity_010 (geomantia:city/stubbs/residential/civilian_house_03)
[21:23:05] [Worker-Main-10/INFO] [co.ri.ge.sy.ci.in.wo.CityReservationMaskRegistry/]: City planned structures matched chunk 273,-773: 1
[21:23:07] [Worker-Main-9/INFO] [co.ri.ge.sy.ci.in.wo.CityReservationMaskRegistry/]: City worldgen structure hook reached planned owner chunk 274,-777 for east_residential_connectivity_009 (geomantia:city/stubbs/residential/household_02)
[21:23:07] [Worker-Main-9/INFO] [co.ri.ge.sy.ci.in.wo.CityReservationMaskRegistry/]: City worldgen structure hook reached planned owner chunk 274,-777 for east_residential_connectivity_009 (geomantia:city/stubbs/residential/household_02)
[21:23:07] [Worker-Main-9/INFO] [co.ri.ge.sy.ci.in.wo.CityReservationMaskRegistry/]: City planned structures matched chunk 274,-777: 1
[21:23:07] [Worker-Main-9/INFO] [co.ri.ge.sy.ci.in.wo.CityReservationMaskRegistry/]: City worldgen structure hook reached planned owner chunk 274,-776 for east_residential_connectivity_009 (geomantia:city/stubbs/residential/household_02)
[21:23:07] [Worker-Main-9/INFO] [co.ri.ge.sy.ci.in.wo.CityReservationMaskRegistry/]: City worldgen structure hook reached planned owner chunk 274,-776 for east_residential_connectivity_009 (geomantia:city/stubbs/residential/household_02)
[21:23:07] [Worker-Main-9/INFO] [co.ri.ge.sy.ci.in.wo.CityReservationMaskRegistry/]: City planned structures matched chunk 274,-776: 1
[21:23:07] [Worker-Main-9/INFO] [co.ri.ge.sy.ci.in.wo.CityReservationMaskRegistry/]: City worldgen structure hook reached planned owner chunk 274,-775 for east_residential_connectivity_006 (geomantia:city/stubbs/agriculture/farm_storage_house_01)
[21:23:07] [Worker-Main-9/INFO] [co.ri.ge.sy.ci.in.wo.CityReservationMaskRegistry/]: City planned structures matched chunk 274,-775: 1
[21:23:07] [Worker-Main-9/INFO] [co.ri.ge.sy.ci.in.wo.MinecraftCityWorldgenStructurePlacer/]: Injected City template terrain StructureStart east_residential_connectivity_006 geomantia:city/stubbs/agriculture/farm_storage_house_01 at 274,-775 with datum 74
[21:23:07] [Worker-Main-11/INFO] [co.ri.ge.sy.ci.in.wo.CityReservationMaskRegistry/]: City worldgen structure hook reached planned owner chunk 274,-774 for east_residential_connectivity_006 (geomantia:city/stubbs/agriculture/farm_storage_house_01)
[21:23:07] [Worker-Main-11/INFO] [co.ri.ge.sy.ci.in.wo.CityReservationMaskRegistry/]: City planned structures matched chunk 274,-774: 1
[21:23:07] [Worker-Main-12/INFO] [co.ri.ge.sy.ci.in.wo.CityReservationMaskRegistry/]: City worldgen structure hook reached planned owner chunk 274,-773 for east_residential_connectivity_006 (geomantia:city/stubbs/agriculture/farm_storage_house_01)
[21:23:07] [Worker-Main-12/INFO] [co.ri.ge.sy.ci.in.wo.CityReservationMaskRegistry/]: City planned structures matched chunk 274,-773: 1
[21:23:07] [Server thread/INFO] [roadweaver/]: 已从旧道路数据补全结构状态 dimension=minecraft:overworld structures=1 connections=0
[21:23:08] [Worker-Main-2/INFO] [co.ri.ge.sy.ci.in.wo.CityReservationMaskRegistry/]: Recorded completed City template worldgen placement east_residential_connectivity_018 geomantia:city/stubbs/residential/household_01 after 4 owner chunks at datum 73
[21:23:08] [Worker-Main-4/INFO] [co.ri.ge.sy.ci.in.wo.CityReservationMaskRegistry/]: Recorded completed City template worldgen placement east_residential_connectivity_021 geomantia:city/stubbs/commercial/motel_01 after 6 owner chunks at datum 75
[21:23:08] [Worker-Main-9/INFO] [co.ri.ge.sy.ci.in.wo.CityReservationMaskRegistry/]: City worldgen structure hook reached planned owner chunk 275,-775 for east_residential_connectivity_006 (geomantia:city/stubbs/agriculture/farm_storage_house_01)
[21:23:08] [Worker-Main-9/INFO] [co.ri.ge.sy.ci.in.wo.CityReservationMaskRegistry/]: City planned structures matched chunk 275,-775: 1
[21:23:08] [Worker-Main-10/INFO] [co.ri.ge.sy.ci.in.wo.CityReservationMaskRegistry/]: City worldgen structure hook reached planned owner chunk 275,-774 for east_residential_connectivity_006 (geomantia:city/stubbs/agriculture/farm_storage_house_01)
[21:23:08] [Worker-Main-10/INFO] [co.ri.ge.sy.ci.in.wo.CityReservationMaskRegistry/]: City planned structures matched chunk 275,-774: 1
[21:23:09] [Worker-Main-15/INFO] [co.ri.ge.sy.ci.in.wo.CityReservationMaskRegistry/]: City worldgen structure hook reached planned owner chunk 275,-773 for east_residential_connectivity_006 (geomantia:city/stubbs/agriculture/farm_storage_house_01)
[21:23:09] [Worker-Main-15/INFO] [co.ri.ge.sy.ci.in.wo.CityReservationMaskRegistry/]: City planned structures matched chunk 275,-773: 1
[21:23:09] [RW-Worker-1/INFO] [roadweaver/]: 粗地形区域按 tile 加载: radiusApproxChunks=256 tiles=1089 samples=1050625 step=8 maxTiles=70000
[21:23:10] [Worker-Main-6/INFO] [co.ri.ge.sy.ci.in.wo.CityReservationMaskRegistry/]: City worldgen structure hook reached planned owner chunk 276,-779 for east_residential_connectivity_007 (geomantia:city/stubbs/commercial/general_store_01)
[21:23:10] [Worker-Main-6/INFO] [co.ri.ge.sy.ci.in.wo.CityReservationMaskRegistry/]: City planned structures matched chunk 276,-779: 1
[21:23:10] [Worker-Main-6/INFO] [co.ri.ge.sy.ci.in.wo.MinecraftCityWorldgenStructurePlacer/]: Injected City template terrain StructureStart east_residential_connectivity_007 geomantia:city/stubbs/commercial/general_store_01 at 276,-779 with datum 92
[21:23:10] [Worker-Main-6/INFO] [co.ri.ge.sy.ci.in.wo.CityReservationMaskRegistry/]: City worldgen structure hook reached planned owner chunk 276,-778 for east_residential_connectivity_007 (geomantia:city/stubbs/commercial/general_store_01)
[21:23:10] [Worker-Main-6/INFO] [co.ri.ge.sy.ci.in.wo.CityReservationMaskRegistry/]: City planned structures matched chunk 276,-778: 1
[21:23:10] [Worker-Main-6/INFO] [co.ri.ge.sy.ci.in.wo.CityReservationMaskRegistry/]: City worldgen structure hook reached planned owner chunk 276,-777 for east_residential_connectivity_007 (geomantia:city/stubbs/commercial/general_store_01)
[21:23:11] [Worker-Main-6/INFO] [co.ri.ge.sy.ci.in.wo.CityReservationMaskRegistry/]: City planned structures matched chunk 276,-777: 1
[21:23:11] [Worker-Main-4/INFO] [co.ri.ge.sy.ci.in.wo.CityReservationMaskRegistry/]: City worldgen structure hook reached planned owner chunk 276,-775 for east_residential_connectivity_005 (geomantia:city/stubbs/commercial/town_workshop_01)
[21:23:11] [Worker-Main-4/INFO] [co.ri.ge.sy.ci.in.wo.CityReservationMaskRegistry/]: City planned structures matched chunk 276,-775: 1
[21:23:11] [Worker-Main-5/INFO] [co.ri.ge.sy.ci.in.wo.CityReservationMaskRegistry/]: City worldgen structure hook reached planned owner chunk 276,-776 for east_residential_connectivity_005 (geomantia:city/stubbs/commercial/town_workshop_01)
[21:23:11] [Worker-Main-5/INFO] [co.ri.ge.sy.ci.in.wo.CityReservationMaskRegistry/]: City planned structures matched chunk 276,-776: 1
[21:23:11] [Worker-Main-5/INFO] [co.ri.ge.sy.ci.in.wo.MinecraftCityWorldgenStructurePlacer/]: Injected City template terrain StructureStart east_residential_connectivity_005 geomantia:city/stubbs/commercial/town_workshop_01 at 276,-776 with datum 76
[21:23:11] [Worker-Main-14/INFO] [co.ri.ge.sy.ci.in.wo.CityReservationMaskRegistry/]: City worldgen structure hook reached planned owner chunk 276,-774 for east_residential_connectivity_008 (geomantia:city/stubbs/residential/household_01)
[21:23:11] [Worker-Main-14/INFO] [co.ri.ge.sy.ci.in.wo.CityReservationMaskRegistry/]: City planned structures matched chunk 276,-774: 1
[21:23:11] [Worker-Main-14/INFO] [co.ri.ge.sy.ci.in.wo.MinecraftCityWorldgenStructurePlacer/]: Injected City template terrain StructureStart east_residential_connectivity_008 geomantia:city/stubbs/residential/household_01 at 276,-774 with datum 75
[21:23:11] [Worker-Main-14/INFO] [co.ri.ge.sy.ci.in.wo.CityReservationMaskRegistry/]: City worldgen structure hook reached planned owner chunk 276,-773 for east_residential_connectivity_008 (geomantia:city/stubbs/residential/household_01)
[21:23:11] [Worker-Main-14/INFO] [co.ri.ge.sy.ci.in.wo.CityReservationMaskRegistry/]: City planned structures matched chunk 276,-773: 1
[21:23:11] [Worker-Main-14/INFO] [co.ri.ge.sy.ci.in.wo.CityReservationMaskRegistry/]: Recorded completed City template worldgen placement east_residential_connectivity_020 geomantia:city/stubbs/residential/civilian_house_03 after 4 owner chunks at datum 73
[21:23:11] [Worker-Main-1/INFO] [co.ri.ge.sy.ci.in.wo.CityReservationMaskRegistry/]: Recorded completed City template worldgen placement east_residential_connectivity_017 geomantia:city/stubbs/commercial/general_store_01 after 4 owner chunks at datum 72
[21:23:12] [Worker-Main-2/INFO] [co.ri.ge.sy.ci.in.wo.CityReservationMaskRegistry/]: City worldgen structure hook reached planned owner chunk 277,-778 for east_residential_connectivity_007 (geomantia:city/stubbs/commercial/general_store_01)
[21:23:12] [Worker-Main-2/INFO] [co.ri.ge.sy.ci.in.wo.CityReservationMaskRegistry/]: City planned structures matched chunk 277,-778: 1
[21:23:12] [Worker-Main-13/INFO] [co.ri.ge.sy.ci.in.wo.CityReservationMaskRegistry/]: City worldgen structure hook reached planned owner chunk 277,-777 for east_residential_connectivity_007 (geomantia:city/stubbs/commercial/general_store_01)
[21:23:12] [Worker-Main-13/INFO] [co.ri.ge.sy.ci.in.wo.CityReservationMaskRegistry/]: City planned structures matched chunk 277,-777: 1
[21:23:12] [Worker-Main-2/INFO] [co.ri.ge.sy.ci.in.wo.CityReservationMaskRegistry/]: City worldgen structure hook reached planned owner chunk 277,-776 for east_residential_connectivity_005 (geomantia:city/stubbs/commercial/town_workshop_01)
[21:23:12] [Worker-Main-2/INFO] [co.ri.ge.sy.ci.in.wo.CityReservationMaskRegistry/]: City planned structures matched chunk 277,-776: 1
[21:23:12] [Worker-Main-5/INFO] [co.ri.ge.sy.ci.in.wo.CityReservationMaskRegistry/]: City worldgen structure hook reached planned owner chunk 277,-775 for east_residential_connectivity_005 (geomantia:city/stubbs/commercial/town_workshop_01)
[21:23:12] [Worker-Main-5/INFO] [co.ri.ge.sy.ci.in.wo.CityReservationMaskRegistry/]: City planned structures matched chunk 277,-775: 1
[21:23:12] [Worker-Main-13/INFO] [co.ri.ge.sy.ci.in.wo.CityReservationMaskRegistry/]: City worldgen structure hook reached planned owner chunk 277,-774 for east_residential_connectivity_008 (geomantia:city/stubbs/residential/household_01)
[21:23:12] [Worker-Main-13/INFO] [co.ri.ge.sy.ci.in.wo.CityReservationMaskRegistry/]: City planned structures matched chunk 277,-774: 1
[21:23:12] [Worker-Main-10/INFO] [co.ri.ge.sy.ci.in.wo.CityReservationMaskRegistry/]: City worldgen structure hook reached planned owner chunk 277,-773 for east_residential_connectivity_008 (geomantia:city/stubbs/residential/household_01)
[21:23:12] [Worker-Main-10/INFO] [co.ri.ge.sy.ci.in.wo.CityReservationMaskRegistry/]: City planned structures matched chunk 277,-773: 1
[21:23:12] [Worker-Main-12/INFO] [co.ri.ge.sy.ci.in.wo.CityReservationMaskRegistry/]: City worldgen structure hook reached planned owner chunk 277,-779 for east_residential_connectivity_007 (geomantia:city/stubbs/commercial/general_store_01)
[21:23:12] [Worker-Main-12/INFO] [co.ri.ge.sy.ci.in.wo.CityReservationMaskRegistry/]: City planned structures matched chunk 277,-779: 1
[21:23:12] [RW-Worker-1/INFO] [roadweaver/]: 已补全已有道路区域地图粗地形瓦片 dimension=minecraft:overworld min=(0, -16464) max=(8192, -8272)
[21:23:12] [RW-Worker-1/INFO] [roadweaver/]: 粗地形区域按 tile 加载: radiusApproxChunks=256 tiles=1089 samples=1050625 step=8 maxTiles=70000
[21:23:13] [Worker-Main-15/INFO] [co.ri.ge.sy.ci.in.wo.CityReservationMaskRegistry/]: City worldgen structure hook reached planned owner chunk 278,-774 for east_residential_fill_004 (geomantia:city/stubbs/residential/household_01)
[21:23:13] [Worker-Main-15/INFO] [co.ri.ge.sy.ci.in.wo.CityReservationMaskRegistry/]: City planned structures matched chunk 278,-774: 1
[21:23:13] [Worker-Main-15/INFO] [co.ri.ge.sy.ci.in.wo.MinecraftCityWorldgenStructurePlacer/]: Injected City template terrain StructureStart east_residential_fill_004 geomantia:city/stubbs/residential/household_01 at 278,-774 with datum 78
[21:23:13] [Worker-Main-12/INFO] [co.ri.ge.sy.ci.in.wo.CityReservationMaskRegistry/]: City worldgen structure hook reached planned owner chunk 278,-773 for east_residential_fill_004 (geomantia:city/stubbs/residential/household_01)
[21:23:13] [Worker-Main-12/INFO] [co.ri.ge.sy.ci.in.wo.CityReservationMaskRegistry/]: City planned structures matched chunk 278,-773: 1
[21:23:13] [Worker-Main-12/INFO] [co.ri.ge.sy.ci.in.wo.CityReservationMaskRegistry/]: City worldgen structure hook reached planned owner chunk 278,-772 for east_residential_fill_003 (geomantia:city/stubbs/commercial/general_store_01)
[21:23:13] [Worker-Main-12/INFO] [co.ri.ge.sy.ci.in.wo.CityReservationMaskRegistry/]: City planned structures matched chunk 278,-772: 1
[21:23:14] [Worker-Main-12/INFO] [co.ri.ge.sy.ci.in.wo.MinecraftCityWorldgenStructurePlacer/]: Injected City template terrain StructureStart east_residential_fill_003 geomantia:city/stubbs/commercial/general_store_01 at 278,-772 with datum 79
[21:23:14] [Worker-Main-8/INFO] [co.ri.ge.sy.ci.in.wo.CityReservationMaskRegistry/]: City worldgen structure hook reached planned owner chunk 278,-771 for east_residential_fill_003 (geomantia:city/stubbs/commercial/general_store_01)
[21:23:14] [Worker-Main-8/INFO] [co.ri.ge.sy.ci.in.wo.CityReservationMaskRegistry/]: City planned structures matched chunk 278,-771: 1
[21:23:15] [Worker-Main-1/INFO] [co.ri.ge.sy.ci.in.wo.CityReservationMaskRegistry/]: Recorded completed City template worldgen placement east_residential_connectivity_019 geomantia:city/stubbs/residential/household_02 after 2 owner chunks at datum 74
[21:23:15] [Worker-Main-14/INFO] [co.ri.ge.sy.ci.in.wo.CityReservationMaskRegistry/]: City worldgen structure hook reached planned owner chunk 279,-774 for east_residential_fill_004 (geomantia:city/stubbs/residential/household_01)
[21:23:15] [Worker-Main-14/INFO] [co.ri.ge.sy.ci.in.wo.CityReservationMaskRegistry/]: City planned structures matched chunk 279,-774: 1
[21:23:15] [Worker-Main-15/INFO] [co.ri.ge.sy.ci.in.wo.CityReservationMaskRegistry/]: City worldgen structure hook reached planned owner chunk 279,-773 for east_residential_fill_004 (geomantia:city/stubbs/residential/household_01)
[21:23:15] [Worker-Main-15/INFO] [co.ri.ge.sy.ci.in.wo.CityReservationMaskRegistry/]: City planned structures matched chunk 279,-773: 1
[21:23:15] [Worker-Main-15/INFO] [co.ri.ge.sy.ci.in.wo.CityReservationMaskRegistry/]: City worldgen structure hook reached planned owner chunk 279,-772 for east_residential_fill_003 (geomantia:city/stubbs/commercial/general_store_01)
[21:23:15] [Worker-Main-15/INFO] [co.ri.ge.sy.ci.in.wo.CityReservationMaskRegistry/]: City planned structures matched chunk 279,-772: 1
[21:23:15] [Worker-Main-14/INFO] [co.ri.ge.sy.ci.in.wo.CityReservationMaskRegistry/]: City worldgen structure hook reached planned owner chunk 279,-771 for east_residential_fill_003 (geomantia:city/stubbs/commercial/general_store_01)
[21:23:15] [Worker-Main-14/INFO] [co.ri.ge.sy.ci.in.wo.CityReservationMaskRegistry/]: City planned structures matched chunk 279,-771: 1
[21:23:17] [Worker-Main-9/INFO] [co.ri.ge.sy.ci.in.wo.CityReservationMaskRegistry/]: Recorded completed City template worldgen placement east_residential_connectivity_014 geomantia:city/stubbs/commercial/laundry_facility_01 after 6 owner chunks at datum 78
[21:23:17] [Worker-Main-11/INFO] [co.ri.ge.sy.ci.in.wo.CityReservationMaskRegistry/]: City worldgen structure hook reached planned owner chunk 280,-774 for east_residential_fill_002 (geomantia:city/stubbs/commercial/town_workshop_01)
[21:23:17] [Worker-Main-11/INFO] [co.ri.ge.sy.ci.in.wo.CityReservationMaskRegistry/]: City worldgen structure hook reached planned owner chunk 280,-774 for east_residential_fill_002 (geomantia:city/stubbs/commercial/town_workshop_01)
[21:23:17] [Worker-Main-11/INFO] [co.ri.ge.sy.ci.in.wo.CityReservationMaskRegistry/]: City planned structures matched chunk 280,-774: 1
[21:23:17] [Worker-Main-11/INFO] [co.ri.ge.sy.ci.in.wo.MinecraftCityWorldgenStructurePlacer/]: Injected City template terrain StructureStart east_residential_fill_002 geomantia:city/stubbs/commercial/town_workshop_01 at 280,-774 with datum 82
[21:23:17] [Worker-Main-5/INFO] [co.ri.ge.sy.ci.in.wo.CityReservationMaskRegistry/]: City worldgen structure hook reached planned owner chunk 280,-773 for east_residential_fill_002 (geomantia:city/stubbs/commercial/town_workshop_01)
[21:23:17] [Worker-Main-5/INFO] [co.ri.ge.sy.ci.in.wo.CityReservationMaskRegistry/]: City planned structures matched chunk 280,-773: 1
[21:23:20] [Worker-Main-15/INFO] [co.ri.ge.sy.ci.in.wo.CityReservationMaskRegistry/]: Recorded completed City template worldgen placement east_residential_connectivity_024 geomantia:city/stubbs/commercial/laundry_facility_01 after 6 owner chunks at datum 78
[21:23:21] [Worker-Main-3/INFO] [co.ri.ge.sy.ci.in.wo.CityReservationMaskRegistry/]: Recorded completed City template worldgen placement river_market_connectivity_055 geomantia:city/stubbs/commercial/town_workshop_01 after 4 owner chunks at datum 91
[21:23:21] [Worker-Main-14/INFO] [co.ri.ge.sy.ci.in.wo.CityReservationMaskRegistry/]: Recorded completed City template worldgen placement east_residential_connectivity_022 geomantia:city/stubbs/agriculture/horse_stall_02 after 6 owner chunks at datum 74
[21:23:23] [Worker-Main-1/INFO] [co.ri.ge.sy.ci.in.wo.CityReservationMaskRegistry/]: Recorded completed City template worldgen placement river_market_connectivity_058 geomantia:city/stubbs/residential/household_01 after 2 owner chunks at datum 89
[21:23:23] [Worker-Main-8/INFO] [co.ri.ge.sy.ci.in.wo.CityReservationMaskRegistry/]: Recorded completed City template worldgen placement river_market_connectivity_057 geomantia:city/stubbs/commercial/general_store_01 after 6 owner chunks at datum 83
[21:23:24] [Worker-Main-8/INFO] [co.ri.ge.sy.ci.in.wo.CityReservationMaskRegistry/]: Recorded completed City template worldgen placement east_residential_connectivity_015 geomantia:city/stubbs/commercial/town_workshop_01 after 4 owner chunks at datum 91
[21:23:26] [Worker-Main-3/INFO] [co.ri.ge.sy.ci.in.wo.CityReservationMaskRegistry/]: City worldgen structure hook reached planned owner chunk 281,-774 for east_residential_fill_002 (geomantia:city/stubbs/commercial/town_workshop_01)
[21:23:26] [Worker-Main-3/INFO] [co.ri.ge.sy.ci.in.wo.CityReservationMaskRegistry/]: City planned structures matched chunk 281,-774: 1
[21:23:26] [Worker-Main-13/INFO] [co.ri.ge.sy.ci.in.wo.CityReservationMaskRegistry/]: City worldgen structure hook reached planned owner chunk 281,-773 for east_residential_fill_002 (geomantia:city/stubbs/commercial/town_workshop_01)
[21:23:26] [Worker-Main-13/INFO] [co.ri.ge.sy.ci.in.wo.CityReservationMaskRegistry/]: City planned structures matched chunk 281,-773: 1
[21:23:26] [Worker-Main-3/INFO] [co.ri.ge.sy.ci.in.wo.CityReservationMaskRegistry/]: Recorded completed City template worldgen placement east_residential_connectivity_011 geomantia:city/stubbs/commercial/motel_01 after 4 owner chunks at datum 82
[21:23:27] [Worker-Main-5/INFO] [co.ri.ge.sy.ci.in.wo.CityReservationMaskRegistry/]: Recorded completed City template worldgen placement east_residential_connectivity_013 geomantia:city/stubbs/commercial/flower_shop_01 after 4 owner chunks at datum 78
[21:23:28] [Worker-Main-6/INFO] [co.ri.ge.sy.ci.in.wo.CityReservationMaskRegistry/]: Recorded completed City template worldgen placement east_residential_connectivity_012 geomantia:city/stubbs/agriculture/horse_stall_02 after 6 owner chunks at datum 95
[21:23:28] [Worker-Main-15/INFO] [co.ri.ge.sy.ci.in.wo.CityReservationMaskRegistry/]: Recorded completed City template worldgen placement east_residential_connectivity_016 geomantia:city/stubbs/agriculture/farm_storage_house_01 after 6 owner chunks at datum 74
[21:23:30] [Worker-Main-12/INFO] [co.ri.ge.sy.ci.in.wo.CityReservationMaskRegistry/]: City worldgen structure hook reached planned owner chunk 283,-773 for east_residential_required_001 (geomantia:city/stubbs/residential/household_02)
[21:23:30] [Worker-Main-12/INFO] [co.ri.ge.sy.ci.in.wo.CityReservationMaskRegistry/]: City planned structures matched chunk 283,-773: 1
[21:23:30] [Worker-Main-12/INFO] [co.ri.ge.sy.ci.in.wo.MinecraftCityWorldgenStructurePlacer/]: Injected City template terrain StructureStart east_residential_required_001 geomantia:city/stubbs/residential/household_02 at 283,-773 with datum 82
[21:23:33] [Server thread/INFO] [roadweaver/]: 已从旧道路数据补全结构状态 dimension=minecraft:overworld structures=2 connections=0
[21:23:33] [Worker-Main-8/INFO] [co.ri.ge.sy.ci.in.wo.CityReservationMaskRegistry/]: Recorded completed City template worldgen placement east_residential_connectivity_009 geomantia:city/stubbs/residential/household_02 after 4 owner chunks at datum 74
[21:23:39] [Worker-Main-8/INFO] [co.ri.ge.sy.ci.in.wo.CityReservationMaskRegistry/]: Recorded completed City template worldgen placement east_residential_connectivity_007 geomantia:city/stubbs/commercial/general_store_01 after 6 owner chunks at datum 92
[21:23:40] [Worker-Main-8/INFO] [co.ri.ge.sy.ci.in.wo.CityReservationMaskRegistry/]: Recorded completed City template worldgen placement east_residential_connectivity_005 geomantia:city/stubbs/commercial/town_workshop_01 after 4 owner chunks at datum 76
[21:23:42] [Worker-Main-3/INFO] [co.ri.ge.sy.ci.in.wo.CityReservationMaskRegistry/]: Recorded completed City template worldgen placement east_residential_connectivity_010 geomantia:city/stubbs/residential/civilian_house_03 after 6 owner chunks at datum 75
[21:23:42] [Worker-Main-11/INFO] [co.ri.ge.sy.ci.in.wo.CityReservationMaskRegistry/]: Recorded completed City template worldgen placement east_residential_connectivity_006 geomantia:city/stubbs/agriculture/farm_storage_house_01 after 6 owner chunks at datum 74
[21:23:43] [Worker-Main-15/INFO] [co.ri.ge.sy.ci.in.wo.CityReservationMaskRegistry/]: Recorded completed City template worldgen placement east_residential_connectivity_008 geomantia:city/stubbs/residential/household_01 after 4 owner chunks at datum 75
[21:23:43] [Worker-Main-15/INFO] [co.ri.ge.sy.ci.in.wo.CityReservationMaskRegistry/]: Recorded completed City template worldgen placement east_residential_fill_004 geomantia:city/stubbs/residential/household_01 after 4 owner chunks at datum 78
[21:23:45] [Worker-Main-9/INFO] [co.ri.ge.sy.ci.in.wo.CityReservationMaskRegistry/]: Recorded completed City template worldgen placement east_residential_fill_003 geomantia:city/stubbs/commercial/general_store_01 after 4 owner chunks at datum 79
[21:23:45] [Server thread/INFO] [roadweaver/]: 已从旧道路数据补全结构状态 dimension=minecraft:overworld structures=1 connections=0
[21:23:46] [Worker-Main-13/INFO] [co.ri.ge.sy.ci.in.wo.CityReservationMaskRegistry/]: Recorded completed City template worldgen placement east_residential_fill_002 geomantia:city/stubbs/commercial/town_workshop_01 after 4 owner chunks at datum 82
[21:23:48] [Worker-Main-2/INFO] [co.ri.ge.sy.ci.in.wo.CityReservationMaskRegistry/]: Recorded completed City template worldgen placement east_residential_required_001 geomantia:city/stubbs/residential/household_02 after 1 owner chunks at datum 82
[21:23:54] [Server thread/INFO] [roadweaver/]: 已从旧道路数据补全结构状态 dimension=minecraft:overworld structures=1 connections=0
[21:24:00] [Server thread/INFO] [roadweaver/]: 已从旧道路数据补全结构状态 dimension=minecraft:overworld structures=1 connections=0
[21:24:03] [Server thread/INFO] [roadweaver/]: 已从旧道路数据补全结构状态 dimension=minecraft:overworld structures=1 connections=0
[21:24:26] [Server thread/INFO] [roadweaver/]: 已从旧道路数据补全结构状态 dimension=minecraft:overworld structures=1 connections=0
[21:24:33] [Server thread/INFO] [roadweaver/]: 已从旧道路数据补全结构状态 dimension=minecraft:overworld structures=1 connections=0
[21:24:43] [Server thread/INFO] [roadweaver/]: 已从旧道路数据补全结构状态 dimension=minecraft:overworld structures=2 connections=0
[21:25:03] [Server thread/INFO] [roadweaver/]: 已从旧道路数据补全结构状态 dimension=minecraft:overworld structures=1 connections=0
[21:25:03] [RW-Worker-3/INFO] [roadweaver/]: 粗地形区域按 tile 加载: radiusApproxChunks=256 tiles=1089 samples=1050625 step=8 maxTiles=70000
[21:25:03] [RW-Worker-1/INFO] [roadweaver/]: 粗地形区域按 tile 加载: radiusApproxChunks=256 tiles=1089 samples=1050625 step=8 maxTiles=70000
[21:25:07] [RW-Worker-3/INFO] [roadweaver/]: 已补全已有道路区域地图粗地形瓦片 dimension=minecraft:overworld min=(448, -16368) max=(8640, -8176)
[21:25:17] [Server thread/INFO] [roadweaver/]: 已从旧道路数据补全结构状态 dimension=minecraft:overworld structures=1 connections=0
[21:25:19] [Server thread/INFO] [roadweaver/]: 已从旧道路数据补全结构状态 dimension=minecraft:overworld structures=1 connections=0
[21:25:20] [Worker-Main-9/INFO] [co.ri.ge.sy.ci.in.wo.CityReservationMaskRegistry/]: Recorded completed City template worldgen placement river_market_fill_016 geomantia:city/stubbs/commercial/laundry_facility_01 after 4 owner chunks at datum 64
[21:25:22] [Worker-Main-4/INFO] [co.ri.ge.sy.ci.in.wo.CityReservationMaskRegistry/]: Recorded completed City template worldgen placement river_market_fill_015 geomantia:city/stubbs/agriculture/horse_stall_02 after 4 owner chunks at datum 65
[21:25:23] [Worker-Main-12/INFO] [co.ri.ge.sy.ci.in.wo.CityReservationMaskRegistry/]: Recorded completed City template worldgen placement river_market_required_001 geomantia:city/stubbs/commercial/general_store_01 after 2 owner chunks at datum 64
[21:25:23] [Worker-Main-2/INFO] [co.ri.ge.sy.ci.in.wo.CityReservationMaskRegistry/]: Recorded completed City template worldgen placement river_market_fill_013 geomantia:city/trek_v3/village/plains/houses/plains_weaponsmith_1 after 1 owner chunks at datum 65
[21:25:24] [Worker-Main-6/INFO] [co.ri.ge.sy.ci.in.wo.CityReservationMaskRegistry/]: Recorded completed City template worldgen placement river_market_fill_011 geomantia:city/trek_v3/village/desert/houses/desert_tannery_1 after 1 owner chunks at datum 65
[21:25:24] [Worker-Main-4/INFO] [co.ri.ge.sy.ci.in.wo.CityReservationMaskRegistry/]: Recorded completed City template worldgen placement river_market_fill_012 geomantia:city/trek_v3/village/desert/houses/desert_toolsmith_1 after 1 owner chunks at datum 65
[21:25:31] [Server thread/INFO] [roadweaver/]: 已从旧道路数据补全结构状态 dimension=minecraft:overworld structures=1 connections=0
[21:25:37] [Server thread/INFO] [minecraft/MinecraftServer]: [Dev: 天气已设为晴天]
[21:25:37] [Render thread/INFO] [minecraft/ChatComponent]: [System] [CHAT] 天气已设为晴天
[21:25:45] [Server thread/INFO] [roadweaver/]: 已从旧道路数据补全结构状态 dimension=minecraft:overworld structures=1 connections=0
[21:25:57] [Worker-Main-4/INFO] [co.ri.ge.sy.ci.in.wo.CityReservationMaskRegistry/]: Recorded completed City template worldgen placement agricultural_service_connectivity_008 geomantia:city/trek_v3/village/desert/houses/desert_fletcher_1 after 2 owner chunks at datum 64
[21:25:57] [Worker-Main-12/INFO] [co.ri.ge.sy.ci.in.wo.CityReservationMaskRegistry/]: Recorded completed City template worldgen placement agricultural_service_fill_002 geomantia:city/trek_v3/village/swamp_vanilla/houses/swamp_small_house_7 after 1 owner chunks at datum 64
[21:25:58] [Worker-Main-12/INFO] [co.ri.ge.sy.ci.in.wo.CityReservationMaskRegistry/]: Recorded completed City template worldgen placement west_residential_connectivity_019 geomantia:city/trek_v3/village/desert/houses/desert_butcher_1 after 2 owner chunks at datum 67
[21:26:00] [Worker-Main-3/INFO] [co.ri.ge.sy.ci.in.wo.CityReservationMaskRegistry/]: Recorded completed City template worldgen placement agricultural_service_connectivity_005 geomantia:city/trek_v3/village/swamp_vanilla/houses/swamp_small_house_7 after 2 owner chunks at datum 64
[21:26:00] [Worker-Main-13/INFO] [co.ri.ge.sy.ci.in.wo.CityReservationMaskRegistry/]: Recorded completed City template worldgen placement agricultural_service_connectivity_007 geomantia:city/trek_v3/village/swamp_vanilla/houses/swamp_small_house_6 after 1 owner chunks at datum 64
[21:26:00] [Worker-Main-7/INFO] [co.ri.ge.sy.ci.in.wo.CityReservationMaskRegistry/]: Recorded completed City template worldgen placement agricultural_service_fill_004 geomantia:city/trek_v3/village/swamp_vanilla/houses/swamp_small_house_6 after 1 owner chunks at datum 64
[21:26:01] [Worker-Main-14/INFO] [co.ri.ge.sy.ci.in.wo.CityReservationMaskRegistry/]: Recorded completed City template worldgen placement agricultural_service_connectivity_014 geomantia:city/trek_v3/village/swamp/houses/swamp_shepherd_1 after 4 owner chunks at datum 65
[21:26:01] [Worker-Main-4/INFO] [co.ri.ge.sy.ci.in.wo.CityReservationMaskRegistry/]: Recorded completed City template worldgen placement west_residential_connectivity_022 geomantia:city/trek_v3/village/desert/houses/desert_farm_1 after 2 owner chunks at datum 66
[21:26:02] [Worker-Main-4/INFO] [co.ri.ge.sy.ci.in.wo.CityReservationMaskRegistry/]: Recorded completed City template worldgen placement west_residential_connectivity_016 geomantia:city/trek_v3/village/desert/houses/desert_toolsmith_1 after 2 owner chunks at datum 72
[21:26:02] [Worker-Main-13/INFO] [co.ri.ge.sy.ci.in.wo.CityReservationMaskRegistry/]: Recorded completed City template worldgen placement west_residential_connectivity_008 geomantia:city/trek_v3/village/desert/houses/desert_fletcher_1 after 2 owner chunks at datum 73
[21:26:05] [Worker-Main-6/INFO] [co.ri.ge.sy.ci.in.wo.CityReservationMaskRegistry/]: Recorded completed City template worldgen placement west_residential_connectivity_017 geomantia:city/trek_v3/village/plains/houses/plains_weaponsmith_1 after 4 owner chunks at datum 68
[21:26:05] [Worker-Main-4/INFO] [co.ri.ge.sy.ci.in.wo.CityReservationMaskRegistry/]: Recorded completed City template worldgen placement west_residential_connectivity_013 geomantia:city/trek_v3/village/desert/houses/desert_shepherd_1 after 1 owner chunks at datum 72
[21:26:06] [Worker-Main-5/INFO] [co.ri.ge.sy.ci.in.wo.CityReservationMaskRegistry/]: Recorded completed City template worldgen placement agricultural_service_connectivity_006 geomantia:city/trek_v3/village/desert/houses/desert_medium_house_2 after 2 owner chunks at datum 64
[21:26:07] [Worker-Main-9/INFO] [co.ri.ge.sy.ci.in.wo.CityReservationMaskRegistry/]: Recorded completed City template worldgen placement agricultural_service_connectivity_013 geomantia:city/trek_v3/village/desert/houses/desert_shepherd_1 after 2 owner chunks at datum 65
[21:26:07] [Worker-Main-11/INFO] [co.ri.ge.sy.ci.in.wo.CityReservationMaskRegistry/]: Recorded completed City template worldgen placement agricultural_service_connectivity_011 geomantia:city/trek_v3/village/desert/houses/desert_medium_house_1 after 2 owner chunks at datum 65
[21:26:09] [Worker-Main-4/INFO] [co.ri.ge.sy.ci.in.wo.CityReservationMaskRegistry/]: Recorded completed City template worldgen placement west_residential_connectivity_007 geomantia:city/trek_v3/village/swamp_vanilla/houses/swamp_small_house_6 after 4 owner chunks at datum 74
[21:26:09] [Worker-Main-4/INFO] [co.ri.ge.sy.ci.in.wo.CityReservationMaskRegistry/]: Recorded completed City template worldgen placement west_residential_connectivity_010 geomantia:city/trek_v3/village/plains/houses/plains_small_house_4 after 2 owner chunks at datum 73
[21:26:10] [Worker-Main-1/INFO] [co.ri.ge.sy.ci.in.wo.CityReservationMaskRegistry/]: Recorded completed City template worldgen placement west_residential_connectivity_011 geomantia:city/trek_v3/village/desert/houses/desert_medium_house_1 after 2 owner chunks at datum 72
[21:26:10] [Worker-Main-10/INFO] [co.ri.ge.sy.ci.in.wo.CityReservationMaskRegistry/]: Recorded completed City template worldgen placement west_residential_connectivity_005 geomantia:city/trek_v3/village/swamp_vanilla/houses/swamp_small_house_7 after 2 owner chunks at datum 75
[21:26:10] [Worker-Main-7/INFO] [co.ri.ge.sy.ci.in.wo.CityReservationMaskRegistry/]: Recorded completed City template worldgen placement west_residential_required_001 geomantia:city/stubbs/residential/household_01 after 1 owner chunks at datum 76
[21:26:10] [Worker-Main-1/INFO] [co.ri.ge.sy.ci.in.wo.CityReservationMaskRegistry/]: Recorded completed City template worldgen placement agricultural_service_connectivity_009 geomantia:city/trek_v3/village/plains/houses/plains_small_house_1 after 2 owner chunks at datum 64
[21:26:10] [Worker-Main-3/INFO] [co.ri.ge.sy.ci.in.wo.CityReservationMaskRegistry/]: Recorded completed City template worldgen placement agricultural_service_connectivity_012 geomantia:city/trek_v3/village/plains/houses/plains_small_house_2 after 4 owner chunks at datum 65
[21:26:11] [Worker-Main-15/INFO] [co.ri.ge.sy.ci.in.wo.CityReservationMaskRegistry/]: Recorded completed City template worldgen placement agricultural_service_connectivity_015 geomantia:city/trek_v3/village/desert/houses/desert_tannery_1 after 4 owner chunks at datum 66
[21:26:11] [Worker-Main-14/INFO] [co.ri.ge.sy.ci.in.wo.CityReservationMaskRegistry/]: Recorded completed City template worldgen placement west_residential_connectivity_018 geomantia:city/trek_v3/village/desert/houses/desert_big_house_1 after 4 owner chunks at datum 67
[21:26:12] [Worker-Main-6/INFO] [co.ri.ge.sy.ci.in.wo.CityReservationMaskRegistry/]: Recorded completed City template worldgen placement west_residential_connectivity_014 geomantia:city/trek_v3/village/swamp/houses/swamp_shepherd_1 after 4 owner chunks at datum 68
[21:26:14] [Worker-Main-2/INFO] [co.ri.ge.sy.ci.in.wo.CityReservationMaskRegistry/]: Recorded completed City template worldgen placement west_residential_fill_002 geomantia:city/trek_v3/village/swamp_vanilla/houses/swamp_small_house_7 after 2 owner chunks at datum 73
[21:26:15] [Worker-Main-11/INFO] [co.ri.ge.sy.ci.in.wo.CityReservationMaskRegistry/]: Recorded completed City template worldgen placement west_residential_connectivity_021 geomantia:city/trek_v3/village/desert/houses/desert_armorer_1 after 1 owner chunks at datum 66
[21:26:15] [Worker-Main-10/INFO] [co.ri.ge.sy.ci.in.wo.CityReservationMaskRegistry/]: Recorded completed City template worldgen placement agricultural_service_connectivity_016 geomantia:city/trek_v3/village/desert/houses/desert_toolsmith_1 after 2 owner chunks at datum 65
[21:26:15] [Worker-Main-3/INFO] [co.ri.ge.sy.ci.in.wo.CityReservationMaskRegistry/]: Recorded completed City template worldgen placement west_residential_connectivity_012 geomantia:city/trek_v3/village/plains/houses/plains_small_house_2 after 1 owner chunks at datum 70
[21:26:16] [Worker-Main-1/INFO] [co.ri.ge.sy.ci.in.wo.CityReservationMaskRegistry/]: Recorded completed City template worldgen placement west_residential_connectivity_006 geomantia:city/trek_v3/village/desert/houses/desert_medium_house_2 after 2 owner chunks at datum 75
[21:26:16] [Worker-Main-9/INFO] [co.ri.ge.sy.ci.in.wo.CityReservationMaskRegistry/]: Recorded completed City template worldgen placement agricultural_service_connectivity_010 geomantia:city/trek_v3/village/plains/houses/plains_small_house_4 after 2 owner chunks at datum 64
[21:26:18] [Worker-Main-13/INFO] [co.ri.ge.sy.ci.in.wo.CityReservationMaskRegistry/]: Recorded completed City template worldgen placement west_residential_fill_003 geomantia:city/trek_v3/village/desert/houses/desert_medium_house_2 after 2 owner chunks at datum 72
[21:26:20] [Worker-Main-7/INFO] [co.ri.ge.sy.ci.in.wo.CityReservationMaskRegistry/]: Recorded completed City template worldgen placement west_residential_connectivity_009 geomantia:city/trek_v3/village/plains/houses/plains_small_house_1 after 2 owner chunks at datum 77
[21:26:21] [Worker-Main-9/INFO] [co.ri.ge.sy.ci.in.wo.CityReservationMaskRegistry/]: Recorded completed City template worldgen placement west_residential_fill_004 geomantia:city/trek_v3/village/swamp_vanilla/houses/swamp_small_house_6 after 1 owner chunks at datum 78
[21:26:24] [Worker-Main-10/INFO] [co.ri.ge.sy.ci.in.wo.CityReservationMaskRegistry/]: Recorded completed City template worldgen placement west_residential_connectivity_015 geomantia:city/trek_v3/village/desert/houses/desert_tannery_1 after 2 owner chunks at datum 71
[21:26:51] [Server thread/INFO] [minecraft/MinecraftServer]: [Dev: 已成功填充3921个方块]
[21:26:51] [Render thread/INFO] [minecraft/ChatComponent]: [System] [CHAT] 已成功填充3921个方块
[21:26:56] [Worker-Main-12/ERROR] [minecraft/Allay]: No key selector in MapLike[{event_delay:0,event_distance:0.0f,range:16,source:{source_entity:[I;-700099529,901007023,-1541442850,-1472612451],type:"minecraft:entity",y_offset:0.36f}}]
[21:26:56] [Worker-Main-12/ERROR] [minecraft/Allay]: No key selector in MapLike[{event_delay:0,event_distance:0.0f,range:16,source:{source_entity:[I;-1645884378,-491958437,-1306717876,-997773793],type:"minecraft:entity",y_offset:0.36f}}]
[21:27:04] [Server thread/INFO] [minecraft/MinecraftServer]: [Dev: 已成功填充3392个方块]
[21:27:04] [Render thread/INFO] [minecraft/ChatComponent]: [System] [CHAT] 已成功填充3392个方块
[21:27:12] [Server thread/INFO] [minecraft/MinecraftServer]: [Dev: 已成功填充2218个方块]
[21:27:12] [Render thread/INFO] [minecraft/ChatComponent]: [System] [CHAT] 已成功填充2218个方块
[21:27:22] [Server thread/INFO] [minecraft/MinecraftServer]: [Dev: 已成功填充2200个方块]
[21:27:22] [Render thread/INFO] [minecraft/ChatComponent]: [System] [CHAT] 已成功填充2200个方块
[21:27:29] [Server thread/INFO] [minecraft/MinecraftServer]: [Dev: 已成功填充2382个方块]
[21:27:29] [Render thread/INFO] [minecraft/ChatComponent]: [System] [CHAT] 已成功填充2382个方块
[21:27:32] [Server thread/DEBUG] [ne.mi.co.ForgeHooks/WP]: Gathering id map for writing to world save RTF08052
[21:27:32] [Server thread/DEBUG] [ne.mi.co.ForgeHooks/WP]: ID Map collection complete RTF08052
[21:28:05] [Server thread/INFO] [minecraft/MinecraftServer]: [Dev: 已成功填充1496个方块]
[21:28:05] [Render thread/INFO] [minecraft/ChatComponent]: [System] [CHAT] 已成功填充1496个方块
[21:28:09] [Server thread/INFO] [minecraft/MinecraftServer]: [Dev: 已成功填充2767个方块]
[21:28:09] [Render thread/INFO] [minecraft/ChatComponent]: [System] [CHAT] 已成功填充2767个方块
[21:28:21] [Server thread/INFO] [minecraft/MinecraftServer]: [Dev: 游戏规则doWeatherCycle已被设为：false]
[21:28:21] [Render thread/INFO] [minecraft/ChatComponent]: [System] [CHAT] 游戏规则doWeatherCycle已被设为：false
[21:28:28] [Server thread/INFO] [minecraft/MinecraftServer]: [Dev: 游戏规则doWeatherCycle已被设为：false]
[21:28:28] [Render thread/INFO] [minecraft/ChatComponent]: [System] [CHAT] 游戏规则doWeatherCycle已被设为：false
[21:28:31] [Server thread/INFO] [minecraft/MinecraftServer]: [Dev: 已成功填充5553个方块]
[21:28:31] [Render thread/INFO] [minecraft/ChatComponent]: [System] [CHAT] 已成功填充5553个方块
[21:28:38] [Server thread/INFO] [minecraft/MinecraftServer]: [Dev: 已成功填充7526个方块]
[21:28:38] [Render thread/INFO] [minecraft/ChatComponent]: [System] [CHAT] 已成功填充7526个方块
[21:28:43] [Server thread/INFO] [minecraft/MinecraftServer]: [Dev: 已成功填充6891个方块]
[21:28:43] [Render thread/INFO] [minecraft/ChatComponent]: [System] [CHAT] 已成功填充6891个方块
[21:28:49] [Server thread/INFO] [minecraft/MinecraftServer]: [Dev: 已成功填充4273个方块]
[21:28:49] [Render thread/INFO] [minecraft/ChatComponent]: [System] [CHAT] 已成功填充4273个方块
[21:28:55] [Server thread/INFO] [minecraft/MinecraftServer]: [Dev: 已成功填充2743个方块]
[21:28:55] [Render thread/INFO] [minecraft/ChatComponent]: [System] [CHAT] 已成功填充2743个方块
[21:29:01] [Worker-Main-2/ERROR] [minecraft/Allay]: No key selector in MapLike[{event_delay:0,event_distance:0.0f,range:16,source:{source_entity:[I;-787770274,1601195410,-2092835639,1806752064],type:"minecraft:entity",y_offset:0.36f}}]
[21:29:02] [Server thread/INFO] [minecraft/MinecraftServer]: [Dev: 已成功填充2824个方块]
[21:29:02] [Render thread/INFO] [minecraft/ChatComponent]: [System] [CHAT] 已成功填充2824个方块
[21:29:08] [Server thread/INFO] [minecraft/MinecraftServer]: [Dev: 已成功填充2948个方块]
[21:29:08] [Render thread/INFO] [minecraft/ChatComponent]: [System] [CHAT] 已成功填充2948个方块
[21:29:15] [Server thread/INFO] [minecraft/MinecraftServer]: [Dev: 已成功填充5377个方块]
[21:29:15] [Render thread/INFO] [minecraft/ChatComponent]: [System] [CHAT] 已成功填充5377个方块
[21:29:22] [Server thread/INFO] [minecraft/MinecraftServer]: [Dev: 已成功填充7580个方块]
[21:29:22] [Render thread/INFO] [minecraft/ChatComponent]: [System] [CHAT] 已成功填充7580个方块
[21:29:32] [Server thread/INFO] [minecraft/MinecraftServer]: [Dev: 已成功填充8225个方块]
[21:29:32] [Render thread/INFO] [minecraft/ChatComponent]: [System] [CHAT] 已成功填充8225个方块
[21:29:38] [Server thread/INFO] [minecraft/MinecraftServer]: [Dev: 已成功填充7861个方块]
[21:29:38] [Render thread/INFO] [minecraft/ChatComponent]: [System] [CHAT] 已成功填充7861个方块
[21:29:45] [Server thread/INFO] [minecraft/MinecraftServer]: [Dev: 已成功填充4290个方块]
[21:29:45] [Render thread/INFO] [minecraft/ChatComponent]: [System] [CHAT] 已成功填充4290个方块
[21:29:50] [Server thread/INFO] [minecraft/MinecraftServer]: [Dev: 已成功填充4101个方块]
[21:29:50] [Render thread/INFO] [minecraft/ChatComponent]: [System] [CHAT] 已成功填充4101个方块
[21:29:57] [Server thread/INFO] [minecraft/MinecraftServer]: [Dev: 已成功填充566个方块]
[21:29:57] [Render thread/INFO] [minecraft/ChatComponent]: [System] [CHAT] 已成功填充566个方块
[21:30:50] [Render thread/INFO] [minecraft/AdvancementList]: Loaded 60 advancements
[21:31:21] [Server thread/INFO] [minecraft/MinecraftServer]: [Dev: 已成功填充4135个方块]
[21:31:21] [Render thread/INFO] [minecraft/ChatComponent]: [System] [CHAT] 已成功填充4135个方块
[21:31:25] [Server thread/INFO] [minecraft/MinecraftServer]: [Dev: 已成功填充4421个方块]
[21:31:25] [Render thread/INFO] [minecraft/ChatComponent]: [System] [CHAT] 已成功填充4421个方块
[21:31:32] [Server thread/INFO] [minecraft/MinecraftServer]: [Dev: 已成功填充4977个方块]
[21:31:32] [Render thread/INFO] [minecraft/ChatComponent]: [System] [CHAT] 已成功填充4977个方块
[21:31:36] [Server thread/INFO] [minecraft/MinecraftServer]: [Dev: 已成功填充2487个方块]
[21:31:36] [Render thread/INFO] [minecraft/ChatComponent]: [System] [CHAT] 已成功填充2487个方块
[21:31:50] [Server thread/INFO] [minecraft/MinecraftServer]: [Dev: 已成功填充9493个方块]
[21:31:50] [Render thread/INFO] [minecraft/ChatComponent]: [System] [CHAT] 已成功填充9493个方块
[21:31:56] [Server thread/INFO] [minecraft/MinecraftServer]: [Dev: 已成功填充5496个方块]
[21:31:56] [Render thread/INFO] [minecraft/ChatComponent]: [System] [CHAT] 已成功填充5496个方块
[21:32:07] [Server thread/INFO] [minecraft/MinecraftServer]: [Dev: 已成功填充3595个方块]
[21:32:07] [Render thread/INFO] [minecraft/ChatComponent]: [System] [CHAT] 已成功填充3595个方块
[21:32:14] [Server thread/INFO] [minecraft/MinecraftServer]: [Dev: 已成功填充3920个方块]
[21:32:14] [Render thread/INFO] [minecraft/ChatComponent]: [System] [CHAT] 已成功填充3920个方块
[21:32:30] [Server thread/INFO] [minecraft/MinecraftServer]: [Dev: 已成功填充3556个方块]
[21:32:30] [Render thread/INFO] [minecraft/ChatComponent]: [System] [CHAT] 已成功填充3556个方块
[21:32:32] [Server thread/DEBUG] [ne.mi.co.ForgeHooks/WP]: Gathering id map for writing to world save RTF08052
[21:32:32] [Server thread/DEBUG] [ne.mi.co.ForgeHooks/WP]: ID Map collection complete RTF08052
[21:32:36] [Server thread/INFO] [minecraft/MinecraftServer]: [Dev: 已成功填充4034个方块]
[21:32:36] [Render thread/INFO] [minecraft/ChatComponent]: [System] [CHAT] 已成功填充4034个方块
[21:32:43] [Server thread/INFO] [minecraft/MinecraftServer]: [Dev: 已成功填充1197个方块]
[21:32:43] [Render thread/INFO] [minecraft/ChatComponent]: [System] [CHAT] 已成功填充1197个方块
[21:32:45] [Server thread/INFO] [minecraft/MinecraftServer]: [Dev: 已成功填充1008个方块]
[21:32:45] [Render thread/INFO] [minecraft/ChatComponent]: [System] [CHAT] 已成功填充1008个方块
[21:32:50] [Server thread/INFO] [minecraft/MinecraftServer]: [Dev: 已成功填充2178个方块]
[21:32:50] [Render thread/INFO] [minecraft/ChatComponent]: [System] [CHAT] 已成功填充2178个方块
[21:33:55] [Render thread/INFO] [minecraft/ChatComponent]: [System] [CHAT] 未知或不完整的命令。错误见下
[21:33:55] [Render thread/INFO] [minecraft/ChatComponent]: [System] [CHAT] <--[此处]
[21:33:56] [Render thread/INFO] [minecraft/ChatComponent]: [System] [CHAT] 未知或不完整的命令。错误见下
[21:33:56] [Render thread/INFO] [minecraft/ChatComponent]: [System] [CHAT] <--[此处]
[21:33:57] [Server thread/INFO] [minecraft/MinecraftServer]: [Dev: 已成功填充3884个方块]
[21:33:57] [Render thread/INFO] [minecraft/ChatComponent]: [System] [CHAT] 已成功填充3884个方块
[21:34:14] [Server thread/INFO] [minecraft/MinecraftServer]: [Dev: 已成功填充4758个方块]
[21:34:14] [Render thread/INFO] [minecraft/ChatComponent]: [System] [CHAT] 已成功填充4758个方块
[21:34:17] [Server thread/INFO] [minecraft/MinecraftServer]: [Dev: 已成功填充4296个方块]
[21:34:17] [Render thread/INFO] [minecraft/ChatComponent]: [System] [CHAT] 已成功填充4296个方块
[21:34:24] [Server thread/INFO] [minecraft/MinecraftServer]: [Dev: 已成功填充4987个方块]
[21:34:24] [Render thread/INFO] [minecraft/ChatComponent]: [System] [CHAT] 已成功填充4987个方块
[21:34:28] [Server thread/INFO] [minecraft/MinecraftServer]: [Dev: 已成功填充4290个方块]
[21:34:28] [Render thread/INFO] [minecraft/ChatComponent]: [System] [CHAT] 已成功填充4290个方块
[21:34:33] [Server thread/INFO] [minecraft/MinecraftServer]: [Dev: 已成功填充1992个方块]
[21:34:33] [Render thread/INFO] [minecraft/ChatComponent]: [System] [CHAT] 已成功填充1992个方块
[21:34:36] [Server thread/INFO] [minecraft/MinecraftServer]: [Dev: 已成功填充2066个方块]
[21:34:36] [Render thread/INFO] [minecraft/ChatComponent]: [System] [CHAT] 已成功填充2066个方块
[21:34:54] [Render thread/INFO] [minecraft/AdvancementList]: Loaded 74 advancements
[21:35:17] [Server thread/INFO] [minecraft/MinecraftServer]: [Dev: 已成功填充883个方块]
[21:35:17] [Render thread/INFO] [minecraft/ChatComponent]: [System] [CHAT] 已成功填充883个方块
[21:35:23] [Server thread/INFO] [minecraft/MinecraftServer]: [Dev: 已成功填充2040个方块]
[21:35:23] [Render thread/INFO] [minecraft/ChatComponent]: [System] [CHAT] 已成功填充2040个方块
[21:37:32] [Server thread/DEBUG] [ne.mi.co.ForgeHooks/WP]: Gathering id map for writing to world save RTF08052
[21:37:32] [Server thread/DEBUG] [ne.mi.co.ForgeHooks/WP]: ID Map collection complete RTF08052
[21:37:41] [Server thread/INFO] [minecraft/MinecraftServer]: [Dev: 已成功填充1016个方块]
[21:37:41] [Render thread/INFO] [minecraft/ChatComponent]: [System] [CHAT] 已成功填充1016个方块
[21:38:05] [Server thread/INFO] [minecraft/MinecraftServer]: [Dev: 已成功填充2086个方块]
[21:38:05] [Render thread/INFO] [minecraft/ChatComponent]: [System] [CHAT] 已成功填充2086个方块
[21:38:11] [Server thread/INFO] [minecraft/MinecraftServer]: [Dev: 已成功填充3606个方块]
[21:38:11] [Render thread/INFO] [minecraft/ChatComponent]: [System] [CHAT] 已成功填充3606个方块
[21:38:41] [Render thread/INFO] [minecraft/AdvancementList]: Loaded 74 advancements
[21:39:48] [Server thread/INFO] [minecraft/MinecraftServer]: [Dev: 已成功填充1452个方块]
[21:39:48] [Render thread/INFO] [minecraft/ChatComponent]: [System] [CHAT] 已成功填充1452个方块
[21:39:58] [Server thread/INFO] [minecraft/MinecraftServer]: [Dev: 已成功填充3392个方块]
[21:39:58] [Render thread/INFO] [minecraft/ChatComponent]: [System] [CHAT] 已成功填充3392个方块
[21:40:17] [Server thread/INFO] [minecraft/MinecraftServer]: [Dev: 已成功填充294个方块]
[21:40:17] [Render thread/INFO] [minecraft/ChatComponent]: [System] [CHAT] 已成功填充294个方块
[21:40:20] [Server thread/INFO] [minecraft/MinecraftServer]: [Dev: 已成功填充559个方块]
[21:40:20] [Render thread/INFO] [minecraft/ChatComponent]: [System] [CHAT] 已成功填充559个方块
[21:41:32] [Server thread/INFO] [minecraft/MinecraftServer]: [Dev: 已成功填充10111个方块]
[21:41:32] [Render thread/INFO] [minecraft/ChatComponent]: [System] [CHAT] 已成功填充10111个方块
[21:42:32] [Server thread/DEBUG] [ne.mi.co.ForgeHooks/WP]: Gathering id map for writing to world save RTF08052
[21:42:32] [Server thread/DEBUG] [ne.mi.co.ForgeHooks/WP]: ID Map collection complete RTF08052
[21:45:55] [Server thread/INFO] [minecraft/MinecraftServer]: [Dev: 已成功填充3301个方块]
[21:45:55] [Render thread/INFO] [minecraft/ChatComponent]: [System] [CHAT] 已成功填充3301个方块
[21:46:00] [Server thread/INFO] [minecraft/MinecraftServer]: [Dev: 已成功填充3072个方块]
[21:46:00] [Render thread/INFO] [minecraft/ChatComponent]: [System] [CHAT] 已成功填充3072个方块
[21:47:32] [Server thread/DEBUG] [ne.mi.co.ForgeHooks/WP]: Gathering id map for writing to world save RTF08052
[21:47:32] [Server thread/DEBUG] [ne.mi.co.ForgeHooks/WP]: ID Map collection complete RTF08052
[21:51:21] [Render thread/INFO] [minecraft/AdvancementList]: Loaded 77 advancements
[21:52:32] [Server thread/DEBUG] [ne.mi.co.ForgeHooks/WP]: Gathering id map for writing to world save RTF08052
[21:52:32] [Server thread/DEBUG] [ne.mi.co.ForgeHooks/WP]: ID Map collection complete RTF08052
[21:56:17] [Server thread/INFO] [minecraft/IntegratedServer]: Saving and pausing game...
[21:56:17] [Server thread/INFO] [minecraft/MinecraftServer]: Saving chunks for level 'ServerLevel[RTF08052]'/minecraft:overworld
[21:56:17] [Server thread/INFO] [minecraft/MinecraftServer]: Saving chunks for level 'ServerLevel[RTF08052]'/minecraft:the_end
[21:56:17] [Server thread/INFO] [minecraft/MinecraftServer]: Saving chunks for level 'ServerLevel[RTF08052]'/minecraft:the_nether
[21:56:17] [Server thread/DEBUG] [ne.mi.co.ForgeHooks/WP]: Gathering id map for writing to world save RTF08052
[21:56:17] [Server thread/DEBUG] [ne.mi.co.ForgeHooks/WP]: ID Map collection complete RTF08052
[21:57:32] [Server thread/DEBUG] [ne.mi.co.ForgeHooks/WP]: Gathering id map for writing to world save RTF08052
[21:57:32] [Server thread/DEBUG] [ne.mi.co.ForgeHooks/WP]: ID Map collection complete RTF08052
[22:02:32] [Server thread/DEBUG] [ne.mi.co.ForgeHooks/WP]: Gathering id map for writing to world save RTF08052
[22:02:32] [Server thread/DEBUG] [ne.mi.co.ForgeHooks/WP]: ID Map collection complete RTF08052
[22:02:50] [Server thread/INFO] [minecraft/IntegratedServer]: Saving and pausing game...
[22:02:50] [Server thread/INFO] [minecraft/MinecraftServer]: Saving chunks for level 'ServerLevel[RTF08052]'/minecraft:overworld
[22:02:50] [Server thread/INFO] [minecraft/MinecraftServer]: Saving chunks for level 'ServerLevel[RTF08052]'/minecraft:the_end
[22:02:50] [Server thread/INFO] [minecraft/MinecraftServer]: Saving chunks for level 'ServerLevel[RTF08052]'/minecraft:the_nether
[22:02:50] [Server thread/DEBUG] [ne.mi.co.ForgeHooks/WP]: Gathering id map for writing to world save RTF08052
[22:02:50] [Server thread/DEBUG] [ne.mi.co.ForgeHooks/WP]: ID Map collection complete RTF08052
[22:02:51] [Render thread/INFO] [minecraft/Minecraft]: Stopping!
[22:02:51] [Server thread/INFO] [minecraft/ServerGamePacketListenerImpl]: Dev lost connection: 连接中断
[22:02:51] [Server thread/INFO] [minecraft/MinecraftServer]: Dev退出了游戏
[22:02:51] [Server thread/INFO] [minecraft/ServerGamePacketListenerImpl]: Stopping singleplayer server as player logged out
[22:02:51] [Server thread/DEBUG] [roadweaver/]: CacheManager: 所有缓存已清理
[22:02:51] [Server thread/DEBUG] [roadweaver/]: ThreadPoolManager: 工作池已关闭 (epoch=2)
[22:02:51] [Server thread/INFO] [co.ri.ge.pl.ht.GeomantiaHttpServer/]: Geomantia GIS API server stopped.
[22:02:51] [Server thread/INFO] [minecraft/MinecraftServer]: Stopping server
[22:02:51] [Server thread/INFO] [minecraft/MinecraftServer]: Saving players
[22:02:51] [Server thread/INFO] [minecraft/MinecraftServer]: Saving worlds
[22:02:52] [Server thread/INFO] [minecraft/MinecraftServer]: Saving chunks for level 'ServerLevel[RTF08052]'/minecraft:overworld
[22:02:52] [Server thread/INFO] [minecraft/MinecraftServer]: Saving chunks for level 'ServerLevel[RTF08052]'/minecraft:the_end
[22:02:52] [Server thread/INFO] [minecraft/MinecraftServer]: Saving chunks for level 'ServerLevel[RTF08052]'/minecraft:the_nether
[22:02:52] [Server thread/DEBUG] [ne.mi.co.ForgeHooks/WP]: Gathering id map for writing to world save RTF08052
[22:02:52] [Server thread/DEBUG] [ne.mi.co.ForgeHooks/WP]: ID Map collection complete RTF08052
[22:02:52] [Server thread/INFO] [minecraft/MinecraftServer]: ThreadedAnvilChunkStorage (RTF08052): All chunks are saved
[22:02:52] [Server thread/INFO] [minecraft/MinecraftServer]: ThreadedAnvilChunkStorage (DIM1): All chunks are saved
[22:02:52] [Server thread/INFO] [minecraft/MinecraftServer]: ThreadedAnvilChunkStorage (DIM-1): All chunks are saved
[22:02:52] [Server thread/INFO] [minecraft/MinecraftServer]: ThreadedAnvilChunkStorage: All dimensions are saved
[22:02:52] [Server thread/DEBUG] [ne.mi.re.GameData/REGISTRIES]: Reverting to FROZEN data state.
[22:02:52] [Server thread/DEBUG] [ne.mi.re.ForgeRegistry/REGISTRIES]: Registry minecraft:block Sync: ACTIVE -> FROZEN
[22:02:52] [Server thread/DEBUG] [ne.mi.re.ForgeRegistry/REGISTRIES]: Registry minecraft:fluid Sync: ACTIVE -> FROZEN
[22:02:52] [Server thread/DEBUG] [ne.mi.re.ForgeRegistry/REGISTRIES]: Registry minecraft:item Sync: ACTIVE -> FROZEN
[22:02:52] [Server thread/DEBUG] [ne.mi.re.ForgeRegistry/REGISTRIES]: Registry minecraft:mob_effect Sync: ACTIVE -> FROZEN
[22:02:52] [Server thread/DEBUG] [ne.mi.re.ForgeRegistry/REGISTRIES]: Registry minecraft:sound_event Sync: ACTIVE -> FROZEN
[22:02:52] [Server thread/DEBUG] [ne.mi.re.ForgeRegistry/REGISTRIES]: Registry minecraft:potion Sync: ACTIVE -> FROZEN
[22:02:52] [Server thread/DEBUG] [ne.mi.re.ForgeRegistry/REGISTRIES]: Registry minecraft:enchantment Sync: ACTIVE -> FROZEN
[22:02:52] [Server thread/DEBUG] [ne.mi.re.ForgeRegistry/REGISTRIES]: Registry minecraft:entity_type Sync: ACTIVE -> FROZEN
[22:02:52] [Server thread/DEBUG] [ne.mi.re.ForgeRegistry/REGISTRIES]: Registry minecraft:block_entity_type Sync: ACTIVE -> FROZEN
[22:02:52] [Server thread/DEBUG] [ne.mi.re.ForgeRegistry/REGISTRIES]: Registry minecraft:particle_type Sync: ACTIVE -> FROZEN
[22:02:52] [Server thread/DEBUG] [ne.mi.re.ForgeRegistry/REGISTRIES]: Registry minecraft:menu Sync: ACTIVE -> FROZEN
[22:02:52] [Server thread/DEBUG] [ne.mi.re.ForgeRegistry/REGISTRIES]: Registry minecraft:painting_variant Sync: ACTIVE -> FROZEN
[22:02:52] [Server thread/DEBUG] [ne.mi.re.ForgeRegistry/REGISTRIES]: Registry minecraft:recipe_type Sync: ACTIVE -> FROZEN
[22:02:52] [Server thread/DEBUG] [ne.mi.re.ForgeRegistry/REGISTRIES]: Registry minecraft:recipe_serializer Sync: ACTIVE -> FROZEN
[22:02:52] [Server thread/DEBUG] [ne.mi.re.ForgeRegistry/REGISTRIES]: Registry minecraft:attribute Sync: ACTIVE -> FROZEN
[22:02:52] [Server thread/DEBUG] [ne.mi.re.ForgeRegistry/REGISTRIES]: Registry minecraft:stat_type Sync: ACTIVE -> FROZEN
[22:02:52] [Server thread/DEBUG] [ne.mi.re.ForgeRegistry/REGISTRIES]: Registry minecraft:command_argument_type Sync: ACTIVE -> FROZEN
[22:02:52] [Server thread/DEBUG] [ne.mi.re.ForgeRegistry/REGISTRIES]: Registry minecraft:villager_profession Sync: ACTIVE -> FROZEN
[22:02:52] [Server thread/DEBUG] [ne.mi.re.ForgeRegistry/REGISTRIES]: Registry minecraft:point_of_interest_type Sync: ACTIVE -> FROZEN
[22:02:52] [Server thread/DEBUG] [ne.mi.re.ForgeRegistry/REGISTRIES]: Registry minecraft:memory_module_type Sync: ACTIVE -> FROZEN
[22:02:52] [Server thread/DEBUG] [ne.mi.re.ForgeRegistry/REGISTRIES]: Registry minecraft:sensor_type Sync: ACTIVE -> FROZEN
[22:02:52] [Server thread/DEBUG] [ne.mi.re.ForgeRegistry/REGISTRIES]: Registry minecraft:schedule Sync: ACTIVE -> FROZEN
[22:02:52] [Server thread/DEBUG] [ne.mi.re.ForgeRegistry/REGISTRIES]: Registry minecraft:activity Sync: ACTIVE -> FROZEN
[22:02:52] [Server thread/DEBUG] [ne.mi.re.ForgeRegistry/REGISTRIES]: Registry minecraft:worldgen/carver Sync: ACTIVE -> FROZEN
[22:02:52] [Server thread/DEBUG] [ne.mi.re.ForgeRegistry/REGISTRIES]: Registry minecraft:worldgen/feature Sync: ACTIVE -> FROZEN
[22:02:52] [Server thread/DEBUG] [ne.mi.re.ForgeRegistry/REGISTRIES]: Registry minecraft:chunk_status Sync: ACTIVE -> FROZEN
[22:02:52] [Server thread/DEBUG] [ne.mi.re.ForgeRegistry/REGISTRIES]: Registry minecraft:worldgen/block_state_provider_type Sync: ACTIVE -> FROZEN
[22:02:52] [Server thread/DEBUG] [ne.mi.re.ForgeRegistry/REGISTRIES]: Registry minecraft:worldgen/foliage_placer_type Sync: ACTIVE -> FROZEN
[22:02:52] [Server thread/DEBUG] [ne.mi.re.ForgeRegistry/REGISTRIES]: Registry minecraft:worldgen/tree_decorator_type Sync: ACTIVE -> FROZEN
[22:02:52] [Server thread/DEBUG] [ne.mi.re.ForgeRegistry/REGISTRIES]: Registry minecraft:worldgen/biome Sync: ACTIVE -> FROZEN
[22:02:52] [Server thread/DEBUG] [ne.mi.re.ForgeRegistry/REGISTRIES]: Registry forge:entity_data_serializers Sync: ACTIVE -> FROZEN
[22:02:52] [Server thread/DEBUG] [ne.mi.re.ForgeRegistry/REGISTRIES]: Registry forge:global_loot_modifier_serializers Sync: ACTIVE -> FROZEN
[22:02:52] [Server thread/DEBUG] [ne.mi.re.ForgeRegistry/REGISTRIES]: Registry forge:biome_modifier_serializers Sync: ACTIVE -> FROZEN
[22:02:52] [Server thread/DEBUG] [ne.mi.re.ForgeRegistry/REGISTRIES]: Registry forge:fluid_type Sync: ACTIVE -> FROZEN
[22:02:52] [Server thread/DEBUG] [ne.mi.re.ForgeRegistry/REGISTRIES]: Registry forge:structure_modifier_serializers Sync: ACTIVE -> FROZEN
[22:02:52] [Server thread/DEBUG] [ne.mi.re.ForgeRegistry/REGISTRIES]: Registry forge:holder_set_type Sync: ACTIVE -> FROZEN
[22:02:52] [Server thread/DEBUG] [ne.mi.re.ForgeRegistry/REGISTRIES]: Registry forge:display_contexts Sync: ACTIVE -> FROZEN
[22:02:52] [Server thread/DEBUG] [ne.mi.re.ForgeRegistry/REGISTRIES]: Registry reterraforged:worldgen/curve_function_type Sync: ACTIVE -> FROZEN
[22:02:52] [Server thread/DEBUG] [ne.mi.re.ForgeRegistry/REGISTRIES]: Registry reterraforged:worldgen/template_decorator_type Sync: ACTIVE -> FROZEN
[22:02:52] [Server thread/DEBUG] [ne.mi.re.ForgeRegistry/REGISTRIES]: Registry reterraforged:worldgen/chance_modifier_type Sync: ACTIVE -> FROZEN
[22:02:52] [Server thread/DEBUG] [ne.mi.re.ForgeRegistry/REGISTRIES]: Registry reterraforged:worldgen/structure_rule_type Sync: ACTIVE -> FROZEN
[22:02:52] [Server thread/DEBUG] [ne.mi.re.ForgeRegistry/REGISTRIES]: Registry reterraforged:worldgen/noise_type Sync: ACTIVE -> FROZEN
[22:02:52] [Server thread/DEBUG] [ne.mi.re.ForgeRegistry/REGISTRIES]: Registry reterraforged:worldgen/template_placement_type Sync: ACTIVE -> FROZEN
[22:02:52] [Server thread/DEBUG] [ne.mi.re.ForgeRegistry/REGISTRIES]: Registry reterraforged:worldgen/domain_type Sync: ACTIVE -> FROZEN
[22:02:53] [Server thread/DEBUG] [ne.mi.re.ObjectHolderRegistry/REGISTRIES]: Applying holder lookups
[22:02:53] [Server thread/DEBUG] [ne.mi.re.ObjectHolderRegistry/REGISTRIES]: Holder lookups applied
[22:02:53] [Server thread/DEBUG] [ne.mi.re.GameData/REGISTRIES]: FROZEN state restored.
[22:02:53] [Server thread/DEBUG] [ne.mi.fm.co.ConfigTracker/CONFIG]: Unloading configs type SERVER

Deprecated Gradle features were used in this build, making it incompatible with Gradle 9.0.

You can use '--warning-mode all' to show the individual deprecation warnings and determine if they come from your own scripts or plugins.

For more on this, please refer to https://docs.gradle.org/8.8/userguide/command_line_interface.html#sec:command_line_warnings in the Gradle documentation.

BUILD SUCCESSFUL in 1h 19m 11s
11 actionable tasks: 3 executed, 8 up-to-date
