To honour the JVM settings for this build a single-use Daemon process will be forked. For more on this, please refer to https://docs.gradle.org/8.8/userguide/gradle_daemon.html#sec:disabling_the_daemon in the Gradle documentation.
Daemon will be stopped at the end of the build 
> Task :compileJava UP-TO-DATE
> Task :processResources UP-TO-DATE
> Task :classes UP-TO-DATE
> Task :downloadDevRoadWeaverForge UP-TO-DATE
> Task :downloadMcpConfig
> Task :extractSrg UP-TO-DATE
> Task :createSrgToMcp UP-TO-DATE
> Task :downloadMCMeta UP-TO-DATE
> Task :downloadAssets UP-TO-DATE
> Task :extractNatives UP-TO-DATE
> Task :makeSrcDirs
> Task :prepareRuns
> Task :prepareRunClient
> Task :prepareRunClientCompile UP-TO-DATE

> Task :runClient
2026-08-05 15:51:58,400 main WARN Advanced terminal features are not available in this environment
[15:51:58] [main/INFO] [cp.mo.mo.Launcher/MODLAUNCHER]: ModLauncher running: args [--launchTarget, forgeclientuserdev, --version, MOD_DEV, --assetIndex, 5, --assetsDir, C:\Users\Rinsing\.gradle\caches\forge_gradle\assets, --gameDir, ., --fml.forgeVersion, 47.4.0, --fml.mcVersion, 1.20.1, --fml.forgeGroup, net.minecraftforge, --fml.mcpVersion, 20230612.114412]
[15:51:58] [main/INFO] [cp.mo.mo.Launcher/MODLAUNCHER]: ModLauncher 10.0.9+10.0.9+main.dcd20f30 starting: java version 17.0.14 by Oracle Corporation; OS Windows 11 arch amd64 version 10.0
[15:51:58] [main/DEBUG] [cp.mo.mo.LaunchServiceHandler/MODLAUNCHER]: Found launch services [fmlclientdev,forgeclient,minecraft,forgegametestserverdev,fmlserveruserdev,fmlclient,fmldatauserdev,forgeserverdev,forgeserveruserdev,forgeclientdev,forgeclientuserdev,forgeserver,forgedatadev,fmlserver,fmlclientuserdev,fmlserverdev,forgedatauserdev,testharness,forgegametestserveruserdev]
[15:51:58] [main/DEBUG] [cp.mo.mo.NameMappingServiceHandler/MODLAUNCHER]: Found naming services : [srgtomcp]
[15:51:58] [main/DEBUG] [cp.mo.mo.LaunchPluginHandler/MODLAUNCHER]: Found launch plugins: [mixin,eventbus,slf4jfixer,object_holder_definalize,runtime_enum_extender,capability_token_subclass,accesstransformer,runtimedistcleaner]
[15:51:58] [main/DEBUG] [cp.mo.mo.TransformationServicesHandler/MODLAUNCHER]: Discovering transformation services
[15:51:58] [main/DEBUG] [ne.mi.fm.lo.FMLPaths/CORE]: Path GAMEDIR is E:\Mod_Dev\StructureBinder\run
[15:51:58] [main/DEBUG] [ne.mi.fm.lo.FMLPaths/CORE]: Path MODSDIR is E:\Mod_Dev\StructureBinder\run\mods
[15:51:58] [main/DEBUG] [ne.mi.fm.lo.FMLPaths/CORE]: Path CONFIGDIR is E:\Mod_Dev\StructureBinder\run\config
[15:51:58] [main/DEBUG] [ne.mi.fm.lo.FMLPaths/CORE]: Path FMLCONFIG is E:\Mod_Dev\StructureBinder\run\config\fml.toml
[15:51:58] [main/DEBUG] [cp.mo.mo.TransformationServicesHandler/MODLAUNCHER]: Found additional transformation services from discovery services: 
[15:51:58] [main/INFO] [ne.mi.fm.lo.ImmediateWindowHandler/]: Loading ImmediateWindowProvider dummyprovider
[15:51:58] [main/INFO] [ne.mi.fm.lo.ImmediateWindowHandler/]: Failed to find ImmediateWindowProvider dummyprovider, disabling
[15:51:58] [main/DEBUG] [cp.mo.mo.TransformationServicesHandler/MODLAUNCHER]: Found transformer services : [mixin,fml]
[15:51:58] [main/DEBUG] [cp.mo.mo.TransformationServicesHandler/MODLAUNCHER]: Transformation services loading
[15:51:58] [main/DEBUG] [cp.mo.mo.TransformationServiceDecorator/MODLAUNCHER]: Loading service mixin
[15:51:58] [main/DEBUG] [cp.mo.mo.TransformationServiceDecorator/MODLAUNCHER]: Loaded service mixin
[15:51:58] [main/DEBUG] [cp.mo.mo.TransformationServiceDecorator/MODLAUNCHER]: Loading service fml
[15:51:58] [main/DEBUG] [ne.mi.fm.lo.LauncherVersion/CORE]: Found FMLLauncher version 1.0
[15:51:58] [main/DEBUG] [ne.mi.fm.lo.FMLLoader/CORE]: FML 1.0 loading
[15:51:58] [main/DEBUG] [ne.mi.fm.lo.FMLLoader/CORE]: FML found ModLauncher version : 10.0.9+10.0.9+main.dcd20f30
[15:51:58] [main/DEBUG] [ne.mi.fm.lo.FMLLoader/CORE]: Requesting CoreMods to not apply the fix for ASMAPI.findFirstInstructionBefore by default
[15:51:58] [main/DEBUG] [ne.mi.fm.lo.FMLLoader/CORE]: FML found AccessTransformer version : 8.0.4+66+master.c09db6d7
[15:51:58] [main/DEBUG] [ne.mi.fm.lo.FMLLoader/CORE]: FML found EventBus version : 6.0.5+6.0.5+master.eb8e549b
[15:51:58] [main/DEBUG] [ne.mi.fm.lo.FMLLoader/CORE]: Found Runtime Dist Cleaner
[15:51:58] [main/DEBUG] [ne.mi.co.CoreModEngine/]: CoreMods will preserve legacy behavior of ASMAPI.findFirstInstructionBefore for backwards-compatibility
[15:51:58] [main/DEBUG] [ne.mi.fm.lo.FMLLoader/CORE]: FML found CoreMod version : 5.2.4
[15:51:58] [main/DEBUG] [ne.mi.fm.lo.FMLLoader/CORE]: Found ForgeSPI package implementation version 7.0.1+7.0.1+master.d2b38bf6
[15:51:58] [main/DEBUG] [ne.mi.fm.lo.FMLLoader/CORE]: Found ForgeSPI package specification 5
[15:51:58] [main/DEBUG] [cp.mo.mo.TransformationServiceDecorator/MODLAUNCHER]: Loaded service fml
[15:51:58] [main/DEBUG] [cp.mo.mo.TransformationServicesHandler/MODLAUNCHER]: Configuring option handling for services
[15:51:58] [main/DEBUG] [cp.mo.mo.TransformationServicesHandler/MODLAUNCHER]: Transformation services initializing
[15:51:58] [main/DEBUG] [cp.mo.mo.TransformationServiceDecorator/MODLAUNCHER]: Initializing transformation service mixin
[15:51:58] [main/DEBUG] [mixin/]: MixinService [ModLauncher] was successfully booted in cpw.mods.cl.ModuleClassLoader@67a20f67
[15:51:58] [main/INFO] [mixin/]: SpongePowered MIXIN Subsystem Version=0.8.5 Source=union:/C:/Users/Rinsing/.gradle/caches/modules-2/files-2.1/org.spongepowered/mixin/0.8.5/9d1c0c3a304ae6697ecd477218fa61b850bf57fc/mixin-0.8.5.jar%23128!/ Service=ModLauncher Env=CLIENT
[15:51:58] [main/DEBUG] [mixin/]: Initialising Mixin Platform Manager
[15:51:58] [main/DEBUG] [mixin/]: Adding mixin platform agents for container ModLauncher Root Container(ModLauncher:4f56a0a2)
[15:51:58] [main/DEBUG] [mixin/]: Instancing new MixinPlatformAgentMinecraftForge for ModLauncher Root Container(ModLauncher:4f56a0a2)
[15:51:58] [main/DEBUG] [mixin/]: MixinPlatformAgentMinecraftForge rejected container ModLauncher Root Container(ModLauncher:4f56a0a2)
[15:51:58] [main/DEBUG] [mixin/]: Instancing new MixinPlatformAgentDefault for ModLauncher Root Container(ModLauncher:4f56a0a2)
[15:51:58] [main/DEBUG] [mixin/]: MixinPlatformAgentDefault accepted container ModLauncher Root Container(ModLauncher:4f56a0a2)
[15:51:58] [main/DEBUG] [cp.mo.mo.TransformationServiceDecorator/MODLAUNCHER]: Initialized transformation service mixin
[15:51:58] [main/DEBUG] [cp.mo.mo.TransformationServiceDecorator/MODLAUNCHER]: Initializing transformation service fml
[15:51:58] [main/DEBUG] [ne.mi.fm.lo.FMLServiceProvider/CORE]: Setting up basic FML game directories
[15:51:58] [main/DEBUG] [ne.mi.fm.lo.FMLPaths/CORE]: Path GAMEDIR is E:\Mod_Dev\StructureBinder\run
[15:51:58] [main/DEBUG] [ne.mi.fm.lo.FMLPaths/CORE]: Path MODSDIR is E:\Mod_Dev\StructureBinder\run\mods
[15:51:58] [main/DEBUG] [ne.mi.fm.lo.FMLPaths/CORE]: Path CONFIGDIR is E:\Mod_Dev\StructureBinder\run\config
[15:51:58] [main/DEBUG] [ne.mi.fm.lo.FMLPaths/CORE]: Path FMLCONFIG is E:\Mod_Dev\StructureBinder\run\config\fml.toml
[15:51:58] [main/DEBUG] [ne.mi.fm.lo.FMLServiceProvider/CORE]: Loading configuration
[15:51:58] [main/DEBUG] [ne.mi.fm.lo.FMLServiceProvider/CORE]: Preparing ModFile
[15:51:58] [main/DEBUG] [ne.mi.fm.lo.FMLServiceProvider/CORE]: Preparing launch handler
[15:51:58] [main/DEBUG] [ne.mi.fm.lo.FMLLoader/CORE]: Using forgeclientuserdev as launch service
[15:51:58] [main/DEBUG] [ne.mi.fm.lo.FMLLoader/CORE]: Received command line version data  : VersionInfo[forgeVersion=47.4.0, mcVersion=1.20.1, mcpVersion=20230612.114412, forgeGroup=net.minecraftforge]
[15:51:58] [main/DEBUG] [cp.mo.mo.TransformationServiceDecorator/MODLAUNCHER]: Initialized transformation service fml
[15:51:58] [main/DEBUG] [cp.mo.mo.NameMappingServiceHandler/MODLAUNCHER]: Current naming domain is 'mcp'
[15:51:58] [main/DEBUG] [cp.mo.mo.NameMappingServiceHandler/MODLAUNCHER]: Identified name mapping providers {srg=srgtomcp:1234}
[15:51:58] [main/DEBUG] [cp.mo.mo.TransformationServicesHandler/MODLAUNCHER]: Transformation services begin scanning
[15:51:58] [main/DEBUG] [cp.mo.mo.TransformationServiceDecorator/MODLAUNCHER]: Beginning scan trigger - transformation service mixin
[15:51:58] [main/DEBUG] [cp.mo.mo.TransformationServiceDecorator/MODLAUNCHER]: End scan trigger - transformation service mixin
[15:51:58] [main/DEBUG] [cp.mo.mo.TransformationServiceDecorator/MODLAUNCHER]: Beginning scan trigger - transformation service fml
[15:51:58] [main/DEBUG] [ne.mi.fm.lo.FMLServiceProvider/CORE]: Initiating mod scan
[15:51:58] [main/DEBUG] [ne.mi.fm.lo.mo.ModListHandler/CORE]: Found mod coordinates from lists: []
[15:51:58] [main/DEBUG] [ne.mi.fm.lo.mo.ModDiscoverer/CORE]: Found Mod Locators : (mods folder:null),(maven libs:null),(exploded directory:null),(minecraft:null),(userdev classpath:null)
[15:51:58] [main/DEBUG] [ne.mi.fm.lo.mo.ModDiscoverer/CORE]: Found Dependency Locators : (JarInJar:null)
[15:51:58] [main/DEBUG] [ne.mi.fm.lo.ta.CommonLaunchHandler/CORE]: Got mod coordinates geomantia%%E:\Mod_Dev\StructureBinder\build\resources\main;geomantia%%E:\Mod_Dev\StructureBinder\build\classes\java\main from env
[15:51:58] [main/DEBUG] [ne.mi.fm.lo.ta.CommonLaunchHandler/CORE]: Found supplied mod coordinates [{geomantia=[E:\Mod_Dev\StructureBinder\build\resources\main, E:\Mod_Dev\StructureBinder\build\classes\java\main]}]
[15:51:59] [main/DEBUG] [ne.mi.fm.lo.mo.ModFileInfo/LOADING]: Found valid mod file forge-1.20.1-47.4.0_mapped_official_1.20.1-recomp.jar with {minecraft} mods - versions {1.20.1}
[15:51:59] [main/DEBUG] [ne.mi.fm.lo.mo.ModFileParser/LOADING]: Considering mod file candidate C:\Users\Rinsing\.gradle\caches\modules-2\files-2.1\net.minecraftforge\javafmllanguage\1.20.1-47.4.0\f0c0b352173d0a378cbdcec9cfc4ba65899a721\javafmllanguage-1.20.1-47.4.0.jar
[15:51:59] [main/WARN] [ne.mi.fm.lo.mo.ModFileParser/LOADING]: Mod file C:\Users\Rinsing\.gradle\caches\modules-2\files-2.1\net.minecraftforge\javafmllanguage\1.20.1-47.4.0\f0c0b352173d0a378cbdcec9cfc4ba65899a721\javafmllanguage-1.20.1-47.4.0.jar is missing mods.toml file
[15:51:59] [main/DEBUG] [ne.mi.fm.lo.mo.ModFileParser/LOADING]: Considering mod file candidate C:\Users\Rinsing\.gradle\caches\modules-2\files-2.1\net.minecraftforge\lowcodelanguage\1.20.1-47.4.0\e862740d8c84d08dbfedea412bef88fe42e727c5\lowcodelanguage-1.20.1-47.4.0.jar
[15:51:59] [main/WARN] [ne.mi.fm.lo.mo.ModFileParser/LOADING]: Mod file C:\Users\Rinsing\.gradle\caches\modules-2\files-2.1\net.minecraftforge\lowcodelanguage\1.20.1-47.4.0\e862740d8c84d08dbfedea412bef88fe42e727c5\lowcodelanguage-1.20.1-47.4.0.jar is missing mods.toml file
[15:51:59] [main/DEBUG] [ne.mi.fm.lo.mo.ModFileParser/LOADING]: Considering mod file candidate C:\Users\Rinsing\.gradle\caches\modules-2\files-2.1\net.minecraftforge\mclanguage\1.20.1-47.4.0\5719b3a297a33f877ed5dde4cb4bd75c859096af\mclanguage-1.20.1-47.4.0.jar
[15:51:59] [main/WARN] [ne.mi.fm.lo.mo.ModFileParser/LOADING]: Mod file C:\Users\Rinsing\.gradle\caches\modules-2\files-2.1\net.minecraftforge\mclanguage\1.20.1-47.4.0\5719b3a297a33f877ed5dde4cb4bd75c859096af\mclanguage-1.20.1-47.4.0.jar is missing mods.toml file
[15:51:59] [main/DEBUG] [ne.mi.fm.lo.mo.ModFileParser/LOADING]: Considering mod file candidate C:\Users\Rinsing\.gradle\caches\modules-2\files-2.1\net.minecraftforge\fmlcore\1.20.1-47.4.0\235975dafa4309945b59c56b53f31dc5b65a6051\fmlcore-1.20.1-47.4.0.jar
[15:51:59] [main/WARN] [ne.mi.fm.lo.mo.ModFileParser/LOADING]: Mod file C:\Users\Rinsing\.gradle\caches\modules-2\files-2.1\net.minecraftforge\fmlcore\1.20.1-47.4.0\235975dafa4309945b59c56b53f31dc5b65a6051\fmlcore-1.20.1-47.4.0.jar is missing mods.toml file
[15:51:59] [main/DEBUG] [ne.mi.fm.lo.mo.ModFileParser/LOADING]: Considering mod file candidate E:\Mod_Dev\StructureBinder\build\resources\main
[15:51:59] [main/DEBUG] [ne.mi.fm.lo.mo.ModFileInfo/LOADING]: Found valid mod file main with {geomantia} mods - versions {0.1.0}
[15:51:59] [main/DEBUG] [ne.mi.fm.lo.mo.ModFileParser/LOADING]: Considering mod file candidate /
[15:51:59] [main/DEBUG] [ne.mi.fm.lo.mo.ModFileInfo/LOADING]: Found valid mod file  with {forge} mods - versions {47.4.0}
[15:51:59] [main/DEBUG] [ne.mi.fm.lo.mo.ModFileParser/LOADING]: Considering mod file candidate C:\Users\Rinsing\.gradle\caches\forge_gradle\deobf_dependencies\curse\maven\worldedit-225608\4586218_mapped_official_1.20.1\worldedit-225608-4586218_mapped_official_1.20.1.jar
[15:51:59] [main/DEBUG] [ne.mi.fm.lo.mo.ModFileInfo/LOADING]: Found valid mod file worldedit-225608-4586218_mapped_official_1.20.1.jar with {worldedit} mods - versions {7.2.15+6463-5ca4dff}
[15:51:59] [main/DEBUG] [ne.mi.fm.lo.mo.ModFileParser/LOADING]: Considering mod file candidate C:\Users\Rinsing\.gradle\caches\forge_gradle\deobf_dependencies\local\reterraforged\reterraforged\0.0.5_mapped_official_1.20.1\reterraforged-0.0.5_mapped_official_1.20.1.jar
[15:51:59] [main/DEBUG] [ne.mi.fm.lo.mo.ModFileInfo/LOADING]: Found valid mod file reterraforged-0.0.5_mapped_official_1.20.1.jar with {reterraforged} mods - versions {0.0.5}
[15:51:59] [main/DEBUG] [ne.mi.fm.lo.mo.ModFileParser/LOADING]: Considering mod file candidate C:\Users\Rinsing\.gradle\caches\forge_gradle\deobf_dependencies\local\trek\trek\B0.6_mapped_official_1.20.1\trek-B0.6_mapped_official_1.20.1.jar
[15:51:59] [main/DEBUG] [ne.mi.fm.lo.mo.ModFileInfo/LOADING]: Found valid mod file trek-B0.6_mapped_official_1.20.1.jar with {mr_trek} mods - versions {1-B0.6}
[15:51:59] [main/DEBUG] [ne.mi.fm.lo.mo.ModFileParser/LOADING]: Considering mod file candidate C:\Users\Rinsing\.gradle\caches\forge_gradle\deobf_dependencies\local\t_and_t\t_and_t\1.12_mapped_official_1.20.1\t_and_t-1.12_mapped_official_1.20.1.jar
[15:51:59] [main/DEBUG] [ne.mi.fm.lo.mo.ModFileInfo/LOADING]: Found valid mod file t_and_t-1.12_mapped_official_1.20.1.jar with {t_and_t} mods - versions {0.0NONE}
[15:51:59] [main/DEBUG] [ne.mi.fm.lo.mo.ModFileParser/LOADING]: Considering mod file candidate C:\Users\Rinsing\.gradle\caches\forge_gradle\deobf_dependencies\local\cristellib\cristellib\1.1.6_mapped_official_1.20.1\cristellib-1.1.6_mapped_official_1.20.1.jar
[15:51:59] [main/DEBUG] [ne.mi.fm.lo.mo.ModFileInfo/LOADING]: Found valid mod file cristellib-1.1.6_mapped_official_1.20.1.jar with {cristellib} mods - versions {1.1.6}
[15:51:59] [main/DEBUG] [ne.mi.fm.lo.mo.ModFileParser/LOADING]: Considering mod file candidate C:\Users\Rinsing\.gradle\caches\forge_gradle\deobf_dependencies\local\roadweaver\roadweaver-forge\2.3.0-1.20.1_mapped_official_1.20.1\roadweaver-forge-2.3.0-1.20.1_mapped_official_1.20.1.jar
[15:51:59] [main/DEBUG] [ne.mi.fm.lo.mo.ModFileInfo/LOADING]: Found valid mod file roadweaver-forge-2.3.0-1.20.1_mapped_official_1.20.1.jar with {roadweaver} mods - versions {2.2.2-1.20.1}
[15:51:59] [main/DEBUG] [ne.mi.fm.lo.mo.ModFileParser/LOADING]: Considering mod file candidate C:\Users\Rinsing\.gradle\caches\forge_gradle\deobf_dependencies\dev\architectury\architectury-forge\9.2.14_mapped_official_1.20.1\architectury-forge-9.2.14_mapped_official_1.20.1.jar
[15:51:59] [main/DEBUG] [ne.mi.fm.lo.mo.ModFileInfo/LOADING]: Found valid mod file architectury-forge-9.2.14_mapped_official_1.20.1.jar with {architectury} mods - versions {9.2.14}
[15:51:59] [main/DEBUG] [ne.mi.fm.lo.mo.ModFileParser/LOADING]: Considering mod file candidate C:\Users\Rinsing\.gradle\caches\forge_gradle\deobf_dependencies\me\shedaniel\cloth\cloth-config-forge\11.1.136_mapped_official_1.20.1\cloth-config-forge-11.1.136_mapped_official_1.20.1.jar
[15:51:59] [main/DEBUG] [ne.mi.fm.lo.mo.ModFileInfo/LOADING]: Found valid mod file cloth-config-forge-11.1.136_mapped_official_1.20.1.jar with {cloth_config} mods - versions {11.1.136}
[15:51:59] [main/DEBUG] [ne.mi.fm.lo.mo.ModFileParser/LOADING]: Considering mod file candidate C:\Users\Rinsing\.gradle\caches\forge_gradle\deobf_dependencies\curse\maven\worldedit-225608\4586218_mapped_official_1.20.1\worldedit-225608-4586218_mapped_official_1.20.1.jar
[15:51:59] [main/DEBUG] [ne.mi.fm.lo.mo.ModFileInfo/LOADING]: Found valid mod file worldedit-225608-4586218_mapped_official_1.20.1.jar with {worldedit} mods - versions {7.2.15+6463-5ca4dff}
[15:51:59] [main/DEBUG] [ne.mi.fm.lo.mo.ModFileParser/LOADING]: Considering mod file candidate C:\Users\Rinsing\.gradle\caches\forge_gradle\deobf_dependencies\local\reterraforged\reterraforged\0.0.5_mapped_official_1.20.1\reterraforged-0.0.5_mapped_official_1.20.1.jar
[15:51:59] [main/DEBUG] [ne.mi.fm.lo.mo.ModFileInfo/LOADING]: Found valid mod file reterraforged-0.0.5_mapped_official_1.20.1.jar with {reterraforged} mods - versions {0.0.5}
[15:51:59] [main/DEBUG] [ne.mi.fm.lo.mo.ModFileParser/LOADING]: Considering mod file candidate C:\Users\Rinsing\.gradle\caches\forge_gradle\deobf_dependencies\local\t_and_t\t_and_t\1.12_mapped_official_1.20.1\t_and_t-1.12_mapped_official_1.20.1.jar
[15:51:59] [main/DEBUG] [ne.mi.fm.lo.mo.ModFileInfo/LOADING]: Found valid mod file t_and_t-1.12_mapped_official_1.20.1.jar with {t_and_t} mods - versions {0.0NONE}
[15:51:59] [main/DEBUG] [ne.mi.fm.lo.mo.ModFileParser/LOADING]: Considering mod file candidate C:\Users\Rinsing\.gradle\caches\forge_gradle\deobf_dependencies\local\cristellib\cristellib\1.1.6_mapped_official_1.20.1\cristellib-1.1.6_mapped_official_1.20.1.jar
[15:51:59] [main/DEBUG] [ne.mi.fm.lo.mo.ModFileInfo/LOADING]: Found valid mod file cristellib-1.1.6_mapped_official_1.20.1.jar with {cristellib} mods - versions {1.1.6}
[15:51:59] [main/DEBUG] [ne.mi.fm.lo.mo.ModFileParser/LOADING]: Considering mod file candidate C:\Users\Rinsing\.gradle\caches\forge_gradle\deobf_dependencies\local\roadweaver\roadweaver-forge\2.3.0-1.20.1_mapped_official_1.20.1\roadweaver-forge-2.3.0-1.20.1_mapped_official_1.20.1.jar
[15:51:59] [main/DEBUG] [ne.mi.fm.lo.mo.ModFileInfo/LOADING]: Found valid mod file roadweaver-forge-2.3.0-1.20.1_mapped_official_1.20.1.jar with {roadweaver} mods - versions {2.2.2-1.20.1}
[15:51:59] [main/DEBUG] [ne.mi.fm.lo.mo.ModFileParser/LOADING]: Considering mod file candidate C:\Users\Rinsing\.gradle\caches\forge_gradle\deobf_dependencies\dev\architectury\architectury-forge\9.2.14_mapped_official_1.20.1\architectury-forge-9.2.14_mapped_official_1.20.1.jar
[15:51:59] [main/DEBUG] [ne.mi.fm.lo.mo.ModFileInfo/LOADING]: Found valid mod file architectury-forge-9.2.14_mapped_official_1.20.1.jar with {architectury} mods - versions {9.2.14}
[15:51:59] [main/DEBUG] [ne.mi.fm.lo.mo.ModFileParser/LOADING]: Considering mod file candidate C:\Users\Rinsing\.gradle\caches\forge_gradle\deobf_dependencies\me\shedaniel\cloth\cloth-config-forge\11.1.136_mapped_official_1.20.1\cloth-config-forge-11.1.136_mapped_official_1.20.1.jar
[15:51:59] [main/DEBUG] [ne.mi.fm.lo.mo.ModFileInfo/LOADING]: Found valid mod file cloth-config-forge-11.1.136_mapped_official_1.20.1.jar with {cloth_config} mods - versions {11.1.136}
[15:51:59] [main/DEBUG] [ne.mi.fm.lo.UniqueModListBuilder/]: Found 2 mods for first modid cloth_config, selecting most recent based on version data
[15:51:59] [main/DEBUG] [ne.mi.fm.lo.UniqueModListBuilder/]: Selected file cloth-config-forge-11.1.136_mapped_official_1.20.1.jar for modid cloth_config with version 11.1.136
[15:51:59] [main/DEBUG] [ne.mi.fm.lo.UniqueModListBuilder/]: Found 2 mods for first modid t_and_t, selecting most recent based on version data
[15:51:59] [main/DEBUG] [ne.mi.fm.lo.UniqueModListBuilder/]: Selected file t_and_t-1.12_mapped_official_1.20.1.jar for modid t_and_t with version 0.0NONE
[15:51:59] [main/DEBUG] [ne.mi.fm.lo.UniqueModListBuilder/]: Found 2 mods for first modid worldedit, selecting most recent based on version data
[15:51:59] [main/DEBUG] [ne.mi.fm.lo.UniqueModListBuilder/]: Selected file worldedit-225608-4586218_mapped_official_1.20.1.jar for modid worldedit with version 7.2.15+6463-5ca4dff
[15:51:59] [main/DEBUG] [ne.mi.fm.lo.UniqueModListBuilder/]: Found 2 mods for first modid architectury, selecting most recent based on version data
[15:51:59] [main/DEBUG] [ne.mi.fm.lo.UniqueModListBuilder/]: Selected file architectury-forge-9.2.14_mapped_official_1.20.1.jar for modid architectury with version 9.2.14
[15:51:59] [main/DEBUG] [ne.mi.fm.lo.UniqueModListBuilder/]: Found 2 mods for first modid roadweaver, selecting most recent based on version data
[15:51:59] [main/DEBUG] [ne.mi.fm.lo.UniqueModListBuilder/]: Selected file roadweaver-forge-2.3.0-1.20.1_mapped_official_1.20.1.jar for modid roadweaver with version 2.2.2-1.20.1
[15:51:59] [main/DEBUG] [ne.mi.fm.lo.UniqueModListBuilder/]: Found 2 mods for first modid cristellib, selecting most recent based on version data
[15:51:59] [main/DEBUG] [ne.mi.fm.lo.UniqueModListBuilder/]: Selected file cristellib-1.1.6_mapped_official_1.20.1.jar for modid cristellib with version 1.1.6
[15:51:59] [main/DEBUG] [ne.mi.fm.lo.UniqueModListBuilder/]: Found 2 mods for first modid reterraforged, selecting most recent based on version data
[15:51:59] [main/DEBUG] [ne.mi.fm.lo.UniqueModListBuilder/]: Selected file reterraforged-0.0.5_mapped_official_1.20.1.jar for modid reterraforged with version 0.0.5
[15:51:59] [main/DEBUG] [ne.mi.fm.lo.mo.AbstractJarFileDependencyLocator/]: Failed to load resource META-INF\jarjar\metadata.json from forge-1.20.1-47.4.0_mapped_official_1.20.1-recomp.jar, it does not contain dependency information.
[15:51:59] [main/DEBUG] [ne.mi.fm.lo.mo.AbstractJarFileDependencyLocator/]: Failed to load resource META-INF\jarjar\metadata.json from cloth-config-forge-11.1.136_mapped_official_1.20.1.jar, it does not contain dependency information.
[15:51:59] [main/DEBUG] [ne.mi.fm.lo.mo.AbstractJarFileDependencyLocator/]: Failed to load resource META-INF\jarjar\metadata.json from , it does not contain dependency information.
[15:51:59] [main/DEBUG] [ne.mi.fm.lo.mo.AbstractJarFileDependencyLocator/]: Failed to load resource META-INF\jarjar\metadata.json from t_and_t-1.12_mapped_official_1.20.1.jar, it does not contain dependency information.
[15:51:59] [main/DEBUG] [ne.mi.fm.lo.mo.AbstractJarFileDependencyLocator/]: Failed to load resource META-INF\jarjar\metadata.json from worldedit-225608-4586218_mapped_official_1.20.1.jar, it does not contain dependency information.
[15:51:59] [main/DEBUG] [ne.mi.fm.lo.mo.AbstractJarFileDependencyLocator/]: Failed to load resource META-INF\jarjar\metadata.json from architectury-forge-9.2.14_mapped_official_1.20.1.jar, it does not contain dependency information.
[15:51:59] [main/DEBUG] [ne.mi.fm.lo.mo.AbstractJarFileDependencyLocator/]: Failed to load resource META-INF\jarjar\metadata.json from trek-B0.6_mapped_official_1.20.1.jar, it does not contain dependency information.
[15:51:59] [main/DEBUG] [ne.mi.fm.lo.mo.AbstractJarFileDependencyLocator/]: Failed to load resource META-INF\jarjar\metadata.json from main, it does not contain dependency information.
[15:51:59] [main/DEBUG] [ne.mi.fm.lo.mo.AbstractJarFileDependencyLocator/]: Failed to load resource META-INF\jarjar\metadata.json from reterraforged-0.0.5_mapped_official_1.20.1.jar, it does not contain dependency information.
[15:51:59] [main/DEBUG] [ne.mi.fm.lo.mo.AbstractJarFileDependencyLocator/]: Failed to load resource META-INF\jarjar\metadata.json from mclanguage-1.20.1-47.4.0.jar, it does not contain dependency information.
[15:51:59] [main/DEBUG] [ne.mi.fm.lo.mo.AbstractJarFileDependencyLocator/]: Failed to load resource META-INF\jarjar\metadata.json from javafmllanguage-1.20.1-47.4.0.jar, it does not contain dependency information.
[15:51:59] [main/DEBUG] [ne.mi.fm.lo.mo.AbstractJarFileDependencyLocator/]: Failed to load resource META-INF\jarjar\metadata.json from fmlcore-1.20.1-47.4.0.jar, it does not contain dependency information.
[15:51:59] [main/DEBUG] [ne.mi.fm.lo.mo.AbstractJarFileDependencyLocator/]: Failed to load resource META-INF\jarjar\metadata.json from lowcodelanguage-1.20.1-47.4.0.jar, it does not contain dependency information.
[15:51:59] [main/DEBUG] [ne.mi.fm.lo.mo.ModFileParser/LOADING]: Considering mod file candidate 
[15:51:59] [main/DEBUG] [ne.mi.fm.lo.mo.ModFileInfo/LOADING]: Found valid mod file architectury-forge-9.2.14.jar with {architectury} mods - versions {9.2.14}
[15:51:59] [main/DEBUG] [ne.mi.fm.lo.mo.ModFileParser/LOADING]: Considering mod file candidate 
[15:51:59] [main/DEBUG] [ne.mi.fm.lo.mo.ModFileInfo/LOADING]: Found valid mod file cloth-config-forge-11.1.136.jar with {cloth_config} mods - versions {11.1.136}
[15:51:59] [main/DEBUG] [ne.mi.fm.lo.mo.AbstractJarFileDependencyLocator/]: Failed to load resource META-INF\jarjar\metadata.json from architectury-forge-9.2.14.jar, it does not contain dependency information.
[15:51:59] [main/DEBUG] [ne.mi.fm.lo.mo.AbstractJarFileDependencyLocator/]: Failed to load resource META-INF\jarjar\metadata.json from cloth-config-forge-11.1.136.jar, it does not contain dependency information.
[15:51:59] [main/DEBUG] [ne.mi.fm.lo.mo.AbstractJarFileDependencyLocator/]: Failed to load resource META-INF\jarjar\metadata.json from lwjgl-opencl-3.3.1.jar, it does not contain dependency information.
[15:51:59] [main/DEBUG] [ne.mi.fm.lo.mo.AbstractJarFileDependencyLocator/]: Failed to load resource META-INF\jarjar\metadata.json from jankson-1.2.3.jar, it does not contain dependency information.
[15:51:59] [main/DEBUG] [ne.mi.fm.lo.mo.ModFileParser/LOADING]: Considering mod file candidate 
[15:51:59] [main/DEBUG] [ne.mi.fm.lo.mo.ModFileInfo/LOADING]: Found valid mod file architectury-forge-9.2.14.jar with {architectury} mods - versions {9.2.14}
[15:51:59] [main/DEBUG] [ne.mi.fm.lo.mo.ModFileParser/LOADING]: Considering mod file candidate 
[15:51:59] [main/DEBUG] [ne.mi.fm.lo.mo.ModFileInfo/LOADING]: Found valid mod file cloth-config-forge-11.1.136.jar with {cloth_config} mods - versions {11.1.136}
[15:51:59] [main/WARN] [ne.mi.ja.se.JarSelector/]: Attempted to select a dependency jar for JarJar which was passed in as source: cloth_config. Using Mod File: C:\Users\Rinsing\.gradle\caches\forge_gradle\deobf_dependencies\me\shedaniel\cloth\cloth-config-forge\11.1.136_mapped_official_1.20.1\cloth-config-forge-11.1.136_mapped_official_1.20.1.jar
[15:51:59] [main/WARN] [ne.mi.ja.se.JarSelector/]: Attempted to select a dependency jar for JarJar which was passed in as source: architectury. Using Mod File: C:\Users\Rinsing\.gradle\caches\forge_gradle\deobf_dependencies\dev\architectury\architectury-forge\9.2.14_mapped_official_1.20.1\architectury-forge-9.2.14_mapped_official_1.20.1.jar
[15:51:59] [main/INFO] [ne.mi.fm.lo.mo.JarInJarDependencyLocator/]: Found 2 dependencies adding them to mods collection
[15:51:59] [main/DEBUG] [ne.mi.fm.lo.mo.ModFileInfo/LOADING]: Found valid mod file forge-1.20.1-47.4.0_mapped_official_1.20.1-recomp.jar with {minecraft} mods - versions {1.20.1}
[15:51:59] [main/DEBUG] [ne.mi.fm.lo.mo.ModFile/LOADING]: Loading mod file C:\Users\Rinsing\.gradle\caches\forge_gradle\minecraft_user_repo\net\minecraftforge\forge\1.20.1-47.4.0_mapped_official_1.20.1\forge-1.20.1-47.4.0_mapped_official_1.20.1-recomp.jar with languages [LanguageSpec[languageName=minecraft, acceptedVersions=1]]
[15:51:59] [main/DEBUG] [ne.mi.fm.lo.mo.ModFileParser/LOADING]: Considering mod file candidate C:\Users\Rinsing\.gradle\caches\forge_gradle\deobf_dependencies\me\shedaniel\cloth\cloth-config-forge\11.1.136_mapped_official_1.20.1\cloth-config-forge-11.1.136_mapped_official_1.20.1.jar
[15:51:59] [main/DEBUG] [ne.mi.fm.lo.mo.ModFileInfo/LOADING]: Found valid mod file cloth-config-forge-11.1.136_mapped_official_1.20.1.jar with {cloth_config} mods - versions {11.1.136}
[15:51:59] [main/DEBUG] [ne.mi.fm.lo.mo.ModFile/LOADING]: Loading mod file C:\Users\Rinsing\.gradle\caches\forge_gradle\deobf_dependencies\me\shedaniel\cloth\cloth-config-forge\11.1.136_mapped_official_1.20.1\cloth-config-forge-11.1.136_mapped_official_1.20.1.jar with languages [LanguageSpec[languageName=javafml, acceptedVersions=[34,)]]
[15:51:59] [main/DEBUG] [ne.mi.fm.lo.mo.ModFileParser/LOADING]: Considering mod file candidate /
[15:51:59] [main/DEBUG] [ne.mi.fm.lo.mo.ModFileInfo/LOADING]: Found valid mod file  with {forge} mods - versions {47.4.0}
[15:51:59] [main/DEBUG] [ne.mi.fm.lo.mo.ModFile/LOADING]: Loading mod file / with languages [LanguageSpec[languageName=javafml, acceptedVersions=[24,]]]
[15:51:59] [main/DEBUG] [ne.mi.fm.lo.mo.ModFileParser/LOADING]: Found coremod field_to_method with Javascript path coremods/field_to_method.js
[15:51:59] [main/DEBUG] [ne.mi.fm.lo.mo.ModFileParser/LOADING]: Found coremod field_to_instanceof with Javascript path coremods/field_to_instanceof.js
[15:51:59] [main/DEBUG] [ne.mi.fm.lo.mo.ModFileParser/LOADING]: Found coremod add_bouncer_method with Javascript path coremods/add_bouncer_method.js
[15:51:59] [main/DEBUG] [ne.mi.fm.lo.mo.ModFileParser/LOADING]: Found coremod method_redirector with Javascript path coremods/method_redirector.js
[15:51:59] [main/DEBUG] [ne.mi.fm.lo.mo.ModFile/LOADING]: Found coremod coremods/field_to_method.js
[15:51:59] [main/DEBUG] [ne.mi.fm.lo.mo.ModFile/LOADING]: Found coremod coremods/field_to_instanceof.js
[15:51:59] [main/DEBUG] [ne.mi.fm.lo.mo.ModFile/LOADING]: Found coremod coremods/add_bouncer_method.js
[15:51:59] [main/DEBUG] [ne.mi.fm.lo.mo.ModFile/LOADING]: Found coremod coremods/method_redirector.js
[15:51:59] [main/DEBUG] [ne.mi.fm.lo.mo.ModFileParser/LOADING]: Considering mod file candidate C:\Users\Rinsing\.gradle\caches\forge_gradle\deobf_dependencies\curse\maven\worldedit-225608\4586218_mapped_official_1.20.1\worldedit-225608-4586218_mapped_official_1.20.1.jar
[15:51:59] [main/DEBUG] [ne.mi.fm.lo.mo.ModFileInfo/LOADING]: Found valid mod file worldedit-225608-4586218_mapped_official_1.20.1.jar with {worldedit} mods - versions {7.2.15+6463-5ca4dff}
[15:51:59] [main/DEBUG] [ne.mi.fm.lo.mo.ModFile/LOADING]: Loading mod file C:\Users\Rinsing\.gradle\caches\forge_gradle\deobf_dependencies\curse\maven\worldedit-225608\4586218_mapped_official_1.20.1\worldedit-225608-4586218_mapped_official_1.20.1.jar with languages [LanguageSpec[languageName=javafml, acceptedVersions=[24,)]]
[15:51:59] [main/DEBUG] [ne.mi.fm.lo.mo.ModFileParser/LOADING]: Considering mod file candidate C:\Users\Rinsing\.gradle\caches\forge_gradle\deobf_dependencies\local\t_and_t\t_and_t\1.12_mapped_official_1.20.1\t_and_t-1.12_mapped_official_1.20.1.jar
[15:51:59] [main/DEBUG] [ne.mi.fm.lo.mo.ModFileInfo/LOADING]: Found valid mod file t_and_t-1.12_mapped_official_1.20.1.jar with {t_and_t} mods - versions {0.0NONE}
[15:51:59] [main/DEBUG] [ne.mi.fm.lo.mo.ModFile/LOADING]: Loading mod file C:\Users\Rinsing\.gradle\caches\forge_gradle\deobf_dependencies\local\t_and_t\t_and_t\1.12_mapped_official_1.20.1\t_and_t-1.12_mapped_official_1.20.1.jar with languages [LanguageSpec[languageName=javafml, acceptedVersions=[43,)]]
[15:51:59] [main/DEBUG] [ne.mi.fm.lo.mo.ModFileParser/LOADING]: Considering mod file candidate C:\Users\Rinsing\.gradle\caches\forge_gradle\deobf_dependencies\dev\architectury\architectury-forge\9.2.14_mapped_official_1.20.1\architectury-forge-9.2.14_mapped_official_1.20.1.jar
[15:51:59] [main/DEBUG] [ne.mi.fm.lo.mo.ModFileInfo/LOADING]: Found valid mod file architectury-forge-9.2.14_mapped_official_1.20.1.jar with {architectury} mods - versions {9.2.14}
[15:51:59] [main/DEBUG] [ne.mi.fm.lo.mo.ModFile/LOADING]: Loading mod file C:\Users\Rinsing\.gradle\caches\forge_gradle\deobf_dependencies\dev\architectury\architectury-forge\9.2.14_mapped_official_1.20.1\architectury-forge-9.2.14_mapped_official_1.20.1.jar with languages [LanguageSpec[languageName=javafml, acceptedVersions=[46,)]]
[15:51:59] [main/DEBUG] [ne.mi.fm.lo.mo.ModFileParser/LOADING]: Considering mod file candidate E:\Mod_Dev\StructureBinder\build\resources\main
[15:51:59] [main/DEBUG] [ne.mi.fm.lo.mo.ModFileInfo/LOADING]: Found valid mod file main with {geomantia} mods - versions {0.1.0}
[15:51:59] [main/DEBUG] [ne.mi.fm.lo.mo.ModFile/LOADING]: Loading mod file E:\Mod_Dev\StructureBinder\build\resources\main with languages [LanguageSpec[languageName=javafml, acceptedVersions=[47,)]]
[15:51:59] [main/DEBUG] [ne.mi.fm.lo.mo.ModFileParser/LOADING]: Considering mod file candidate C:\Users\Rinsing\.gradle\caches\forge_gradle\deobf_dependencies\local\trek\trek\B0.6_mapped_official_1.20.1\trek-B0.6_mapped_official_1.20.1.jar
[15:51:59] [main/DEBUG] [ne.mi.fm.lo.mo.ModFileInfo/LOADING]: Found valid mod file trek-B0.6_mapped_official_1.20.1.jar with {mr_trek} mods - versions {1-B0.6}
[15:51:59] [main/DEBUG] [ne.mi.fm.lo.mo.ModFile/LOADING]: Loading mod file C:\Users\Rinsing\.gradle\caches\forge_gradle\deobf_dependencies\local\trek\trek\B0.6_mapped_official_1.20.1\trek-B0.6_mapped_official_1.20.1.jar with languages [LanguageSpec[languageName=lowcodefml, acceptedVersions=[40,)]]
[15:51:59] [main/DEBUG] [ne.mi.fm.lo.mo.ModFileParser/LOADING]: Considering mod file candidate C:\Users\Rinsing\.gradle\caches\forge_gradle\deobf_dependencies\local\reterraforged\reterraforged\0.0.5_mapped_official_1.20.1\reterraforged-0.0.5_mapped_official_1.20.1.jar
[15:51:59] [main/DEBUG] [ne.mi.fm.lo.mo.ModFileInfo/LOADING]: Found valid mod file reterraforged-0.0.5_mapped_official_1.20.1.jar with {reterraforged} mods - versions {0.0.5}
[15:51:59] [main/DEBUG] [ne.mi.fm.lo.mo.ModFile/LOADING]: Loading mod file C:\Users\Rinsing\.gradle\caches\forge_gradle\deobf_dependencies\local\reterraforged\reterraforged\0.0.5_mapped_official_1.20.1\reterraforged-0.0.5_mapped_official_1.20.1.jar with languages [LanguageSpec[languageName=javafml, acceptedVersions=[40,)]]
[15:51:59] [main/DEBUG] [ne.mi.fm.lo.mo.ModFileParser/LOADING]: Considering mod file candidate C:\Users\Rinsing\.gradle\caches\forge_gradle\deobf_dependencies\local\cristellib\cristellib\1.1.6_mapped_official_1.20.1\cristellib-1.1.6_mapped_official_1.20.1.jar
[15:51:59] [main/DEBUG] [ne.mi.fm.lo.mo.ModFileInfo/LOADING]: Found valid mod file cristellib-1.1.6_mapped_official_1.20.1.jar with {cristellib} mods - versions {1.1.6}
[15:51:59] [main/DEBUG] [ne.mi.fm.lo.mo.ModFile/LOADING]: Loading mod file C:\Users\Rinsing\.gradle\caches\forge_gradle\deobf_dependencies\local\cristellib\cristellib\1.1.6_mapped_official_1.20.1\cristellib-1.1.6_mapped_official_1.20.1.jar with languages [LanguageSpec[languageName=javafml, acceptedVersions=[47,)]]
[15:51:59] [main/DEBUG] [ne.mi.fm.lo.mo.ModFileParser/LOADING]: Considering mod file candidate C:\Users\Rinsing\.gradle\caches\forge_gradle\deobf_dependencies\local\roadweaver\roadweaver-forge\2.3.0-1.20.1_mapped_official_1.20.1\roadweaver-forge-2.3.0-1.20.1_mapped_official_1.20.1.jar
[15:51:59] [main/DEBUG] [ne.mi.fm.lo.mo.ModFileInfo/LOADING]: Found valid mod file roadweaver-forge-2.3.0-1.20.1_mapped_official_1.20.1.jar with {roadweaver} mods - versions {2.2.2-1.20.1}
[15:51:59] [main/DEBUG] [ne.mi.fm.lo.mo.ModFile/LOADING]: Loading mod file C:\Users\Rinsing\.gradle\caches\forge_gradle\deobf_dependencies\local\roadweaver\roadweaver-forge\2.3.0-1.20.1_mapped_official_1.20.1\roadweaver-forge-2.3.0-1.20.1_mapped_official_1.20.1.jar with languages [LanguageSpec[languageName=javafml, acceptedVersions=[47,)]]
[15:51:59] [main/DEBUG] [ne.mi.fm.lo.mo.ModFile/LOADING]: Loading mod file  with languages []
[15:51:59] [main/DEBUG] [ne.mi.fm.lo.mo.ModFile/LOADING]: Loading mod file  with languages []
[15:51:59] [main/DEBUG] [ne.mi.fm.lo.mo.ModFile/LOADING]: Loading mod file  with languages []
[15:51:59] [main/DEBUG] [ne.mi.fm.lo.mo.ModFile/LOADING]: Loading mod file  with languages []
[15:51:59] [main/DEBUG] [cp.mo.mo.TransformationServiceDecorator/MODLAUNCHER]: End scan trigger - transformation service fml
[15:51:59] [main/DEBUG] [ne.mi.fm.lo.LanguageLoadingProvider/CORE]: Found 3 language providers
[15:51:59] [main/DEBUG] [ne.mi.fm.lo.LanguageLoadingProvider/CORE]: Found language provider minecraft, version 1.0
[15:51:59] [main/DEBUG] [ne.mi.fm.lo.LanguageLoadingProvider/CORE]: Found language provider lowcodefml, version 47
[15:51:59] [main/DEBUG] [ne.mi.fm.lo.LanguageLoadingProvider/CORE]: Found language provider javafml, version 47
[15:51:59] [main/DEBUG] [ne.mi.fm.lo.UniqueModListBuilder/]: Found 2 mods for first modid jankson, selecting most recent based on version data
[15:51:59] [main/DEBUG] [ne.mi.fm.lo.UniqueModListBuilder/]: Selected file jankson-1.2.3.jar for modid jankson with version 0.0NONE
[15:51:59] [main/DEBUG] [ne.mi.fm.lo.UniqueModListBuilder/]: Found 2 mods for first modid org.lwjgl.opencl, selecting most recent based on version data
[15:51:59] [main/DEBUG] [ne.mi.fm.lo.UniqueModListBuilder/]: Selected file lwjgl-opencl-3.3.1.jar for modid org.lwjgl.opencl with version build 7
[15:51:59] [main/DEBUG] [ne.mi.fm.lo.ModSorter/]: Configured system mods: [minecraft, forge]
[15:51:59] [main/DEBUG] [ne.mi.fm.lo.ModSorter/]: Found system mod: minecraft
[15:51:59] [main/DEBUG] [ne.mi.fm.lo.ModSorter/]: Found system mod: forge
[15:51:59] [main/DEBUG] [ne.mi.fm.lo.ModSorter/LOADING]: Found 22 mod requirements (17 mandatory, 5 optional)
[15:51:59] [main/DEBUG] [ne.mi.fm.lo.ModSorter/LOADING]: Found 0 mod requirements missing (0 mandatory, 0 optional)
[15:51:59] [main/DEBUG] [ne.mi.fm.lo.MCPNamingService/CORE]: Loaded 33222 method mappings from methods.csv
[15:51:59] [main/DEBUG] [ne.mi.fm.lo.MCPNamingService/CORE]: Loaded 31003 field mappings from fields.csv
[15:51:59] [main/DEBUG] [cp.mo.mo.TransformationServicesHandler/MODLAUNCHER]: Transformation services loading transformers
[15:51:59] [main/DEBUG] [cp.mo.mo.TransformationServiceDecorator/MODLAUNCHER]: Initializing transformers for transformation service mixin
[15:51:59] [main/DEBUG] [cp.mo.mo.TransformationServiceDecorator/MODLAUNCHER]: Initialized transformers for transformation service mixin
[15:51:59] [main/DEBUG] [cp.mo.mo.TransformationServiceDecorator/MODLAUNCHER]: Initializing transformers for transformation service fml
[15:51:59] [main/DEBUG] [ne.mi.fm.lo.FMLServiceProvider/CORE]: Loading coremod transformers
[15:51:59] [main/DEBUG] [ne.mi.co.CoreModEngine/COREMOD]: Loading CoreMod from coremods/field_to_method.js
[15:52:00] [main/DEBUG] [ne.mi.co.CoreModEngine/COREMOD]: CoreMod loaded successfully
[15:52:00] [main/DEBUG] [ne.mi.co.CoreModEngine/COREMOD]: Loading CoreMod from coremods/field_to_instanceof.js
[15:52:00] [main/DEBUG] [ne.mi.co.CoreModEngine/COREMOD]: CoreMod loaded successfully
[15:52:00] [main/DEBUG] [ne.mi.co.CoreModEngine/COREMOD]: Loading CoreMod from coremods/add_bouncer_method.js
[15:52:00] [main/DEBUG] [ne.mi.co.CoreModEngine/COREMOD]: CoreMod loaded successfully
[15:52:00] [main/DEBUG] [ne.mi.co.CoreModEngine/COREMOD]: Loading CoreMod from coremods/method_redirector.js
[15:52:00] [main/DEBUG] [ne.mi.co.CoreModEngine/COREMOD]: CoreMod loaded successfully
[15:52:00] [main/DEBUG] [cp.mo.mo.TransformStore/MODLAUNCHER]: Adding transformer net.minecraftforge.coremod.transformer.CoreModClassTransformer@31142d58 to Target : CLASS {Lnet/minecraft/world/level/biome/Biome;} {} {V}
[15:52:00] [main/DEBUG] [cp.mo.mo.TransformStore/MODLAUNCHER]: Adding transformer net.minecraftforge.coremod.transformer.CoreModClassTransformer@2b2954e1 to Target : CLASS {Lnet/minecraft/world/level/levelgen/structure/Structure;} {} {V}
[15:52:00] [main/DEBUG] [cp.mo.mo.TransformStore/MODLAUNCHER]: Adding transformer net.minecraftforge.coremod.transformer.CoreModClassTransformer@58d6e55a to Target : CLASS {Lnet/minecraft/world/effect/MobEffectInstance;} {} {V}
[15:52:00] [main/DEBUG] [cp.mo.mo.TransformStore/MODLAUNCHER]: Adding transformer net.minecraftforge.coremod.transformer.CoreModClassTransformer@751ae8a4 to Target : CLASS {Lnet/minecraft/world/level/block/LiquidBlock;} {} {V}
[15:52:00] [main/DEBUG] [cp.mo.mo.TransformStore/MODLAUNCHER]: Adding transformer net.minecraftforge.coremod.transformer.CoreModClassTransformer@235d659c to Target : CLASS {Lnet/minecraft/world/item/BucketItem;} {} {V}
[15:52:00] [main/DEBUG] [cp.mo.mo.TransformStore/MODLAUNCHER]: Adding transformer net.minecraftforge.coremod.transformer.CoreModClassTransformer@4232b34a to Target : CLASS {Lnet/minecraft/world/level/block/StairBlock;} {} {V}
[15:52:00] [main/DEBUG] [cp.mo.mo.TransformStore/MODLAUNCHER]: Adding transformer net.minecraftforge.coremod.transformer.CoreModClassTransformer@2da16263 to Target : CLASS {Lnet/minecraft/world/level/block/FlowerPotBlock;} {} {V}
[15:52:00] [main/DEBUG] [cp.mo.mo.TransformStore/MODLAUNCHER]: Adding transformer net.minecraftforge.coremod.transformer.CoreModClassTransformer@f5ce0bb to Target : CLASS {Lnet/minecraft/world/item/ItemStack;} {} {V}
[15:52:00] [main/DEBUG] [cp.mo.mo.TransformStore/MODLAUNCHER]: Adding transformer net.minecraftforge.coremod.transformer.CoreModClassTransformer@47e51549 to Target : CLASS {Lnet/minecraft/network/play/client/CClientSettingsPacket;} {} {V}
[15:52:00] [main/DEBUG] [cp.mo.mo.TransformStore/MODLAUNCHER]: Adding transformer net.minecraftforge.coremod.transformer.CoreModClassTransformer@101a461c to Target : CLASS {Lnet/minecraft/world/entity/monster/Spider;} {} {V}
[15:52:00] [main/DEBUG] [cp.mo.mo.TransformStore/MODLAUNCHER]: Adding transformer net.minecraftforge.coremod.transformer.CoreModClassTransformer@101a461c to Target : CLASS {Lnet/minecraft/world/level/levelgen/PhantomSpawner;} {} {V}
[15:52:00] [main/DEBUG] [cp.mo.mo.TransformStore/MODLAUNCHER]: Adding transformer net.minecraftforge.coremod.transformer.CoreModClassTransformer@101a461c to Target : CLASS {Lnet/minecraft/world/level/levelgen/structure/structures/OceanMonumentPieces$OceanMonumentPiece;} {} {V}
[15:52:00] [main/DEBUG] [cp.mo.mo.TransformStore/MODLAUNCHER]: Adding transformer net.minecraftforge.coremod.transformer.CoreModClassTransformer@101a461c to Target : CLASS {Lnet/minecraft/world/entity/monster/Evoker$EvokerSummonSpellGoal;} {} {V}
[15:52:00] [main/DEBUG] [cp.mo.mo.TransformStore/MODLAUNCHER]: Adding transformer net.minecraftforge.coremod.transformer.CoreModClassTransformer@101a461c to Target : CLASS {Lnet/minecraft/world/level/levelgen/structure/templatesystem/StructureTemplate;} {} {V}
[15:52:00] [main/DEBUG] [cp.mo.mo.TransformStore/MODLAUNCHER]: Adding transformer net.minecraftforge.coremod.transformer.CoreModClassTransformer@101a461c to Target : CLASS {Lnet/minecraft/server/commands/SummonCommand;} {} {V}
[15:52:00] [main/DEBUG] [cp.mo.mo.TransformStore/MODLAUNCHER]: Adding transformer net.minecraftforge.coremod.transformer.CoreModClassTransformer@101a461c to Target : CLASS {Lnet/minecraft/world/level/levelgen/structure/structures/OceanRuinPieces$OceanRuinPiece;} {} {V}
[15:52:00] [main/DEBUG] [cp.mo.mo.TransformStore/MODLAUNCHER]: Adding transformer net.minecraftforge.coremod.transformer.CoreModClassTransformer@101a461c to Target : CLASS {Lnet/minecraft/world/entity/monster/Strider;} {} {V}
[15:52:00] [main/DEBUG] [cp.mo.mo.TransformStore/MODLAUNCHER]: Adding transformer net.minecraftforge.coremod.transformer.CoreModClassTransformer@101a461c to Target : CLASS {Lnet/minecraft/world/entity/animal/frog/Tadpole;} {} {V}
[15:52:00] [main/DEBUG] [cp.mo.mo.TransformStore/MODLAUNCHER]: Adding transformer net.minecraftforge.coremod.transformer.CoreModClassTransformer@101a461c to Target : CLASS {Lnet/minecraft/world/entity/raid/Raid;} {} {V}
[15:52:00] [main/DEBUG] [cp.mo.mo.TransformStore/MODLAUNCHER]: Adding transformer net.minecraftforge.coremod.transformer.CoreModClassTransformer@101a461c to Target : CLASS {Lnet/minecraft/world/entity/monster/Zombie;} {} {V}
[15:52:00] [main/DEBUG] [cp.mo.mo.TransformStore/MODLAUNCHER]: Adding transformer net.minecraftforge.coremod.transformer.CoreModClassTransformer@101a461c to Target : CLASS {Lnet/minecraft/world/entity/npc/CatSpawner;} {} {V}
[15:52:00] [main/DEBUG] [cp.mo.mo.TransformStore/MODLAUNCHER]: Adding transformer net.minecraftforge.coremod.transformer.CoreModClassTransformer@101a461c to Target : CLASS {Lnet/minecraft/world/entity/ai/village/VillageSiege;} {} {V}
[15:52:00] [main/DEBUG] [cp.mo.mo.TransformStore/MODLAUNCHER]: Adding transformer net.minecraftforge.coremod.transformer.CoreModClassTransformer@101a461c to Target : CLASS {Lnet/minecraft/world/level/NaturalSpawner;} {} {V}
[15:52:00] [main/DEBUG] [cp.mo.mo.TransformStore/MODLAUNCHER]: Adding transformer net.minecraftforge.coremod.transformer.CoreModClassTransformer@101a461c to Target : CLASS {Lnet/minecraft/world/level/levelgen/structure/structures/WoodlandMansionPieces$WoodlandMansionPiece;} {} {V}
[15:52:00] [main/DEBUG] [cp.mo.mo.TransformStore/MODLAUNCHER]: Adding transformer net.minecraftforge.coremod.transformer.CoreModClassTransformer@101a461c to Target : CLASS {Lnet/minecraft/world/entity/npc/Villager;} {} {V}
[15:52:00] [main/DEBUG] [cp.mo.mo.TransformStore/MODLAUNCHER]: Adding transformer net.minecraftforge.coremod.transformer.CoreModClassTransformer@101a461c to Target : CLASS {Lnet/minecraft/world/level/levelgen/PatrolSpawner;} {} {V}
[15:52:00] [main/DEBUG] [cp.mo.mo.TransformStore/MODLAUNCHER]: Adding transformer net.minecraftforge.coremod.transformer.CoreModClassTransformer@101a461c to Target : CLASS {Lnet/minecraft/world/entity/animal/horse/SkeletonTrapGoal;} {} {V}
[15:52:00] [main/DEBUG] [cp.mo.mo.TransformStore/MODLAUNCHER]: Adding transformer net.minecraftforge.coremod.transformer.CoreModClassTransformer@101a461c to Target : CLASS {Lnet/minecraft/world/level/levelgen/structure/structures/SwampHutPiece;} {} {V}
[15:52:00] [main/DEBUG] [cp.mo.mo.TransformStore/MODLAUNCHER]: Adding transformer net.minecraftforge.coremod.transformer.CoreModClassTransformer@101a461c to Target : CLASS {Lnet/minecraft/world/entity/monster/ZombieVillager;} {} {V}
[15:52:00] [main/DEBUG] [cp.mo.mo.TransformStore/MODLAUNCHER]: Adding transformer net.minecraftforge.coremod.transformer.CoreModClassTransformer@101a461c to Target : CLASS {Lnet/minecraft/server/commands/RaidCommand;} {} {V}
[15:52:00] [main/DEBUG] [cp.mo.mo.TransformStore/MODLAUNCHER]: Adding transformer net.minecraftforge.coremod.transformer.CoreModClassTransformer@101a461c to Target : CLASS {Lnet/minecraft/world/entity/EntityType;} {} {V}
[15:52:00] [main/DEBUG] [cp.mo.mo.TransformationServiceDecorator/MODLAUNCHER]: Initialized transformers for transformation service fml
[15:52:01] [main/DEBUG] [mixin/]: Processing prepare() for PlatformAgent[MixinPlatformAgentDefault:ModLauncher Root Container(ModLauncher:4f56a0a2)]
[15:52:01] [main/DEBUG] [mixin/]: Processing launch tasks for PlatformAgent[MixinPlatformAgentDefault:ModLauncher Root Container(ModLauncher:4f56a0a2)]
[15:52:01] [main/DEBUG] [mixin/]: Adding mixin platform agents for container SecureJarResource(minecraft)
[15:52:01] [main/DEBUG] [mixin/]: Instancing new MixinPlatformAgentMinecraftForge for SecureJarResource(minecraft)
[15:52:01] [main/DEBUG] [mixin/]: MixinPlatformAgentMinecraftForge rejected container SecureJarResource(minecraft)
[15:52:01] [main/DEBUG] [mixin/]: Instancing new MixinPlatformAgentDefault for SecureJarResource(minecraft)
[15:52:01] [main/DEBUG] [mixin/]: MixinPlatformAgentDefault accepted container SecureJarResource(minecraft)
[15:52:01] [main/DEBUG] [mixin/]: Processing prepare() for PlatformAgent[MixinPlatformAgentDefault:SecureJarResource(minecraft)]
[15:52:01] [main/DEBUG] [mixin/]: Adding mixin platform agents for container SecureJarResource(worldedit)
[15:52:01] [main/DEBUG] [mixin/]: Instancing new MixinPlatformAgentMinecraftForge for SecureJarResource(worldedit)
[15:52:01] [main/DEBUG] [mixin/]: MixinPlatformAgentMinecraftForge rejected container SecureJarResource(worldedit)
[15:52:01] [main/DEBUG] [mixin/]: Instancing new MixinPlatformAgentDefault for SecureJarResource(worldedit)
[15:52:01] [main/DEBUG] [mixin/]: MixinPlatformAgentDefault accepted container SecureJarResource(worldedit)
[15:52:01] [main/DEBUG] [mixin/]: Processing prepare() for PlatformAgent[MixinPlatformAgentDefault:SecureJarResource(worldedit)]
[15:52:01] [main/DEBUG] [mixin/]: Adding mixin platform agents for container SecureJarResource(architectury)
[15:52:01] [main/DEBUG] [mixin/]: Instancing new MixinPlatformAgentMinecraftForge for SecureJarResource(architectury)
[15:52:01] [main/DEBUG] [mixin/]: MixinPlatformAgentMinecraftForge rejected container SecureJarResource(architectury)
[15:52:01] [main/DEBUG] [mixin/]: Instancing new MixinPlatformAgentDefault for SecureJarResource(architectury)
[15:52:01] [main/DEBUG] [mixin/]: MixinPlatformAgentDefault accepted container SecureJarResource(architectury)
[15:52:01] [main/DEBUG] [mixin/]: Processing prepare() for PlatformAgent[MixinPlatformAgentDefault:SecureJarResource(architectury)]
[15:52:01] [main/DEBUG] [mixin/]: Registering mixin config: architectury.mixins.json
[15:52:01] [main/DEBUG] [mixin/]: Registering mixin config: architectury-common.mixins.json
[15:52:01] [main/DEBUG] [mixin/]: Adding mixin platform agents for container SecureJarResource(cloth_config)
[15:52:01] [main/DEBUG] [mixin/]: Instancing new MixinPlatformAgentMinecraftForge for SecureJarResource(cloth_config)
[15:52:01] [main/DEBUG] [mixin/]: MixinPlatformAgentMinecraftForge rejected container SecureJarResource(cloth_config)
[15:52:01] [main/DEBUG] [mixin/]: Instancing new MixinPlatformAgentDefault for SecureJarResource(cloth_config)
[15:52:01] [main/DEBUG] [mixin/]: MixinPlatformAgentDefault accepted container SecureJarResource(cloth_config)
[15:52:01] [main/DEBUG] [mixin/]: Processing prepare() for PlatformAgent[MixinPlatformAgentDefault:SecureJarResource(cloth_config)]
[15:52:01] [main/DEBUG] [mixin/]: Adding mixin platform agents for container SecureJarResource(forge)
[15:52:01] [main/DEBUG] [mixin/]: Instancing new MixinPlatformAgentMinecraftForge for SecureJarResource(forge)
[15:52:01] [main/DEBUG] [mixin/]: MixinPlatformAgentMinecraftForge rejected container SecureJarResource(forge)
[15:52:01] [main/DEBUG] [mixin/]: Instancing new MixinPlatformAgentDefault for SecureJarResource(forge)
[15:52:01] [main/DEBUG] [mixin/]: MixinPlatformAgentDefault accepted container SecureJarResource(forge)
[15:52:01] [main/DEBUG] [mixin/]: Processing prepare() for PlatformAgent[MixinPlatformAgentDefault:SecureJarResource(forge)]
[15:52:01] [main/DEBUG] [mixin/]: Adding mixin platform agents for container SecureJarResource(t_and_t)
[15:52:01] [main/DEBUG] [mixin/]: Instancing new MixinPlatformAgentMinecraftForge for SecureJarResource(t_and_t)
[15:52:01] [main/DEBUG] [mixin/]: MixinPlatformAgentMinecraftForge rejected container SecureJarResource(t_and_t)
[15:52:01] [main/DEBUG] [mixin/]: Instancing new MixinPlatformAgentDefault for SecureJarResource(t_and_t)
[15:52:01] [main/DEBUG] [mixin/]: MixinPlatformAgentDefault accepted container SecureJarResource(t_and_t)
[15:52:01] [main/DEBUG] [mixin/]: Processing prepare() for PlatformAgent[MixinPlatformAgentDefault:SecureJarResource(t_and_t)]
[15:52:01] [main/DEBUG] [mixin/]: Adding mixin platform agents for container SecureJarResource(mr_trek)
[15:52:01] [main/DEBUG] [mixin/]: Instancing new MixinPlatformAgentMinecraftForge for SecureJarResource(mr_trek)
[15:52:01] [main/DEBUG] [mixin/]: MixinPlatformAgentMinecraftForge rejected container SecureJarResource(mr_trek)
[15:52:01] [main/DEBUG] [mixin/]: Instancing new MixinPlatformAgentDefault for SecureJarResource(mr_trek)
[15:52:01] [main/DEBUG] [mixin/]: MixinPlatformAgentDefault accepted container SecureJarResource(mr_trek)
[15:52:01] [main/DEBUG] [mixin/]: Processing prepare() for PlatformAgent[MixinPlatformAgentDefault:SecureJarResource(mr_trek)]
[15:52:01] [main/DEBUG] [mixin/]: Adding mixin platform agents for container SecureJarResource(roadweaver)
[15:52:01] [main/DEBUG] [mixin/]: Instancing new MixinPlatformAgentMinecraftForge for SecureJarResource(roadweaver)
[15:52:01] [main/DEBUG] [mixin/]: MixinPlatformAgentMinecraftForge rejected container SecureJarResource(roadweaver)
[15:52:01] [main/DEBUG] [mixin/]: Instancing new MixinPlatformAgentDefault for SecureJarResource(roadweaver)
[15:52:01] [main/DEBUG] [mixin/]: MixinPlatformAgentDefault accepted container SecureJarResource(roadweaver)
[15:52:01] [main/DEBUG] [mixin/]: Processing prepare() for PlatformAgent[MixinPlatformAgentDefault:SecureJarResource(roadweaver)]
[15:52:01] [main/DEBUG] [mixin/]: Registering mixin config: roadweaver.mixins.json
[15:52:01] [main/DEBUG] [mixin/]: Compatibility level JAVA_17 specified by roadweaver.mixins.json is higher than the maximum level supported by this version of mixin (JAVA_13).
[15:52:01] [main/INFO] [mixin/]: Compatibility level set to JAVA_17
[15:52:01] [main/DEBUG] [mixin/]: Adding mixin platform agents for container SecureJarResource(geomantia)
[15:52:01] [main/DEBUG] [mixin/]: Instancing new MixinPlatformAgentMinecraftForge for SecureJarResource(geomantia)
[15:52:01] [main/DEBUG] [mixin/]: MixinPlatformAgentMinecraftForge rejected container SecureJarResource(geomantia)
[15:52:01] [main/DEBUG] [mixin/]: Instancing new MixinPlatformAgentDefault for SecureJarResource(geomantia)
[15:52:01] [main/DEBUG] [mixin/]: MixinPlatformAgentDefault accepted container SecureJarResource(geomantia)
[15:52:01] [main/DEBUG] [mixin/]: Processing prepare() for PlatformAgent[MixinPlatformAgentDefault:SecureJarResource(geomantia)]
[15:52:01] [main/DEBUG] [mixin/]: Registering mixin config: geomantia.mixins.json
[15:52:01] [main/DEBUG] [mixin/]: Adding mixin platform agents for container SecureJarResource(cristellib)
[15:52:01] [main/DEBUG] [mixin/]: Instancing new MixinPlatformAgentMinecraftForge for SecureJarResource(cristellib)
[15:52:01] [main/DEBUG] [mixin/]: MixinPlatformAgentMinecraftForge rejected container SecureJarResource(cristellib)
[15:52:01] [main/DEBUG] [mixin/]: Instancing new MixinPlatformAgentDefault for SecureJarResource(cristellib)
[15:52:01] [main/DEBUG] [mixin/]: MixinPlatformAgentDefault accepted container SecureJarResource(cristellib)
[15:52:01] [main/DEBUG] [mixin/]: Processing prepare() for PlatformAgent[MixinPlatformAgentDefault:SecureJarResource(cristellib)]
[15:52:01] [main/DEBUG] [mixin/]: Registering mixin config: cristellib-common.mixins.json
[15:52:01] [main/DEBUG] [mixin/]: Registering mixin config: cristellib.mixins.json
[15:52:01] [main/DEBUG] [mixin/]: Adding mixin platform agents for container SecureJarResource(reterraforged)
[15:52:01] [main/DEBUG] [mixin/]: Instancing new MixinPlatformAgentMinecraftForge for SecureJarResource(reterraforged)
[15:52:01] [main/DEBUG] [mixin/]: MixinPlatformAgentMinecraftForge rejected container SecureJarResource(reterraforged)
[15:52:01] [main/DEBUG] [mixin/]: Instancing new MixinPlatformAgentDefault for SecureJarResource(reterraforged)
[15:52:01] [main/DEBUG] [mixin/]: MixinPlatformAgentDefault accepted container SecureJarResource(reterraforged)
[15:52:01] [main/DEBUG] [mixin/]: Processing prepare() for PlatformAgent[MixinPlatformAgentDefault:SecureJarResource(reterraforged)]
[15:52:01] [main/DEBUG] [mixin/]: Registering mixin config: reterraforged-common.mixins.json
[15:52:01] [main/DEBUG] [mixin/]: Registering mixin config: reterraforged-forge.mixins.json
[15:52:01] [main/DEBUG] [mixin/]: Adding mixin platform agents for container SecureJarResource(jankson)
[15:52:01] [main/DEBUG] [mixin/]: Instancing new MixinPlatformAgentMinecraftForge for SecureJarResource(jankson)
[15:52:01] [main/DEBUG] [mixin/]: MixinPlatformAgentMinecraftForge rejected container SecureJarResource(jankson)
[15:52:01] [main/DEBUG] [mixin/]: Instancing new MixinPlatformAgentDefault for SecureJarResource(jankson)
[15:52:01] [main/DEBUG] [mixin/]: MixinPlatformAgentDefault accepted container SecureJarResource(jankson)
[15:52:01] [main/DEBUG] [mixin/]: Processing prepare() for PlatformAgent[MixinPlatformAgentDefault:SecureJarResource(jankson)]
[15:52:01] [main/DEBUG] [mixin/]: Adding mixin platform agents for container SecureJarResource(org.lwjgl.opencl)
[15:52:01] [main/DEBUG] [mixin/]: Instancing new MixinPlatformAgentMinecraftForge for SecureJarResource(org.lwjgl.opencl)
[15:52:01] [main/DEBUG] [mixin/]: MixinPlatformAgentMinecraftForge rejected container SecureJarResource(org.lwjgl.opencl)
[15:52:01] [main/DEBUG] [mixin/]: Instancing new MixinPlatformAgentDefault for SecureJarResource(org.lwjgl.opencl)
[15:52:01] [main/DEBUG] [mixin/]: MixinPlatformAgentDefault accepted container SecureJarResource(org.lwjgl.opencl)
[15:52:01] [main/DEBUG] [mixin/]: Processing prepare() for PlatformAgent[MixinPlatformAgentDefault:SecureJarResource(org.lwjgl.opencl)]
[15:52:01] [main/DEBUG] [mixin/]: inject() running with 14 agents
[15:52:01] [main/DEBUG] [mixin/]: Processing inject() for PlatformAgent[MixinPlatformAgentDefault:ModLauncher Root Container(ModLauncher:4f56a0a2)]
[15:52:01] [main/DEBUG] [mixin/]: Processing inject() for PlatformAgent[MixinPlatformAgentDefault:SecureJarResource(minecraft)]
[15:52:01] [main/DEBUG] [mixin/]: Processing inject() for PlatformAgent[MixinPlatformAgentDefault:SecureJarResource(worldedit)]
[15:52:01] [main/DEBUG] [mixin/]: Processing inject() for PlatformAgent[MixinPlatformAgentDefault:SecureJarResource(architectury)]
[15:52:01] [main/DEBUG] [mixin/]: Processing inject() for PlatformAgent[MixinPlatformAgentDefault:SecureJarResource(cloth_config)]
[15:52:01] [main/DEBUG] [mixin/]: Processing inject() for PlatformAgent[MixinPlatformAgentDefault:SecureJarResource(forge)]
[15:52:01] [main/DEBUG] [mixin/]: Processing inject() for PlatformAgent[MixinPlatformAgentDefault:SecureJarResource(t_and_t)]
[15:52:01] [main/DEBUG] [mixin/]: Processing inject() for PlatformAgent[MixinPlatformAgentDefault:SecureJarResource(mr_trek)]
[15:52:01] [main/DEBUG] [mixin/]: Processing inject() for PlatformAgent[MixinPlatformAgentDefault:SecureJarResource(roadweaver)]
[15:52:01] [main/DEBUG] [mixin/]: Processing inject() for PlatformAgent[MixinPlatformAgentDefault:SecureJarResource(geomantia)]
[15:52:01] [main/DEBUG] [mixin/]: Processing inject() for PlatformAgent[MixinPlatformAgentDefault:SecureJarResource(cristellib)]
[15:52:01] [main/DEBUG] [mixin/]: Processing inject() for PlatformAgent[MixinPlatformAgentDefault:SecureJarResource(reterraforged)]
[15:52:01] [main/DEBUG] [mixin/]: Processing inject() for PlatformAgent[MixinPlatformAgentDefault:SecureJarResource(jankson)]
[15:52:01] [main/DEBUG] [mixin/]: Processing inject() for PlatformAgent[MixinPlatformAgentDefault:SecureJarResource(org.lwjgl.opencl)]
[15:52:01] [main/INFO] [cp.mo.mo.LaunchServiceHandler/MODLAUNCHER]: Launching target 'forgeclientuserdev' with arguments [--version, MOD_DEV, --gameDir, ., --assetsDir, C:\Users\Rinsing\.gradle\caches\forge_gradle\assets, --assetIndex, 5]
[15:52:01] [main/DEBUG] [mixin/]: Error cleaning class output directory: .mixin.out
[15:52:01] [main/DEBUG] [mixin/]: Preparing mixins for MixinEnvironment[DEFAULT]
[15:52:01] [main/DEBUG] [mixin/]: Selecting config architectury.mixins.json
[15:52:01] [main/INFO] [mixin/]: Remapping refMap architectury-forge-refmap.json using E:\Mod_Dev\StructureBinder\build/createSrgToMcp/output.srg
[15:52:01] [main/DEBUG] [mixin/]: Selecting config architectury-common.mixins.json
[15:52:01] [main/INFO] [mixin/]: Remapping refMap architectury-common-refmap.json using E:\Mod_Dev\StructureBinder\build/createSrgToMcp/output.srg
[15:52:01] [main/DEBUG] [mixin/]: Selecting config roadweaver.mixins.json
[15:52:01] [main/INFO] [mixin/]: Remapping refMap roadweaver-forge-forge-refmap.json using E:\Mod_Dev\StructureBinder\build/createSrgToMcp/output.srg
[15:52:01] [main/DEBUG] [mixin/]: Selecting config geomantia.mixins.json
[15:52:01] [main/DEBUG] [mixin/]: Selecting config cristellib-common.mixins.json
[15:52:01] [main/INFO] [mixin/]: Remapping refMap cristellib-common-refmap.json using E:\Mod_Dev\StructureBinder\build/createSrgToMcp/output.srg
[15:52:01] [main/DEBUG] [mixin/]: Selecting config cristellib.mixins.json
[15:52:01] [main/WARN] [mixin/]: Reference map 'cristellib-forge-refmap.json' for cristellib.mixins.json could not be read. If this is a development environment you can ignore this message
[15:52:01] [main/DEBUG] [mixin/]: Selecting config reterraforged-common.mixins.json
[15:52:01] [main/INFO] [ReTerraForged/]: Disabling Terrablender compat
[15:52:01] [main/INFO] [mixin/]: Remapping refMap reterraforged-common-refmap.json using E:\Mod_Dev\StructureBinder\build/createSrgToMcp/output.srg
[15:52:01] [main/DEBUG] [mixin/]: Selecting config reterraforged-forge.mixins.json
[15:52:01] [main/INFO] [mixin/]: Remapping refMap reterraforged-forge-refmap.json using E:\Mod_Dev\StructureBinder\build/createSrgToMcp/output.srg
[15:52:01] [main/DEBUG] [mixin/]: Preparing architectury.mixins.json (9)
[15:52:01] [main/DEBUG] [mixin/]: Preparing architectury-common.mixins.json (10)
[15:52:01] [main/DEBUG] [ne.mi.co.tr.CoreModBaseTransformer/COREMOD]: Transforming net/minecraft/world/item/BucketItem
[15:52:01] [main/DEBUG] [ne.mi.co.tr.CoreModBaseTransformer/COREMOD]: Transforming net/minecraft/world/entity/EntityType
[15:52:02] [main/DEBUG] [ne.mi.co.tr.CoreModBaseTransformer/COREMOD]: Transforming net/minecraft/world/level/block/LiquidBlock
[15:52:02] [main/DEBUG] [mixin/]: Preparing roadweaver.mixins.json (17)
[15:52:02] [main/DEBUG] [ne.mi.co.tr.CoreModBaseTransformer/COREMOD]: Transforming net/minecraft/world/level/biome/Biome
[15:52:02] [main/DEBUG] [mixin/]: Preparing geomantia.mixins.json (4)
[15:52:02] [main/DEBUG] [mixin/]: Preparing cristellib-common.mixins.json (1)
[15:52:02] [main/DEBUG] [mixin/]: Preparing cristellib.mixins.json (0)
[15:52:02] [main/DEBUG] [mixin/]: Preparing reterraforged-common.mixins.json (12)
[15:52:02] [main/DEBUG] [ne.mi.co.tr.CoreModBaseTransformer/COREMOD]: Transforming net/minecraft/world/level/levelgen/structure/Structure
[15:52:02] [main/DEBUG] [mixin/]: Preparing reterraforged-forge.mixins.json (4)
[15:52:02] [main/DEBUG] [mixin/]: Registering new injector for @Inject with org.spongepowered.asm.mixin.injection.struct.CallbackInjectionInfo
[15:52:02] [main/DEBUG] [mixin/]: Registering new injector for @ModifyArg with org.spongepowered.asm.mixin.injection.struct.ModifyArgInjectionInfo
[15:52:02] [main/DEBUG] [mixin/]: Registering new injector for @ModifyArgs with org.spongepowered.asm.mixin.injection.struct.ModifyArgsInjectionInfo
[15:52:02] [main/DEBUG] [mixin/]: Registering new injector for @Redirect with org.spongepowered.asm.mixin.injection.struct.RedirectInjectionInfo
[15:52:02] [main/DEBUG] [mixin/]: Registering new injector for @ModifyVariable with org.spongepowered.asm.mixin.injection.struct.ModifyVariableInjectionInfo
[15:52:02] [main/DEBUG] [mixin/]: Registering new injector for @ModifyConstant with org.spongepowered.asm.mixin.injection.struct.ModifyConstantInjectionInfo
[15:52:02] [main/DEBUG] [mixin/]: Inner class raccoonman/reterraforged/mixin/MixinRandomState$1 in raccoonman/reterraforged/mixin/MixinRandomState on net/minecraft/world/level/levelgen/RandomState gets unique name net/minecraft/world/level/levelgen/RandomState$Anonymous$93e9966eb83f4ba090390e93eb3defbc
[15:52:02] [main/DEBUG] [mixin/]: Prepared 50 mixins in 0.647 sec (12.9ms avg) (0ms load, 0ms transform, 0ms plugin)
[15:52:02] [main/DEBUG] [io.ne.ut.in.lo.InternalLoggerFactory/]: Using SLF4J as the default logging framework
[15:52:02] [main/DEBUG] [io.ne.ut.ResourceLeakDetector/]: -Dio.netty.leakDetection.level: simple
[15:52:02] [main/DEBUG] [io.ne.ut.ResourceLeakDetector/]: -Dio.netty.leakDetection.targetRecords: 4
[15:52:02] [main/DEBUG] [mixin/]: Mixing MixinUtil from reterraforged-common.mixins.json into net.minecraft.Util
[15:52:02] [main/DEBUG] [os.ut.FileUtil/]: No oshi.properties file found from ClassLoader cpw.mods.modlauncher.TransformingClassLoader@3a1706e1
[15:52:03] [main/DEBUG] [os.ut.FileUtil/]: No oshi.architecture.properties file found from ClassLoader cpw.mods.modlauncher.TransformingClassLoader@3a1706e1
[15:52:03] [main/WARN] [os.dr.wi.pe.PerfmonDisabled/]: Invalid registry value type detected for PerfOS counters. Should be REG_DWORD. Ignoring: HKEY_LOCAL_MACHINE\SYSTEM\CurrentControlSet\Services\PerfOS\Performance\Disable Performance Counters.
[15:52:03] [pool-3-thread-1/DEBUG] [mixin/]: Mixing inject.MixinGameEvent from architectury-common.mixins.json into net.minecraft.world.level.gameevent.GameEvent
[15:52:03] [pool-3-thread-1/DEBUG] [mixin/]: Mixing inject.MixinBlock from architectury-common.mixins.json into net.minecraft.world.level.block.Block
[15:52:03] [pool-3-thread-1/DEBUG] [mixin/]: Mixing forge.ServerLevelStructureMixin from roadweaver.mixins.json into net.minecraft.server.level.ServerLevel
[15:52:03] [pool-3-thread-1/DEBUG] [mixin/]: Mixing inject.MixinFluid from architectury-common.mixins.json into net.minecraft.world.level.material.Fluid
[15:52:03] [pool-3-thread-1/DEBUG] [mixin/]: Mixing inject.MixinItem from architectury-common.mixins.json into net.minecraft.world.item.Item
[15:52:03] [pool-3-thread-1/DEBUG] [ne.mi.co.tr.CoreModBaseTransformer/COREMOD]: Transforming net/minecraft/world/entity/EntityType
[15:52:03] [pool-3-thread-1/DEBUG] [mixin/]: Mixing inject.MixinEntityType from architectury-common.mixins.json into net.minecraft.world.entity.EntityType
[15:52:03] [pool-3-thread-1/DEBUG] [mixin/]: Mixing MixinChunkStatus from reterraforged-forge.mixins.json into net.minecraft.world.level.chunk.ChunkStatus
[15:52:04] [pool-3-thread-1/DEBUG] [ne.mi.co.tr.CoreModBaseTransformer/COREMOD]: Transforming net/minecraft/world/level/block/LiquidBlock
[15:52:04] [pool-3-thread-1/DEBUG] [mixin/]: Mixing inject.MixinLiquidBlock from architectury-common.mixins.json into net.minecraft.world.level.block.LiquidBlock
[15:52:04] [pool-3-thread-1/DEBUG] [ne.mi.co.tr.CoreModBaseTransformer/COREMOD]: Transforming net/minecraft/world/level/block/StairBlock
[15:52:04] [pool-3-thread-1/DEBUG] [ne.mi.co.tr.CoreModBaseTransformer/COREMOD]: Transforming net/minecraft/world/level/block/FlowerPotBlock
[15:52:04] [pool-3-thread-1/DEBUG] [mixin/]: Mixing MixinFallingBlockEntity from architectury.mixins.json into net.minecraft.world.entity.item.FallingBlockEntity
[15:52:04] [pool-3-thread-1/DEBUG] [ne.mi.co.tr.CoreModBaseTransformer/COREMOD]: Transforming net/minecraft/world/item/ItemStack
[15:52:04] [pool-3-thread-1/DEBUG] [mixin/]: Mixing MixinLightningBolt from architectury-common.mixins.json into net.minecraft.world.entity.LightningBolt
[15:52:05] [pool-3-thread-1/DEBUG] [ne.mi.co.tr.CoreModBaseTransformer/COREMOD]: Transforming net/minecraft/world/entity/animal/frog/Tadpole
[15:52:05] [pool-3-thread-1/DEBUG] [ne.mi.co.tr.CoreModBaseTransformer/COREMOD]: Transforming net/minecraft/world/item/BucketItem
[15:52:05] [pool-3-thread-1/DEBUG] [mixin/]: Mixing inject.MixinBucketItem from architectury-common.mixins.json into net.minecraft.world.item.BucketItem
[15:52:05] [pool-3-thread-1/DEBUG] [mixin/]: Mixing inject.MixinItemProperties from architectury-common.mixins.json into net.minecraft.world.item.Item$Properties
[15:52:05] [pool-3-thread-1/DEBUG] [ne.mi.co.tr.CoreModBaseTransformer/COREMOD]: Transforming net/minecraft/world/entity/monster/Spider
[15:52:05] [Datafixer Bootstrap/INFO] [mojang/DataFixerBuilder]: 188 Datafixer optimizations took 130 milliseconds
[15:52:05] [pool-3-thread-1/DEBUG] [ne.mi.co.tr.CoreModBaseTransformer/COREMOD]: Transforming net/minecraft/world/entity/monster/Zombie
[15:52:05] [pool-3-thread-1/DEBUG] [ne.mi.co.tr.CoreModBaseTransformer/COREMOD]: Transforming net/minecraft/world/entity/monster/ZombieVillager
[15:52:06] [pool-3-thread-1/DEBUG] [ne.mi.co.tr.CoreModBaseTransformer/COREMOD]: Transforming net/minecraft/world/entity/monster/Evoker$EvokerSummonSpellGoal
[15:52:06] [pool-3-thread-1/DEBUG] [ne.mi.co.tr.CoreModBaseTransformer/COREMOD]: Transforming net/minecraft/world/entity/animal/horse/SkeletonTrapGoal
[15:52:06] [pool-3-thread-1/DEBUG] [ne.mi.co.tr.CoreModBaseTransformer/COREMOD]: Transforming net/minecraft/world/entity/monster/Strider
[15:52:06] [pool-3-thread-1/DEBUG] [ne.mi.co.tr.CoreModBaseTransformer/COREMOD]: Transforming net/minecraft/world/entity/npc/Villager
[15:52:06] [pool-3-thread-1/DEBUG] [mixin/]: Mixing inject.MixinFoodPropertiesBuilder from architectury-common.mixins.json into net.minecraft.world.food.FoodProperties$Builder
[15:52:06] [pool-3-thread-1/DEBUG] [ne.mi.co.tr.CoreModBaseTransformer/COREMOD]: Transforming net/minecraft/world/effect/MobEffectInstance
[15:52:06] [pool-3-thread-1/DEBUG] [mixin/]: Mixing ChunkGeneratorStructureMaskMixin from geomantia.mixins.json into net.minecraft.world.level.chunk.ChunkGenerator
[15:52:06] [pool-3-thread-1/DEBUG] [mixin/]: Mixing forge.TreeFeatureMixin from roadweaver.mixins.json into net.minecraft.world.level.levelgen.feature.TreeFeature
[15:52:06] [pool-3-thread-1/DEBUG] [mixin/]: Mixing forge.HugeMushroomFeatureMixin from roadweaver.mixins.json into net.minecraft.world.level.levelgen.feature.AbstractHugeMushroomFeature
[15:52:06] [pool-3-thread-1/DEBUG] [mixin/]: Mixing forge.BambooFeatureMixin from roadweaver.mixins.json into net.minecraft.world.level.levelgen.feature.BambooFeature
[15:52:06] [pool-3-thread-1/DEBUG] [mixin/]: Mixing forge.HugeFungusFeatureMixin from roadweaver.mixins.json into net.minecraft.world.level.levelgen.feature.HugeFungusFeature
[15:52:06] [pool-3-thread-1/DEBUG] [mixin/]: Mixing forge.GenericVegetationFeatureMixin from roadweaver.mixins.json into net.minecraft.world.level.levelgen.feature.ConfiguredFeature
[15:52:06] [pool-3-thread-1/DEBUG] [mixin/]: Mixing ConfiguredFeatureMaskMixin from geomantia.mixins.json into net.minecraft.world.level.levelgen.feature.ConfiguredFeature
[15:52:06] [pool-3-thread-1/DEBUG] [ne.mi.co.tr.CoreModBaseTransformer/COREMOD]: Transforming net/minecraft/world/level/levelgen/structure/Structure
[15:52:06] [pool-3-thread-1/DEBUG] [mixin/]: Mixing MixinStructure from reterraforged-common.mixins.json into net.minecraft.world.level.levelgen.structure.Structure
[15:52:06] [pool-3-thread-1/DEBUG] [ne.mi.co.tr.CoreModBaseTransformer/COREMOD]: Transforming net/minecraft/world/level/levelgen/structure/structures/OceanRuinPieces$OceanRuinPiece
[15:52:06] [pool-3-thread-1/DEBUG] [ne.mi.co.tr.CoreModBaseTransformer/COREMOD]: Transforming net/minecraft/world/level/levelgen/structure/structures/SwampHutPiece
[15:52:06] [pool-3-thread-1/DEBUG] [ne.mi.co.tr.CoreModBaseTransformer/COREMOD]: Transforming net/minecraft/world/level/levelgen/structure/structures/OceanMonumentPieces$OceanMonumentPiece
[15:52:06] [pool-3-thread-1/DEBUG] [ne.mi.co.tr.CoreModBaseTransformer/COREMOD]: Transforming net/minecraft/world/level/levelgen/structure/structures/WoodlandMansionPieces$WoodlandMansionPiece
[15:52:07] [pool-3-thread-1/DEBUG] [ne.mi.co.tr.CoreModBaseTransformer/COREMOD]: Transforming net/minecraft/world/level/biome/Biome
[15:52:07] [pool-3-thread-1/DEBUG] [mixin/]: Mixing forge.BiomeGrassColorFailSafeMixin from roadweaver.mixins.json into net.minecraft.world.level.biome.Biome
[15:52:07] [pool-3-thread-1/DEBUG] [mixin/]: Mixing MixinBiomeGenerationSettings from reterraforged-common.mixins.json into net.minecraft.world.level.biome.BiomeGenerationSettings
[15:52:07] [pool-3-thread-1/DEBUG] [ne.mi.re.GameData/REGISTRIES]: Creating vanilla freeze snapshot
[15:52:07] [pool-3-thread-1/DEBUG] [ne.mi.re.ForgeRegistry/REGISTRIES]: Registry minecraft:block Sync: VANILLA -> ACTIVE
[15:52:07] [pool-3-thread-1/DEBUG] [ne.mi.re.ForgeRegistry/REGISTRIES]: Registry minecraft:fluid Sync: VANILLA -> ACTIVE
[15:52:07] [pool-3-thread-1/DEBUG] [ne.mi.re.ForgeRegistry/REGISTRIES]: Registry minecraft:item Sync: VANILLA -> ACTIVE
[15:52:07] [pool-3-thread-1/DEBUG] [ne.mi.re.ForgeRegistry/REGISTRIES]: Registry minecraft:mob_effect Sync: VANILLA -> ACTIVE
[15:52:07] [pool-3-thread-1/DEBUG] [ne.mi.re.ForgeRegistry/REGISTRIES]: Registry minecraft:sound_event Sync: VANILLA -> ACTIVE
[15:52:07] [pool-3-thread-1/DEBUG] [ne.mi.re.ForgeRegistry/REGISTRIES]: Registry minecraft:potion Sync: VANILLA -> ACTIVE
[15:52:07] [pool-3-thread-1/DEBUG] [ne.mi.re.ForgeRegistry/REGISTRIES]: Registry minecraft:enchantment Sync: VANILLA -> ACTIVE
[15:52:07] [pool-3-thread-1/DEBUG] [ne.mi.re.ForgeRegistry/REGISTRIES]: Registry minecraft:entity_type Sync: VANILLA -> ACTIVE
[15:52:07] [pool-3-thread-1/DEBUG] [ne.mi.re.ForgeRegistry/REGISTRIES]: Registry minecraft:block_entity_type Sync: VANILLA -> ACTIVE
[15:52:07] [pool-3-thread-1/DEBUG] [ne.mi.re.ForgeRegistry/REGISTRIES]: Registry minecraft:particle_type Sync: VANILLA -> ACTIVE
[15:52:07] [pool-3-thread-1/DEBUG] [ne.mi.re.ForgeRegistry/REGISTRIES]: Registry minecraft:menu Sync: VANILLA -> ACTIVE
[15:52:07] [pool-3-thread-1/DEBUG] [ne.mi.re.ForgeRegistry/REGISTRIES]: Registry minecraft:painting_variant Sync: VANILLA -> ACTIVE
[15:52:07] [pool-3-thread-1/DEBUG] [ne.mi.re.ForgeRegistry/REGISTRIES]: Registry minecraft:recipe_type Sync: VANILLA -> ACTIVE
[15:52:07] [pool-3-thread-1/DEBUG] [ne.mi.re.ForgeRegistry/REGISTRIES]: Registry minecraft:recipe_serializer Sync: VANILLA -> ACTIVE
[15:52:07] [pool-3-thread-1/DEBUG] [ne.mi.re.ForgeRegistry/REGISTRIES]: Registry minecraft:attribute Sync: VANILLA -> ACTIVE
[15:52:07] [pool-3-thread-1/DEBUG] [ne.mi.re.ForgeRegistry/REGISTRIES]: Registry minecraft:stat_type Sync: VANILLA -> ACTIVE
[15:52:07] [pool-3-thread-1/DEBUG] [ne.mi.re.ForgeRegistry/REGISTRIES]: Registry minecraft:command_argument_type Sync: VANILLA -> ACTIVE
[15:52:07] [pool-3-thread-1/DEBUG] [ne.mi.re.ForgeRegistry/REGISTRIES]: Registry minecraft:villager_profession Sync: VANILLA -> ACTIVE
[15:52:07] [pool-3-thread-1/DEBUG] [ne.mi.re.ForgeRegistry/REGISTRIES]: Registry minecraft:point_of_interest_type Sync: VANILLA -> ACTIVE
[15:52:07] [pool-3-thread-1/DEBUG] [ne.mi.re.ForgeRegistry/REGISTRIES]: Registry minecraft:memory_module_type Sync: VANILLA -> ACTIVE
[15:52:07] [pool-3-thread-1/DEBUG] [ne.mi.re.ForgeRegistry/REGISTRIES]: Registry minecraft:sensor_type Sync: VANILLA -> ACTIVE
[15:52:07] [pool-3-thread-1/DEBUG] [ne.mi.re.ForgeRegistry/REGISTRIES]: Registry minecraft:schedule Sync: VANILLA -> ACTIVE
[15:52:07] [pool-3-thread-1/DEBUG] [ne.mi.re.ForgeRegistry/REGISTRIES]: Registry minecraft:activity Sync: VANILLA -> ACTIVE
[15:52:07] [pool-3-thread-1/DEBUG] [ne.mi.re.ForgeRegistry/REGISTRIES]: Registry minecraft:worldgen/carver Sync: VANILLA -> ACTIVE
[15:52:07] [pool-3-thread-1/DEBUG] [ne.mi.re.ForgeRegistry/REGISTRIES]: Registry minecraft:worldgen/feature Sync: VANILLA -> ACTIVE
[15:52:07] [pool-3-thread-1/DEBUG] [ne.mi.re.ForgeRegistry/REGISTRIES]: Registry minecraft:chunk_status Sync: VANILLA -> ACTIVE
[15:52:07] [pool-3-thread-1/DEBUG] [ne.mi.re.ForgeRegistry/REGISTRIES]: Registry minecraft:worldgen/block_state_provider_type Sync: VANILLA -> ACTIVE
[15:52:07] [pool-3-thread-1/DEBUG] [ne.mi.re.ForgeRegistry/REGISTRIES]: Registry minecraft:worldgen/foliage_placer_type Sync: VANILLA -> ACTIVE
[15:52:07] [pool-3-thread-1/DEBUG] [ne.mi.re.ForgeRegistry/REGISTRIES]: Registry minecraft:worldgen/tree_decorator_type Sync: VANILLA -> ACTIVE
[15:52:07] [pool-3-thread-1/DEBUG] [ne.mi.re.ForgeRegistry/REGISTRIES]: Registry minecraft:worldgen/biome Sync: VANILLA -> ACTIVE
[15:52:07] [pool-3-thread-1/DEBUG] [ne.mi.re.GameData/REGISTRIES]: Vanilla freeze snapshot created
[15:52:07] [pool-3-thread-1/DEBUG] [io.ne.ut.in.PlatformDependent0/]: -Dio.netty.noUnsafe: false
[15:52:07] [pool-3-thread-1/DEBUG] [io.ne.ut.in.PlatformDependent0/]: Java version: 17
[15:52:07] [pool-3-thread-1/DEBUG] [io.ne.ut.in.PlatformDependent0/]: sun.misc.Unsafe.theUnsafe: available
[15:52:07] [pool-3-thread-1/DEBUG] [io.ne.ut.in.PlatformDependent0/]: sun.misc.Unsafe.copyMemory: available
[15:52:07] [pool-3-thread-1/DEBUG] [io.ne.ut.in.PlatformDependent0/]: sun.misc.Unsafe.storeFence: available
[15:52:07] [pool-3-thread-1/DEBUG] [io.ne.ut.in.PlatformDependent0/]: java.nio.Buffer.address: available
[15:52:07] [pool-3-thread-1/DEBUG] [io.ne.ut.in.PlatformDependent0/]: direct buffer constructor: unavailable
java.lang.UnsupportedOperationException: Reflective setAccessible(true) disabled
	at io.netty.util.internal.ReflectionUtil.trySetAccessible(ReflectionUtil.java:31) ~[netty-common-4.1.82.Final.jar%23151!/:4.1.82.Final] {}
	at io.netty.util.internal.PlatformDependent0$5.run(PlatformDependent0.java:288) ~[netty-common-4.1.82.Final.jar%23151!/:4.1.82.Final] {}
	at java.security.AccessController.doPrivileged(AccessController.java:318) ~[?:?] {}
	at io.netty.util.internal.PlatformDependent0.<clinit>(PlatformDependent0.java:282) ~[netty-common-4.1.82.Final.jar%23151!/:4.1.82.Final] {}
	at io.netty.util.internal.PlatformDependent.isAndroid(PlatformDependent.java:333) ~[netty-common-4.1.82.Final.jar%23151!/:4.1.82.Final] {}
	at io.netty.util.internal.PlatformDependent.<clinit>(PlatformDependent.java:88) ~[netty-common-4.1.82.Final.jar%23151!/:4.1.82.Final] {}
	at io.netty.util.ConstantPool.<init>(ConstantPool.java:34) ~[netty-common-4.1.82.Final.jar%23151!/:4.1.82.Final] {}
	at io.netty.util.AttributeKey$1.<init>(AttributeKey.java:27) ~[netty-common-4.1.82.Final.jar%23151!/:4.1.82.Final] {}
	at io.netty.util.AttributeKey.<clinit>(AttributeKey.java:27) ~[netty-common-4.1.82.Final.jar%23151!/:4.1.82.Final] {}
	at net.minecraftforge.network.NetworkConstants.<clinit>(NetworkConstants.java:34) ~[forge-1.20.1-47.4.0_mapped_official_1.20.1-recomp.jar%23190%23197!/:?] {re:classloading}
	at net.minecraftforge.network.NetworkHooks.init(NetworkHooks.java:52) ~[forge-1.20.1-47.4.0_mapped_official_1.20.1-recomp.jar%23190%23197!/:?] {re:classloading}
	at net.minecraft.server.Bootstrap.bootStrap(Bootstrap.java:62) ~[forge-1.20.1-47.4.0_mapped_official_1.20.1-recomp.jar%23191!/:?] {re:classloading}
	at net.minecraft.client.main.Main.lambda$main$0(Main.java:151) ~[forge-1.20.1-47.4.0_mapped_official_1.20.1-recomp.jar%23191!/:?] {re:classloading,pl:runtimedistcleaner:A}
	at java.util.concurrent.Executors$RunnableAdapter.call(Executors.java:539) ~[?:?] {}
	at java.util.concurrent.FutureTask.run(FutureTask.java:264) ~[?:?] {}
	at java.util.concurrent.ThreadPoolExecutor.runWorker(ThreadPoolExecutor.java:1136) ~[?:?] {}
	at java.util.concurrent.ThreadPoolExecutor$Worker.run(ThreadPoolExecutor.java:635) ~[?:?] {}
	at java.lang.Thread.run(Thread.java:842) ~[?:?] {}
[15:52:07] [pool-3-thread-1/DEBUG] [io.ne.ut.in.PlatformDependent0/]: java.nio.Bits.unaligned: available, true
[15:52:07] [pool-3-thread-1/DEBUG] [io.ne.ut.in.PlatformDependent0/]: jdk.internal.misc.Unsafe.allocateUninitializedArray(int): unavailable
java.lang.IllegalAccessException: class io.netty.util.internal.PlatformDependent0$7 (in module io.netty.common) cannot access class jdk.internal.misc.Unsafe (in module java.base) because module java.base does not export jdk.internal.misc to module io.netty.common
	at jdk.internal.reflect.Reflection.newIllegalAccessException(Reflection.java:392) ~[?:?] {}
	at java.lang.reflect.AccessibleObject.checkAccess(AccessibleObject.java:674) ~[?:?] {}
	at java.lang.reflect.Method.invoke(Method.java:560) ~[?:?] {}
	at io.netty.util.internal.PlatformDependent0$7.run(PlatformDependent0.java:410) ~[netty-common-4.1.82.Final.jar%23151!/:4.1.82.Final] {}
	at java.security.AccessController.doPrivileged(AccessController.java:318) ~[?:?] {}
	at io.netty.util.internal.PlatformDependent0.<clinit>(PlatformDependent0.java:401) ~[netty-common-4.1.82.Final.jar%23151!/:4.1.82.Final] {}
	at io.netty.util.internal.PlatformDependent.isAndroid(PlatformDependent.java:333) ~[netty-common-4.1.82.Final.jar%23151!/:4.1.82.Final] {}
	at io.netty.util.internal.PlatformDependent.<clinit>(PlatformDependent.java:88) ~[netty-common-4.1.82.Final.jar%23151!/:4.1.82.Final] {}
	at io.netty.util.ConstantPool.<init>(ConstantPool.java:34) ~[netty-common-4.1.82.Final.jar%23151!/:4.1.82.Final] {}
	at io.netty.util.AttributeKey$1.<init>(AttributeKey.java:27) ~[netty-common-4.1.82.Final.jar%23151!/:4.1.82.Final] {}
	at io.netty.util.AttributeKey.<clinit>(AttributeKey.java:27) ~[netty-common-4.1.82.Final.jar%23151!/:4.1.82.Final] {}
	at net.minecraftforge.network.NetworkConstants.<clinit>(NetworkConstants.java:34) ~[forge-1.20.1-47.4.0_mapped_official_1.20.1-recomp.jar%23190%23197!/:?] {re:classloading}
	at net.minecraftforge.network.NetworkHooks.init(NetworkHooks.java:52) ~[forge-1.20.1-47.4.0_mapped_official_1.20.1-recomp.jar%23190%23197!/:?] {re:classloading}
	at net.minecraft.server.Bootstrap.bootStrap(Bootstrap.java:62) ~[forge-1.20.1-47.4.0_mapped_official_1.20.1-recomp.jar%23191!/:?] {re:classloading}
	at net.minecraft.client.main.Main.lambda$main$0(Main.java:151) ~[forge-1.20.1-47.4.0_mapped_official_1.20.1-recomp.jar%23191!/:?] {re:classloading,pl:runtimedistcleaner:A}
	at java.util.concurrent.Executors$RunnableAdapter.call(Executors.java:539) ~[?:?] {}
	at java.util.concurrent.FutureTask.run(FutureTask.java:264) ~[?:?] {}
	at java.util.concurrent.ThreadPoolExecutor.runWorker(ThreadPoolExecutor.java:1136) ~[?:?] {}
	at java.util.concurrent.ThreadPoolExecutor$Worker.run(ThreadPoolExecutor.java:635) ~[?:?] {}
	at java.lang.Thread.run(Thread.java:842) ~[?:?] {}
[15:52:07] [pool-3-thread-1/DEBUG] [io.ne.ut.in.PlatformDependent0/]: java.nio.DirectByteBuffer.<init>(long, int): unavailable
[15:52:07] [pool-3-thread-1/DEBUG] [io.ne.ut.in.PlatformDependent/]: sun.misc.Unsafe: available
[15:52:07] [pool-3-thread-1/DEBUG] [io.ne.ut.in.PlatformDependent/]: maxDirectMemory: 12666798080 bytes (maybe)
[15:52:07] [pool-3-thread-1/DEBUG] [io.ne.ut.in.PlatformDependent/]: -Dio.netty.tmpdir: C:\Users\Rinsing\AppData\Local\Temp (java.io.tmpdir)
[15:52:07] [pool-3-thread-1/DEBUG] [io.ne.ut.in.PlatformDependent/]: -Dio.netty.bitMode: 64 (sun.arch.data.model)
[15:52:07] [pool-3-thread-1/DEBUG] [io.ne.ut.in.PlatformDependent/]: Platform: Windows
[15:52:07] [pool-3-thread-1/DEBUG] [io.ne.ut.in.PlatformDependent/]: -Dio.netty.maxDirectMemory: -1 bytes
[15:52:07] [pool-3-thread-1/DEBUG] [io.ne.ut.in.PlatformDependent/]: -Dio.netty.uninitializedArrayAllocationThreshold: -1
[15:52:07] [pool-3-thread-1/DEBUG] [io.ne.ut.in.CleanerJava9/]: java.nio.ByteBuffer.cleaner(): available
[15:52:07] [pool-3-thread-1/DEBUG] [io.ne.ut.in.PlatformDependent/]: -Dio.netty.noPreferDirect: false
[15:52:07] [pool-3-thread-1/DEBUG] [ne.mi.ne.NetworkHooks/]: Loading Network data for FML net version: FML3
[15:52:07] [Render thread/DEBUG] [mixin/]: Mixing MixinMinecraft from architectury.mixins.json into net.minecraft.client.Minecraft
[15:52:07] [Render thread/DEBUG] [mixin/]: Mixing ScreenInvoker from reterraforged-common.mixins.json into net.minecraft.client.gui.screens.Screen
[15:52:07] [Render thread/DEBUG] [mixin/]: Mixing MixinLevelEvent from architectury.mixins.json into net.minecraftforge.event.level.LevelEvent
[15:52:07] [Render thread/DEBUG] [mixin/]: Mixing MixinClientLevel from architectury.mixins.json into net.minecraft.client.multiplayer.ClientLevel
[15:52:07] [Render thread/DEBUG] [mixin/]: Mixing forge.LevelLoadingScreenMixin from roadweaver.mixins.json into net.minecraft.client.gui.screens.LevelLoadingScreen
[15:52:07] [Render thread/WARN] [minecraft/VanillaPackResourcesBuilder]: Assets URL 'union:/C:/Users/Rinsing/.gradle/caches/forge_gradle/minecraft_user_repo/net/minecraftforge/forge/1.20.1-47.4.0_mapped_official_1.20.1/forge-1.20.1-47.4.0_mapped_official_1.20.1-recomp.jar%23191!/assets/.mcassetsroot' uses unexpected schema
[15:52:07] [Render thread/WARN] [minecraft/VanillaPackResourcesBuilder]: Assets URL 'union:/C:/Users/Rinsing/.gradle/caches/forge_gradle/minecraft_user_repo/net/minecraftforge/forge/1.20.1-47.4.0_mapped_official_1.20.1/forge-1.20.1-47.4.0_mapped_official_1.20.1-recomp.jar%23191!/data/.mcassetsroot' uses unexpected schema
[15:52:07] [Render thread/INFO] [mojang/YggdrasilAuthenticationService]: Environment: authHost='https://authserver.mojang.com', accountsHost='https://api.mojang.com', sessionHost='https://sessionserver.mojang.com', servicesHost='https://api.minecraftservices.com', name='PROD'
[15:52:07] [Render thread/INFO] [minecraft/Minecraft]: Setting user: Dev
[15:52:07] [Render thread/INFO] [minecraft/Minecraft]: Backend library: LWJGL version 3.3.1 build 7
[15:52:08] [Render thread/DEBUG] [ne.mi.co.ForgeI18n/CORE]: Loading I18N data entries: 6434
[15:52:08] [Render thread/DEBUG] [ne.mi.fm.ModWorkManager/LOADING]: Using 16 threads for parallel mod-loading
[15:52:08] [Render thread/DEBUG] [ne.mi.fm.ja.FMLJavaModLanguageProvider/LOADING]: Loading FMLModContainer from classloader cpw.mods.modlauncher.TransformingClassLoader@3a1706e1 - got cpw.mods.cl.ModuleClassLoader@4c98a6d5
[15:52:08] [Render thread/DEBUG] [ne.mi.fm.ja.FMLModContainer/LOADING]: Creating FMLModContainer instance for com.sk89q.worldedit.forge.ForgeWorldEdit
[15:52:08] [Render thread/DEBUG] [ne.mi.fm.ja.FMLJavaModLanguageProvider/LOADING]: Loading FMLModContainer from classloader cpw.mods.modlauncher.TransformingClassLoader@3a1706e1 - got cpw.mods.cl.ModuleClassLoader@4c98a6d5
[15:52:08] [Render thread/DEBUG] [ne.mi.fm.ja.FMLModContainer/LOADING]: Creating FMLModContainer instance for dev.architectury.forge.ArchitecturyForge
[15:52:08] [Render thread/DEBUG] [ne.mi.fm.ja.FMLJavaModLanguageProvider/LOADING]: Loading FMLModContainer from classloader cpw.mods.modlauncher.TransformingClassLoader@3a1706e1 - got cpw.mods.cl.ModuleClassLoader@4c98a6d5
[15:52:08] [Render thread/DEBUG] [ne.mi.fm.ja.FMLModContainer/LOADING]: Creating FMLModContainer instance for me.shedaniel.clothconfig.ClothConfigForge
[15:52:08] [Render thread/DEBUG] [ne.mi.fm.ja.FMLJavaModLanguageProvider/LOADING]: Loading FMLModContainer from classloader cpw.mods.modlauncher.TransformingClassLoader@3a1706e1 - got cpw.mods.cl.ModuleClassLoader@4c98a6d5
[15:52:08] [Render thread/DEBUG] [ne.mi.fm.ja.FMLModContainer/LOADING]: Creating FMLModContainer instance for net.minecraftforge.common.ForgeMod
[15:52:08] [Render thread/DEBUG] [ne.mi.fm.ja.FMLJavaModLanguageProvider/LOADING]: Loading FMLModContainer from classloader cpw.mods.modlauncher.TransformingClassLoader@3a1706e1 - got cpw.mods.cl.ModuleClassLoader@4c98a6d5
[15:52:08] [Render thread/DEBUG] [ne.mi.fm.ja.FMLModContainer/LOADING]: Creating FMLModContainer instance for de.cristelknight999.t_and_t.TT
[15:52:08] [Render thread/DEBUG] [ne.mi.fm.lo.Lo.LowCodeModTarget/LOADING]: Loading LowCodeModContainer from classloader cpw.mods.modlauncher.TransformingClassLoader@3a1706e1 - got cpw.mods.cl.ModuleClassLoader@4c98a6d5
[15:52:08] [Render thread/DEBUG] [ne.mi.fm.lo.LowCodeModContainer/LOADING]: Creating LowCodeModContainer for mr_trek
[15:52:08] [Render thread/DEBUG] [ne.mi.fm.ja.FMLJavaModLanguageProvider/LOADING]: Loading FMLModContainer from classloader cpw.mods.modlauncher.TransformingClassLoader@3a1706e1 - got cpw.mods.cl.ModuleClassLoader@4c98a6d5
[15:52:08] [Render thread/DEBUG] [ne.mi.fm.ja.FMLModContainer/LOADING]: Creating FMLModContainer instance for net.shiroha233.roadweaver.RoadWeaver
[15:52:08] [Render thread/DEBUG] [ne.mi.fm.ja.FMLJavaModLanguageProvider/LOADING]: Loading FMLModContainer from classloader cpw.mods.modlauncher.TransformingClassLoader@3a1706e1 - got cpw.mods.cl.ModuleClassLoader@4c98a6d5
[15:52:08] [Render thread/DEBUG] [ne.mi.fm.ja.FMLModContainer/LOADING]: Creating FMLModContainer instance for com.rinsing.geomantia.GeomantiaMod
[15:52:08] [Render thread/DEBUG] [ne.mi.fm.ja.FMLJavaModLanguageProvider/LOADING]: Loading FMLModContainer from classloader cpw.mods.modlauncher.TransformingClassLoader@3a1706e1 - got cpw.mods.cl.ModuleClassLoader@4c98a6d5
[15:52:08] [Render thread/DEBUG] [ne.mi.fm.ja.FMLModContainer/LOADING]: Creating FMLModContainer instance for net.cristellib.forge.CristelLibForge
[15:52:08] [Render thread/DEBUG] [ne.mi.fm.ja.FMLJavaModLanguageProvider/LOADING]: Loading FMLModContainer from classloader cpw.mods.modlauncher.TransformingClassLoader@3a1706e1 - got cpw.mods.cl.ModuleClassLoader@4c98a6d5
[15:52:08] [Render thread/DEBUG] [ne.mi.fm.ja.FMLModContainer/LOADING]: Creating FMLModContainer instance for raccoonman.reterraforged.forge.RTFForge
[15:52:08] [modloading-worker-0/INFO] [roadweaver/]: Initializing RoadWeaver (Forge)...
[15:52:08] [modloading-worker-0/DEBUG] [ne.mi.fm.ja.AutomaticEventSubscriber/LOADING]: Attempting to inject @EventBusSubscriber classes into the eventbus for t_and_t
[15:52:08] [modloading-worker-0/DEBUG] [ne.mi.fm.ja.AutomaticEventSubscriber/LOADING]: Attempting to inject @EventBusSubscriber classes into the eventbus for cloth_config
[15:52:08] [modloading-worker-0/DEBUG] [mixin/]: Mixing forge.MinecraftServerMixin from roadweaver.mixins.json into net.minecraft.server.MinecraftServer
[15:52:08] [modloading-worker-0/DEBUG] [mixin/]: Mixing MixinMinecraftServer from reterraforged-forge.mixins.json into net.minecraft.server.MinecraftServer
[15:52:08] [modloading-worker-0/DEBUG] [ne.mi.ve.fo.ForgeVersion/CORE]: Forge Version package package net.minecraftforge.versions.forge, Forge, version 47.4 from cpw.mods.modlauncher.TransformingClassLoader@3a1706e1
[15:52:08] [modloading-worker-0/DEBUG] [ne.mi.ve.fo.ForgeVersion/CORE]: Found Forge version 47.4.0
[15:52:08] [modloading-worker-0/DEBUG] [ne.mi.ve.fo.ForgeVersion/CORE]: Found Forge spec 47.4
[15:52:08] [modloading-worker-0/DEBUG] [ne.mi.ve.fo.ForgeVersion/CORE]: Found Forge group net.minecraftforge
[15:52:08] [modloading-worker-0/DEBUG] [ne.mi.ve.mc.MCPVersion/CORE]: MCP Version package package net.minecraftforge.versions.mcp, Minecraft, version 1.20.1 from cpw.mods.modlauncher.TransformingClassLoader@3a1706e1
[15:52:08] [modloading-worker-0/DEBUG] [ne.mi.ve.mc.MCPVersion/CORE]: Found MC version information 1.20.1
[15:52:08] [modloading-worker-0/DEBUG] [ne.mi.ve.mc.MCPVersion/CORE]: Found MCP version information 20230612.114412
[15:52:08] [modloading-worker-0/INFO] [ne.mi.co.ForgeMod/FORGEMOD]: Forge mod loading, version 47.4.0, for MC 1.20.1 with MCP 20230612.114412
[15:52:08] [modloading-worker-0/INFO] [ne.mi.co.MinecraftForge/FORGE]: MinecraftForge v47.4.0 Initialized
[15:52:08] [modloading-worker-0/INFO] [roadweaver/]: 配置已加载 (predictRadius=256, predictionEnabled=true)
[15:52:08] [modloading-worker-0/INFO] [roadweaver/]: Configuration loaded
[15:52:08] [modloading-worker-0/INFO] [roadweaver/]: Structure types registered
[15:52:08] [modloading-worker-0/INFO] [roadweaver/]: Road features registered
[15:52:08] [modloading-worker-0/INFO] [co.ri.ge.cl.DevAutoLoadClient/]: Geomantia development auto-load registered.
[15:52:08] [modloading-worker-0/DEBUG] [ne.mi.fm.ja.AutomaticEventSubscriber/LOADING]: Attempting to inject @EventBusSubscriber classes into the eventbus for geomantia
[15:52:08] [modloading-worker-0/DEBUG] [ne.mi.fm.ja.AutomaticEventSubscriber/LOADING]: Auto-subscribing com.rinsing.geomantia.platform.ChunkGenerationBenchmarkEvents to FORGE
[15:52:08] [modloading-worker-0/DEBUG] [ne.mi.fm.ja.AutomaticEventSubscriber/LOADING]: Attempting to inject @EventBusSubscriber classes into the eventbus for worldedit
[15:52:08] [modloading-worker-0/DEBUG] [ne.mi.fm.ja.AutomaticEventSubscriber/LOADING]: Auto-subscribing com.rinsing.geomantia.platform.GisPlatformEvents to FORGE
[15:52:08] [modloading-worker-0/DEBUG] [ne.mi.fm.ja.AutomaticEventSubscriber/LOADING]: Auto-subscribing com.rinsing.geomantia.platform.http.GeomantiaHttpServer to FORGE
[15:52:08] [modloading-worker-0/DEBUG] [Cristel Lib/]: Couldn't parse: "T&T Waystone Patch Pack" to a component
com.mojang.brigadier.exceptions.CommandSyntaxException: Invalid chat component: Use JsonReader.setLenient(true) to accept malformed JSON at line 1 column 1 path $ at position 0: <--[HERE]
[15:52:08] [modloading-worker-0/DEBUG] [ne.mi.fm.ja.AutomaticEventSubscriber/LOADING]: Auto-subscribing com.rinsing.geomantia.platform.RealmPlanningServices to FORGE
[15:52:08] [modloading-worker-0/DEBUG] [ne.mi.fm.ja.AutomaticEventSubscriber/LOADING]: Attempting to inject @EventBusSubscriber classes into the eventbus for roadweaver
[15:52:08] [modloading-worker-0/DEBUG] [ne.mi.fm.ja.AutomaticEventSubscriber/LOADING]: Auto-subscribing net.shiroha233.roadweaver.datagen.ModWorldGenerator to MOD
[15:52:08] [modloading-worker-0/DEBUG] [ne.mi.fm.ja.AutomaticEventSubscriber/LOADING]: Auto-subscribing com.rinsing.geomantia.systems.city.infrastructure.world.CityWorldgenBlockObservationRegistry to FORGE
[15:52:08] [modloading-worker-0/DEBUG] [ne.mi.fm.ja.AutomaticEventSubscriber/LOADING]: Auto-subscribing net.shiroha233.roadweaver.client.forge.ClientKeyMappings to MOD
[15:52:08] [modloading-worker-0/DEBUG] [ne.mi.co.tr.CoreModBaseTransformer/COREMOD]: Transforming net/minecraft/world/level/levelgen/structure/templatesystem/StructureTemplate
[15:52:08] [modloading-worker-0/DEBUG] [ne.mi.fm.ja.AutomaticEventSubscriber/LOADING]: Auto-subscribing net.shiroha233.roadweaver.client.forge.ClientEvents to FORGE
[15:52:08] [modloading-worker-0/DEBUG] [ne.mi.fm.ja.AutomaticEventSubscriber/LOADING]: Attempting to inject @EventBusSubscriber classes into the eventbus for cristellib
[15:52:08] [modloading-worker-0/DEBUG] [ne.mi.fm.co.ConfigTracker/CONFIG]: Config file forge-client.toml for forge tracking
[15:52:08] [modloading-worker-0/DEBUG] [ne.mi.fm.co.ConfigTracker/CONFIG]: Config file forge-server.toml for forge tracking
[15:52:08] [modloading-worker-0/DEBUG] [ne.mi.fm.ModLoadingContext/]: Attempted to register an empty config for type COMMON on mod forge
[15:52:08] [modloading-worker-0/DEBUG] [ne.mi.fm.ja.AutomaticEventSubscriber/LOADING]: Attempting to inject @EventBusSubscriber classes into the eventbus for forge
[15:52:08] [modloading-worker-0/DEBUG] [ne.mi.fm.ja.AutomaticEventSubscriber/LOADING]: Auto-subscribing net.minecraftforge.common.ForgeSpawnEggItem$CommonHandler to MOD
[15:52:08] [modloading-worker-0/DEBUG] [ne.mi.fm.ja.AutomaticEventSubscriber/LOADING]: Auto-subscribing net.minecraftforge.common.ForgeSpawnEggItem$ColorRegisterHandler to MOD
[15:52:08] [modloading-worker-0/DEBUG] [ne.mi.fm.ja.AutomaticEventSubscriber/LOADING]: Auto-subscribing net.minecraftforge.client.model.data.ModelDataManager to FORGE
[15:52:08] [modloading-worker-0/DEBUG] [ne.mi.fm.ja.AutomaticEventSubscriber/LOADING]: Auto-subscribing net.minecraftforge.client.ForgeHooksClient$ClientEvents to MOD
[15:52:08] [modloading-worker-0/DEBUG] [ne.mi.fm.ja.AutomaticEventSubscriber/LOADING]: Auto-subscribing net.minecraftforge.client.ClientForgeMod to MOD
[15:52:08] [modloading-worker-0/DEBUG] [ne.mi.fm.ja.AutomaticEventSubscriber/LOADING]: Attempting to inject @EventBusSubscriber classes into the eventbus for architectury
[15:52:08] [modloading-worker-0/DEBUG] [ne.mi.fm.ja.AutomaticEventSubscriber/LOADING]: Auto-subscribing dev.architectury.networking.forge.NetworkManagerImpl to FORGE
[15:52:08] [modloading-worker-0/INFO] [de.ar.ne.fo.NetworkManagerImpl/]: Registering S2C receiver with id architectury:sync_ids
[15:52:08] [modloading-worker-0/INFO] [de.ar.ne.fo.NetworkManagerImpl/]: Registering C2S receiver with id architectury:sync_ids
[15:52:08] [modloading-worker-0/DEBUG] [ne.mi.fm.ja.AutomaticEventSubscriber/LOADING]: Auto-subscribing dev.architectury.registry.forge.CreativeTabRegistryImpl to MOD
[15:52:08] [modloading-worker-0/DEBUG] [ne.mi.fm.ja.AutomaticEventSubscriber/LOADING]: Auto-subscribing dev.architectury.registry.forge.ReloadListenerRegistryImpl to FORGE
[15:52:08] [modloading-worker-0/DEBUG] [ne.mi.fm.ja.AutomaticEventSubscriber/LOADING]: Auto-subscribing dev.architectury.registry.client.keymappings.forge.KeyMappingRegistryImpl to MOD
[15:52:08] [modloading-worker-0/DEBUG] [ne.mi.fm.ja.AutomaticEventSubscriber/LOADING]: Auto-subscribing dev.architectury.registry.client.particle.forge.ParticleProviderRegistryImpl to MOD
[15:52:08] [modloading-worker-0/DEBUG] [ne.mi.fm.ja.AutomaticEventSubscriber/LOADING]: Auto-subscribing dev.architectury.registry.level.entity.trade.forge.TradeRegistryImpl to FORGE
[15:52:08] [modloading-worker-0/DEBUG] [mixin/]: Mixing forge.rtf.RTFTemplateFeatureMixin from roadweaver.mixins.json into raccoonman.reterraforged.world.worldgen.feature.template.TemplateFeature
[15:52:08] [modloading-worker-0/DEBUG] [mixin/]: Mixing forge.rtf.RTFBushFeatureMixin from roadweaver.mixins.json into raccoonman.reterraforged.world.worldgen.feature.BushFeature
[15:52:09] [modloading-worker-0/DEBUG] [ne.mi.fm.ja.AutomaticEventSubscriber/LOADING]: Attempting to inject @EventBusSubscriber classes into the eventbus for reterraforged
[15:52:09] [Render thread/DEBUG] [ne.mi.re.ObjectHolderRegistry/REGISTRIES]: Processing ObjectHolder annotations
[15:52:09] [Render thread/DEBUG] [ne.mi.re.ObjectHolderRegistry/REGISTRIES]: Found 3926 ObjectHolder annotations
[15:52:09] [Render thread/DEBUG] [ne.mi.co.ca.CapabilityManager/CAPABILITIES]: Attempting to automatically register: Lnet/minecraftforge/energy/IEnergyStorage;
[15:52:09] [Render thread/DEBUG] [ne.mi.co.ca.CapabilityManager/CAPABILITIES]: Attempting to automatically register: Lnet/minecraftforge/fluids/capability/IFluidHandler;
[15:52:09] [Render thread/DEBUG] [ne.mi.co.ca.CapabilityManager/CAPABILITIES]: Attempting to automatically register: Lnet/minecraftforge/fluids/capability/IFluidHandlerItem;
[15:52:09] [Render thread/DEBUG] [ne.mi.co.ca.CapabilityManager/CAPABILITIES]: Attempting to automatically register: Lnet/minecraftforge/items/IItemHandler;
[15:52:09] [Render thread/DEBUG] [ne.mi.re.GameData/REGISTRIES]: Unfreezing vanilla registries
[15:52:09] [Render thread/DEBUG] [ne.mi.re.GameData/REGISTRIES]: Applying holder lookups: minecraft:sound_event
[15:52:09] [Render thread/DEBUG] [ne.mi.re.GameData/REGISTRIES]: Holder lookups applied: minecraft:sound_event
[15:52:09] [Render thread/DEBUG] [ne.mi.re.GameData/REGISTRIES]: Applying holder lookups: minecraft:fluid
[15:52:09] [Render thread/DEBUG] [ne.mi.re.GameData/REGISTRIES]: Holder lookups applied: minecraft:fluid
[15:52:09] [Render thread/DEBUG] [ne.mi.re.GameData/REGISTRIES]: Applying holder lookups: minecraft:block
[15:52:09] [Render thread/DEBUG] [ne.mi.re.GameData/REGISTRIES]: Holder lookups applied: minecraft:block
[15:52:09] [Render thread/DEBUG] [ne.mi.re.GameData/REGISTRIES]: Applying holder lookups: minecraft:attribute
[15:52:09] [Render thread/DEBUG] [ne.mi.re.GameData/REGISTRIES]: Holder lookups applied: minecraft:attribute
[15:52:09] [Render thread/DEBUG] [ne.mi.re.GameData/REGISTRIES]: Applying holder lookups: minecraft:mob_effect
[15:52:09] [Render thread/DEBUG] [ne.mi.re.GameData/REGISTRIES]: Holder lookups applied: minecraft:mob_effect
[15:52:09] [Render thread/DEBUG] [ne.mi.re.GameData/REGISTRIES]: Applying holder lookups: minecraft:particle_type
[15:52:09] [Render thread/DEBUG] [ne.mi.re.GameData/REGISTRIES]: Holder lookups applied: minecraft:particle_type
[15:52:09] [Render thread/DEBUG] [ne.mi.re.GameData/REGISTRIES]: Applying holder lookups: minecraft:item
[15:52:09] [Render thread/DEBUG] [ne.mi.re.GameData/REGISTRIES]: Holder lookups applied: minecraft:item
[15:52:09] [Render thread/DEBUG] [ne.mi.re.GameData/REGISTRIES]: Applying holder lookups: minecraft:entity_type
[15:52:09] [Render thread/DEBUG] [ne.mi.re.GameData/REGISTRIES]: Holder lookups applied: minecraft:entity_type
[15:52:09] [Render thread/DEBUG] [ne.mi.re.GameData/REGISTRIES]: Applying holder lookups: minecraft:sensor_type
[15:52:09] [Render thread/DEBUG] [ne.mi.re.GameData/REGISTRIES]: Holder lookups applied: minecraft:sensor_type
[15:52:09] [Render thread/DEBUG] [ne.mi.re.GameData/REGISTRIES]: Applying holder lookups: minecraft:memory_module_type
[15:52:09] [Render thread/DEBUG] [ne.mi.re.GameData/REGISTRIES]: Holder lookups applied: minecraft:memory_module_type
[15:52:09] [Render thread/DEBUG] [ne.mi.re.GameData/REGISTRIES]: Applying holder lookups: minecraft:potion
[15:52:09] [Render thread/DEBUG] [ne.mi.re.GameData/REGISTRIES]: Holder lookups applied: minecraft:potion
[15:52:09] [Render thread/DEBUG] [ne.mi.re.GameData/REGISTRIES]: Applying holder lookups: minecraft:game_event
[15:52:09] [Render thread/DEBUG] [ne.mi.re.GameData/REGISTRIES]: Holder lookups applied: minecraft:game_event
[15:52:09] [Render thread/DEBUG] [ne.mi.re.GameData/REGISTRIES]: Applying holder lookups: minecraft:enchantment
[15:52:09] [Render thread/DEBUG] [ne.mi.re.GameData/REGISTRIES]: Holder lookups applied: minecraft:enchantment
[15:52:09] [Render thread/DEBUG] [ne.mi.re.GameData/REGISTRIES]: Applying holder lookups: minecraft:block_entity_type
[15:52:09] [Render thread/DEBUG] [ne.mi.re.GameData/REGISTRIES]: Holder lookups applied: minecraft:block_entity_type
[15:52:09] [Render thread/DEBUG] [ne.mi.re.GameData/REGISTRIES]: Applying holder lookups: minecraft:painting_variant
[15:52:09] [Render thread/DEBUG] [ne.mi.re.GameData/REGISTRIES]: Holder lookups applied: minecraft:painting_variant
[15:52:09] [Render thread/DEBUG] [ne.mi.re.GameData/REGISTRIES]: Applying holder lookups: minecraft:stat_type
[15:52:09] [Render thread/DEBUG] [ne.mi.re.GameData/REGISTRIES]: Holder lookups applied: minecraft:stat_type
[15:52:09] [Render thread/DEBUG] [ne.mi.re.GameData/REGISTRIES]: Applying holder lookups: minecraft:custom_stat
[15:52:09] [Render thread/DEBUG] [ne.mi.re.GameData/REGISTRIES]: Holder lookups applied: minecraft:custom_stat
[15:52:09] [Render thread/DEBUG] [ne.mi.re.GameData/REGISTRIES]: Applying holder lookups: minecraft:chunk_status
[15:52:09] [Render thread/DEBUG] [ne.mi.re.GameData/REGISTRIES]: Holder lookups applied: minecraft:chunk_status
[15:52:09] [Render thread/DEBUG] [ne.mi.re.GameData/REGISTRIES]: Applying holder lookups: minecraft:rule_test
[15:52:09] [Render thread/DEBUG] [ne.mi.re.GameData/REGISTRIES]: Holder lookups applied: minecraft:rule_test
[15:52:09] [Render thread/DEBUG] [ne.mi.re.GameData/REGISTRIES]: Applying holder lookups: minecraft:rule_block_entity_modifier
[15:52:09] [Render thread/DEBUG] [ne.mi.re.GameData/REGISTRIES]: Holder lookups applied: minecraft:rule_block_entity_modifier
[15:52:09] [Render thread/DEBUG] [ne.mi.re.GameData/REGISTRIES]: Applying holder lookups: minecraft:pos_rule_test
[15:52:09] [Render thread/DEBUG] [ne.mi.re.GameData/REGISTRIES]: Holder lookups applied: minecraft:pos_rule_test
[15:52:09] [Render thread/DEBUG] [ne.mi.re.GameData/REGISTRIES]: Applying holder lookups: minecraft:menu
[15:52:09] [Render thread/DEBUG] [ne.mi.re.GameData/REGISTRIES]: Holder lookups applied: minecraft:menu
[15:52:09] [Render thread/DEBUG] [ne.mi.re.GameData/REGISTRIES]: Applying holder lookups: minecraft:recipe_type
[15:52:09] [Render thread/DEBUG] [ne.mi.re.GameData/REGISTRIES]: Holder lookups applied: minecraft:recipe_type
[15:52:09] [Render thread/DEBUG] [ne.mi.re.GameData/REGISTRIES]: Applying holder lookups: minecraft:recipe_serializer
[15:52:09] [Render thread/DEBUG] [ne.mi.re.GameData/REGISTRIES]: Holder lookups applied: minecraft:recipe_serializer
[15:52:09] [Render thread/DEBUG] [ne.mi.re.GameData/REGISTRIES]: Applying holder lookups: minecraft:position_source_type
[15:52:09] [Render thread/DEBUG] [ne.mi.re.GameData/REGISTRIES]: Holder lookups applied: minecraft:position_source_type
[15:52:09] [Render thread/DEBUG] [ne.mi.re.GameData/REGISTRIES]: Applying holder lookups: minecraft:command_argument_type
[15:52:09] [Render thread/DEBUG] [ne.mi.re.GameData/REGISTRIES]: Holder lookups applied: minecraft:command_argument_type
[15:52:09] [Render thread/DEBUG] [ne.mi.re.GameData/REGISTRIES]: Applying holder lookups: minecraft:villager_type
[15:52:09] [Render thread/DEBUG] [ne.mi.re.GameData/REGISTRIES]: Holder lookups applied: minecraft:villager_type
[15:52:09] [Render thread/DEBUG] [ne.mi.re.GameData/REGISTRIES]: Applying holder lookups: minecraft:villager_profession
[15:52:09] [Render thread/DEBUG] [ne.mi.re.GameData/REGISTRIES]: Holder lookups applied: minecraft:villager_profession
[15:52:09] [Render thread/DEBUG] [ne.mi.re.GameData/REGISTRIES]: Applying holder lookups: minecraft:point_of_interest_type
[15:52:09] [Render thread/DEBUG] [ne.mi.re.GameData/REGISTRIES]: Holder lookups applied: minecraft:point_of_interest_type
[15:52:09] [Render thread/DEBUG] [ne.mi.re.GameData/REGISTRIES]: Applying holder lookups: minecraft:schedule
[15:52:09] [Render thread/DEBUG] [ne.mi.re.GameData/REGISTRIES]: Holder lookups applied: minecraft:schedule
[15:52:09] [Render thread/DEBUG] [ne.mi.re.GameData/REGISTRIES]: Applying holder lookups: minecraft:activity
[15:52:09] [Render thread/DEBUG] [ne.mi.re.GameData/REGISTRIES]: Holder lookups applied: minecraft:activity
[15:52:09] [Render thread/DEBUG] [ne.mi.re.GameData/REGISTRIES]: Applying holder lookups: minecraft:loot_pool_entry_type
[15:52:09] [Render thread/DEBUG] [ne.mi.re.GameData/REGISTRIES]: Holder lookups applied: minecraft:loot_pool_entry_type
[15:52:09] [Render thread/DEBUG] [ne.mi.re.GameData/REGISTRIES]: Applying holder lookups: minecraft:loot_function_type
[15:52:09] [Render thread/DEBUG] [ne.mi.re.GameData/REGISTRIES]: Holder lookups applied: minecraft:loot_function_type
[15:52:09] [Render thread/DEBUG] [ne.mi.re.GameData/REGISTRIES]: Applying holder lookups: minecraft:loot_condition_type
[15:52:09] [Render thread/DEBUG] [ne.mi.re.GameData/REGISTRIES]: Holder lookups applied: minecraft:loot_condition_type
[15:52:09] [Render thread/DEBUG] [ne.mi.re.GameData/REGISTRIES]: Applying holder lookups: minecraft:loot_number_provider_type
[15:52:09] [Render thread/DEBUG] [ne.mi.re.GameData/REGISTRIES]: Holder lookups applied: minecraft:loot_number_provider_type
[15:52:09] [Render thread/DEBUG] [ne.mi.re.GameData/REGISTRIES]: Applying holder lookups: minecraft:loot_nbt_provider_type
[15:52:09] [Render thread/DEBUG] [ne.mi.re.GameData/REGISTRIES]: Holder lookups applied: minecraft:loot_nbt_provider_type
[15:52:09] [Render thread/DEBUG] [ne.mi.re.GameData/REGISTRIES]: Applying holder lookups: minecraft:loot_score_provider_type
[15:52:09] [Render thread/DEBUG] [ne.mi.re.GameData/REGISTRIES]: Holder lookups applied: minecraft:loot_score_provider_type
[15:52:09] [Render thread/DEBUG] [ne.mi.re.GameData/REGISTRIES]: Applying holder lookups: minecraft:float_provider_type
[15:52:09] [Render thread/DEBUG] [ne.mi.re.GameData/REGISTRIES]: Holder lookups applied: minecraft:float_provider_type
[15:52:09] [Render thread/DEBUG] [ne.mi.re.GameData/REGISTRIES]: Applying holder lookups: minecraft:int_provider_type
[15:52:09] [Render thread/DEBUG] [ne.mi.re.GameData/REGISTRIES]: Holder lookups applied: minecraft:int_provider_type
[15:52:09] [Render thread/DEBUG] [ne.mi.re.GameData/REGISTRIES]: Applying holder lookups: minecraft:height_provider_type
[15:52:09] [Render thread/DEBUG] [ne.mi.re.GameData/REGISTRIES]: Holder lookups applied: minecraft:height_provider_type
[15:52:09] [Render thread/DEBUG] [ne.mi.re.GameData/REGISTRIES]: Applying holder lookups: minecraft:block_predicate_type
[15:52:09] [Render thread/DEBUG] [ne.mi.re.GameData/REGISTRIES]: Holder lookups applied: minecraft:block_predicate_type
[15:52:09] [Render thread/DEBUG] [ne.mi.re.GameData/REGISTRIES]: Applying holder lookups: minecraft:worldgen/carver
[15:52:09] [Render thread/DEBUG] [ne.mi.re.GameData/REGISTRIES]: Holder lookups applied: minecraft:worldgen/carver
[15:52:09] [Render thread/DEBUG] [ne.mi.re.GameData/REGISTRIES]: Applying holder lookups: minecraft:worldgen/feature
[15:52:09] [Render thread/DEBUG] [ne.mi.re.GameData/REGISTRIES]: Holder lookups applied: minecraft:worldgen/feature
[15:52:09] [Render thread/DEBUG] [ne.mi.re.GameData/REGISTRIES]: Applying holder lookups: minecraft:worldgen/structure_processor
[15:52:09] [Render thread/DEBUG] [ne.mi.re.GameData/REGISTRIES]: Holder lookups applied: minecraft:worldgen/structure_processor
[15:52:09] [Render thread/DEBUG] [ne.mi.re.GameData/REGISTRIES]: Applying holder lookups: minecraft:worldgen/structure_placement
[15:52:09] [Render thread/DEBUG] [ne.mi.re.GameData/REGISTRIES]: Holder lookups applied: minecraft:worldgen/structure_placement
[15:52:09] [Render thread/DEBUG] [ne.mi.re.GameData/REGISTRIES]: Applying holder lookups: minecraft:worldgen/structure_piece
[15:52:09] [Render thread/DEBUG] [ne.mi.re.GameData/REGISTRIES]: Holder lookups applied: minecraft:worldgen/structure_piece
[15:52:09] [Render thread/DEBUG] [ne.mi.re.GameData/REGISTRIES]: Applying holder lookups: minecraft:worldgen/structure_type
[15:52:09] [Render thread/DEBUG] [ne.mi.re.GameData/REGISTRIES]: Holder lookups applied: minecraft:worldgen/structure_type
[15:52:09] [Render thread/DEBUG] [ne.mi.re.GameData/REGISTRIES]: Applying holder lookups: minecraft:worldgen/placement_modifier_type
[15:52:09] [Render thread/DEBUG] [ne.mi.re.GameData/REGISTRIES]: Holder lookups applied: minecraft:worldgen/placement_modifier_type
[15:52:09] [Render thread/DEBUG] [ne.mi.re.GameData/REGISTRIES]: Applying holder lookups: minecraft:worldgen/block_state_provider_type
[15:52:09] [Render thread/DEBUG] [ne.mi.re.GameData/REGISTRIES]: Holder lookups applied: minecraft:worldgen/block_state_provider_type
[15:52:09] [Render thread/DEBUG] [ne.mi.re.GameData/REGISTRIES]: Applying holder lookups: minecraft:worldgen/foliage_placer_type
[15:52:09] [Render thread/DEBUG] [ne.mi.re.GameData/REGISTRIES]: Holder lookups applied: minecraft:worldgen/foliage_placer_type
[15:52:09] [Render thread/DEBUG] [ne.mi.re.GameData/REGISTRIES]: Applying holder lookups: minecraft:worldgen/trunk_placer_type
[15:52:09] [Render thread/DEBUG] [ne.mi.re.GameData/REGISTRIES]: Holder lookups applied: minecraft:worldgen/trunk_placer_type
[15:52:09] [Render thread/DEBUG] [ne.mi.re.GameData/REGISTRIES]: Applying holder lookups: minecraft:worldgen/root_placer_type
[15:52:09] [Render thread/DEBUG] [ne.mi.re.GameData/REGISTRIES]: Holder lookups applied: minecraft:worldgen/root_placer_type
[15:52:09] [Render thread/DEBUG] [ne.mi.re.GameData/REGISTRIES]: Applying holder lookups: minecraft:worldgen/tree_decorator_type
[15:52:09] [Render thread/DEBUG] [ne.mi.re.GameData/REGISTRIES]: Holder lookups applied: minecraft:worldgen/tree_decorator_type
[15:52:09] [Render thread/DEBUG] [ne.mi.re.GameData/REGISTRIES]: Applying holder lookups: minecraft:worldgen/feature_size_type
[15:52:09] [Render thread/DEBUG] [ne.mi.re.GameData/REGISTRIES]: Holder lookups applied: minecraft:worldgen/feature_size_type
[15:52:09] [Render thread/DEBUG] [ne.mi.re.GameData/REGISTRIES]: Applying holder lookups: minecraft:worldgen/biome_source
[15:52:09] [Render thread/DEBUG] [ne.mi.re.GameData/REGISTRIES]: Holder lookups applied: minecraft:worldgen/biome_source
[15:52:09] [Render thread/DEBUG] [ne.mi.re.GameData/REGISTRIES]: Applying holder lookups: minecraft:worldgen/chunk_generator
[15:52:09] [Render thread/DEBUG] [ne.mi.re.GameData/REGISTRIES]: Holder lookups applied: minecraft:worldgen/chunk_generator
[15:52:09] [Render thread/DEBUG] [ne.mi.re.GameData/REGISTRIES]: Applying holder lookups: minecraft:worldgen/material_condition
[15:52:09] [Render thread/DEBUG] [ne.mi.re.GameData/REGISTRIES]: Holder lookups applied: minecraft:worldgen/material_condition
[15:52:09] [Render thread/DEBUG] [ne.mi.re.GameData/REGISTRIES]: Applying holder lookups: minecraft:worldgen/material_rule
[15:52:09] [Render thread/DEBUG] [ne.mi.re.GameData/REGISTRIES]: Holder lookups applied: minecraft:worldgen/material_rule
[15:52:09] [Render thread/DEBUG] [ne.mi.re.GameData/REGISTRIES]: Applying holder lookups: minecraft:worldgen/density_function_type
[15:52:09] [Render thread/DEBUG] [ne.mi.re.GameData/REGISTRIES]: Holder lookups applied: minecraft:worldgen/density_function_type
[15:52:09] [Render thread/DEBUG] [ne.mi.re.GameData/REGISTRIES]: Applying holder lookups: minecraft:worldgen/structure_pool_element
[15:52:09] [Render thread/DEBUG] [ne.mi.re.GameData/REGISTRIES]: Holder lookups applied: minecraft:worldgen/structure_pool_element
[15:52:09] [Render thread/DEBUG] [ne.mi.re.GameData/REGISTRIES]: Applying holder lookups: minecraft:cat_variant
[15:52:09] [Render thread/DEBUG] [ne.mi.re.GameData/REGISTRIES]: Holder lookups applied: minecraft:cat_variant
[15:52:09] [Render thread/DEBUG] [ne.mi.re.GameData/REGISTRIES]: Applying holder lookups: minecraft:frog_variant
[15:52:09] [Render thread/DEBUG] [ne.mi.re.GameData/REGISTRIES]: Holder lookups applied: minecraft:frog_variant
[15:52:09] [Render thread/DEBUG] [ne.mi.re.GameData/REGISTRIES]: Applying holder lookups: minecraft:banner_pattern
[15:52:09] [Render thread/DEBUG] [ne.mi.re.GameData/REGISTRIES]: Holder lookups applied: minecraft:banner_pattern
[15:52:09] [Render thread/DEBUG] [ne.mi.re.GameData/REGISTRIES]: Applying holder lookups: minecraft:instrument
[15:52:09] [Render thread/DEBUG] [ne.mi.re.GameData/REGISTRIES]: Holder lookups applied: minecraft:instrument
[15:52:09] [Render thread/DEBUG] [ne.mi.re.GameData/REGISTRIES]: Applying holder lookups: minecraft:decorated_pot_patterns
[15:52:09] [Render thread/DEBUG] [ne.mi.re.GameData/REGISTRIES]: Holder lookups applied: minecraft:decorated_pot_patterns
[15:52:09] [Render thread/DEBUG] [ne.mi.re.GameData/REGISTRIES]: Applying holder lookups: minecraft:creative_mode_tab
[15:52:09] [Render thread/DEBUG] [ne.mi.re.GameData/REGISTRIES]: Holder lookups applied: minecraft:creative_mode_tab
[15:52:09] [Render thread/DEBUG] [ne.mi.re.GameData/REGISTRIES]: Applying holder lookups: forge:biome_modifier_serializers
[15:52:09] [Render thread/DEBUG] [ne.mi.re.GameData/REGISTRIES]: Holder lookups applied: forge:biome_modifier_serializers
[15:52:09] [Render thread/DEBUG] [ne.mi.re.GameData/REGISTRIES]: Applying holder lookups: forge:display_contexts
[15:52:09] [Render thread/DEBUG] [ne.mi.re.GameData/REGISTRIES]: Holder lookups applied: forge:display_contexts
[15:52:09] [Render thread/DEBUG] [ne.mi.re.GameData/REGISTRIES]: Applying holder lookups: forge:entity_data_serializers
[15:52:09] [Render thread/DEBUG] [ne.mi.re.GameData/REGISTRIES]: Holder lookups applied: forge:entity_data_serializers
[15:52:09] [Render thread/DEBUG] [ne.mi.re.GameData/REGISTRIES]: Applying holder lookups: forge:fluid_type
[15:52:09] [Render thread/DEBUG] [ne.mi.re.GameData/REGISTRIES]: Holder lookups applied: forge:fluid_type
[15:52:09] [Render thread/DEBUG] [ne.mi.re.GameData/REGISTRIES]: Applying holder lookups: forge:global_loot_modifier_serializers
[15:52:09] [Render thread/DEBUG] [ne.mi.re.GameData/REGISTRIES]: Holder lookups applied: forge:global_loot_modifier_serializers
[15:52:09] [Render thread/DEBUG] [ne.mi.re.GameData/REGISTRIES]: Applying holder lookups: forge:holder_set_type
[15:52:09] [Render thread/DEBUG] [ne.mi.re.GameData/REGISTRIES]: Holder lookups applied: forge:holder_set_type
[15:52:09] [Render thread/DEBUG] [ne.mi.re.GameData/REGISTRIES]: Applying holder lookups: forge:structure_modifier_serializers
[15:52:09] [Render thread/DEBUG] [ne.mi.re.GameData/REGISTRIES]: Holder lookups applied: forge:structure_modifier_serializers
[15:52:09] [Render thread/DEBUG] [ne.mi.re.GameData/REGISTRIES]: Applying holder lookups: minecraft:worldgen/biome
[15:52:09] [Render thread/DEBUG] [ne.mi.re.GameData/REGISTRIES]: Holder lookups applied: minecraft:worldgen/biome
[15:52:09] [Render thread/DEBUG] [ne.mi.re.GameData/REGISTRIES]: Applying holder lookups: reterraforged:worldgen/chance_modifier_type
[15:52:09] [Render thread/DEBUG] [ne.mi.re.GameData/REGISTRIES]: Holder lookups applied: reterraforged:worldgen/chance_modifier_type
[15:52:09] [Render thread/DEBUG] [ne.mi.re.GameData/REGISTRIES]: Applying holder lookups: reterraforged:worldgen/curve_function_type
[15:52:09] [Render thread/DEBUG] [ne.mi.re.GameData/REGISTRIES]: Holder lookups applied: reterraforged:worldgen/curve_function_type
[15:52:09] [Render thread/DEBUG] [ne.mi.re.GameData/REGISTRIES]: Applying holder lookups: reterraforged:worldgen/domain_type
[15:52:09] [Render thread/DEBUG] [ne.mi.re.GameData/REGISTRIES]: Holder lookups applied: reterraforged:worldgen/domain_type
[15:52:09] [Render thread/DEBUG] [ne.mi.re.GameData/REGISTRIES]: Applying holder lookups: reterraforged:worldgen/noise_type
[15:52:09] [Render thread/DEBUG] [ne.mi.re.GameData/REGISTRIES]: Holder lookups applied: reterraforged:worldgen/noise_type
[15:52:09] [Render thread/DEBUG] [ne.mi.re.GameData/REGISTRIES]: Applying holder lookups: reterraforged:worldgen/structure_rule_type
[15:52:09] [Render thread/DEBUG] [ne.mi.re.GameData/REGISTRIES]: Holder lookups applied: reterraforged:worldgen/structure_rule_type
[15:52:09] [Render thread/DEBUG] [ne.mi.re.GameData/REGISTRIES]: Applying holder lookups: reterraforged:worldgen/template_decorator_type
[15:52:09] [Render thread/DEBUG] [ne.mi.re.GameData/REGISTRIES]: Holder lookups applied: reterraforged:worldgen/template_decorator_type
[15:52:09] [Render thread/DEBUG] [ne.mi.re.GameData/REGISTRIES]: Applying holder lookups: reterraforged:worldgen/template_placement_type
[15:52:09] [Render thread/DEBUG] [ne.mi.re.GameData/REGISTRIES]: Holder lookups applied: reterraforged:worldgen/template_placement_type
[15:52:09] [Render thread/DEBUG] [ne.mi.cl.lo.ClientModLoader/CORE]: Generating PackInfo named mod:worldedit for mod file C:\Users\Rinsing\.gradle\caches\forge_gradle\deobf_dependencies\curse\maven\worldedit-225608\4586218_mapped_official_1.20.1\worldedit-225608-4586218_mapped_official_1.20.1.jar
[15:52:09] [Render thread/DEBUG] [ne.mi.cl.lo.ClientModLoader/CORE]: Generating PackInfo named mod:architectury for mod file C:\Users\Rinsing\.gradle\caches\forge_gradle\deobf_dependencies\dev\architectury\architectury-forge\9.2.14_mapped_official_1.20.1\architectury-forge-9.2.14_mapped_official_1.20.1.jar
[15:52:09] [Render thread/DEBUG] [ne.mi.cl.lo.ClientModLoader/CORE]: Generating PackInfo named mod:cloth_config for mod file C:\Users\Rinsing\.gradle\caches\forge_gradle\deobf_dependencies\me\shedaniel\cloth\cloth-config-forge\11.1.136_mapped_official_1.20.1\cloth-config-forge-11.1.136_mapped_official_1.20.1.jar
[15:52:09] [Render thread/DEBUG] [ne.mi.cl.lo.ClientModLoader/CORE]: Generating PackInfo named mod:forge for mod file /
[15:52:09] [Render thread/DEBUG] [ne.mi.cl.lo.ClientModLoader/CORE]: Generating PackInfo named mod:t_and_t for mod file C:\Users\Rinsing\.gradle\caches\forge_gradle\deobf_dependencies\local\t_and_t\t_and_t\1.12_mapped_official_1.20.1\t_and_t-1.12_mapped_official_1.20.1.jar
[15:52:09] [Render thread/DEBUG] [ne.mi.cl.lo.ClientModLoader/CORE]: Generating PackInfo named mod:mr_trek for mod file C:\Users\Rinsing\.gradle\caches\forge_gradle\deobf_dependencies\local\trek\trek\B0.6_mapped_official_1.20.1\trek-B0.6_mapped_official_1.20.1.jar
[15:52:09] [Render thread/DEBUG] [ne.mi.cl.lo.ClientModLoader/CORE]: Generating PackInfo named mod:roadweaver for mod file C:\Users\Rinsing\.gradle\caches\forge_gradle\deobf_dependencies\local\roadweaver\roadweaver-forge\2.3.0-1.20.1_mapped_official_1.20.1\roadweaver-forge-2.3.0-1.20.1_mapped_official_1.20.1.jar
[15:52:09] [Render thread/DEBUG] [ne.mi.cl.lo.ClientModLoader/CORE]: Generating PackInfo named mod:geomantia for mod file E:\Mod_Dev\StructureBinder\build\resources\main
[15:52:09] [Render thread/DEBUG] [ne.mi.cl.lo.ClientModLoader/CORE]: Generating PackInfo named mod:cristellib for mod file C:\Users\Rinsing\.gradle\caches\forge_gradle\deobf_dependencies\local\cristellib\cristellib\1.1.6_mapped_official_1.20.1\cristellib-1.1.6_mapped_official_1.20.1.jar
[15:52:09] [Render thread/WARN] [minecraft/Pack]: Missing metadata in pack mod:reterraforged
[15:52:09] [Render thread/INFO] [ne.mi.ga.ForgeGameTestHooks/]: Enabled Gametest Namespaces: [geomantia]
[15:52:10] [Render thread/DEBUG] [mixin/]: Mixing forge.CreateWorldScreenInitMixin from roadweaver.mixins.json into net.minecraft.client.gui.screens.worldselection.CreateWorldScreen
[15:52:10] [Render thread/INFO] [minecraft/ReloadableResourceManager]: Reloading ResourceManager: vanilla, mod_resources
[15:52:10] [modloading-worker-0/DEBUG] [ne.mi.fm.co.ConfigTracker/CONFIG]: Loading configs type CLIENT
[15:52:10] [modloading-worker-0/DEBUG] [ne.mi.fm.co.ConfigFileTypeHandler/CONFIG]: Built TOML config for E:\Mod_Dev\StructureBinder\run\config\forge-client.toml
[15:52:10] [modloading-worker-0/DEBUG] [ne.mi.fm.co.ConfigFileTypeHandler/CONFIG]: Loaded TOML config file E:\Mod_Dev\StructureBinder\run\config\forge-client.toml
[15:52:10] [modloading-worker-0/DEBUG] [ne.mi.fm.co.ConfigFileTypeHandler/CONFIG]: Watching TOML config file E:\Mod_Dev\StructureBinder\run\config\forge-client.toml for changes
[15:52:10] [modloading-worker-0/DEBUG] [ne.mi.co.ForgeConfig/FORGEMOD]: Loaded forge config file forge-client.toml
[15:52:10] [modloading-worker-0/DEBUG] [ne.mi.fm.co.ConfigTracker/CONFIG]: Loading configs type COMMON
[15:52:10] [Worker-Main-13/INFO] [co.ri.ge.GeomantiaMod/]: Geomantia initialized.
[15:52:10] [Worker-Main-12/INFO] [roadweaver/]: RoadWeaver common setup completed
[15:52:10] [Worker-Main-15/INFO] [minecraft/UnihexProvider]: Found unifont_all_no_pua-15.0.06.hex, loading
[15:52:10] [Forge Version Check/INFO] [ne.mi.fm.VersionChecker/]: [forge] Starting version check at https://files.minecraftforge.net/net/minecraftforge/forge/promotions_slim.json
[15:52:11] [Worker-Main-9/INFO] [co.sk.wo.ex.pl.PlatformManager/]: Got request to register class com.sk89q.worldedit.forge.ForgePlatform with WorldEdit [com.sk89q.worldedit.extension.platform.PlatformManager@4fe72927]
[15:52:11] [Worker-Main-9/INFO] [co.sk.wo.fo.ForgeWorldEdit/]: WorldEdit for Forge (version 7.2.15+6463-5ca4dff) is loaded
[15:52:11] [Render thread/DEBUG] [ne.mi.fm.DeferredWorkQueue/LOADING]: Dispatching synchronous work for work queue COMMON_SETUP: 1 jobs
[15:52:11] [Render thread/DEBUG] [ne.mi.fm.DeferredWorkQueue/LOADING]: Synchronous work queue completed in 3.411 ms
[15:52:11] [modloading-worker-0/DEBUG] [ne.mi.re.GameData/REGISTRIES]: Freezing registries
[15:52:11] [modloading-worker-0/DEBUG] [ne.mi.re.ForgeRegistry/REGISTRIES]: Registry minecraft:block Sync: FROZEN -> ACTIVE
[15:52:11] [modloading-worker-0/DEBUG] [ne.mi.re.ForgeRegistry/REGISTRIES]: Registry minecraft:fluid Sync: FROZEN -> ACTIVE
[15:52:11] [modloading-worker-0/DEBUG] [ne.mi.re.ForgeRegistry/REGISTRIES]: Registry minecraft:item Sync: FROZEN -> ACTIVE
[15:52:11] [modloading-worker-0/DEBUG] [ne.mi.re.ForgeRegistry/REGISTRIES]: Registry minecraft:mob_effect Sync: FROZEN -> ACTIVE
[15:52:11] [modloading-worker-0/DEBUG] [ne.mi.re.ForgeRegistry/REGISTRIES]: Registry minecraft:sound_event Sync: FROZEN -> ACTIVE
[15:52:11] [modloading-worker-0/DEBUG] [ne.mi.re.ForgeRegistry/REGISTRIES]: Registry minecraft:potion Sync: FROZEN -> ACTIVE
[15:52:11] [modloading-worker-0/DEBUG] [ne.mi.re.ForgeRegistry/REGISTRIES]: Registry minecraft:enchantment Sync: FROZEN -> ACTIVE
[15:52:11] [modloading-worker-0/DEBUG] [ne.mi.re.ForgeRegistry/REGISTRIES]: Registry minecraft:entity_type Sync: FROZEN -> ACTIVE
[15:52:11] [modloading-worker-0/DEBUG] [ne.mi.re.ForgeRegistry/REGISTRIES]: Registry minecraft:block_entity_type Sync: FROZEN -> ACTIVE
[15:52:11] [modloading-worker-0/DEBUG] [ne.mi.re.ForgeRegistry/REGISTRIES]: Registry minecraft:particle_type Sync: FROZEN -> ACTIVE
[15:52:11] [modloading-worker-0/DEBUG] [ne.mi.re.ForgeRegistry/REGISTRIES]: Registry minecraft:menu Sync: FROZEN -> ACTIVE
[15:52:11] [modloading-worker-0/DEBUG] [ne.mi.re.ForgeRegistry/REGISTRIES]: Registry minecraft:painting_variant Sync: FROZEN -> ACTIVE
[15:52:11] [modloading-worker-0/DEBUG] [ne.mi.re.ForgeRegistry/REGISTRIES]: Registry minecraft:recipe_type Sync: FROZEN -> ACTIVE
[15:52:11] [modloading-worker-0/DEBUG] [ne.mi.re.ForgeRegistry/REGISTRIES]: Registry minecraft:recipe_serializer Sync: FROZEN -> ACTIVE
[15:52:11] [modloading-worker-0/DEBUG] [ne.mi.re.ForgeRegistry/REGISTRIES]: Registry minecraft:attribute Sync: FROZEN -> ACTIVE
[15:52:11] [modloading-worker-0/DEBUG] [ne.mi.re.ForgeRegistry/REGISTRIES]: Registry minecraft:stat_type Sync: FROZEN -> ACTIVE
[15:52:11] [modloading-worker-0/DEBUG] [ne.mi.re.ForgeRegistry/REGISTRIES]: Registry minecraft:command_argument_type Sync: FROZEN -> ACTIVE
[15:52:11] [modloading-worker-0/DEBUG] [ne.mi.re.ForgeRegistry/REGISTRIES]: Registry minecraft:villager_profession Sync: FROZEN -> ACTIVE
[15:52:11] [modloading-worker-0/DEBUG] [ne.mi.re.ForgeRegistry/REGISTRIES]: Registry minecraft:point_of_interest_type Sync: FROZEN -> ACTIVE
[15:52:11] [modloading-worker-0/DEBUG] [ne.mi.re.ForgeRegistry/REGISTRIES]: Registry minecraft:memory_module_type Sync: FROZEN -> ACTIVE
[15:52:11] [modloading-worker-0/DEBUG] [ne.mi.re.ForgeRegistry/REGISTRIES]: Registry minecraft:sensor_type Sync: FROZEN -> ACTIVE
[15:52:11] [modloading-worker-0/DEBUG] [ne.mi.re.ForgeRegistry/REGISTRIES]: Registry minecraft:schedule Sync: FROZEN -> ACTIVE
[15:52:11] [modloading-worker-0/DEBUG] [ne.mi.re.ForgeRegistry/REGISTRIES]: Registry minecraft:activity Sync: FROZEN -> ACTIVE
[15:52:11] [modloading-worker-0/DEBUG] [ne.mi.re.ForgeRegistry/REGISTRIES]: Registry minecraft:worldgen/carver Sync: FROZEN -> ACTIVE
[15:52:11] [modloading-worker-0/DEBUG] [ne.mi.re.ForgeRegistry/REGISTRIES]: Registry minecraft:worldgen/feature Sync: FROZEN -> ACTIVE
[15:52:11] [modloading-worker-0/DEBUG] [ne.mi.re.ForgeRegistry/REGISTRIES]: Registry minecraft:chunk_status Sync: FROZEN -> ACTIVE
[15:52:11] [modloading-worker-0/DEBUG] [ne.mi.re.ForgeRegistry/REGISTRIES]: Registry minecraft:worldgen/block_state_provider_type Sync: FROZEN -> ACTIVE
[15:52:11] [modloading-worker-0/DEBUG] [ne.mi.re.ForgeRegistry/REGISTRIES]: Registry minecraft:worldgen/foliage_placer_type Sync: FROZEN -> ACTIVE
[15:52:11] [modloading-worker-0/DEBUG] [ne.mi.re.ForgeRegistry/REGISTRIES]: Registry minecraft:worldgen/tree_decorator_type Sync: FROZEN -> ACTIVE
[15:52:11] [modloading-worker-0/DEBUG] [ne.mi.re.ForgeRegistry/REGISTRIES]: Registry minecraft:worldgen/biome Sync: FROZEN -> ACTIVE
[15:52:11] [modloading-worker-0/DEBUG] [ne.mi.re.ForgeRegistry/REGISTRIES]: Registry forge:entity_data_serializers Sync: FROZEN -> ACTIVE
[15:52:11] [modloading-worker-0/DEBUG] [ne.mi.re.ForgeRegistry/REGISTRIES]: Registry forge:global_loot_modifier_serializers Sync: FROZEN -> ACTIVE
[15:52:11] [modloading-worker-0/DEBUG] [ne.mi.re.ForgeRegistry/REGISTRIES]: Registry forge:biome_modifier_serializers Sync: FROZEN -> ACTIVE
[15:52:11] [modloading-worker-0/DEBUG] [ne.mi.re.ForgeRegistry/REGISTRIES]: Registry forge:fluid_type Sync: FROZEN -> ACTIVE
[15:52:11] [modloading-worker-0/DEBUG] [ne.mi.re.ForgeRegistry/REGISTRIES]: Registry forge:structure_modifier_serializers Sync: FROZEN -> ACTIVE
[15:52:11] [modloading-worker-0/DEBUG] [ne.mi.re.ForgeRegistry/REGISTRIES]: Registry forge:holder_set_type Sync: FROZEN -> ACTIVE
[15:52:11] [modloading-worker-0/DEBUG] [ne.mi.re.ForgeRegistry/REGISTRIES]: Registry forge:display_contexts Sync: FROZEN -> ACTIVE
[15:52:11] [modloading-worker-0/DEBUG] [ne.mi.re.ForgeRegistry/REGISTRIES]: Registry reterraforged:worldgen/template_decorator_type Sync: FROZEN -> ACTIVE
[15:52:11] [modloading-worker-0/DEBUG] [ne.mi.re.ForgeRegistry/REGISTRIES]: Registry reterraforged:worldgen/curve_function_type Sync: FROZEN -> ACTIVE
[15:52:11] [modloading-worker-0/DEBUG] [ne.mi.re.ForgeRegistry/REGISTRIES]: Registry reterraforged:worldgen/chance_modifier_type Sync: FROZEN -> ACTIVE
[15:52:11] [modloading-worker-0/DEBUG] [ne.mi.re.ForgeRegistry/REGISTRIES]: Registry reterraforged:worldgen/noise_type Sync: FROZEN -> ACTIVE
[15:52:11] [modloading-worker-0/DEBUG] [ne.mi.re.ForgeRegistry/REGISTRIES]: Registry reterraforged:worldgen/template_placement_type Sync: FROZEN -> ACTIVE
[15:52:11] [modloading-worker-0/DEBUG] [ne.mi.re.ForgeRegistry/REGISTRIES]: Registry reterraforged:worldgen/structure_rule_type Sync: FROZEN -> ACTIVE
[15:52:11] [modloading-worker-0/DEBUG] [ne.mi.re.ForgeRegistry/REGISTRIES]: Registry reterraforged:worldgen/domain_type Sync: FROZEN -> ACTIVE
[15:52:11] [Forge Version Check/DEBUG] [ne.mi.fm.VersionChecker/]: [forge] Received version check data:
{
  "homepage": "https://files.minecraftforge.net/net/minecraftforge/forge/",
  "promos": {
    "1.1-latest": "1.3.4.29",
    "1.2.3-latest": "1.4.1.64",
    "1.2.4-latest": "2.0.0.68",
    "1.2.5-latest": "3.4.9.171",
    "1.3.2-latest": "4.3.5.318",
    "1.4.0-latest": "5.0.0.326",
    "1.4.1-latest": "6.0.0.329",
    "1.4.2-latest": "6.0.1.355",
    "1.4.3-latest": "6.2.1.358",
    "1.4.4-latest": "6.3.0.378",
    "1.4.5-latest": "6.4.2.448",
    "1.4.6-latest": "6.5.0.489",
    "1.4.7-latest": "6.6.2.534",
    "1.5-latest": "7.7.0.598",
    "1.5.1-latest": "7.7.2.682",
    "1.5.2-latest": "7.8.1.738",
    "1.5.2-recommended": "7.8.1.738",
    "1.6.1-latest": "8.9.0.775",
    "1.6.2-latest": "9.10.1.871",
    "1.6.2-recommended": "9.10.1.871",
    "1.6.3-latest": "9.11.0.878",
    "1.6.4-latest": "9.11.1.1345",
    "1.6.4-recommended": "9.11.1.1345",
    "1.7.2-latest": "10.12.2.1161",
    "1.7.2-recommended": "10.12.2.1161",
    "1.7.10-latest": "10.13.4.1614",
    "1.7.10-recommended": "10.13.4.1614",
    "1.8-latest": "11.14.4.1577",
    "1.8-recommended": "11.14.4.1563",
    "1.8.8-latest": "11.15.0.1655",
    "1.8.9-latest": "11.15.1.2318",
    "1.8.9-recommended": "11.15.1.2318",
    "1.9-latest": "12.16.1.1938",
    "1.9-recommended": "12.16.1.1887",
    "1.9.4-latest": "12.17.0.2317",
    "1.9.4-recommended": "12.17.0.2317",
    "1.10-latest": "12.18.0.2000",
    "1.10.2-latest": "12.18.3.2511",
    "1.10.2-recommended": "12.18.3.2511",
    "1.11-latest": "13.19.1.2199",
    "1.11-recommended": "13.19.1.2189",
    "1.11.2-latest": "13.20.1.2588",
    "1.11.2-recommended": "13.20.1.2588",
    "1.12-latest": "14.21.1.2443",
    "1.12-recommended": "14.21.1.2387",
    "1.12.1-latest": "14.22.1.2485",
    "1.12.1-recommended": "14.22.1.2478",
    "1.12.2-latest": "14.23.5.2864",
    "1.12.2-recommended": "14.23.5.2859",
    "1.13.2-latest": "25.0.223",
    "1.14.2-latest": "26.0.63",
    "1.14.3-latest": "27.0.60",
    "1.14.4-latest": "28.2.30",
    "1.14.4-recommended": "28.2.26",
    "1.15-latest": "29.0.4",
    "1.15.1-latest": "30.0.51",
    "1.15.2-latest": "31.2.62",
    "1.15.2-recommended": "31.2.57",
    "1.16.1-latest": "32.0.108",
    "1.16.2-latest": "33.0.61",
    "1.16.3-latest": "34.1.42",
    "1.16.3-recommended": "34.1.0",
    "1.16.4-latest": "35.1.37",
    "1.16.4-recommended": "35.1.4",
    "1.16.5-latest": "36.2.42",
    "1.16.5-recommended": "36.2.34",
    "1.17.1-latest": "37.1.1",
    "1.17.1-recommended": "37.1.1",
    "1.18-latest": "38.0.17",
    "1.18.1-latest": "39.1.2",
    "1.18.1-recommended": "39.1.0",
    "1.18.2-recommended": "40.3.0",
    "1.18.2-latest": "40.3.12",
    "1.19-latest": "41.1.0",
    "1.19-recommended": "41.1.0",
    "1.19.1-latest": "42.0.9",
    "1.19.2-recommended": "43.5.0",
    "1.19.2-latest": "43.5.2",
    "1.19.3-latest": "44.1.23",
    "1.19.3-recommended": "44.1.0",
    "1.19.4-recommended": "45.4.0",
    "1.19.4-latest": "45.4.3",
    "1.20-latest": "46.0.14",
    "1.20.1-recommended": "47.4.10",
    "1.20.1-latest": "47.4.22",
    "1.20.2-latest": "48.1.0",
    "1.20.2-recommended": "48.1.0",
    "1.20.3-latest": "49.0.2",
    "1.20.4-latest": "49.2.8",
    "1.20.4-recommended": "49.2.0",
    "1.20.6-latest": "50.2.10",
    "1.20.6-recommended": "50.2.0",
    "1.21-latest": "51.0.33",
    "1.21.1-latest": "52.1.16",
    "1.21.1-recommended": "52.1.0",
    "1.21.3-latest": "53.1.12",
    "1.21.3-recommended": "53.1.0",
    "1.21.4-latest": "54.1.18",
    "1.21.4-recommended": "54.1.14",
    "1.21.5-latest": "55.1.12",
    "1.21.5-recommended": "55.1.0",
    "1.21.6-latest": "56.0.9",
    "1.21.7-latest": "57.0.3",
    "1.21.8-latest": "58.1.21",
    "1.21.8-recommended": "58.1.0",
    "1.21.9-latest": "59.0.5",
    "1.21.10-latest": "60.1.13",
    "1.21.10-recommended": "60.1.0",
    "1.21.11-latest": "61.1.14",
    "1.21.11-recommended": "61.1.0",
    "26.1-latest": "62.0.9",
    "26.1.1-latest": "63.0.2",
    "26.1.2-latest": "64.1.0",
    "26.1.2-recommended": "64.1.0",
    "26.2-latest": "65.1.0",
    "26.2-recommended": "65.1.0"
  }
}
[15:52:11] [Forge Version Check/INFO] [ne.mi.fm.VersionChecker/]: [forge] Found status: OUTDATED Current: 47.4.0 Target: 47.4.10
[15:52:11] [Forge Version Check/INFO] [ne.mi.fm.VersionChecker/]: [mr_trek] Starting version check at https://api.modrinth.com/updates/h2jngREY/forge_updates.json
[15:52:12] [modloading-worker-0/DEBUG] [ne.mi.re.GameData/REGISTRIES]: All registries frozen
[15:52:12] [Forge Version Check/DEBUG] [ne.mi.fm.VersionChecker/]: [mr_trek] Received version check data:
{"homepage":"https://modrinth.com/mod/h2jngREY","promos":{"26.2-latest":"B0.6.2+mod","1.20.3-latest":"B0.6.2+mod","1.21.8-latest":"B0.6.2+mod","1.20.2-latest":"B0.6.2+mod","1.20.4-latest":"B0.6.2+mod","26.1.1-latest":"B0.6.2+mod","1.20-latest":"B0.6.2+mod","1.21-latest":"B0.6.2+mod","1.20.6-latest":"B0.6.2+mod","1.21.3-latest":"B0.6.2+mod","1.21.2-latest":"B0.6.2+mod","1.21.10-latest":"B0.6.2+mod","26.1-latest":"B0.6.2+mod","1.21.9-latest":"B0.6.2+mod","1.19.2-latest":"B0.6.2+mod","1.20.1-latest":"B0.6.2+mod","1.20.5-latest":"B0.6.2+mod","1.19.4-latest":"B0.6.2+mod","1.21.1-latest":"B0.6.2+mod","1.21.5-latest":"B0.6.2+mod","1.21.11-latest":"B0.6.2+mod","26.1.2-latest":"B0.6.2+mod","1.21.6-latest":"B0.6.2+mod","1.21.7-latest":"B0.6.2+mod","1.19-latest":"B0.6.2+mod","1.21.4-latest":"B0.6.2+mod","1.19.1-latest":"B0.6.2+mod","1.19.3-latest":"B0.6.2+mod"}}
[15:52:12] [Forge Version Check/INFO] [ne.mi.fm.VersionChecker/]: [mr_trek] Found status: BETA Current: 1-B0.6 Target: B0.6.2+mod
[15:52:12] [Render thread/DEBUG] [ne.mi.co.ForgeI18n/CORE]: Loading I18N data entries: 8776
[15:52:12] [Render thread/WARN] [minecraft/SoundEngine]: Missing sound for event: minecraft:item.goat_horn.play
[15:52:12] [Render thread/WARN] [minecraft/SoundEngine]: Missing sound for event: minecraft:entity.goat.screaming.horn_break
[15:52:12] [Render thread/INFO] [mojang/Library]: OpenAL initialized on device OpenAL Soft on 耳机 (UGREEN-BT505)
[15:52:12] [Render thread/INFO] [minecraft/SoundEngine]: Sound engine started
[15:52:12] [Render thread/INFO] [minecraft/TextureAtlas]: Created: 1024x512x4 minecraft:textures/atlas/blocks.png-atlas
[15:52:12] [Render thread/INFO] [minecraft/TextureAtlas]: Created: 256x256x4 minecraft:textures/atlas/signs.png-atlas
[15:52:12] [Render thread/INFO] [minecraft/TextureAtlas]: Created: 512x512x4 minecraft:textures/atlas/shield_patterns.png-atlas
[15:52:12] [Render thread/INFO] [minecraft/TextureAtlas]: Created: 512x512x4 minecraft:textures/atlas/banner_patterns.png-atlas
[15:52:12] [Render thread/INFO] [minecraft/TextureAtlas]: Created: 1024x1024x4 minecraft:textures/atlas/armor_trims.png-atlas
[15:52:12] [Render thread/INFO] [minecraft/TextureAtlas]: Created: 128x64x4 minecraft:textures/atlas/decorated_pot.png-atlas
[15:52:12] [Render thread/INFO] [minecraft/TextureAtlas]: Created: 256x256x4 minecraft:textures/atlas/chest.png-atlas
[15:52:12] [Render thread/INFO] [minecraft/TextureAtlas]: Created: 512x256x4 minecraft:textures/atlas/shulker_boxes.png-atlas
[15:52:12] [Render thread/INFO] [minecraft/TextureAtlas]: Created: 512x256x4 minecraft:textures/atlas/beds.png-atlas
[15:52:13] [Render thread/WARN] [minecraft/ShaderInstance]: Shader rendertype_entity_translucent_emissive could not find sampler named Sampler2 in the specified shader program.
[15:52:13] [Render thread/INFO] [minecraft/TextureAtlas]: Created: 256x256x0 minecraft:textures/atlas/particles.png-atlas
[15:52:13] [Render thread/INFO] [minecraft/TextureAtlas]: Created: 256x256x0 minecraft:textures/atlas/paintings.png-atlas
[15:52:13] [Render thread/INFO] [minecraft/TextureAtlas]: Created: 128x128x0 minecraft:textures/atlas/mob_effects.png-atlas
[15:52:13] [Render thread/INFO] [co.ri.ge.cl.DevAutoLoadClient/]: Geomantia development auto-load observing screen: net.minecraftforge.client.gui.LoadingErrorScreen
[15:52:13] [Render thread/INFO] [co.ri.ge.cl.DevAutoLoadClient/]: Geomantia development auto-load world from screen net.minecraftforge.client.gui.LoadingErrorScreen: RTF0805
[15:52:13] [Render thread/INFO] [ne.mi.re.GameData/REGISTRIES]: Injecting existing registry data into this CLIENT instance
[15:52:13] [Render thread/DEBUG] [ne.mi.re.ForgeRegistry/REGISTRIES]: Registry minecraft:block Sync: ACTIVE -> STAGING
[15:52:13] [Render thread/DEBUG] [ne.mi.re.ForgeRegistry/REGISTRIES]: Registry minecraft:fluid Sync: ACTIVE -> STAGING
[15:52:13] [Render thread/DEBUG] [ne.mi.re.ForgeRegistry/REGISTRIES]: Registry minecraft:item Sync: ACTIVE -> STAGING
[15:52:13] [Render thread/DEBUG] [ne.mi.re.ForgeRegistry/REGISTRIES]: Registry minecraft:mob_effect Sync: ACTIVE -> STAGING
[15:52:13] [Render thread/DEBUG] [ne.mi.re.ForgeRegistry/REGISTRIES]: Registry minecraft:sound_event Sync: ACTIVE -> STAGING
[15:52:13] [Render thread/DEBUG] [ne.mi.re.ForgeRegistry/REGISTRIES]: Registry minecraft:potion Sync: ACTIVE -> STAGING
[15:52:13] [Render thread/DEBUG] [ne.mi.re.ForgeRegistry/REGISTRIES]: Registry minecraft:enchantment Sync: ACTIVE -> STAGING
[15:52:13] [Render thread/DEBUG] [ne.mi.re.ForgeRegistry/REGISTRIES]: Registry minecraft:entity_type Sync: ACTIVE -> STAGING
[15:52:13] [Render thread/DEBUG] [ne.mi.re.ForgeRegistry/REGISTRIES]: Registry minecraft:block_entity_type Sync: ACTIVE -> STAGING
[15:52:13] [Render thread/DEBUG] [ne.mi.re.ForgeRegistry/REGISTRIES]: Registry minecraft:particle_type Sync: ACTIVE -> STAGING
[15:52:13] [Render thread/DEBUG] [ne.mi.re.ForgeRegistry/REGISTRIES]: Registry minecraft:menu Sync: ACTIVE -> STAGING
[15:52:13] [Render thread/DEBUG] [ne.mi.re.ForgeRegistry/REGISTRIES]: Registry minecraft:painting_variant Sync: ACTIVE -> STAGING
[15:52:13] [Render thread/DEBUG] [ne.mi.re.ForgeRegistry/REGISTRIES]: Registry minecraft:recipe_type Sync: ACTIVE -> STAGING
[15:52:13] [Render thread/DEBUG] [ne.mi.re.ForgeRegistry/REGISTRIES]: Registry minecraft:recipe_serializer Sync: ACTIVE -> STAGING
[15:52:13] [Render thread/DEBUG] [ne.mi.re.ForgeRegistry/REGISTRIES]: Registry minecraft:attribute Sync: ACTIVE -> STAGING
[15:52:13] [Render thread/DEBUG] [ne.mi.re.ForgeRegistry/REGISTRIES]: Registry minecraft:stat_type Sync: ACTIVE -> STAGING
[15:52:13] [Render thread/DEBUG] [ne.mi.re.ForgeRegistry/REGISTRIES]: Registry minecraft:command_argument_type Sync: ACTIVE -> STAGING
[15:52:13] [Render thread/DEBUG] [ne.mi.re.ForgeRegistry/REGISTRIES]: Registry minecraft:villager_profession Sync: ACTIVE -> STAGING
[15:52:13] [Render thread/DEBUG] [ne.mi.re.ForgeRegistry/REGISTRIES]: Registry minecraft:point_of_interest_type Sync: ACTIVE -> STAGING
[15:52:13] [Render thread/DEBUG] [ne.mi.re.ForgeRegistry/REGISTRIES]: Registry minecraft:memory_module_type Sync: ACTIVE -> STAGING
[15:52:13] [Render thread/DEBUG] [ne.mi.re.ForgeRegistry/REGISTRIES]: Registry minecraft:sensor_type Sync: ACTIVE -> STAGING
[15:52:13] [Render thread/DEBUG] [ne.mi.re.ForgeRegistry/REGISTRIES]: Registry minecraft:schedule Sync: ACTIVE -> STAGING
[15:52:13] [Render thread/DEBUG] [ne.mi.re.ForgeRegistry/REGISTRIES]: Registry minecraft:activity Sync: ACTIVE -> STAGING
[15:52:13] [Render thread/DEBUG] [ne.mi.re.ForgeRegistry/REGISTRIES]: Registry minecraft:worldgen/carver Sync: ACTIVE -> STAGING
[15:52:13] [Render thread/DEBUG] [ne.mi.re.ForgeRegistry/REGISTRIES]: Registry minecraft:worldgen/feature Sync: ACTIVE -> STAGING
[15:52:13] [Render thread/DEBUG] [ne.mi.re.ForgeRegistry/REGISTRIES]: Registry minecraft:chunk_status Sync: ACTIVE -> STAGING
[15:52:13] [Render thread/DEBUG] [ne.mi.re.ForgeRegistry/REGISTRIES]: Registry minecraft:worldgen/block_state_provider_type Sync: ACTIVE -> STAGING
[15:52:13] [Render thread/DEBUG] [ne.mi.re.ForgeRegistry/REGISTRIES]: Registry minecraft:worldgen/foliage_placer_type Sync: ACTIVE -> STAGING
[15:52:13] [Render thread/DEBUG] [ne.mi.re.ForgeRegistry/REGISTRIES]: Registry minecraft:worldgen/tree_decorator_type Sync: ACTIVE -> STAGING
[15:52:13] [Render thread/DEBUG] [ne.mi.re.ForgeRegistry/REGISTRIES]: Registry minecraft:worldgen/biome Sync: ACTIVE -> STAGING
[15:52:13] [Render thread/DEBUG] [ne.mi.re.ForgeRegistry/REGISTRIES]: Registry forge:entity_data_serializers Sync: ACTIVE -> STAGING
[15:52:13] [Render thread/DEBUG] [ne.mi.re.ForgeRegistry/REGISTRIES]: Registry forge:global_loot_modifier_serializers Sync: ACTIVE -> STAGING
[15:52:13] [Render thread/DEBUG] [ne.mi.re.ForgeRegistry/REGISTRIES]: Registry forge:biome_modifier_serializers Sync: ACTIVE -> STAGING
[15:52:13] [Render thread/DEBUG] [ne.mi.re.ForgeRegistry/REGISTRIES]: Registry forge:fluid_type Sync: ACTIVE -> STAGING
[15:52:13] [Render thread/DEBUG] [ne.mi.re.ForgeRegistry/REGISTRIES]: Registry forge:structure_modifier_serializers Sync: ACTIVE -> STAGING
[15:52:13] [Render thread/DEBUG] [ne.mi.re.ForgeRegistry/REGISTRIES]: Registry forge:holder_set_type Sync: ACTIVE -> STAGING
[15:52:13] [Render thread/DEBUG] [ne.mi.re.ForgeRegistry/REGISTRIES]: Registry forge:display_contexts Sync: ACTIVE -> STAGING
[15:52:13] [Render thread/DEBUG] [ne.mi.re.ForgeRegistry/REGISTRIES]: Registry reterraforged:worldgen/template_decorator_type Sync: ACTIVE -> STAGING
[15:52:13] [Render thread/DEBUG] [ne.mi.re.ForgeRegistry/REGISTRIES]: Registry reterraforged:worldgen/curve_function_type Sync: ACTIVE -> STAGING
[15:52:13] [Render thread/DEBUG] [ne.mi.re.ForgeRegistry/REGISTRIES]: Registry reterraforged:worldgen/chance_modifier_type Sync: ACTIVE -> STAGING
[15:52:13] [Render thread/DEBUG] [ne.mi.re.ForgeRegistry/REGISTRIES]: Registry reterraforged:worldgen/noise_type Sync: ACTIVE -> STAGING
[15:52:13] [Render thread/DEBUG] [ne.mi.re.ForgeRegistry/REGISTRIES]: Registry reterraforged:worldgen/template_placement_type Sync: ACTIVE -> STAGING
[15:52:13] [Render thread/DEBUG] [ne.mi.re.ForgeRegistry/REGISTRIES]: Registry reterraforged:worldgen/structure_rule_type Sync: ACTIVE -> STAGING
[15:52:13] [Render thread/DEBUG] [ne.mi.re.ForgeRegistry/REGISTRIES]: Registry reterraforged:worldgen/domain_type Sync: ACTIVE -> STAGING
[15:52:14] [Render thread/DEBUG] [ne.mi.re.ObjectHolderRegistry/REGISTRIES]: Applying holder lookups
[15:52:14] [Render thread/DEBUG] [ne.mi.re.ObjectHolderRegistry/REGISTRIES]: Holder lookups applied
[15:52:14] [Render thread/DEBUG] [ne.mi.se.ServerLifecycleHooks/CORE]: Generating PackInfo named mod:worldedit for mod file C:\Users\Rinsing\.gradle\caches\forge_gradle\deobf_dependencies\curse\maven\worldedit-225608\4586218_mapped_official_1.20.1\worldedit-225608-4586218_mapped_official_1.20.1.jar
[15:52:14] [Render thread/DEBUG] [ne.mi.se.ServerLifecycleHooks/CORE]: Generating PackInfo named mod:architectury for mod file C:\Users\Rinsing\.gradle\caches\forge_gradle\deobf_dependencies\dev\architectury\architectury-forge\9.2.14_mapped_official_1.20.1\architectury-forge-9.2.14_mapped_official_1.20.1.jar
[15:52:14] [Render thread/DEBUG] [ne.mi.se.ServerLifecycleHooks/CORE]: Generating PackInfo named mod:cloth_config for mod file C:\Users\Rinsing\.gradle\caches\forge_gradle\deobf_dependencies\me\shedaniel\cloth\cloth-config-forge\11.1.136_mapped_official_1.20.1\cloth-config-forge-11.1.136_mapped_official_1.20.1.jar
[15:52:14] [Render thread/DEBUG] [ne.mi.se.ServerLifecycleHooks/CORE]: Generating PackInfo named mod:forge for mod file /
[15:52:14] [Render thread/DEBUG] [ne.mi.se.ServerLifecycleHooks/CORE]: Generating PackInfo named mod:t_and_t for mod file C:\Users\Rinsing\.gradle\caches\forge_gradle\deobf_dependencies\local\t_and_t\t_and_t\1.12_mapped_official_1.20.1\t_and_t-1.12_mapped_official_1.20.1.jar
[15:52:14] [Render thread/DEBUG] [ne.mi.se.ServerLifecycleHooks/CORE]: Generating PackInfo named mod:mr_trek for mod file C:\Users\Rinsing\.gradle\caches\forge_gradle\deobf_dependencies\local\trek\trek\B0.6_mapped_official_1.20.1\trek-B0.6_mapped_official_1.20.1.jar
[15:52:14] [Render thread/DEBUG] [ne.mi.se.ServerLifecycleHooks/CORE]: Generating PackInfo named mod:roadweaver for mod file C:\Users\Rinsing\.gradle\caches\forge_gradle\deobf_dependencies\local\roadweaver\roadweaver-forge\2.3.0-1.20.1_mapped_official_1.20.1\roadweaver-forge-2.3.0-1.20.1_mapped_official_1.20.1.jar
[15:52:14] [Render thread/DEBUG] [ne.mi.se.ServerLifecycleHooks/CORE]: Generating PackInfo named mod:geomantia for mod file E:\Mod_Dev\StructureBinder\build\resources\main
[15:52:14] [Render thread/DEBUG] [ne.mi.se.ServerLifecycleHooks/CORE]: Generating PackInfo named mod:cristellib for mod file C:\Users\Rinsing\.gradle\caches\forge_gradle\deobf_dependencies\local\cristellib\cristellib\1.1.6_mapped_official_1.20.1\cristellib-1.1.6_mapped_official_1.20.1.jar
[15:52:14] [Render thread/WARN] [minecraft/Pack]: Missing metadata in pack mod:reterraforged
[15:52:14] [Render thread/WARN] [minecraft/MinecraftServer]: Missing data pack mod:reterraforged
[15:52:14] [Render thread/DEBUG] [mixin/]: Mixing MixinLootDataManager from architectury.mixins.json into net.minecraft.world.level.storage.loot.LootDataManager
[15:52:14] [Render thread/DEBUG] [mixin/]: Mixing client.MixinCommandSourceStack from architectury.mixins.json into net.minecraft.commands.CommandSourceStack
[15:52:14] [Render thread/DEBUG] [ne.mi.co.tr.CoreModBaseTransformer/COREMOD]: Transforming net/minecraft/server/commands/SummonCommand
[15:52:15] [Render thread/INFO] [co.sk.wo.ex.pl.PlatformCommandManager/]: Registering commands with com.sk89q.worldedit.forge.ForgePlatform
[15:52:15] [Worker-Main-2/DEBUG] [ne.mi.co.tr.CoreModBaseTransformer/COREMOD]: Transforming net/minecraft/world/entity/raid/Raid
[15:52:15] [Render thread/INFO] [minecraft/RecipeManager]: Loaded 7 recipes
[15:52:15] [Render thread/INFO] [minecraft/AdvancementList]: Loaded 1273 advancements
[15:52:15] [Render thread/WARN] [minecraft/MappedRegistry]: Not all defined tags for registry ResourceKey[minecraft:root / minecraft:worldgen/biome] are present in data pack: minecraft:is_birch_forest, minecraft:is_mangrove
[15:52:15] [Render thread/DEBUG] [ne.mi.co.ForgeHooks/WP]: Gathering id map for writing to world save RTF0805
[15:52:15] [Render thread/DEBUG] [ne.mi.co.ForgeHooks/WP]: ID Map collection complete RTF0805
[15:52:15] [Server thread/INFO] [minecraft/IntegratedServer]: Starting integrated minecraft server version 1.20.1
[15:52:15] [Server thread/INFO] [minecraft/MinecraftServer]: Generating keypair
[15:52:15] [Server thread/DEBUG] [ne.mi.fm.co.ConfigTracker/CONFIG]: Loading configs type SERVER
[15:52:15] [Server thread/DEBUG] [ne.mi.fm.co.ConfigFileTypeHandler/CONFIG]: Built TOML config for .\saves\RTF0805\serverconfig\forge-server.toml
[15:52:15] [Server thread/DEBUG] [ne.mi.fm.co.ConfigFileTypeHandler/CONFIG]: Loaded TOML config file .\saves\RTF0805\serverconfig\forge-server.toml
[15:52:15] [Server thread/DEBUG] [ne.mi.fm.co.ConfigFileTypeHandler/CONFIG]: Watching TOML config file .\saves\RTF0805\serverconfig\forge-server.toml for changes
[15:52:15] [Server thread/DEBUG] [ne.mi.co.ForgeConfig/FORGEMOD]: Loaded forge config file forge-server.toml
[15:52:15] [Thread-3/DEBUG] [ne.mi.fm.co.ConfigFileTypeHandler/CONFIG]: Config file forge-server.toml changed, sending notifies
[15:52:15] [Thread-3/DEBUG] [ne.mi.co.ForgeConfig/FORGEMOD]: Forge config just got changed on the file system!
[15:52:15] [Server thread/DEBUG] [mixin/]: Mixing MixinBiomeGenerationSettingsPlainsBuilder from reterraforged-forge.mixins.json into net.minecraft.world.level.biome.BiomeGenerationSettings$PlainBuilder
[15:52:15] [Server thread/INFO] [co.ri.ge.sy.ci.in.wo.CityReservationMaskRegistry/]: Loaded City reservation mask registry: noVegetation=66, noVanillaStructure=66, plannedStructures=1, ledgerPlacements=1, serverRoot=.\saves\RTF0805\.
[15:52:15] [Server thread/INFO] [co.ri.ge.sy.ci.in.wo.la.CityLandUseWorldgenRegistry/]: Loaded City LandUse registry: activePlans=0, appliedOwners=0
[15:52:16] [Server thread/INFO] [co.ri.ge.sy.ci.in.wo.CityDecorationWorldgenRegistry/]: Loaded City decoration v0.4 registry: activePlans=0, appliedFragments=0
[15:52:16] [Server thread/DEBUG] [ne.mi.co.tr.CoreModBaseTransformer/COREMOD]: Transforming net/minecraft/world/level/levelgen/PhantomSpawner
[15:52:16] [Server thread/DEBUG] [ne.mi.co.tr.CoreModBaseTransformer/COREMOD]: Transforming net/minecraft/world/level/levelgen/PatrolSpawner
[15:52:16] [Server thread/DEBUG] [ne.mi.co.tr.CoreModBaseTransformer/COREMOD]: Transforming net/minecraft/world/entity/npc/CatSpawner
[15:52:16] [Server thread/DEBUG] [ne.mi.co.tr.CoreModBaseTransformer/COREMOD]: Transforming net/minecraft/world/entity/ai/village/VillageSiege
[15:52:16] [Server thread/DEBUG] [mixin/]: Mixing MixinChunkMap from reterraforged-common.mixins.json into net.minecraft.server.level.ChunkMap
[15:52:16] [Server thread/DEBUG] [mixin/]: Mixing MixinRandomState from reterraforged-common.mixins.json into net.minecraft.world.level.levelgen.RandomState
[15:52:16] [Server thread/DEBUG] [mixin/]: Renaming synthetic method lambda$reterraforged$RTFRandomState$initialize$4()V to md442555$lambda$reterraforged$RTFRandomState$initialize$4$0 in reterraforged-common.mixins.json:MixinRandomState
[15:52:16] [Server thread/DEBUG] [mixin/]: Renaming synthetic method lambda$reterraforged$RTFRandomState$initialize$3(Lnet/minecraft/core/HolderLookup$RegistryLookup;Lnet/minecraft/core/Holder$Reference;)V to md442555$lambda$reterraforged$RTFRandomState$initialize$3$1 in reterraforged-common.mixins.json:MixinRandomState
[15:52:16] [Server thread/DEBUG] [mixin/]: Renaming synthetic method lambda$reterraforged$RTFRandomState$initialize$2(Lraccoonman/reterraforged/world/worldgen/biome/RTFClimateSampler;Lnet/minecraft/core/Holder$Reference;)V to md442555$lambda$reterraforged$RTFRandomState$initialize$2$2 in reterraforged-common.mixins.json:MixinRandomState
[15:52:16] [Server thread/DEBUG] [mixin/]: Renaming synthetic method lambda$reterraforged$RTFRandomState$initialize$1(Lnet/minecraft/core/HolderSet$Named;)V to md442555$lambda$reterraforged$RTFRandomState$initialize$1$3 in reterraforged-common.mixins.json:MixinRandomState
[15:52:16] [Server thread/DEBUG] [mixin/]: Renaming synthetic method lambda$reterraforged$RTFRandomState$initialize$0(Lnet/minecraft/core/Holder;)V to md442555$lambda$reterraforged$RTFRandomState$initialize$0$4 in reterraforged-common.mixins.json:MixinRandomState
[15:52:16] [Server thread/DEBUG] [mixin/]: Mixing MixinSurfaceSystem from reterraforged-common.mixins.json into net.minecraft.world.level.levelgen.SurfaceSystem
[15:52:16] [Server thread/DEBUG] [mixin/]: Renaming synthetic method lambda$reterraforged$RTFSurfaceSystem$getOrCreateStrata$0(Ljava/util/function/Function;Lnet/minecraft/resources/ResourceLocation;)Ljava/util/List; to md442555$lambda$reterraforged$RTFSurfaceSystem$getOrCreateStrata$0$0 in reterraforged-common.mixins.json:MixinSurfaceSystem
[15:52:16] [Server thread/DEBUG] [mixin/]: Generating mapped inner class net/minecraft/world/level/levelgen/RandomState$Anonymous$93e9966eb83f4ba090390e93eb3defbc (originally raccoonman/reterraforged/mixin/MixinRandomState$1)
[15:52:16] [Server thread/DEBUG] [mixin/]: Mixing forge.StructureManagerAccessor from roadweaver.mixins.json into net.minecraft.world.level.StructureManager
[15:52:16] [Server thread/DEBUG] [mixin/]: Mixing StructureManagerAccessor from geomantia.mixins.json into net.minecraft.world.level.StructureManager
[15:52:17] [Server thread/INFO] [minecraft/MinecraftServer]: Preparing start region for dimension minecraft:overworld
[15:52:17] [Server thread/DEBUG] [mixin/]: Mixing MixinChunkSerializer from architectury.mixins.json into net.minecraft.world.level.chunk.storage.ChunkSerializer
[15:52:19] [Render thread/INFO] [minecraft/LoggerChunkProgressListener]: 准备生成区域中：0%
[15:52:19] [Render thread/INFO] [minecraft/LoggerChunkProgressListener]: 准备生成区域中：0%
[15:52:19] [Render thread/INFO] [minecraft/LoggerChunkProgressListener]: 准备生成区域中：0%
[15:52:19] [Render thread/INFO] [minecraft/LoggerChunkProgressListener]: 准备生成区域中：0%
[15:52:19] [Render thread/INFO] [minecraft/LoggerChunkProgressListener]: 准备生成区域中：0%
[15:52:19] [Render thread/INFO] [minecraft/LoggerChunkProgressListener]: 准备生成区域中：0%
[15:52:20] [Render thread/INFO] [minecraft/LoggerChunkProgressListener]: 准备生成区域中：0%
[15:52:20] [Render thread/INFO] [minecraft/LoggerChunkProgressListener]: Time elapsed: 3626 ms
[15:52:20] [Server thread/INFO] [ne.mi.se.pe.PermissionAPI/]: Successfully initialized permission handler forge:default_handler
[15:52:21] [Server thread/DEBUG] [roadweaver/]: CacheManager: 缓存已初始化
[15:52:21] [Server thread/DEBUG] [roadweaver/]: ThreadPoolManager: 工作池已启动 (epoch=1, initialThreads=6, sharedThreads=4, mapThreads=2)
[15:52:21] [Server thread/INFO] [RoadWeaver/StructureDiscovery/]: 发现 220 个结构和 14 个标签
[15:52:21] [Server thread/INFO] [co.ri.ge.pl.ht.GeomantiaHttpServer/]: Geomantia GIS API server started on 127.0.0.1:5000.
[15:52:21] [Server thread/DEBUG] [io.ne.bu.AbstractByteBuf/]: -Dio.netty.buffer.checkAccessible: true
[15:52:21] [Server thread/DEBUG] [io.ne.bu.AbstractByteBuf/]: -Dio.netty.buffer.checkBounds: true
[15:52:21] [Server thread/DEBUG] [io.ne.ut.ResourceLeakDetectorFactory/]: Loaded default ResourceLeakDetector: io.netty.util.ResourceLeakDetector@96916ea
[15:52:21] [Server thread/DEBUG] [ne.mi.co.tr.CoreModBaseTransformer/COREMOD]: Transforming net/minecraft/world/level/NaturalSpawner
[15:52:21] [Server thread/INFO] [minecraft/IntegratedServer]: Changing view distance to 32, from 10
[15:52:21] [Server thread/INFO] [minecraft/IntegratedServer]: Changing simulation distance to 8, from 0
[15:52:21] [Render thread/DEBUG] [io.ne.ch.MultithreadEventLoopGroup/]: -Dio.netty.eventLoopThreads: 32
[15:52:22] [Render thread/DEBUG] [io.ne.ut.in.InternalThreadLocalMap/]: -Dio.netty.threadLocalMap.stringBuilder.initialSize: 1024
[15:52:22] [Render thread/DEBUG] [io.ne.ut.in.InternalThreadLocalMap/]: -Dio.netty.threadLocalMap.stringBuilder.maxSize: 4096
[15:52:22] [Render thread/DEBUG] [io.ne.ch.ni.NioEventLoop/]: -Dio.netty.noKeySetOptimization: false
[15:52:22] [Render thread/DEBUG] [io.ne.ch.ni.NioEventLoop/]: -Dio.netty.selectorAutoRebuildThreshold: 512
[15:52:22] [Render thread/DEBUG] [io.ne.ut.in.PlatformDependent/]: org.jctools-core.MpscChunkedArrayQueue: available
[15:52:22] [Render thread/DEBUG] [io.ne.ch.DefaultChannelId/]: -Dio.netty.processId: 33352 (auto-detected)
[15:52:22] [Render thread/WARN] [io.ne.ut.in.SystemPropertyUtil/]: Unable to parse the boolean system property 'java.net.preferIPv6Addresses':system - using the default value: false
[15:52:22] [Render thread/DEBUG] [io.ne.ut.NetUtil/]: -Djava.net.preferIPv4Stack: false
[15:52:22] [Render thread/DEBUG] [io.ne.ut.NetUtil/]: -Djava.net.preferIPv6Addresses: false
[15:52:22] [Render thread/DEBUG] [io.ne.ut.NetUtilInitializations/]: Loopback interface: lo (Software Loopback Interface 1, 127.0.0.1)
[15:52:22] [Render thread/DEBUG] [io.ne.ut.NetUtil/]: Failed to get SOMAXCONN from sysctl and file \proc\sys\net\core\somaxconn. Default: 200
[15:52:22] [Render thread/DEBUG] [io.ne.ch.DefaultChannelId/]: -Dio.netty.machineId: 58:02:05:ff:fe:54:a9:f6 (auto-detected)
[15:52:22] [Render thread/DEBUG] [io.ne.bu.PooledByteBufAllocator/]: -Dio.netty.allocator.numHeapArenas: 32
[15:52:22] [Render thread/DEBUG] [io.ne.bu.PooledByteBufAllocator/]: -Dio.netty.allocator.numDirectArenas: 32
[15:52:22] [Render thread/DEBUG] [io.ne.bu.PooledByteBufAllocator/]: -Dio.netty.allocator.pageSize: 8192
[15:52:22] [Render thread/DEBUG] [io.ne.bu.PooledByteBufAllocator/]: -Dio.netty.allocator.maxOrder: 9
[15:52:22] [Render thread/DEBUG] [io.ne.bu.PooledByteBufAllocator/]: -Dio.netty.allocator.chunkSize: 4194304
[15:52:22] [Render thread/DEBUG] [io.ne.bu.PooledByteBufAllocator/]: -Dio.netty.allocator.smallCacheSize: 256
[15:52:22] [Render thread/DEBUG] [io.ne.bu.PooledByteBufAllocator/]: -Dio.netty.allocator.normalCacheSize: 64
[15:52:22] [Render thread/DEBUG] [io.ne.bu.PooledByteBufAllocator/]: -Dio.netty.allocator.maxCachedBufferCapacity: 32768
[15:52:22] [Render thread/DEBUG] [io.ne.bu.PooledByteBufAllocator/]: -Dio.netty.allocator.cacheTrimInterval: 8192
[15:52:22] [Render thread/DEBUG] [io.ne.bu.PooledByteBufAllocator/]: -Dio.netty.allocator.cacheTrimIntervalMillis: 0
[15:52:22] [Render thread/DEBUG] [io.ne.bu.PooledByteBufAllocator/]: -Dio.netty.allocator.useCacheForAllThreads: false
[15:52:22] [Render thread/DEBUG] [io.ne.bu.PooledByteBufAllocator/]: -Dio.netty.allocator.maxCachedByteBuffersPerChunk: 1023
[15:52:22] [Render thread/DEBUG] [io.ne.bu.ByteBufUtil/]: -Dio.netty.allocator.type: pooled
[15:52:22] [Render thread/DEBUG] [io.ne.bu.ByteBufUtil/]: -Dio.netty.threadLocalDirectBufferSize: 0
[15:52:22] [Render thread/DEBUG] [io.ne.bu.ByteBufUtil/]: -Dio.netty.maxThreadLocalCharBufferSize: 16384
[15:52:22] [Netty Local Client IO #0/DEBUG] [ne.mi.ne.HandshakeHandler/FMLHANDSHAKE]: Starting local connection.
[15:52:22] [Netty Local Client IO #0/DEBUG] [io.ne.ut.Recycler/]: -Dio.netty.recycler.maxCapacityPerThread: 4096
[15:52:22] [Netty Local Client IO #0/DEBUG] [io.ne.ut.Recycler/]: -Dio.netty.recycler.ratio: 8
[15:52:22] [Netty Local Client IO #0/DEBUG] [io.ne.ut.Recycler/]: -Dio.netty.recycler.chunkSize: 32
[15:52:22] [Netty Local Client IO #0/DEBUG] [io.ne.ut.Recycler/]: -Dio.netty.recycler.blocking: false
[15:52:22] [Netty Server IO #1/DEBUG] [ne.mi.ne.HandshakeHandler/FMLHANDSHAKE]: Starting local connection.
[15:52:22] [Server thread/DEBUG] [ne.mi.ne.HandshakeHandler/FMLHANDSHAKE]: Sending ticking packet info 'net.minecraftforge.network.HandshakeMessages$S2CModData' to 'fml:handshake' sequence 0
[15:52:22] [Netty Local Client IO #0/DEBUG] [ne.mi.ne.LoginWrapper/FMLHANDSHAKE]: Recieved login wrapper packet event for channel fml:handshake with index 0
[15:52:22] [Server thread/DEBUG] [ne.mi.ne.HandshakeHandler/FMLHANDSHAKE]: Sending ticking packet info 'net.minecraftforge.network.HandshakeMessages$S2CModList' to 'fml:handshake' sequence 1
[15:52:22] [Netty Local Client IO #0/DEBUG] [ne.mi.ne.LoginWrapper/FMLHANDSHAKE]: Recieved login wrapper packet event for channel fml:handshake with index 1
[15:52:22] [Netty Local Client IO #0/DEBUG] [ne.mi.ne.HandshakeHandler/FMLHANDSHAKE]: Logging into server with mod list [minecraft, worldedit, architectury, cloth_config, forge, t_and_t, mr_trek, roadweaver, geomantia, cristellib, reterraforged]
[15:52:22] [Netty Local Client IO #0/DEBUG] [ne.mi.ne.NetworkRegistry/NETREGISTRY]: Channel 'worldedit:cui' : Version test of '1' from server : ACCEPTED
[15:52:22] [Netty Local Client IO #0/DEBUG] [ne.mi.ne.NetworkRegistry/NETREGISTRY]: Channel 'fml:loginwrapper' : Version test of 'FML3' from server : ACCEPTED
[15:52:22] [Netty Local Client IO #0/DEBUG] [ne.mi.ne.NetworkRegistry/NETREGISTRY]: Channel 'forge:tier_sorting' : Version test of '1.0' from server : ACCEPTED
[15:52:22] [Netty Local Client IO #0/DEBUG] [ne.mi.ne.NetworkRegistry/NETREGISTRY]: Channel 'fml:handshake' : Version test of 'FML3' from server : ACCEPTED
[15:52:22] [Netty Local Client IO #0/DEBUG] [ne.mi.ne.NetworkRegistry/NETREGISTRY]: Channel 'architectury:network' : Version test of '1' from server : ACCEPTED
[15:52:22] [Netty Local Client IO #0/DEBUG] [ne.mi.ne.NetworkRegistry/NETREGISTRY]: Channel 'worldedit:internal' : Version test of '1' from server : ACCEPTED
[15:52:22] [Netty Local Client IO #0/DEBUG] [ne.mi.ne.NetworkRegistry/NETREGISTRY]: Channel 'minecraft:unregister' : Version test of 'FML3' from server : ACCEPTED
[15:52:22] [Netty Local Client IO #0/DEBUG] [ne.mi.ne.NetworkRegistry/NETREGISTRY]: Channel 'fml:play' : Version test of 'FML3' from server : ACCEPTED
[15:52:22] [Netty Local Client IO #0/DEBUG] [ne.mi.ne.NetworkRegistry/NETREGISTRY]: Channel 'minecraft:register' : Version test of 'FML3' from server : ACCEPTED
[15:52:22] [Netty Local Client IO #0/DEBUG] [ne.mi.ne.NetworkRegistry/NETREGISTRY]: Channel 'forge:split' : Version test of '1.1' from server : ACCEPTED
[15:52:22] [Netty Local Client IO #0/DEBUG] [ne.mi.ne.NetworkRegistry/NETREGISTRY]: Channel 'roadweaver:map' : Version test of '1' from server : ACCEPTED
[15:52:22] [Netty Local Client IO #0/DEBUG] [ne.mi.ne.NetworkRegistry/NETREGISTRY]: Accepting channel list from server
[15:52:22] [Netty Local Client IO #0/DEBUG] [ne.mi.ne.LoginWrapper/FMLHANDSHAKE]: Dispatching wrapped packet reply for channel fml:handshake with index 1
[15:52:22] [Netty Local Client IO #0/DEBUG] [ne.mi.ne.HandshakeHandler/FMLHANDSHAKE]: Accepted server connection
[15:52:22] [Netty Server IO #1/DEBUG] [ne.mi.ne.LoginWrapper/FMLHANDSHAKE]: Recieved login wrapper packet event for channel fml:handshake with index 1
[15:52:22] [Netty Server IO #1/DEBUG] [ne.mi.ne.HandshakeHandler/FMLHANDSHAKE]: Received client indexed reply 1 of type net.minecraftforge.network.HandshakeMessages$C2SModListReply
[15:52:22] [Netty Server IO #1/DEBUG] [ne.mi.ne.HandshakeHandler/FMLHANDSHAKE]: Received client connection with modlist [minecraft, worldedit, architectury, cloth_config, forge, t_and_t, mr_trek, roadweaver, geomantia, cristellib, reterraforged]
[15:52:22] [Netty Local Client IO #0/DEBUG] [ne.mi.ne.HandshakeHandler/REGISTRIES]: Expecting 26 registries: [minecraft:command_argument_type, reterraforged:worldgen/template_decorator_type, reterraforged:worldgen/domain_type, minecraft:villager_profession, minecraft:item, minecraft:potion, minecraft:block_entity_type, forge:display_contexts, minecraft:stat_type, minecraft:menu, minecraft:fluid, minecraft:recipe_serializer, minecraft:sound_event, minecraft:particle_type, reterraforged:worldgen/noise_type, minecraft:painting_variant, forge:fluid_type, minecraft:block, forge:entity_data_serializers, reterraforged:worldgen/template_placement_type, minecraft:mob_effect, reterraforged:worldgen/chance_modifier_type, minecraft:enchantment, reterraforged:worldgen/curve_function_type, reterraforged:worldgen/structure_rule_type, minecraft:entity_type]
[15:52:22] [Netty Server IO #1/DEBUG] [ne.mi.ne.NetworkRegistry/NETREGISTRY]: Channel 'worldedit:cui' : Version test of '1' from client : ACCEPTED
[15:52:22] [Netty Server IO #1/DEBUG] [ne.mi.ne.NetworkRegistry/NETREGISTRY]: Channel 'fml:loginwrapper' : Version test of 'FML3' from client : ACCEPTED
[15:52:22] [Netty Server IO #1/DEBUG] [ne.mi.ne.NetworkRegistry/NETREGISTRY]: Channel 'forge:tier_sorting' : Version test of '1.0' from client : ACCEPTED
[15:52:22] [Netty Server IO #1/DEBUG] [ne.mi.ne.NetworkRegistry/NETREGISTRY]: Channel 'fml:handshake' : Version test of 'FML3' from client : ACCEPTED
[15:52:22] [Netty Server IO #1/DEBUG] [ne.mi.ne.NetworkRegistry/NETREGISTRY]: Channel 'architectury:network' : Version test of '1' from client : ACCEPTED
[15:52:22] [Netty Server IO #1/DEBUG] [ne.mi.ne.NetworkRegistry/NETREGISTRY]: Channel 'worldedit:internal' : Version test of '1' from client : ACCEPTED
[15:52:22] [Netty Server IO #1/DEBUG] [ne.mi.ne.NetworkRegistry/NETREGISTRY]: Channel 'minecraft:unregister' : Version test of 'FML3' from client : ACCEPTED
[15:52:22] [Netty Server IO #1/DEBUG] [ne.mi.ne.NetworkRegistry/NETREGISTRY]: Channel 'fml:play' : Version test of 'FML3' from client : ACCEPTED
[15:52:22] [Netty Server IO #1/DEBUG] [ne.mi.ne.NetworkRegistry/NETREGISTRY]: Channel 'minecraft:register' : Version test of 'FML3' from client : ACCEPTED
[15:52:22] [Netty Server IO #1/DEBUG] [ne.mi.ne.NetworkRegistry/NETREGISTRY]: Channel 'forge:split' : Version test of '1.1' from client : ACCEPTED
[15:52:22] [Netty Server IO #1/DEBUG] [ne.mi.ne.NetworkRegistry/NETREGISTRY]: Channel 'roadweaver:map' : Version test of '1' from client : ACCEPTED
[15:52:22] [Netty Server IO #1/DEBUG] [ne.mi.ne.NetworkRegistry/NETREGISTRY]: Accepting channel list from client
[15:52:22] [Netty Server IO #1/DEBUG] [ne.mi.ne.HandshakeHandler/FMLHANDSHAKE]: Accepted client connection mod list
[15:52:22] [Server thread/DEBUG] [ne.mi.ne.HandshakeHandler/FMLHANDSHAKE]: Sending ticking packet info 'Config forge-server.toml' to 'fml:handshake' sequence 2
[15:52:22] [Netty Local Client IO #0/DEBUG] [ne.mi.ne.LoginWrapper/FMLHANDSHAKE]: Recieved login wrapper packet event for channel fml:handshake with index 2
[15:52:22] [Netty Local Client IO #0/DEBUG] [ne.mi.ne.HandshakeHandler/FMLHANDSHAKE]: Received config sync from server
[15:52:22] [Netty Local Client IO #0/DEBUG] [ne.mi.ne.LoginWrapper/FMLHANDSHAKE]: Dispatching wrapped packet reply for channel fml:handshake with index 2
[15:52:22] [Netty Server IO #1/DEBUG] [ne.mi.ne.LoginWrapper/FMLHANDSHAKE]: Recieved login wrapper packet event for channel fml:handshake with index 2
[15:52:22] [Netty Server IO #1/DEBUG] [ne.mi.ne.HandshakeHandler/FMLHANDSHAKE]: Received client indexed reply 2 of type net.minecraftforge.network.HandshakeMessages$C2SAcknowledge
[15:52:22] [Netty Server IO #1/DEBUG] [ne.mi.ne.HandshakeHandler/FMLHANDSHAKE]: Received acknowledgement from client
[15:52:22] [Server thread/DEBUG] [ne.mi.ne.HandshakeHandler/FMLHANDSHAKE]: Handshake complete!
[15:52:22] [Netty Local Client IO #0/INFO] [ne.mi.ne.NetworkHooks/]: Connected to a modded server.
[15:52:23] [Server thread/INFO] [minecraft/PlayerList]: Dev[local:E:28746840] logged in with entity id 264 at (121069.5, 81.5, 118829.5)
[15:52:23] [Server thread/INFO] [minecraft/MinecraftServer]: Dev加入了游戏
[15:52:24] [Server thread/DEBUG] [io.ne.ut.in.ThreadLocalRandom/]: -Dio.netty.initialSeedUniquifier: 0x6851abf97d3cdc79
[15:52:25] [Render thread/INFO] [minecraft/AdvancementList]: Loaded 2 advancements
[15:52:29] [Worker-Main-15/DEBUG] [mixin/]: Mixing MixinNoiseChunk from reterraforged-common.mixins.json into net.minecraft.world.level.levelgen.NoiseChunk
[15:52:29] [Worker-Main-15/DEBUG] [mixin/]: Renaming synthetic method lambda$modifyFluidPicker$0(IILnet/minecraft/world/level/levelgen/Aquifer$FluidStatus;Lnet/minecraft/world/level/levelgen/Aquifer$FluidStatus;III)Lnet/minecraft/world/level/levelgen/Aquifer$FluidStatus; to md442555$lambda$modifyFluidPicker$0$0 in reterraforged-common.mixins.json:MixinNoiseChunk
[15:52:33] [Worker-Main-15/DEBUG] [mixin/]: Mixing forge.BeardifierMixin from roadweaver.mixins.json into net.minecraft.world.level.levelgen.Beardifier
[15:52:33] [Worker-Main-15/DEBUG] [mixin/]: Mixing CityDecorationBeardifierMixin from geomantia.mixins.json into net.minecraft.world.level.levelgen.Beardifier
[15:57:22] [Server thread/DEBUG] [ne.mi.co.ForgeHooks/WP]: Gathering id map for writing to world save RTF0805
[15:57:22] [Server thread/DEBUG] [ne.mi.co.ForgeHooks/WP]: ID Map collection complete RTF0805
[16:01:19] [Server thread/INFO] [co.ri.ge.sy.re.WorldSurveyRunner/]: W survey progress runId=rtf0805_w_t4_preview_20260805_1601 status=running phase=tile_scan tiles=0/289 microCells=0/4624 tileSpeed=0.00/s microSpeed=0.00/s etaMs=-1
[16:01:19] [Render thread/INFO] [minecraft/ChatComponent]: [System] [CHAT] [Geomantia] W scan tiles 0/289 (0.0%), ETA calculating
[16:01:20] [Server thread/INFO] [co.ri.ge.sy.re.WorldSurveyRunner/]: W survey progress runId=rtf0805_w_t4_preview_20260805_1601 status=running phase=tile_scan tiles=1/289 microCells=0/4624 tileSpeed=5.18/s microSpeed=0.00/s etaMs=55584
[16:01:20] [Server thread/INFO] [co.ri.ge.sy.re.WorldSurveyRunner/]: W survey progress runId=rtf0805_w_t4_preview_20260805_1601 status=running phase=tile_scan tiles=2/289 microCells=0/4624 tileSpeed=8.30/s microSpeed=0.00/s etaMs=34584
[16:01:20] [Server thread/INFO] [co.ri.ge.sy.re.WorldSurveyRunner/]: W survey progress runId=rtf0805_w_t4_preview_20260805_1601 status=running phase=tile_scan tiles=3/289 microCells=0/4624 tileSpeed=10.56/s microSpeed=0.00/s etaMs=27075
[16:01:20] [Server thread/INFO] [co.ri.ge.sy.re.WorldSurveyRunner/]: W survey progress runId=rtf0805_w_t4_preview_20260805_1601 status=running phase=tile_scan tiles=4/289 microCells=0/4624 tileSpeed=12.35/s microSpeed=0.00/s etaMs=23085
[16:01:20] [Server thread/INFO] [co.ri.ge.sy.re.WorldSurveyRunner/]: W survey progress runId=rtf0805_w_t4_preview_20260805_1601 status=running phase=tile_scan tiles=5/289 microCells=0/4624 tileSpeed=13.62/s microSpeed=0.00/s etaMs=20846
[16:01:20] [Server thread/INFO] [co.ri.ge.sy.re.WorldSurveyRunner/]: W survey progress runId=rtf0805_w_t4_preview_20260805_1601 status=running phase=tile_scan tiles=6/289 microCells=0/4624 tileSpeed=14.85/s microSpeed=0.00/s etaMs=19055
[16:01:20] [Server thread/INFO] [co.ri.ge.sy.re.WorldSurveyRunner/]: W survey progress runId=rtf0805_w_t4_preview_20260805_1601 status=running phase=tile_scan tiles=7/289 microCells=0/4624 tileSpeed=15.77/s microSpeed=0.00/s etaMs=17887
[16:01:20] [Server thread/INFO] [co.ri.ge.sy.re.WorldSurveyRunner/]: W survey progress runId=rtf0805_w_t4_preview_20260805_1601 status=running phase=tile_scan tiles=8/289 microCells=0/4624 tileSpeed=16.53/s microSpeed=0.00/s etaMs=17001
[16:01:20] [Server thread/INFO] [co.ri.ge.sy.re.WorldSurveyRunner/]: W survey progress runId=rtf0805_w_t4_preview_20260805_1601 status=running phase=tile_scan tiles=9/289 microCells=0/4624 tileSpeed=17.21/s microSpeed=0.00/s etaMs=16271
[16:01:20] [Server thread/INFO] [co.ri.ge.sy.re.WorldSurveyRunner/]: W survey progress runId=rtf0805_w_t4_preview_20260805_1601 status=running phase=tile_scan tiles=10/289 microCells=0/4624 tileSpeed=17.86/s microSpeed=0.00/s etaMs=15624
[16:01:20] [Server thread/INFO] [co.ri.ge.sy.re.WorldSurveyRunner/]: W survey progress runId=rtf0805_w_t4_preview_20260805_1601 status=running phase=tile_scan tiles=11/289 microCells=0/4624 tileSpeed=18.36/s microSpeed=0.00/s etaMs=15138
[16:01:20] [Server thread/INFO] [co.ri.ge.sy.re.WorldSurveyRunner/]: W survey progress runId=rtf0805_w_t4_preview_20260805_1601 status=running phase=tile_scan tiles=12/289 microCells=0/4624 tileSpeed=18.81/s microSpeed=0.00/s etaMs=14727
[16:01:20] [Server thread/INFO] [co.ri.ge.sy.re.WorldSurveyRunner/]: W survey progress runId=rtf0805_w_t4_preview_20260805_1601 status=running phase=tile_scan tiles=13/289 microCells=0/4624 tileSpeed=19.26/s microSpeed=0.00/s etaMs=14331
[16:01:20] [Server thread/INFO] [co.ri.ge.sy.re.WorldSurveyRunner/]: W survey progress runId=rtf0805_w_t4_preview_20260805_1601 status=running phase=tile_scan tiles=14/289 microCells=0/4624 tileSpeed=19.58/s microSpeed=0.00/s etaMs=14045
[16:01:20] [Server thread/INFO] [co.ri.ge.sy.re.WorldSurveyRunner/]: W survey progress runId=rtf0805_w_t4_preview_20260805_1601 status=running phase=tile_scan tiles=15/289 microCells=0/4624 tileSpeed=19.79/s microSpeed=0.00/s etaMs=13846
[16:01:20] [Server thread/INFO] [co.ri.ge.sy.re.WorldSurveyRunner/]: W survey progress runId=rtf0805_w_t4_preview_20260805_1601 status=running phase=tile_scan tiles=16/289 microCells=0/4624 tileSpeed=19.93/s microSpeed=0.00/s etaMs=13701
[16:01:20] [Server thread/INFO] [co.ri.ge.sy.re.WorldSurveyRunner/]: W survey progress runId=rtf0805_w_t4_preview_20260805_1601 status=running phase=tile_scan tiles=17/289 microCells=0/4624 tileSpeed=20.14/s microSpeed=0.00/s etaMs=13504
[16:01:20] [Server thread/INFO] [co.ri.ge.sy.re.WorldSurveyRunner/]: W survey progress runId=rtf0805_w_t4_preview_20260805_1601 status=running phase=tile_scan tiles=18/289 microCells=0/4624 tileSpeed=20.39/s microSpeed=0.00/s etaMs=13294
[16:01:20] [Server thread/INFO] [co.ri.ge.sy.re.WorldSurveyRunner/]: W survey progress runId=rtf0805_w_t4_preview_20260805_1601 status=running phase=tile_scan tiles=19/289 microCells=0/4624 tileSpeed=20.63/s microSpeed=0.00/s etaMs=13088
[16:01:20] [Server thread/INFO] [co.ri.ge.sy.re.WorldSurveyRunner/]: W survey progress runId=rtf0805_w_t4_preview_20260805_1601 status=running phase=tile_scan tiles=20/289 microCells=0/4624 tileSpeed=20.88/s microSpeed=0.00/s etaMs=12885
[16:01:20] [Server thread/INFO] [co.ri.ge.sy.re.WorldSurveyRunner/]: W survey progress runId=rtf0805_w_t4_preview_20260805_1601 status=running phase=tile_scan tiles=21/289 microCells=0/4624 tileSpeed=21.04/s microSpeed=0.00/s etaMs=12736
[16:01:20] [geomantia-world-survey-progress/INFO] [co.ri.ge.sy.re.WorldSurveyRunner/]: W survey progress runId=rtf0805_w_t4_preview_20260805_1601 status=running phase=tile_scan tiles=21/289 microCells=0/4624 tileSpeed=20.92/s microSpeed=0.00/s etaMs=12813
[16:01:20] [Server thread/INFO] [co.ri.ge.sy.re.WorldSurveyRunner/]: W survey progress runId=rtf0805_w_t4_preview_20260805_1601 status=running phase=tile_scan tiles=22/289 microCells=0/4624 tileSpeed=21.22/s microSpeed=0.00/s etaMs=12585
[16:01:20] [Server thread/INFO] [co.ri.ge.sy.re.WorldSurveyRunner/]: W survey progress runId=rtf0805_w_t4_preview_20260805_1601 status=running phase=tile_scan tiles=23/289 microCells=0/4624 tileSpeed=21.40/s microSpeed=0.00/s etaMs=12433
[16:01:20] [Server thread/INFO] [co.ri.ge.sy.re.WorldSurveyRunner/]: W survey progress runId=rtf0805_w_t4_preview_20260805_1601 status=running phase=tile_scan tiles=24/289 microCells=0/4624 tileSpeed=21.56/s microSpeed=0.00/s etaMs=12289
[16:01:21] [Server thread/INFO] [co.ri.ge.sy.re.WorldSurveyRunner/]: W survey progress runId=rtf0805_w_t4_preview_20260805_1601 status=running phase=tile_scan tiles=25/289 microCells=0/4624 tileSpeed=21.59/s microSpeed=0.00/s etaMs=12228
[16:01:21] [Server thread/INFO] [co.ri.ge.sy.re.WorldSurveyRunner/]: W survey progress runId=rtf0805_w_t4_preview_20260805_1601 status=running phase=tile_scan tiles=26/289 microCells=0/4624 tileSpeed=21.74/s microSpeed=0.00/s etaMs=12098
[16:01:21] [Server thread/INFO] [co.ri.ge.sy.re.WorldSurveyRunner/]: W survey progress runId=rtf0805_w_t4_preview_20260805_1601 status=running phase=tile_scan tiles=27/289 microCells=0/4624 tileSpeed=21.88/s microSpeed=0.00/s etaMs=11974
[16:01:21] [Server thread/INFO] [co.ri.ge.sy.re.WorldSurveyRunner/]: W survey progress runId=rtf0805_w_t4_preview_20260805_1601 status=running phase=tile_scan tiles=28/289 microCells=0/4624 tileSpeed=21.98/s microSpeed=0.00/s etaMs=11876
[16:01:21] [Server thread/INFO] [co.ri.ge.sy.re.WorldSurveyRunner/]: W survey progress runId=rtf0805_w_t4_preview_20260805_1601 status=running phase=tile_scan tiles=29/289 microCells=0/4624 tileSpeed=22.04/s microSpeed=0.00/s etaMs=11799
[16:01:21] [Server thread/INFO] [co.ri.ge.sy.re.WorldSurveyRunner/]: W survey progress runId=rtf0805_w_t4_preview_20260805_1601 status=running phase=tile_scan tiles=30/289 microCells=0/4624 tileSpeed=22.01/s microSpeed=0.00/s etaMs=11767
[16:01:21] [Server thread/INFO] [co.ri.ge.sy.re.WorldSurveyRunner/]: W survey progress runId=rtf0805_w_t4_preview_20260805_1601 status=running phase=tile_scan tiles=31/289 microCells=0/4624 tileSpeed=21.97/s microSpeed=0.00/s etaMs=11743
[16:01:21] [Server thread/INFO] [co.ri.ge.sy.re.WorldSurveyRunner/]: W survey progress runId=rtf0805_w_t4_preview_20260805_1601 status=running phase=tile_scan tiles=32/289 microCells=0/4624 tileSpeed=21.87/s microSpeed=0.00/s etaMs=11750
[16:01:21] [Server thread/INFO] [co.ri.ge.sy.re.WorldSurveyRunner/]: W survey progress runId=rtf0805_w_t4_preview_20260805_1601 status=running phase=tile_scan tiles=33/289 microCells=0/4624 tileSpeed=21.80/s microSpeed=0.00/s etaMs=11745
[16:01:21] [Server thread/INFO] [co.ri.ge.sy.re.WorldSurveyRunner/]: W survey progress runId=rtf0805_w_t4_preview_20260805_1601 status=running phase=tile_scan tiles=34/289 microCells=0/4624 tileSpeed=21.63/s microSpeed=0.00/s etaMs=11790
[16:01:21] [Server thread/INFO] [co.ri.ge.sy.re.WorldSurveyRunner/]: W survey progress runId=rtf0805_w_t4_preview_20260805_1601 status=running phase=tile_scan tiles=35/289 microCells=0/4624 tileSpeed=21.66/s microSpeed=0.00/s etaMs=11728
[16:01:21] [Server thread/INFO] [co.ri.ge.sy.re.WorldSurveyRunner/]: W survey progress runId=rtf0805_w_t4_preview_20260805_1601 status=running phase=tile_scan tiles=36/289 microCells=0/4624 tileSpeed=21.61/s microSpeed=0.00/s etaMs=11708
[16:01:21] [Server thread/INFO] [co.ri.ge.sy.re.WorldSurveyRunner/]: W survey progress runId=rtf0805_w_t4_preview_20260805_1601 status=running phase=tile_scan tiles=37/289 microCells=0/4624 tileSpeed=21.66/s microSpeed=0.00/s etaMs=11633
[16:01:21] [Server thread/INFO] [co.ri.ge.sy.re.WorldSurveyRunner/]: W survey progress runId=rtf0805_w_t4_preview_20260805_1601 status=running phase=tile_scan tiles=38/289 microCells=0/4624 tileSpeed=21.75/s microSpeed=0.00/s etaMs=11539
[16:01:21] [Server thread/INFO] [co.ri.ge.sy.re.WorldSurveyRunner/]: W survey progress runId=rtf0805_w_t4_preview_20260805_1601 status=running phase=tile_scan tiles=39/289 microCells=0/4624 tileSpeed=21.85/s microSpeed=0.00/s etaMs=11442
[16:01:21] [Server thread/INFO] [co.ri.ge.sy.re.WorldSurveyRunner/]: W survey progress runId=rtf0805_w_t4_preview_20260805_1601 status=running phase=tile_scan tiles=40/289 microCells=0/4624 tileSpeed=21.94/s microSpeed=0.00/s etaMs=11348
[16:01:21] [Server thread/INFO] [co.ri.ge.sy.re.WorldSurveyRunner/]: W survey progress runId=rtf0805_w_t4_preview_20260805_1601 status=running phase=tile_scan tiles=41/289 microCells=0/4624 tileSpeed=22.03/s microSpeed=0.00/s etaMs=11257
[16:01:21] [Server thread/INFO] [co.ri.ge.sy.re.WorldSurveyRunner/]: W survey progress runId=rtf0805_w_t4_preview_20260805_1601 status=running phase=tile_scan tiles=42/289 microCells=0/4624 tileSpeed=22.12/s microSpeed=0.00/s etaMs=11168
[16:01:21] [Server thread/INFO] [co.ri.ge.sy.re.WorldSurveyRunner/]: W survey progress runId=rtf0805_w_t4_preview_20260805_1601 status=running phase=tile_scan tiles=43/289 microCells=0/4624 tileSpeed=22.15/s microSpeed=0.00/s etaMs=11104
[16:01:21] [Server thread/INFO] [co.ri.ge.sy.re.WorldSurveyRunner/]: W survey progress runId=rtf0805_w_t4_preview_20260805_1601 status=running phase=tile_scan tiles=44/289 microCells=0/4624 tileSpeed=22.21/s microSpeed=0.00/s etaMs=11031
[16:01:21] [geomantia-world-survey-progress/INFO] [co.ri.ge.sy.re.WorldSurveyRunner/]: W survey progress runId=rtf0805_w_t4_preview_20260805_1601 status=running phase=tile_scan tiles=44/289 microCells=0/4624 tileSpeed=21.96/s microSpeed=0.00/s etaMs=11159
[16:01:21] [Server thread/INFO] [co.ri.ge.sy.re.WorldSurveyRunner/]: W survey progress runId=rtf0805_w_t4_preview_20260805_1601 status=running phase=tile_scan tiles=45/289 microCells=0/4624 tileSpeed=22.23/s microSpeed=0.00/s etaMs=10975
[16:01:21] [Server thread/INFO] [co.ri.ge.sy.re.WorldSurveyRunner/]: W survey progress runId=rtf0805_w_t4_preview_20260805_1601 status=running phase=tile_scan tiles=46/289 microCells=0/4624 tileSpeed=22.23/s microSpeed=0.00/s etaMs=10930
[16:01:21] [Server thread/INFO] [co.ri.ge.sy.re.WorldSurveyRunner/]: W survey progress runId=rtf0805_w_t4_preview_20260805_1601 status=running phase=tile_scan tiles=47/289 microCells=0/4624 tileSpeed=22.27/s microSpeed=0.00/s etaMs=10864
[16:01:22] [Server thread/INFO] [co.ri.ge.sy.re.WorldSurveyRunner/]: W survey progress runId=rtf0805_w_t4_preview_20260805_1601 status=running phase=tile_scan tiles=48/289 microCells=0/4624 tileSpeed=22.29/s microSpeed=0.00/s etaMs=10810
[16:01:22] [Server thread/INFO] [co.ri.ge.sy.re.WorldSurveyRunner/]: W survey progress runId=rtf0805_w_t4_preview_20260805_1601 status=running phase=tile_scan tiles=49/289 microCells=0/4624 tileSpeed=22.18/s microSpeed=0.00/s etaMs=10820
[16:01:22] [Server thread/INFO] [co.ri.ge.sy.re.WorldSurveyRunner/]: W survey progress runId=rtf0805_w_t4_preview_20260805_1601 status=running phase=tile_scan tiles=50/289 microCells=0/4624 tileSpeed=22.15/s microSpeed=0.00/s etaMs=10788
[16:01:22] [Server thread/INFO] [co.ri.ge.sy.re.WorldSurveyRunner/]: W survey progress runId=rtf0805_w_t4_preview_20260805_1601 status=running phase=tile_scan tiles=51/289 microCells=0/4624 tileSpeed=22.17/s microSpeed=0.00/s etaMs=10733
[16:01:22] [Server thread/INFO] [co.ri.ge.sy.re.WorldSurveyRunner/]: W survey progress runId=rtf0805_w_t4_preview_20260805_1601 status=running phase=tile_scan tiles=52/289 microCells=0/4624 tileSpeed=22.22/s microSpeed=0.00/s etaMs=10665
[16:01:22] [Server thread/INFO] [co.ri.ge.sy.re.WorldSurveyRunner/]: W survey progress runId=rtf0805_w_t4_preview_20260805_1601 status=running phase=tile_scan tiles=53/289 microCells=0/4624 tileSpeed=22.23/s microSpeed=0.00/s etaMs=10616
[16:01:22] [Server thread/INFO] [co.ri.ge.sy.re.WorldSurveyRunner/]: W survey progress runId=rtf0805_w_t4_preview_20260805_1601 status=running phase=tile_scan tiles=54/289 microCells=0/4624 tileSpeed=22.28/s microSpeed=0.00/s etaMs=10549
[16:01:22] [Server thread/INFO] [co.ri.ge.sy.re.WorldSurveyRunner/]: W survey progress runId=rtf0805_w_t4_preview_20260805_1601 status=running phase=tile_scan tiles=55/289 microCells=0/4624 tileSpeed=22.28/s microSpeed=0.00/s etaMs=10504
[16:01:22] [Server thread/INFO] [co.ri.ge.sy.re.WorldSurveyRunner/]: W survey progress runId=rtf0805_w_t4_preview_20260805_1601 status=running phase=tile_scan tiles=56/289 microCells=0/4624 tileSpeed=22.21/s microSpeed=0.00/s etaMs=10489
[16:01:22] [Server thread/INFO] [co.ri.ge.sy.re.WorldSurveyRunner/]: W survey progress runId=rtf0805_w_t4_preview_20260805_1601 status=running phase=tile_scan tiles=57/289 microCells=0/4624 tileSpeed=22.25/s microSpeed=0.00/s etaMs=10428
[16:01:22] [Server thread/INFO] [co.ri.ge.sy.re.WorldSurveyRunner/]: W survey progress runId=rtf0805_w_t4_preview_20260805_1601 status=running phase=tile_scan tiles=58/289 microCells=0/4624 tileSpeed=22.27/s microSpeed=0.00/s etaMs=10371
[16:01:22] [Server thread/INFO] [co.ri.ge.sy.re.WorldSurveyRunner/]: W survey progress runId=rtf0805_w_t4_preview_20260805_1601 status=running phase=tile_scan tiles=59/289 microCells=0/4624 tileSpeed=22.26/s microSpeed=0.00/s etaMs=10334
[16:01:22] [Server thread/INFO] [co.ri.ge.sy.re.WorldSurveyRunner/]: W survey progress runId=rtf0805_w_t4_preview_20260805_1601 status=running phase=tile_scan tiles=60/289 microCells=0/4624 tileSpeed=22.26/s microSpeed=0.00/s etaMs=10286
[16:01:22] [Server thread/INFO] [co.ri.ge.sy.re.WorldSurveyRunner/]: W survey progress runId=rtf0805_w_t4_preview_20260805_1601 status=running phase=tile_scan tiles=61/289 microCells=0/4624 tileSpeed=22.30/s microSpeed=0.00/s etaMs=10226
[16:01:22] [Server thread/INFO] [co.ri.ge.sy.re.WorldSurveyRunner/]: W survey progress runId=rtf0805_w_t4_preview_20260805_1601 status=running phase=tile_scan tiles=62/289 microCells=0/4624 tileSpeed=22.33/s microSpeed=0.00/s etaMs=10164
[16:01:22] [Server thread/INFO] [co.ri.ge.sy.re.WorldSurveyRunner/]: W survey progress runId=rtf0805_w_t4_preview_20260805_1601 status=running phase=tile_scan tiles=63/289 microCells=0/4624 tileSpeed=22.37/s microSpeed=0.00/s etaMs=10102
[16:01:22] [Server thread/INFO] [co.ri.ge.sy.re.WorldSurveyRunner/]: W survey progress runId=rtf0805_w_t4_preview_20260805_1601 status=running phase=tile_scan tiles=64/289 microCells=0/4624 tileSpeed=22.35/s microSpeed=0.00/s etaMs=10065
[16:01:22] [Server thread/INFO] [co.ri.ge.sy.re.WorldSurveyRunner/]: W survey progress runId=rtf0805_w_t4_preview_20260805_1601 status=running phase=tile_scan tiles=65/289 microCells=0/4624 tileSpeed=22.40/s microSpeed=0.00/s etaMs=10001
[16:01:22] [Server thread/INFO] [co.ri.ge.sy.re.WorldSurveyRunner/]: W survey progress runId=rtf0805_w_t4_preview_20260805_1601 status=running phase=tile_scan tiles=66/289 microCells=0/4624 tileSpeed=22.31/s microSpeed=0.00/s etaMs=9994
[16:01:22] [geomantia-world-survey-progress/INFO] [co.ri.ge.sy.re.WorldSurveyRunner/]: W survey progress runId=rtf0805_w_t4_preview_20260805_1601 status=running phase=tile_scan tiles=66/289 microCells=0/4624 tileSpeed=21.96/s microSpeed=0.00/s etaMs=10153
[16:01:22] [Server thread/INFO] [co.ri.ge.sy.re.WorldSurveyRunner/]: W survey progress runId=rtf0805_w_t4_preview_20260805_1601 status=running phase=tile_scan tiles=67/289 microCells=0/4624 tileSpeed=22.19/s microSpeed=0.00/s etaMs=10003
[16:01:22] [Server thread/INFO] [co.ri.ge.sy.re.WorldSurveyRunner/]: W survey progress runId=rtf0805_w_t4_preview_20260805_1601 status=running phase=tile_scan tiles=68/289 microCells=0/4624 tileSpeed=22.05/s microSpeed=0.00/s etaMs=10023
[16:01:22] [Server thread/INFO] [co.ri.ge.sy.re.WorldSurveyRunner/]: W survey progress runId=rtf0805_w_t4_preview_20260805_1601 status=running phase=tile_scan tiles=69/289 microCells=0/4624 tileSpeed=22.08/s microSpeed=0.00/s etaMs=9964
[16:01:23] [Server thread/INFO] [co.ri.ge.sy.re.WorldSurveyRunner/]: W survey progress runId=rtf0805_w_t4_preview_20260805_1601 status=running phase=tile_scan tiles=70/289 microCells=0/4624 tileSpeed=22.09/s microSpeed=0.00/s etaMs=9914
[16:01:23] [Server thread/INFO] [co.ri.ge.sy.re.WorldSurveyRunner/]: W survey progress runId=rtf0805_w_t4_preview_20260805_1601 status=running phase=tile_scan tiles=71/289 microCells=0/4624 tileSpeed=22.08/s microSpeed=0.00/s etaMs=9871
[16:01:23] [Server thread/INFO] [co.ri.ge.sy.re.WorldSurveyRunner/]: W survey progress runId=rtf0805_w_t4_preview_20260805_1601 status=running phase=tile_scan tiles=72/289 microCells=0/4624 tileSpeed=22.10/s microSpeed=0.00/s etaMs=9819
[16:01:23] [Server thread/INFO] [co.ri.ge.sy.re.WorldSurveyRunner/]: W survey progress runId=rtf0805_w_t4_preview_20260805_1601 status=running phase=tile_scan tiles=73/289 microCells=0/4624 tileSpeed=22.13/s microSpeed=0.00/s etaMs=9758
[16:01:23] [Server thread/INFO] [co.ri.ge.sy.re.WorldSurveyRunner/]: W survey progress runId=rtf0805_w_t4_preview_20260805_1601 status=running phase=tile_scan tiles=74/289 microCells=0/4624 tileSpeed=22.17/s microSpeed=0.00/s etaMs=9698
[16:01:23] [Server thread/INFO] [co.ri.ge.sy.re.WorldSurveyRunner/]: W survey progress runId=rtf0805_w_t4_preview_20260805_1601 status=running phase=tile_scan tiles=75/289 microCells=0/4624 tileSpeed=22.20/s microSpeed=0.00/s etaMs=9639
[16:01:23] [Server thread/INFO] [co.ri.ge.sy.re.WorldSurveyRunner/]: W survey progress runId=rtf0805_w_t4_preview_20260805_1601 status=running phase=tile_scan tiles=76/289 microCells=0/4624 tileSpeed=22.21/s microSpeed=0.00/s etaMs=9591
[16:01:23] [Server thread/INFO] [co.ri.ge.sy.re.WorldSurveyRunner/]: W survey progress runId=rtf0805_w_t4_preview_20260805_1601 status=running phase=tile_scan tiles=77/289 microCells=0/4624 tileSpeed=22.23/s microSpeed=0.00/s etaMs=9537
[16:01:23] [Server thread/INFO] [co.ri.ge.sy.re.WorldSurveyRunner/]: W survey progress runId=rtf0805_w_t4_preview_20260805_1601 status=running phase=tile_scan tiles=78/289 microCells=0/4624 tileSpeed=22.23/s microSpeed=0.00/s etaMs=9490
[16:01:23] [Server thread/INFO] [co.ri.ge.sy.re.WorldSurveyRunner/]: W survey progress runId=rtf0805_w_t4_preview_20260805_1601 status=running phase=tile_scan tiles=79/289 microCells=0/4624 tileSpeed=22.25/s microSpeed=0.00/s etaMs=9439
[16:01:23] [Server thread/INFO] [co.ri.ge.sy.re.WorldSurveyRunner/]: W survey progress runId=rtf0805_w_t4_preview_20260805_1601 status=running phase=tile_scan tiles=80/289 microCells=0/4624 tileSpeed=22.27/s microSpeed=0.00/s etaMs=9387
[16:01:23] [Server thread/INFO] [co.ri.ge.sy.re.WorldSurveyRunner/]: W survey progress runId=rtf0805_w_t4_preview_20260805_1601 status=running phase=tile_scan tiles=81/289 microCells=0/4624 tileSpeed=22.28/s microSpeed=0.00/s etaMs=9334
[16:01:23] [Server thread/INFO] [co.ri.ge.sy.re.WorldSurveyRunner/]: W survey progress runId=rtf0805_w_t4_preview_20260805_1601 status=running phase=tile_scan tiles=82/289 microCells=0/4624 tileSpeed=22.29/s microSpeed=0.00/s etaMs=9287
[16:01:23] [Server thread/INFO] [co.ri.ge.sy.re.WorldSurveyRunner/]: W survey progress runId=rtf0805_w_t4_preview_20260805_1601 status=running phase=tile_scan tiles=83/289 microCells=0/4624 tileSpeed=22.31/s microSpeed=0.00/s etaMs=9235
[16:01:23] [Server thread/INFO] [co.ri.ge.sy.re.WorldSurveyRunner/]: W survey progress runId=rtf0805_w_t4_preview_20260805_1601 status=running phase=tile_scan tiles=84/289 microCells=0/4624 tileSpeed=22.33/s microSpeed=0.00/s etaMs=9181
[16:01:23] [Server thread/INFO] [co.ri.ge.sy.re.WorldSurveyRunner/]: W survey progress runId=rtf0805_w_t4_preview_20260805_1601 status=running phase=tile_scan tiles=85/289 microCells=0/4624 tileSpeed=22.32/s microSpeed=0.00/s etaMs=9142
[16:01:23] [Server thread/INFO] [co.ri.ge.sy.re.WorldSurveyRunner/]: W survey progress runId=rtf0805_w_t4_preview_20260805_1601 status=running phase=tile_scan tiles=86/289 microCells=0/4624 tileSpeed=22.30/s microSpeed=0.00/s etaMs=9102
[16:01:23] [Server thread/INFO] [co.ri.ge.sy.re.WorldSurveyRunner/]: W survey progress runId=rtf0805_w_t4_preview_20260805_1601 status=running phase=tile_scan tiles=87/289 microCells=0/4624 tileSpeed=22.27/s microSpeed=0.00/s etaMs=9069
[16:01:23] [Server thread/INFO] [co.ri.ge.sy.re.WorldSurveyRunner/]: W survey progress runId=rtf0805_w_t4_preview_20260805_1601 status=running phase=tile_scan tiles=88/289 microCells=0/4624 tileSpeed=22.26/s microSpeed=0.00/s etaMs=9031
[16:01:23] [geomantia-world-survey-progress/INFO] [co.ri.ge.sy.re.WorldSurveyRunner/]: W survey progress runId=rtf0805_w_t4_preview_20260805_1601 status=running phase=tile_scan tiles=88/289 microCells=0/4624 tileSpeed=21.98/s microSpeed=0.00/s etaMs=9146
[16:01:23] [Server thread/INFO] [co.ri.ge.sy.re.WorldSurveyRunner/]: W survey progress runId=rtf0805_w_t4_preview_20260805_1601 status=running phase=tile_scan tiles=89/289 microCells=0/4624 tileSpeed=22.21/s microSpeed=0.00/s etaMs=9007
[16:01:23] [Server thread/INFO] [co.ri.ge.sy.re.WorldSurveyRunner/]: W survey progress runId=rtf0805_w_t4_preview_20260805_1601 status=running phase=tile_scan tiles=90/289 microCells=0/4624 tileSpeed=22.23/s microSpeed=0.00/s etaMs=8953
[16:01:23] [Server thread/INFO] [co.ri.ge.sy.re.WorldSurveyRunner/]: W survey progress runId=rtf0805_w_t4_preview_20260805_1601 status=running phase=tile_scan tiles=91/289 microCells=0/4624 tileSpeed=22.24/s microSpeed=0.00/s etaMs=8901
[16:01:23] [Server thread/INFO] [co.ri.ge.sy.re.WorldSurveyRunner/]: W survey progress runId=rtf0805_w_t4_preview_20260805_1601 status=running phase=tile_scan tiles=92/289 microCells=0/4624 tileSpeed=22.28/s microSpeed=0.00/s etaMs=8841
[16:01:24] [Server thread/INFO] [co.ri.ge.sy.re.WorldSurveyRunner/]: W survey progress runId=rtf0805_w_t4_preview_20260805_1601 status=running phase=tile_scan tiles=93/289 microCells=0/4624 tileSpeed=22.30/s microSpeed=0.00/s etaMs=8788
[16:01:24] [Server thread/INFO] [co.ri.ge.sy.re.WorldSurveyRunner/]: W survey progress runId=rtf0805_w_t4_preview_20260805_1601 status=running phase=tile_scan tiles=94/289 microCells=0/4624 tileSpeed=22.33/s microSpeed=0.00/s etaMs=8734
[16:01:24] [Server thread/INFO] [co.ri.ge.sy.re.WorldSurveyRunner/]: W survey progress runId=rtf0805_w_t4_preview_20260805_1601 status=running phase=tile_scan tiles=95/289 microCells=0/4624 tileSpeed=22.36/s microSpeed=0.00/s etaMs=8677
[16:01:24] [Server thread/INFO] [co.ri.ge.sy.re.WorldSurveyRunner/]: W survey progress runId=rtf0805_w_t4_preview_20260805_1601 status=running phase=tile_scan tiles=96/289 microCells=0/4624 tileSpeed=22.39/s microSpeed=0.00/s etaMs=8621
[16:01:24] [Server thread/INFO] [co.ri.ge.sy.re.WorldSurveyRunner/]: W survey progress runId=rtf0805_w_t4_preview_20260805_1601 status=running phase=tile_scan tiles=97/289 microCells=0/4624 tileSpeed=22.43/s microSpeed=0.00/s etaMs=8561
[16:01:24] [Server thread/INFO] [co.ri.ge.sy.re.WorldSurveyRunner/]: W survey progress runId=rtf0805_w_t4_preview_20260805_1601 status=running phase=tile_scan tiles=98/289 microCells=0/4624 tileSpeed=22.44/s microSpeed=0.00/s etaMs=8511
[16:01:24] [Server thread/INFO] [co.ri.ge.sy.re.WorldSurveyRunner/]: W survey progress runId=rtf0805_w_t4_preview_20260805_1601 status=running phase=tile_scan tiles=99/289 microCells=0/4624 tileSpeed=22.47/s microSpeed=0.00/s etaMs=8456
[16:01:24] [Server thread/INFO] [co.ri.ge.sy.re.WorldSurveyRunner/]: W survey progress runId=rtf0805_w_t4_preview_20260805_1601 status=running phase=tile_scan tiles=100/289 microCells=0/4624 tileSpeed=22.49/s microSpeed=0.00/s etaMs=8403
[16:01:24] [Server thread/INFO] [co.ri.ge.sy.re.WorldSurveyRunner/]: W survey progress runId=rtf0805_w_t4_preview_20260805_1601 status=running phase=tile_scan tiles=101/289 microCells=0/4624 tileSpeed=22.52/s microSpeed=0.00/s etaMs=8348
[16:01:24] [Server thread/INFO] [co.ri.ge.sy.re.WorldSurveyRunner/]: W survey progress runId=rtf0805_w_t4_preview_20260805_1601 status=running phase=tile_scan tiles=102/289 microCells=0/4624 tileSpeed=22.54/s microSpeed=0.00/s etaMs=8298
[16:01:24] [Server thread/INFO] [co.ri.ge.sy.re.WorldSurveyRunner/]: W survey progress runId=rtf0805_w_t4_preview_20260805_1601 status=running phase=tile_scan tiles=103/289 microCells=0/4624 tileSpeed=22.51/s microSpeed=0.00/s etaMs=8263
[16:01:24] [Server thread/INFO] [co.ri.ge.sy.re.WorldSurveyRunner/]: W survey progress runId=rtf0805_w_t4_preview_20260805_1601 status=running phase=tile_scan tiles=104/289 microCells=0/4624 tileSpeed=22.49/s microSpeed=0.00/s etaMs=8227
[16:01:24] [Server thread/INFO] [co.ri.ge.sy.re.WorldSurveyRunner/]: W survey progress runId=rtf0805_w_t4_preview_20260805_1601 status=running phase=tile_scan tiles=105/289 microCells=0/4624 tileSpeed=22.47/s microSpeed=0.00/s etaMs=8187
[16:01:24] [Server thread/INFO] [co.ri.ge.sy.re.WorldSurveyRunner/]: W survey progress runId=rtf0805_w_t4_preview_20260805_1601 status=running phase=tile_scan tiles=106/289 microCells=0/4624 tileSpeed=22.46/s microSpeed=0.00/s etaMs=8149
[16:01:24] [Server thread/INFO] [co.ri.ge.sy.re.WorldSurveyRunner/]: W survey progress runId=rtf0805_w_t4_preview_20260805_1601 status=running phase=tile_scan tiles=107/289 microCells=0/4624 tileSpeed=22.48/s microSpeed=0.00/s etaMs=8095
[16:01:24] [Server thread/INFO] [co.ri.ge.sy.re.WorldSurveyRunner/]: W survey progress runId=rtf0805_w_t4_preview_20260805_1601 status=running phase=tile_scan tiles=108/289 microCells=0/4624 tileSpeed=22.51/s microSpeed=0.00/s etaMs=8039
[16:01:24] [Server thread/INFO] [co.ri.ge.sy.re.WorldSurveyRunner/]: W survey progress runId=rtf0805_w_t4_preview_20260805_1601 status=running phase=tile_scan tiles=109/289 microCells=0/4624 tileSpeed=22.53/s microSpeed=0.00/s etaMs=7988
[16:01:24] [Server thread/INFO] [co.ri.ge.sy.re.WorldSurveyRunner/]: W survey progress runId=rtf0805_w_t4_preview_20260805_1601 status=running phase=tile_scan tiles=110/289 microCells=0/4624 tileSpeed=22.55/s microSpeed=0.00/s etaMs=7936
[16:01:24] [Server thread/INFO] [co.ri.ge.sy.re.WorldSurveyRunner/]: W survey progress runId=rtf0805_w_t4_preview_20260805_1601 status=running phase=tile_scan tiles=111/289 microCells=0/4624 tileSpeed=22.56/s microSpeed=0.00/s etaMs=7890
[16:01:24] [Server thread/INFO] [co.ri.ge.sy.re.WorldSurveyRunner/]: W survey progress runId=rtf0805_w_t4_preview_20260805_1601 status=running phase=tile_scan tiles=112/289 microCells=0/4624 tileSpeed=22.57/s microSpeed=0.00/s etaMs=7843
[16:01:24] [geomantia-world-survey-progress/INFO] [co.ri.ge.sy.re.WorldSurveyRunner/]: W survey progress runId=rtf0805_w_t4_preview_20260805_1601 status=running phase=tile_scan tiles=112/289 microCells=0/4624 tileSpeed=22.38/s microSpeed=0.00/s etaMs=7908
[16:01:24] [Render thread/INFO] [minecraft/ChatComponent]: [System] [CHAT] [Geomantia] W scan tiles 112/289 (38.8%), ETA 7s
[16:01:24] [Server thread/INFO] [co.ri.ge.sy.re.WorldSurveyRunner/]: W survey progress runId=rtf0805_w_t4_preview_20260805_1601 status=running phase=tile_scan tiles=113/289 microCells=0/4624 tileSpeed=22.55/s microSpeed=0.00/s etaMs=7806
[16:01:24] [Server thread/INFO] [co.ri.ge.sy.re.WorldSurveyRunner/]: W survey progress runId=rtf0805_w_t4_preview_20260805_1601 status=running phase=tile_scan tiles=114/289 microCells=0/4624 tileSpeed=22.54/s microSpeed=0.00/s etaMs=7763
[16:01:24] [Server thread/INFO] [co.ri.ge.sy.re.WorldSurveyRunner/]: W survey progress runId=rtf0805_w_t4_preview_20260805_1601 status=running phase=tile_scan tiles=115/289 microCells=0/4624 tileSpeed=22.51/s microSpeed=0.00/s etaMs=7729
[16:01:25] [Server thread/INFO] [co.ri.ge.sy.re.WorldSurveyRunner/]: W survey progress runId=rtf0805_w_t4_preview_20260805_1601 status=running phase=tile_scan tiles=116/289 microCells=0/4624 tileSpeed=22.52/s microSpeed=0.00/s etaMs=7681
[16:01:25] [Server thread/INFO] [co.ri.ge.sy.re.WorldSurveyRunner/]: W survey progress runId=rtf0805_w_t4_preview_20260805_1601 status=running phase=tile_scan tiles=117/289 microCells=0/4624 tileSpeed=22.54/s microSpeed=0.00/s etaMs=7631
[16:01:25] [Server thread/INFO] [co.ri.ge.sy.re.WorldSurveyRunner/]: W survey progress runId=rtf0805_w_t4_preview_20260805_1601 status=running phase=tile_scan tiles=118/289 microCells=0/4624 tileSpeed=22.54/s microSpeed=0.00/s etaMs=7585
[16:01:25] [Server thread/INFO] [co.ri.ge.sy.re.WorldSurveyRunner/]: W survey progress runId=rtf0805_w_t4_preview_20260805_1601 status=running phase=tile_scan tiles=119/289 microCells=0/4624 tileSpeed=22.56/s microSpeed=0.00/s etaMs=7534
[16:01:25] [Server thread/INFO] [co.ri.ge.sy.re.WorldSurveyRunner/]: W survey progress runId=rtf0805_w_t4_preview_20260805_1601 status=running phase=tile_scan tiles=120/289 microCells=0/4624 tileSpeed=22.46/s microSpeed=0.00/s etaMs=7525
[16:01:25] [Server thread/INFO] [co.ri.ge.sy.re.WorldSurveyRunner/]: W survey progress runId=rtf0805_w_t4_preview_20260805_1601 status=running phase=tile_scan tiles=121/289 microCells=0/4624 tileSpeed=22.39/s microSpeed=0.00/s etaMs=7503
[16:01:25] [Server thread/INFO] [co.ri.ge.sy.re.WorldSurveyRunner/]: W survey progress runId=rtf0805_w_t4_preview_20260805_1601 status=running phase=tile_scan tiles=122/289 microCells=0/4624 tileSpeed=22.34/s microSpeed=0.00/s etaMs=7477
[16:01:25] [Server thread/INFO] [co.ri.ge.sy.re.WorldSurveyRunner/]: W survey progress runId=rtf0805_w_t4_preview_20260805_1601 status=running phase=tile_scan tiles=123/289 microCells=0/4624 tileSpeed=22.34/s microSpeed=0.00/s etaMs=7431
[16:01:25] [Server thread/INFO] [co.ri.ge.sy.re.WorldSurveyRunner/]: W survey progress runId=rtf0805_w_t4_preview_20260805_1601 status=running phase=tile_scan tiles=124/289 microCells=0/4624 tileSpeed=22.36/s microSpeed=0.00/s etaMs=7378
[16:01:25] [Server thread/INFO] [co.ri.ge.sy.re.WorldSurveyRunner/]: W survey progress runId=rtf0805_w_t4_preview_20260805_1601 status=running phase=tile_scan tiles=125/289 microCells=0/4624 tileSpeed=22.39/s microSpeed=0.00/s etaMs=7326
[16:01:25] [Server thread/INFO] [co.ri.ge.sy.re.WorldSurveyRunner/]: W survey progress runId=rtf0805_w_t4_preview_20260805_1601 status=running phase=tile_scan tiles=126/289 microCells=0/4624 tileSpeed=22.40/s microSpeed=0.00/s etaMs=7275
[16:01:25] [Server thread/INFO] [co.ri.ge.sy.re.WorldSurveyRunner/]: W survey progress runId=rtf0805_w_t4_preview_20260805_1601 status=running phase=tile_scan tiles=127/289 microCells=0/4624 tileSpeed=22.43/s microSpeed=0.00/s etaMs=7224
[16:01:25] [Server thread/INFO] [co.ri.ge.sy.re.WorldSurveyRunner/]: W survey progress runId=rtf0805_w_t4_preview_20260805_1601 status=running phase=tile_scan tiles=128/289 microCells=0/4624 tileSpeed=22.45/s microSpeed=0.00/s etaMs=7172
[16:01:25] [Server thread/INFO] [co.ri.ge.sy.re.WorldSurveyRunner/]: W survey progress runId=rtf0805_w_t4_preview_20260805_1601 status=running phase=tile_scan tiles=129/289 microCells=0/4624 tileSpeed=22.45/s microSpeed=0.00/s etaMs=7127
[16:01:25] [Server thread/INFO] [co.ri.ge.sy.re.WorldSurveyRunner/]: W survey progress runId=rtf0805_w_t4_preview_20260805_1601 status=running phase=tile_scan tiles=130/289 microCells=0/4624 tileSpeed=22.44/s microSpeed=0.00/s etaMs=7084
[16:01:25] [Server thread/INFO] [co.ri.ge.sy.re.WorldSurveyRunner/]: W survey progress runId=rtf0805_w_t4_preview_20260805_1601 status=running phase=tile_scan tiles=131/289 microCells=0/4624 tileSpeed=22.44/s microSpeed=0.00/s etaMs=7041
[16:01:25] [Server thread/INFO] [co.ri.ge.sy.re.WorldSurveyRunner/]: W survey progress runId=rtf0805_w_t4_preview_20260805_1601 status=running phase=tile_scan tiles=132/289 microCells=0/4624 tileSpeed=22.43/s microSpeed=0.00/s etaMs=6998
[16:01:25] [Server thread/INFO] [co.ri.ge.sy.re.WorldSurveyRunner/]: W survey progress runId=rtf0805_w_t4_preview_20260805_1601 status=running phase=tile_scan tiles=133/289 microCells=0/4624 tileSpeed=22.43/s microSpeed=0.00/s etaMs=6955
[16:01:25] [Server thread/INFO] [co.ri.ge.sy.re.WorldSurveyRunner/]: W survey progress runId=rtf0805_w_t4_preview_20260805_1601 status=running phase=tile_scan tiles=134/289 microCells=0/4624 tileSpeed=22.44/s microSpeed=0.00/s etaMs=6908
[16:01:25] [geomantia-world-survey-progress/INFO] [co.ri.ge.sy.re.WorldSurveyRunner/]: W survey progress runId=rtf0805_w_t4_preview_20260805_1601 status=running phase=tile_scan tiles=134/289 microCells=0/4624 tileSpeed=22.32/s microSpeed=0.00/s etaMs=6945
[16:01:25] [Server thread/INFO] [co.ri.ge.sy.re.WorldSurveyRunner/]: W survey progress runId=rtf0805_w_t4_preview_20260805_1601 status=running phase=tile_scan tiles=135/289 microCells=0/4624 tileSpeed=22.44/s microSpeed=0.00/s etaMs=6862
[16:01:25] [Server thread/INFO] [co.ri.ge.sy.re.WorldSurveyRunner/]: W survey progress runId=rtf0805_w_t4_preview_20260805_1601 status=running phase=tile_scan tiles=136/289 microCells=0/4624 tileSpeed=22.44/s microSpeed=0.00/s etaMs=6819
[16:01:25] [Server thread/INFO] [co.ri.ge.sy.re.WorldSurveyRunner/]: W survey progress runId=rtf0805_w_t4_preview_20260805_1601 status=running phase=tile_scan tiles=137/289 microCells=0/4624 tileSpeed=22.41/s microSpeed=0.00/s etaMs=6782
[16:01:26] [Server thread/INFO] [co.ri.ge.sy.re.WorldSurveyRunner/]: W survey progress runId=rtf0805_w_t4_preview_20260805_1601 status=running phase=tile_scan tiles=138/289 microCells=0/4624 tileSpeed=22.38/s microSpeed=0.00/s etaMs=6748
[16:01:26] [Server thread/INFO] [co.ri.ge.sy.re.WorldSurveyRunner/]: W survey progress runId=rtf0805_w_t4_preview_20260805_1601 status=running phase=tile_scan tiles=139/289 microCells=0/4624 tileSpeed=22.34/s microSpeed=0.00/s etaMs=6714
[16:01:26] [Server thread/INFO] [co.ri.ge.sy.re.WorldSurveyRunner/]: W survey progress runId=rtf0805_w_t4_preview_20260805_1601 status=running phase=tile_scan tiles=140/289 microCells=0/4624 tileSpeed=22.33/s microSpeed=0.00/s etaMs=6673
[16:01:26] [Server thread/INFO] [co.ri.ge.sy.re.WorldSurveyRunner/]: W survey progress runId=rtf0805_w_t4_preview_20260805_1601 status=running phase=tile_scan tiles=141/289 microCells=0/4624 tileSpeed=22.31/s microSpeed=0.00/s etaMs=6633
[16:01:26] [Server thread/INFO] [co.ri.ge.sy.re.WorldSurveyRunner/]: W survey progress runId=rtf0805_w_t4_preview_20260805_1601 status=running phase=tile_scan tiles=142/289 microCells=0/4624 tileSpeed=22.31/s microSpeed=0.00/s etaMs=6590
[16:01:26] [Server thread/INFO] [co.ri.ge.sy.re.WorldSurveyRunner/]: W survey progress runId=rtf0805_w_t4_preview_20260805_1601 status=running phase=tile_scan tiles=143/289 microCells=0/4624 tileSpeed=22.31/s microSpeed=0.00/s etaMs=6545
[16:01:26] [Server thread/INFO] [co.ri.ge.sy.re.WorldSurveyRunner/]: W survey progress runId=rtf0805_w_t4_preview_20260805_1601 status=running phase=tile_scan tiles=144/289 microCells=0/4624 tileSpeed=22.30/s microSpeed=0.00/s etaMs=6501
[16:01:26] [Server thread/INFO] [co.ri.ge.sy.re.WorldSurveyRunner/]: W survey progress runId=rtf0805_w_t4_preview_20260805_1601 status=running phase=tile_scan tiles=145/289 microCells=0/4624 tileSpeed=22.30/s microSpeed=0.00/s etaMs=6456
[16:01:26] [Server thread/INFO] [co.ri.ge.sy.re.WorldSurveyRunner/]: W survey progress runId=rtf0805_w_t4_preview_20260805_1601 status=running phase=tile_scan tiles=146/289 microCells=0/4624 tileSpeed=22.32/s microSpeed=0.00/s etaMs=6408
[16:01:26] [Server thread/INFO] [co.ri.ge.sy.re.WorldSurveyRunner/]: W survey progress runId=rtf0805_w_t4_preview_20260805_1601 status=running phase=tile_scan tiles=147/289 microCells=0/4624 tileSpeed=22.33/s microSpeed=0.00/s etaMs=6358
[16:01:26] [Server thread/INFO] [co.ri.ge.sy.re.WorldSurveyRunner/]: W survey progress runId=rtf0805_w_t4_preview_20260805_1601 status=running phase=tile_scan tiles=148/289 microCells=0/4624 tileSpeed=22.35/s microSpeed=0.00/s etaMs=6310
[16:01:26] [Server thread/INFO] [co.ri.ge.sy.re.WorldSurveyRunner/]: W survey progress runId=rtf0805_w_t4_preview_20260805_1601 status=running phase=tile_scan tiles=149/289 microCells=0/4624 tileSpeed=22.37/s microSpeed=0.00/s etaMs=6260
[16:01:26] [Server thread/INFO] [co.ri.ge.sy.re.WorldSurveyRunner/]: W survey progress runId=rtf0805_w_t4_preview_20260805_1601 status=running phase=tile_scan tiles=150/289 microCells=0/4624 tileSpeed=22.37/s microSpeed=0.00/s etaMs=6213
[16:01:26] [Server thread/INFO] [co.ri.ge.sy.re.WorldSurveyRunner/]: W survey progress runId=rtf0805_w_t4_preview_20260805_1601 status=running phase=tile_scan tiles=151/289 microCells=0/4624 tileSpeed=22.38/s microSpeed=0.00/s etaMs=6167
[16:01:26] [Server thread/INFO] [co.ri.ge.sy.re.WorldSurveyRunner/]: W survey progress runId=rtf0805_w_t4_preview_20260805_1601 status=running phase=tile_scan tiles=152/289 microCells=0/4624 tileSpeed=22.39/s microSpeed=0.00/s etaMs=6119
[16:01:26] [Server thread/INFO] [co.ri.ge.sy.re.WorldSurveyRunner/]: W survey progress runId=rtf0805_w_t4_preview_20260805_1601 status=running phase=tile_scan tiles=153/289 microCells=0/4624 tileSpeed=22.40/s microSpeed=0.00/s etaMs=6070
[16:01:26] [Server thread/INFO] [co.ri.ge.sy.re.WorldSurveyRunner/]: W survey progress runId=rtf0805_w_t4_preview_20260805_1601 status=running phase=tile_scan tiles=154/289 microCells=0/4624 tileSpeed=22.42/s microSpeed=0.00/s etaMs=6022
[16:01:26] [Server thread/INFO] [co.ri.ge.sy.re.WorldSurveyRunner/]: W survey progress runId=rtf0805_w_t4_preview_20260805_1601 status=running phase=tile_scan tiles=155/289 microCells=0/4624 tileSpeed=22.41/s microSpeed=0.00/s etaMs=5980
[16:01:26] [Server thread/INFO] [co.ri.ge.sy.re.WorldSurveyRunner/]: W survey progress runId=rtf0805_w_t4_preview_20260805_1601 status=running phase=tile_scan tiles=156/289 microCells=0/4624 tileSpeed=22.40/s microSpeed=0.00/s etaMs=5936
[16:01:26] [geomantia-world-survey-progress/INFO] [co.ri.ge.sy.re.WorldSurveyRunner/]: W survey progress runId=rtf0805_w_t4_preview_20260805_1601 status=running phase=tile_scan tiles=156/289 microCells=0/4624 tileSpeed=22.27/s microSpeed=0.00/s etaMs=5971
[16:01:26] [Server thread/INFO] [co.ri.ge.sy.re.WorldSurveyRunner/]: W survey progress runId=rtf0805_w_t4_preview_20260805_1601 status=running phase=tile_scan tiles=157/289 microCells=0/4624 tileSpeed=22.39/s microSpeed=0.00/s etaMs=5895
[16:01:26] [Server thread/INFO] [co.ri.ge.sy.re.WorldSurveyRunner/]: W survey progress runId=rtf0805_w_t4_preview_20260805_1601 status=running phase=tile_scan tiles=158/289 microCells=0/4624 tileSpeed=22.38/s microSpeed=0.00/s etaMs=5854
[16:01:26] [Server thread/INFO] [co.ri.ge.sy.re.WorldSurveyRunner/]: W survey progress runId=rtf0805_w_t4_preview_20260805_1601 status=running phase=tile_scan tiles=159/289 microCells=0/4624 tileSpeed=22.37/s microSpeed=0.00/s etaMs=5812
[16:01:27] [Server thread/INFO] [co.ri.ge.sy.re.WorldSurveyRunner/]: W survey progress runId=rtf0805_w_t4_preview_20260805_1601 status=running phase=tile_scan tiles=160/289 microCells=0/4624 tileSpeed=22.37/s microSpeed=0.00/s etaMs=5768
[16:01:27] [Server thread/INFO] [co.ri.ge.sy.re.WorldSurveyRunner/]: W survey progress runId=rtf0805_w_t4_preview_20260805_1601 status=running phase=tile_scan tiles=161/289 microCells=0/4624 tileSpeed=22.37/s microSpeed=0.00/s etaMs=5722
[16:01:27] [Server thread/INFO] [co.ri.ge.sy.re.WorldSurveyRunner/]: W survey progress runId=rtf0805_w_t4_preview_20260805_1601 status=running phase=tile_scan tiles=162/289 microCells=0/4624 tileSpeed=22.38/s microSpeed=0.00/s etaMs=5674
[16:01:27] [Server thread/INFO] [co.ri.ge.sy.re.WorldSurveyRunner/]: W survey progress runId=rtf0805_w_t4_preview_20260805_1601 status=running phase=tile_scan tiles=163/289 microCells=0/4624 tileSpeed=22.39/s microSpeed=0.00/s etaMs=5627
[16:01:27] [Server thread/INFO] [co.ri.ge.sy.re.WorldSurveyRunner/]: W survey progress runId=rtf0805_w_t4_preview_20260805_1601 status=running phase=tile_scan tiles=164/289 microCells=0/4624 tileSpeed=22.40/s microSpeed=0.00/s etaMs=5581
[16:01:27] [Server thread/INFO] [co.ri.ge.sy.re.WorldSurveyRunner/]: W survey progress runId=rtf0805_w_t4_preview_20260805_1601 status=running phase=tile_scan tiles=165/289 microCells=0/4624 tileSpeed=22.41/s microSpeed=0.00/s etaMs=5533
[16:01:27] [Server thread/INFO] [co.ri.ge.sy.re.WorldSurveyRunner/]: W survey progress runId=rtf0805_w_t4_preview_20260805_1601 status=running phase=tile_scan tiles=166/289 microCells=0/4624 tileSpeed=22.42/s microSpeed=0.00/s etaMs=5486
[16:01:27] [Server thread/INFO] [co.ri.ge.sy.re.WorldSurveyRunner/]: W survey progress runId=rtf0805_w_t4_preview_20260805_1601 status=running phase=tile_scan tiles=167/289 microCells=0/4624 tileSpeed=22.44/s microSpeed=0.00/s etaMs=5436
[16:01:27] [Server thread/INFO] [co.ri.ge.sy.re.WorldSurveyRunner/]: W survey progress runId=rtf0805_w_t4_preview_20260805_1601 status=running phase=tile_scan tiles=168/289 microCells=0/4624 tileSpeed=22.43/s microSpeed=0.00/s etaMs=5394
[16:01:27] [Server thread/INFO] [co.ri.ge.sy.re.WorldSurveyRunner/]: W survey progress runId=rtf0805_w_t4_preview_20260805_1601 status=running phase=tile_scan tiles=169/289 microCells=0/4624 tileSpeed=22.38/s microSpeed=0.00/s etaMs=5363
[16:01:27] [Server thread/INFO] [co.ri.ge.sy.re.WorldSurveyRunner/]: W survey progress runId=rtf0805_w_t4_preview_20260805_1601 status=running phase=tile_scan tiles=170/289 microCells=0/4624 tileSpeed=22.37/s microSpeed=0.00/s etaMs=5320
[16:01:27] [Server thread/INFO] [co.ri.ge.sy.re.WorldSurveyRunner/]: W survey progress runId=rtf0805_w_t4_preview_20260805_1601 status=running phase=tile_scan tiles=171/289 microCells=0/4624 tileSpeed=22.37/s microSpeed=0.00/s etaMs=5274
[16:01:27] [Server thread/INFO] [co.ri.ge.sy.re.WorldSurveyRunner/]: W survey progress runId=rtf0805_w_t4_preview_20260805_1601 status=running phase=tile_scan tiles=172/289 microCells=0/4624 tileSpeed=22.39/s microSpeed=0.00/s etaMs=5226
[16:01:27] [Server thread/INFO] [co.ri.ge.sy.re.WorldSurveyRunner/]: W survey progress runId=rtf0805_w_t4_preview_20260805_1601 status=running phase=tile_scan tiles=173/289 microCells=0/4624 tileSpeed=22.41/s microSpeed=0.00/s etaMs=5177
[16:01:27] [Server thread/INFO] [co.ri.ge.sy.re.WorldSurveyRunner/]: W survey progress runId=rtf0805_w_t4_preview_20260805_1601 status=running phase=tile_scan tiles=174/289 microCells=0/4624 tileSpeed=22.42/s microSpeed=0.00/s etaMs=5129
[16:01:27] [Server thread/INFO] [co.ri.ge.sy.re.WorldSurveyRunner/]: W survey progress runId=rtf0805_w_t4_preview_20260805_1601 status=running phase=tile_scan tiles=175/289 microCells=0/4624 tileSpeed=22.43/s microSpeed=0.00/s etaMs=5082
[16:01:27] [Server thread/INFO] [co.ri.ge.sy.re.WorldSurveyRunner/]: W survey progress runId=rtf0805_w_t4_preview_20260805_1601 status=running phase=tile_scan tiles=176/289 microCells=0/4624 tileSpeed=22.44/s microSpeed=0.00/s etaMs=5035
[16:01:27] [Server thread/INFO] [co.ri.ge.sy.re.WorldSurveyRunner/]: W survey progress runId=rtf0805_w_t4_preview_20260805_1601 status=running phase=tile_scan tiles=177/289 microCells=0/4624 tileSpeed=22.45/s microSpeed=0.00/s etaMs=4989
[16:01:27] [Server thread/INFO] [co.ri.ge.sy.re.WorldSurveyRunner/]: W survey progress runId=rtf0805_w_t4_preview_20260805_1601 status=running phase=tile_scan tiles=178/289 microCells=0/4624 tileSpeed=22.46/s microSpeed=0.00/s etaMs=4943
[16:01:27] [Server thread/INFO] [co.ri.ge.sy.re.WorldSurveyRunner/]: W survey progress runId=rtf0805_w_t4_preview_20260805_1601 status=running phase=tile_scan tiles=179/289 microCells=0/4624 tileSpeed=22.47/s microSpeed=0.00/s etaMs=4895
[16:01:27] [geomantia-world-survey-progress/INFO] [co.ri.ge.sy.re.WorldSurveyRunner/]: W survey progress runId=rtf0805_w_t4_preview_20260805_1601 status=running phase=tile_scan tiles=179/289 microCells=0/4624 tileSpeed=22.37/s microSpeed=0.00/s etaMs=4918
[16:01:27] [Server thread/INFO] [co.ri.ge.sy.re.WorldSurveyRunner/]: W survey progress runId=rtf0805_w_t4_preview_20260805_1601 status=running phase=tile_scan tiles=180/289 microCells=0/4624 tileSpeed=22.49/s microSpeed=0.00/s etaMs=4847
[16:01:27] [Server thread/INFO] [co.ri.ge.sy.re.WorldSurveyRunner/]: W survey progress runId=rtf0805_w_t4_preview_20260805_1601 status=running phase=tile_scan tiles=181/289 microCells=0/4624 tileSpeed=22.50/s microSpeed=0.00/s etaMs=4801
[16:01:27] [Server thread/INFO] [co.ri.ge.sy.re.WorldSurveyRunner/]: W survey progress runId=rtf0805_w_t4_preview_20260805_1601 status=running phase=tile_scan tiles=182/289 microCells=0/4624 tileSpeed=22.50/s microSpeed=0.00/s etaMs=4756
[16:01:27] [Server thread/INFO] [co.ri.ge.sy.re.WorldSurveyRunner/]: W survey progress runId=rtf0805_w_t4_preview_20260805_1601 status=running phase=tile_scan tiles=183/289 microCells=0/4624 tileSpeed=22.51/s microSpeed=0.00/s etaMs=4710
[16:01:28] [Server thread/INFO] [co.ri.ge.sy.re.WorldSurveyRunner/]: W survey progress runId=rtf0805_w_t4_preview_20260805_1601 status=running phase=tile_scan tiles=184/289 microCells=0/4624 tileSpeed=22.49/s microSpeed=0.00/s etaMs=4668
[16:01:28] [Server thread/INFO] [co.ri.ge.sy.re.WorldSurveyRunner/]: W survey progress runId=rtf0805_w_t4_preview_20260805_1601 status=running phase=tile_scan tiles=185/289 microCells=0/4624 tileSpeed=22.50/s microSpeed=0.00/s etaMs=4623
[16:01:28] [Server thread/INFO] [co.ri.ge.sy.re.WorldSurveyRunner/]: W survey progress runId=rtf0805_w_t4_preview_20260805_1601 status=running phase=tile_scan tiles=186/289 microCells=0/4624 tileSpeed=22.50/s microSpeed=0.00/s etaMs=4579
[16:01:28] [Server thread/INFO] [co.ri.ge.sy.re.WorldSurveyRunner/]: W survey progress runId=rtf0805_w_t4_preview_20260805_1601 status=running phase=tile_scan tiles=187/289 microCells=0/4624 tileSpeed=22.49/s microSpeed=0.00/s etaMs=4535
[16:01:28] [Server thread/INFO] [co.ri.ge.sy.re.WorldSurveyRunner/]: W survey progress runId=rtf0805_w_t4_preview_20260805_1601 status=running phase=tile_scan tiles=188/289 microCells=0/4624 tileSpeed=22.49/s microSpeed=0.00/s etaMs=4490
[16:01:28] [Server thread/INFO] [co.ri.ge.sy.re.WorldSurveyRunner/]: W survey progress runId=rtf0805_w_t4_preview_20260805_1601 status=running phase=tile_scan tiles=189/289 microCells=0/4624 tileSpeed=22.50/s microSpeed=0.00/s etaMs=4445
[16:01:28] [Server thread/INFO] [co.ri.ge.sy.re.WorldSurveyRunner/]: W survey progress runId=rtf0805_w_t4_preview_20260805_1601 status=running phase=tile_scan tiles=190/289 microCells=0/4624 tileSpeed=22.50/s microSpeed=0.00/s etaMs=4399
[16:01:28] [Server thread/INFO] [co.ri.ge.sy.re.WorldSurveyRunner/]: W survey progress runId=rtf0805_w_t4_preview_20260805_1601 status=running phase=tile_scan tiles=191/289 microCells=0/4624 tileSpeed=22.51/s microSpeed=0.00/s etaMs=4354
[16:01:28] [Server thread/INFO] [co.ri.ge.sy.re.WorldSurveyRunner/]: W survey progress runId=rtf0805_w_t4_preview_20260805_1601 status=running phase=tile_scan tiles=192/289 microCells=0/4624 tileSpeed=22.50/s microSpeed=0.00/s etaMs=4311
[16:01:28] [Server thread/INFO] [co.ri.ge.sy.re.WorldSurveyRunner/]: W survey progress runId=rtf0805_w_t4_preview_20260805_1601 status=running phase=tile_scan tiles=193/289 microCells=0/4624 tileSpeed=22.50/s microSpeed=0.00/s etaMs=4266
[16:01:28] [Server thread/INFO] [co.ri.ge.sy.re.WorldSurveyRunner/]: W survey progress runId=rtf0805_w_t4_preview_20260805_1601 status=running phase=tile_scan tiles=194/289 microCells=0/4624 tileSpeed=22.50/s microSpeed=0.00/s etaMs=4222
[16:01:28] [Server thread/INFO] [co.ri.ge.sy.re.WorldSurveyRunner/]: W survey progress runId=rtf0805_w_t4_preview_20260805_1601 status=running phase=tile_scan tiles=195/289 microCells=0/4624 tileSpeed=22.51/s microSpeed=0.00/s etaMs=4176
[16:01:28] [Server thread/INFO] [co.ri.ge.sy.re.WorldSurveyRunner/]: W survey progress runId=rtf0805_w_t4_preview_20260805_1601 status=running phase=tile_scan tiles=196/289 microCells=0/4624 tileSpeed=22.53/s microSpeed=0.00/s etaMs=4129
[16:01:28] [Server thread/INFO] [co.ri.ge.sy.re.WorldSurveyRunner/]: W survey progress runId=rtf0805_w_t4_preview_20260805_1601 status=running phase=tile_scan tiles=197/289 microCells=0/4624 tileSpeed=22.54/s microSpeed=0.00/s etaMs=4082
[16:01:28] [Server thread/INFO] [co.ri.ge.sy.re.WorldSurveyRunner/]: W survey progress runId=rtf0805_w_t4_preview_20260805_1601 status=running phase=tile_scan tiles=198/289 microCells=0/4624 tileSpeed=22.53/s microSpeed=0.00/s etaMs=4038
[16:01:28] [Server thread/INFO] [co.ri.ge.sy.re.WorldSurveyRunner/]: W survey progress runId=rtf0805_w_t4_preview_20260805_1601 status=running phase=tile_scan tiles=199/289 microCells=0/4624 tileSpeed=22.51/s microSpeed=0.00/s etaMs=3998
[16:01:28] [Server thread/INFO] [co.ri.ge.sy.re.WorldSurveyRunner/]: W survey progress runId=rtf0805_w_t4_preview_20260805_1601 status=running phase=tile_scan tiles=200/289 microCells=0/4624 tileSpeed=22.50/s microSpeed=0.00/s etaMs=3955
[16:01:28] [Server thread/INFO] [co.ri.ge.sy.re.WorldSurveyRunner/]: W survey progress runId=rtf0805_w_t4_preview_20260805_1601 status=running phase=tile_scan tiles=201/289 microCells=0/4624 tileSpeed=22.50/s microSpeed=0.00/s etaMs=3911
[16:01:28] [Server thread/INFO] [co.ri.ge.sy.re.WorldSurveyRunner/]: W survey progress runId=rtf0805_w_t4_preview_20260805_1601 status=running phase=tile_scan tiles=202/289 microCells=0/4624 tileSpeed=22.47/s microSpeed=0.00/s etaMs=3872
[16:01:28] [geomantia-world-survey-progress/INFO] [co.ri.ge.sy.re.WorldSurveyRunner/]: W survey progress runId=rtf0805_w_t4_preview_20260805_1601 status=running phase=tile_scan tiles=202/289 microCells=0/4624 tileSpeed=22.44/s microSpeed=0.00/s etaMs=3878
[16:01:28] [Server thread/INFO] [co.ri.ge.sy.re.WorldSurveyRunner/]: W survey progress runId=rtf0805_w_t4_preview_20260805_1601 status=running phase=tile_scan tiles=203/289 microCells=0/4624 tileSpeed=22.44/s microSpeed=0.00/s etaMs=3833
[16:01:28] [Server thread/INFO] [co.ri.ge.sy.re.WorldSurveyRunner/]: W survey progress runId=rtf0805_w_t4_preview_20260805_1601 status=running phase=tile_scan tiles=204/289 microCells=0/4624 tileSpeed=22.39/s microSpeed=0.00/s etaMs=3796
[16:01:29] [Server thread/INFO] [co.ri.ge.sy.re.WorldSurveyRunner/]: W survey progress runId=rtf0805_w_t4_preview_20260805_1601 status=running phase=tile_scan tiles=205/289 microCells=0/4624 tileSpeed=22.40/s microSpeed=0.00/s etaMs=3750
[16:01:29] [Server thread/INFO] [co.ri.ge.sy.re.WorldSurveyRunner/]: W survey progress runId=rtf0805_w_t4_preview_20260805_1601 status=running phase=tile_scan tiles=206/289 microCells=0/4624 tileSpeed=22.42/s microSpeed=0.00/s etaMs=3702
[16:01:29] [Server thread/INFO] [co.ri.ge.sy.re.WorldSurveyRunner/]: W survey progress runId=rtf0805_w_t4_preview_20260805_1601 status=running phase=tile_scan tiles=207/289 microCells=0/4624 tileSpeed=22.43/s microSpeed=0.00/s etaMs=3656
[16:01:29] [Server thread/INFO] [co.ri.ge.sy.re.WorldSurveyRunner/]: W survey progress runId=rtf0805_w_t4_preview_20260805_1601 status=running phase=tile_scan tiles=208/289 microCells=0/4624 tileSpeed=22.44/s microSpeed=0.00/s etaMs=3609
[16:01:29] [Server thread/INFO] [co.ri.ge.sy.re.WorldSurveyRunner/]: W survey progress runId=rtf0805_w_t4_preview_20260805_1601 status=running phase=tile_scan tiles=209/289 microCells=0/4624 tileSpeed=22.46/s microSpeed=0.00/s etaMs=3562
[16:01:29] [Server thread/INFO] [co.ri.ge.sy.re.WorldSurveyRunner/]: W survey progress runId=rtf0805_w_t4_preview_20260805_1601 status=running phase=tile_scan tiles=210/289 microCells=0/4624 tileSpeed=22.47/s microSpeed=0.00/s etaMs=3516
[16:01:29] [Server thread/INFO] [co.ri.ge.sy.re.WorldSurveyRunner/]: W survey progress runId=rtf0805_w_t4_preview_20260805_1601 status=running phase=tile_scan tiles=211/289 microCells=0/4624 tileSpeed=22.49/s microSpeed=0.00/s etaMs=3469
[16:01:29] [Server thread/INFO] [co.ri.ge.sy.re.WorldSurveyRunner/]: W survey progress runId=rtf0805_w_t4_preview_20260805_1601 status=running phase=tile_scan tiles=212/289 microCells=0/4624 tileSpeed=22.50/s microSpeed=0.00/s etaMs=3422
[16:01:29] [Server thread/INFO] [co.ri.ge.sy.re.WorldSurveyRunner/]: W survey progress runId=rtf0805_w_t4_preview_20260805_1601 status=running phase=tile_scan tiles=213/289 microCells=0/4624 tileSpeed=22.51/s microSpeed=0.00/s etaMs=3376
[16:01:29] [Server thread/INFO] [co.ri.ge.sy.re.WorldSurveyRunner/]: W survey progress runId=rtf0805_w_t4_preview_20260805_1601 status=running phase=tile_scan tiles=214/289 microCells=0/4624 tileSpeed=22.51/s microSpeed=0.00/s etaMs=3332
[16:01:29] [Server thread/INFO] [co.ri.ge.sy.re.WorldSurveyRunner/]: W survey progress runId=rtf0805_w_t4_preview_20260805_1601 status=running phase=tile_scan tiles=215/289 microCells=0/4624 tileSpeed=22.51/s microSpeed=0.00/s etaMs=3288
[16:01:29] [Server thread/INFO] [co.ri.ge.sy.re.WorldSurveyRunner/]: W survey progress runId=rtf0805_w_t4_preview_20260805_1601 status=running phase=tile_scan tiles=216/289 microCells=0/4624 tileSpeed=22.49/s microSpeed=0.00/s etaMs=3246
[16:01:29] [Server thread/INFO] [co.ri.ge.sy.re.WorldSurveyRunner/]: W survey progress runId=rtf0805_w_t4_preview_20260805_1601 status=running phase=tile_scan tiles=217/289 microCells=0/4624 tileSpeed=22.49/s microSpeed=0.00/s etaMs=3201
[16:01:29] [Server thread/INFO] [co.ri.ge.sy.re.WorldSurveyRunner/]: W survey progress runId=rtf0805_w_t4_preview_20260805_1601 status=running phase=tile_scan tiles=218/289 microCells=0/4624 tileSpeed=22.51/s microSpeed=0.00/s etaMs=3154
[16:01:29] [Server thread/INFO] [co.ri.ge.sy.re.WorldSurveyRunner/]: W survey progress runId=rtf0805_w_t4_preview_20260805_1601 status=running phase=tile_scan tiles=219/289 microCells=0/4624 tileSpeed=22.49/s microSpeed=0.00/s etaMs=3112
[16:01:29] [Server thread/INFO] [co.ri.ge.sy.re.WorldSurveyRunner/]: W survey progress runId=rtf0805_w_t4_preview_20260805_1601 status=running phase=tile_scan tiles=220/289 microCells=0/4624 tileSpeed=22.47/s microSpeed=0.00/s etaMs=3071
[16:01:29] [Server thread/INFO] [co.ri.ge.sy.re.WorldSurveyRunner/]: W survey progress runId=rtf0805_w_t4_preview_20260805_1601 status=running phase=tile_scan tiles=221/289 microCells=0/4624 tileSpeed=22.43/s microSpeed=0.00/s etaMs=3031
[16:01:29] [Server thread/INFO] [co.ri.ge.sy.re.WorldSurveyRunner/]: W survey progress runId=rtf0805_w_t4_preview_20260805_1601 status=running phase=tile_scan tiles=222/289 microCells=0/4624 tileSpeed=22.44/s microSpeed=0.00/s etaMs=2985
[16:01:29] [Server thread/INFO] [co.ri.ge.sy.re.WorldSurveyRunner/]: W survey progress runId=rtf0805_w_t4_preview_20260805_1601 status=running phase=tile_scan tiles=223/289 microCells=0/4624 tileSpeed=22.46/s microSpeed=0.00/s etaMs=2939
[16:01:29] [Server thread/INFO] [co.ri.ge.sy.re.WorldSurveyRunner/]: W survey progress runId=rtf0805_w_t4_preview_20260805_1601 status=running phase=tile_scan tiles=224/289 microCells=0/4624 tileSpeed=22.47/s microSpeed=0.00/s etaMs=2893
[16:01:29] [geomantia-world-survey-progress/INFO] [co.ri.ge.sy.re.WorldSurveyRunner/]: W survey progress runId=rtf0805_w_t4_preview_20260805_1601 status=running phase=tile_scan tiles=224/289 microCells=0/4624 tileSpeed=22.39/s microSpeed=0.00/s etaMs=2903
[16:01:29] [Server thread/INFO] [co.ri.ge.sy.re.WorldSurveyRunner/]: W survey progress runId=rtf0805_w_t4_preview_20260805_1601 status=running phase=tile_scan tiles=225/289 microCells=0/4624 tileSpeed=22.47/s microSpeed=0.00/s etaMs=2848
[16:01:29] [Render thread/INFO] [minecraft/ChatComponent]: [System] [CHAT] [Geomantia] W scan tiles 225/289 (77.9%), ETA 2s
[16:01:29] [Server thread/INFO] [co.ri.ge.sy.re.WorldSurveyRunner/]: W survey progress runId=rtf0805_w_t4_preview_20260805_1601 status=running phase=tile_scan tiles=226/289 microCells=0/4624 tileSpeed=22.47/s microSpeed=0.00/s etaMs=2804
[16:01:29] [Server thread/INFO] [co.ri.ge.sy.re.WorldSurveyRunner/]: W survey progress runId=rtf0805_w_t4_preview_20260805_1601 status=running phase=tile_scan tiles=227/289 microCells=0/4624 tileSpeed=22.48/s microSpeed=0.00/s etaMs=2758
[16:01:29] [Server thread/INFO] [co.ri.ge.sy.re.WorldSurveyRunner/]: W survey progress runId=rtf0805_w_t4_preview_20260805_1601 status=running phase=tile_scan tiles=228/289 microCells=0/4624 tileSpeed=22.49/s microSpeed=0.00/s etaMs=2713
[16:01:30] [Server thread/INFO] [co.ri.ge.sy.re.WorldSurveyRunner/]: W survey progress runId=rtf0805_w_t4_preview_20260805_1601 status=running phase=tile_scan tiles=229/289 microCells=0/4624 tileSpeed=22.49/s microSpeed=0.00/s etaMs=2668
[16:01:30] [Server thread/INFO] [co.ri.ge.sy.re.WorldSurveyRunner/]: W survey progress runId=rtf0805_w_t4_preview_20260805_1601 status=running phase=tile_scan tiles=230/289 microCells=0/4624 tileSpeed=22.49/s microSpeed=0.00/s etaMs=2623
[16:01:30] [Server thread/INFO] [co.ri.ge.sy.re.WorldSurveyRunner/]: W survey progress runId=rtf0805_w_t4_preview_20260805_1601 status=running phase=tile_scan tiles=231/289 microCells=0/4624 tileSpeed=22.50/s microSpeed=0.00/s etaMs=2578
[16:01:30] [Server thread/INFO] [co.ri.ge.sy.re.WorldSurveyRunner/]: W survey progress runId=rtf0805_w_t4_preview_20260805_1601 status=running phase=tile_scan tiles=232/289 microCells=0/4624 tileSpeed=22.48/s microSpeed=0.00/s etaMs=2536
[16:01:30] [Server thread/INFO] [co.ri.ge.sy.re.WorldSurveyRunner/]: W survey progress runId=rtf0805_w_t4_preview_20260805_1601 status=running phase=tile_scan tiles=233/289 microCells=0/4624 tileSpeed=22.45/s microSpeed=0.00/s etaMs=2494
[16:01:30] [Server thread/INFO] [co.ri.ge.sy.re.WorldSurveyRunner/]: W survey progress runId=rtf0805_w_t4_preview_20260805_1601 status=running phase=tile_scan tiles=234/289 microCells=0/4624 tileSpeed=22.44/s microSpeed=0.00/s etaMs=2451
[16:01:30] [Server thread/INFO] [co.ri.ge.sy.re.WorldSurveyRunner/]: W survey progress runId=rtf0805_w_t4_preview_20260805_1601 status=running phase=tile_scan tiles=235/289 microCells=0/4624 tileSpeed=22.43/s microSpeed=0.00/s etaMs=2408
[16:01:30] [Server thread/INFO] [co.ri.ge.sy.re.WorldSurveyRunner/]: W survey progress runId=rtf0805_w_t4_preview_20260805_1601 status=running phase=tile_scan tiles=236/289 microCells=0/4624 tileSpeed=22.39/s microSpeed=0.00/s etaMs=2367
[16:01:30] [Server thread/INFO] [co.ri.ge.sy.re.WorldSurveyRunner/]: W survey progress runId=rtf0805_w_t4_preview_20260805_1601 status=running phase=tile_scan tiles=237/289 microCells=0/4624 tileSpeed=22.35/s microSpeed=0.00/s etaMs=2327
[16:01:30] [Server thread/INFO] [co.ri.ge.sy.re.WorldSurveyRunner/]: W survey progress runId=rtf0805_w_t4_preview_20260805_1601 status=running phase=tile_scan tiles=238/289 microCells=0/4624 tileSpeed=22.32/s microSpeed=0.00/s etaMs=2285
[16:01:30] [Server thread/INFO] [co.ri.ge.sy.re.WorldSurveyRunner/]: W survey progress runId=rtf0805_w_t4_preview_20260805_1601 status=running phase=tile_scan tiles=239/289 microCells=0/4624 tileSpeed=22.33/s microSpeed=0.00/s etaMs=2239
[16:01:30] [Server thread/INFO] [co.ri.ge.sy.re.WorldSurveyRunner/]: W survey progress runId=rtf0805_w_t4_preview_20260805_1601 status=running phase=tile_scan tiles=240/289 microCells=0/4624 tileSpeed=22.34/s microSpeed=0.00/s etaMs=2193
[16:01:30] [Server thread/INFO] [co.ri.ge.sy.re.WorldSurveyRunner/]: W survey progress runId=rtf0805_w_t4_preview_20260805_1601 status=running phase=tile_scan tiles=241/289 microCells=0/4624 tileSpeed=22.35/s microSpeed=0.00/s etaMs=2148
[16:01:30] [Server thread/INFO] [co.ri.ge.sy.re.WorldSurveyRunner/]: W survey progress runId=rtf0805_w_t4_preview_20260805_1601 status=running phase=tile_scan tiles=242/289 microCells=0/4624 tileSpeed=22.36/s microSpeed=0.00/s etaMs=2102
[16:01:30] [Server thread/INFO] [co.ri.ge.sy.re.WorldSurveyRunner/]: W survey progress runId=rtf0805_w_t4_preview_20260805_1601 status=running phase=tile_scan tiles=243/289 microCells=0/4624 tileSpeed=22.38/s microSpeed=0.00/s etaMs=2056
[16:01:30] [Server thread/INFO] [co.ri.ge.sy.re.WorldSurveyRunner/]: W survey progress runId=rtf0805_w_t4_preview_20260805_1601 status=running phase=tile_scan tiles=244/289 microCells=0/4624 tileSpeed=22.39/s microSpeed=0.00/s etaMs=2010
[16:01:30] [Server thread/INFO] [co.ri.ge.sy.re.WorldSurveyRunner/]: W survey progress runId=rtf0805_w_t4_preview_20260805_1601 status=running phase=tile_scan tiles=245/289 microCells=0/4624 tileSpeed=22.39/s microSpeed=0.00/s etaMs=1965
[16:01:30] [Server thread/INFO] [co.ri.ge.sy.re.WorldSurveyRunner/]: W survey progress runId=rtf0805_w_t4_preview_20260805_1601 status=running phase=tile_scan tiles=246/289 microCells=0/4624 tileSpeed=22.39/s microSpeed=0.00/s etaMs=1920
[16:01:30] [geomantia-world-survey-progress/INFO] [co.ri.ge.sy.re.WorldSurveyRunner/]: W survey progress runId=rtf0805_w_t4_preview_20260805_1601 status=running phase=tile_scan tiles=246/289 microCells=0/4624 tileSpeed=22.35/s microSpeed=0.00/s etaMs=1924
[16:01:30] [Server thread/INFO] [co.ri.ge.sy.re.WorldSurveyRunner/]: W survey progress runId=rtf0805_w_t4_preview_20260805_1601 status=running phase=tile_scan tiles=247/289 microCells=0/4624 tileSpeed=22.38/s microSpeed=0.00/s etaMs=1877
[16:01:30] [Server thread/INFO] [co.ri.ge.sy.re.WorldSurveyRunner/]: W survey progress runId=rtf0805_w_t4_preview_20260805_1601 status=running phase=tile_scan tiles=248/289 microCells=0/4624 tileSpeed=22.37/s microSpeed=0.00/s etaMs=1833
[16:01:31] [Server thread/INFO] [co.ri.ge.sy.re.WorldSurveyRunner/]: W survey progress runId=rtf0805_w_t4_preview_20260805_1601 status=running phase=tile_scan tiles=249/289 microCells=0/4624 tileSpeed=22.33/s microSpeed=0.00/s etaMs=1791
[16:01:31] [Server thread/INFO] [co.ri.ge.sy.re.WorldSurveyRunner/]: W survey progress runId=rtf0805_w_t4_preview_20260805_1601 status=running phase=tile_scan tiles=250/289 microCells=0/4624 tileSpeed=22.30/s microSpeed=0.00/s etaMs=1749
[16:01:31] [Server thread/INFO] [co.ri.ge.sy.re.WorldSurveyRunner/]: W survey progress runId=rtf0805_w_t4_preview_20260805_1601 status=running phase=tile_scan tiles=251/289 microCells=0/4624 tileSpeed=22.29/s microSpeed=0.00/s etaMs=1705
[16:01:31] [Server thread/INFO] [co.ri.ge.sy.re.WorldSurveyRunner/]: W survey progress runId=rtf0805_w_t4_preview_20260805_1601 status=running phase=tile_scan tiles=252/289 microCells=0/4624 tileSpeed=22.29/s microSpeed=0.00/s etaMs=1660
[16:01:31] [Server thread/INFO] [co.ri.ge.sy.re.WorldSurveyRunner/]: W survey progress runId=rtf0805_w_t4_preview_20260805_1601 status=running phase=tile_scan tiles=253/289 microCells=0/4624 tileSpeed=22.28/s microSpeed=0.00/s etaMs=1616
[16:01:31] [Server thread/INFO] [co.ri.ge.sy.re.WorldSurveyRunner/]: W survey progress runId=rtf0805_w_t4_preview_20260805_1601 status=running phase=tile_scan tiles=254/289 microCells=0/4624 tileSpeed=22.26/s microSpeed=0.00/s etaMs=1572
[16:01:31] [Server thread/INFO] [co.ri.ge.sy.re.WorldSurveyRunner/]: W survey progress runId=rtf0805_w_t4_preview_20260805_1601 status=running phase=tile_scan tiles=255/289 microCells=0/4624 tileSpeed=22.26/s microSpeed=0.00/s etaMs=1527
[16:01:31] [Server thread/INFO] [co.ri.ge.sy.re.WorldSurveyRunner/]: W survey progress runId=rtf0805_w_t4_preview_20260805_1601 status=running phase=tile_scan tiles=256/289 microCells=0/4624 tileSpeed=22.27/s microSpeed=0.00/s etaMs=1482
[16:01:31] [Server thread/INFO] [co.ri.ge.sy.re.WorldSurveyRunner/]: W survey progress runId=rtf0805_w_t4_preview_20260805_1601 status=running phase=tile_scan tiles=257/289 microCells=0/4624 tileSpeed=22.27/s microSpeed=0.00/s etaMs=1437
[16:01:31] [Server thread/INFO] [co.ri.ge.sy.re.WorldSurveyRunner/]: W survey progress runId=rtf0805_w_t4_preview_20260805_1601 status=running phase=tile_scan tiles=258/289 microCells=0/4624 tileSpeed=22.27/s microSpeed=0.00/s etaMs=1392
[16:01:31] [Server thread/INFO] [co.ri.ge.sy.re.WorldSurveyRunner/]: W survey progress runId=rtf0805_w_t4_preview_20260805_1601 status=running phase=tile_scan tiles=259/289 microCells=0/4624 tileSpeed=22.26/s microSpeed=0.00/s etaMs=1348
[16:01:31] [Server thread/INFO] [co.ri.ge.sy.re.WorldSurveyRunner/]: W survey progress runId=rtf0805_w_t4_preview_20260805_1601 status=running phase=tile_scan tiles=260/289 microCells=0/4624 tileSpeed=22.27/s microSpeed=0.00/s etaMs=1302
[16:01:31] [Server thread/INFO] [co.ri.ge.sy.re.WorldSurveyRunner/]: W survey progress runId=rtf0805_w_t4_preview_20260805_1601 status=running phase=tile_scan tiles=261/289 microCells=0/4624 tileSpeed=22.28/s microSpeed=0.00/s etaMs=1256
[16:01:31] [Server thread/INFO] [co.ri.ge.sy.re.WorldSurveyRunner/]: W survey progress runId=rtf0805_w_t4_preview_20260805_1601 status=running phase=tile_scan tiles=262/289 microCells=0/4624 tileSpeed=22.30/s microSpeed=0.00/s etaMs=1211
[16:01:31] [Server thread/INFO] [co.ri.ge.sy.re.WorldSurveyRunner/]: W survey progress runId=rtf0805_w_t4_preview_20260805_1601 status=running phase=tile_scan tiles=263/289 microCells=0/4624 tileSpeed=22.31/s microSpeed=0.00/s etaMs=1165
[16:01:31] [Server thread/INFO] [co.ri.ge.sy.re.WorldSurveyRunner/]: W survey progress runId=rtf0805_w_t4_preview_20260805_1601 status=running phase=tile_scan tiles=264/289 microCells=0/4624 tileSpeed=22.31/s microSpeed=0.00/s etaMs=1120
[16:01:31] [Server thread/INFO] [co.ri.ge.sy.re.WorldSurveyRunner/]: W survey progress runId=rtf0805_w_t4_preview_20260805_1601 status=running phase=tile_scan tiles=265/289 microCells=0/4624 tileSpeed=22.32/s microSpeed=0.00/s etaMs=1075
[16:01:31] [Server thread/INFO] [co.ri.ge.sy.re.WorldSurveyRunner/]: W survey progress runId=rtf0805_w_t4_preview_20260805_1601 status=running phase=tile_scan tiles=266/289 microCells=0/4624 tileSpeed=22.31/s microSpeed=0.00/s etaMs=1031
[16:01:31] [Server thread/INFO] [co.ri.ge.sy.re.WorldSurveyRunner/]: W survey progress runId=rtf0805_w_t4_preview_20260805_1601 status=running phase=tile_scan tiles=267/289 microCells=0/4624 tileSpeed=22.29/s microSpeed=0.00/s etaMs=987
[16:01:31] [geomantia-world-survey-progress/INFO] [co.ri.ge.sy.re.WorldSurveyRunner/]: W survey progress runId=rtf0805_w_t4_preview_20260805_1601 status=running phase=tile_scan tiles=267/289 microCells=0/4624 tileSpeed=22.24/s microSpeed=0.00/s etaMs=989
[16:01:31] [Server thread/INFO] [co.ri.ge.sy.re.WorldSurveyRunner/]: W survey progress runId=rtf0805_w_t4_preview_20260805_1601 status=running phase=tile_scan tiles=268/289 microCells=0/4624 tileSpeed=22.26/s microSpeed=0.00/s etaMs=943
[16:01:31] [Server thread/INFO] [co.ri.ge.sy.re.WorldSurveyRunner/]: W survey progress runId=rtf0805_w_t4_preview_20260805_1601 status=running phase=tile_scan tiles=269/289 microCells=0/4624 tileSpeed=22.25/s microSpeed=0.00/s etaMs=899
[16:01:32] [Server thread/INFO] [co.ri.ge.sy.re.WorldSurveyRunner/]: W survey progress runId=rtf0805_w_t4_preview_20260805_1601 status=running phase=tile_scan tiles=270/289 microCells=0/4624 tileSpeed=22.22/s microSpeed=0.00/s etaMs=855
[16:01:32] [Server thread/INFO] [co.ri.ge.sy.re.WorldSurveyRunner/]: W survey progress runId=rtf0805_w_t4_preview_20260805_1601 status=running phase=tile_scan tiles=271/289 microCells=0/4624 tileSpeed=22.21/s microSpeed=0.00/s etaMs=810
[16:01:32] [Server thread/INFO] [co.ri.ge.sy.re.WorldSurveyRunner/]: W survey progress runId=rtf0805_w_t4_preview_20260805_1601 status=running phase=tile_scan tiles=272/289 microCells=0/4624 tileSpeed=22.22/s microSpeed=0.00/s etaMs=765
[16:01:32] [Server thread/INFO] [co.ri.ge.sy.re.WorldSurveyRunner/]: W survey progress runId=rtf0805_w_t4_preview_20260805_1601 status=running phase=tile_scan tiles=273/289 microCells=0/4624 tileSpeed=22.23/s microSpeed=0.00/s etaMs=720
[16:01:32] [Server thread/INFO] [co.ri.ge.sy.re.WorldSurveyRunner/]: W survey progress runId=rtf0805_w_t4_preview_20260805_1601 status=running phase=tile_scan tiles=274/289 microCells=0/4624 tileSpeed=22.23/s microSpeed=0.00/s etaMs=675
[16:01:32] [Server thread/INFO] [co.ri.ge.sy.re.WorldSurveyRunner/]: W survey progress runId=rtf0805_w_t4_preview_20260805_1601 status=running phase=tile_scan tiles=275/289 microCells=0/4624 tileSpeed=22.24/s microSpeed=0.00/s etaMs=630
[16:01:32] [Server thread/INFO] [co.ri.ge.sy.re.WorldSurveyRunner/]: W survey progress runId=rtf0805_w_t4_preview_20260805_1601 status=running phase=tile_scan tiles=276/289 microCells=0/4624 tileSpeed=22.25/s microSpeed=0.00/s etaMs=584
[16:01:32] [Server thread/INFO] [co.ri.ge.sy.re.WorldSurveyRunner/]: W survey progress runId=rtf0805_w_t4_preview_20260805_1601 status=running phase=tile_scan tiles=277/289 microCells=0/4624 tileSpeed=22.26/s microSpeed=0.00/s etaMs=539
[16:01:32] [Server thread/INFO] [co.ri.ge.sy.re.WorldSurveyRunner/]: W survey progress runId=rtf0805_w_t4_preview_20260805_1601 status=running phase=tile_scan tiles=278/289 microCells=0/4624 tileSpeed=22.28/s microSpeed=0.00/s etaMs=494
[16:01:32] [Server thread/INFO] [co.ri.ge.sy.re.WorldSurveyRunner/]: W survey progress runId=rtf0805_w_t4_preview_20260805_1601 status=running phase=tile_scan tiles=279/289 microCells=0/4624 tileSpeed=22.29/s microSpeed=0.00/s etaMs=449
[16:01:32] [Server thread/INFO] [co.ri.ge.sy.re.WorldSurveyRunner/]: W survey progress runId=rtf0805_w_t4_preview_20260805_1601 status=running phase=tile_scan tiles=280/289 microCells=0/4624 tileSpeed=22.30/s microSpeed=0.00/s etaMs=404
[16:01:32] [Server thread/INFO] [co.ri.ge.sy.re.WorldSurveyRunner/]: W survey progress runId=rtf0805_w_t4_preview_20260805_1601 status=running phase=tile_scan tiles=281/289 microCells=0/4624 tileSpeed=22.32/s microSpeed=0.00/s etaMs=358
[16:01:32] [Server thread/INFO] [co.ri.ge.sy.re.WorldSurveyRunner/]: W survey progress runId=rtf0805_w_t4_preview_20260805_1601 status=running phase=tile_scan tiles=282/289 microCells=0/4624 tileSpeed=22.33/s microSpeed=0.00/s etaMs=313
[16:01:32] [Server thread/INFO] [co.ri.ge.sy.re.WorldSurveyRunner/]: W survey progress runId=rtf0805_w_t4_preview_20260805_1601 status=running phase=tile_scan tiles=283/289 microCells=0/4624 tileSpeed=22.34/s microSpeed=0.00/s etaMs=269
[16:01:32] [Server thread/INFO] [co.ri.ge.sy.re.WorldSurveyRunner/]: W survey progress runId=rtf0805_w_t4_preview_20260805_1601 status=running phase=tile_scan tiles=284/289 microCells=0/4624 tileSpeed=22.35/s microSpeed=0.00/s etaMs=224
[16:01:32] [Server thread/INFO] [co.ri.ge.sy.re.WorldSurveyRunner/]: W survey progress runId=rtf0805_w_t4_preview_20260805_1601 status=running phase=tile_scan tiles=285/289 microCells=0/4624 tileSpeed=22.33/s microSpeed=0.00/s etaMs=179
[16:01:32] [Server thread/INFO] [co.ri.ge.sy.re.WorldSurveyRunner/]: W survey progress runId=rtf0805_w_t4_preview_20260805_1601 status=running phase=tile_scan tiles=286/289 microCells=0/4624 tileSpeed=22.30/s microSpeed=0.00/s etaMs=135
[16:01:32] [Server thread/INFO] [co.ri.ge.sy.re.WorldSurveyRunner/]: W survey progress runId=rtf0805_w_t4_preview_20260805_1601 status=running phase=tile_scan tiles=287/289 microCells=0/4624 tileSpeed=22.28/s microSpeed=0.00/s etaMs=90
[16:01:32] [Server thread/INFO] [co.ri.ge.sy.re.WorldSurveyRunner/]: W survey progress runId=rtf0805_w_t4_preview_20260805_1601 status=running phase=tile_scan tiles=288/289 microCells=0/4624 tileSpeed=22.26/s microSpeed=0.00/s etaMs=45
[16:01:32] [geomantia-world-survey-progress/INFO] [co.ri.ge.sy.re.WorldSurveyRunner/]: W survey progress runId=rtf0805_w_t4_preview_20260805_1601 status=running phase=tile_scan tiles=288/289 microCells=0/4624 tileSpeed=22.15/s microSpeed=0.00/s etaMs=45
[16:01:32] [Server thread/INFO] [co.ri.ge.sy.re.WorldSurveyRunner/]: W survey progress runId=rtf0805_w_t4_preview_20260805_1601 status=running phase=tile_scan tiles=289/289 microCells=0/4624 tileSpeed=22.21/s microSpeed=0.00/s etaMs=-1
[16:01:32] [Server thread/INFO] [co.ri.ge.sy.re.WorldSurveyRunner/]: W survey progress runId=rtf0805_w_t4_preview_20260805_1601 status=running phase=micro_sampling tiles=289/289 microCells=0/4624 tileSpeed=22.20/s microSpeed=0.00/s etaMs=-1
[16:01:32] [Render thread/INFO] [minecraft/ChatComponent]: [System] [CHAT] [Geomantia] W scan micro cells 0/4624 (0.0%), ETA calculating
[16:01:33] [geomantia-world-survey-progress/INFO] [co.ri.ge.sy.re.WorldSurveyRunner/]: W survey progress runId=rtf0805_w_t4_preview_20260805_1601 status=running phase=micro_sampling tiles=289/289 microCells=94/4624 tileSpeed=20.63/s microSpeed=94.85/s etaMs=47758
[16:01:34] [geomantia-world-survey-progress/INFO] [co.ri.ge.sy.re.WorldSurveyRunner/]: W survey progress runId=rtf0805_w_t4_preview_20260805_1601 status=running phase=micro_sampling tiles=289/289 microCells=197/4624 tileSpeed=19.25/s microSpeed=98.75/s etaMs=44832
[16:01:35] [geomantia-world-survey-progress/INFO] [co.ri.ge.sy.re.WorldSurveyRunner/]: W survey progress runId=rtf0805_w_t4_preview_20260805_1601 status=running phase=micro_sampling tiles=289/289 microCells=297/4624 tileSpeed=18.06/s microSpeed=99.40/s etaMs=43532
[16:01:36] [geomantia-world-survey-progress/INFO] [co.ri.ge.sy.re.WorldSurveyRunner/]: W survey progress runId=rtf0805_w_t4_preview_20260805_1601 status=running phase=micro_sampling tiles=289/289 microCells=398/4624 tileSpeed=16.98/s microSpeed=99.48/s etaMs=42483
[16:01:37] [geomantia-world-survey-progress/INFO] [co.ri.ge.sy.re.WorldSurveyRunner/]: W survey progress runId=rtf0805_w_t4_preview_20260805_1601 status=running phase=micro_sampling tiles=289/289 microCells=497/4624 tileSpeed=16.05/s microSpeed=99.60/s etaMs=41436
[16:01:38] [geomantia-world-survey-progress/INFO] [co.ri.ge.sy.re.WorldSurveyRunner/]: W survey progress runId=rtf0805_w_t4_preview_20260805_1601 status=running phase=micro_sampling tiles=289/289 microCells=595/4624 tileSpeed=15.20/s microSpeed=99.23/s etaMs=40601
[16:01:38] [Render thread/INFO] [minecraft/ChatComponent]: [System] [CHAT] [Geomantia] W scan micro cells 595/4624 (12.9%), ETA 40s
[16:01:39] [geomantia-world-survey-progress/INFO] [co.ri.ge.sy.re.WorldSurveyRunner/]: W survey progress runId=rtf0805_w_t4_preview_20260805_1601 status=running phase=micro_sampling tiles=289/289 microCells=685/4624 tileSpeed=14.44/s microSpeed=97.86/s etaMs=40253
[16:01:40] [geomantia-world-survey-progress/INFO] [co.ri.ge.sy.re.WorldSurveyRunner/]: W survey progress runId=rtf0805_w_t4_preview_20260805_1601 status=running phase=micro_sampling tiles=289/289 microCells=774/4624 tileSpeed=13.76/s microSpeed=96.85/s etaMs=39753
[16:01:41] [geomantia-world-survey-progress/INFO] [co.ri.ge.sy.re.WorldSurveyRunner/]: W survey progress runId=rtf0805_w_t4_preview_20260805_1601 status=running phase=micro_sampling tiles=289/289 microCells=863/4624 tileSpeed=13.13/s microSpeed=96.01/s etaMs=39175
[16:01:42] [geomantia-world-survey-progress/INFO] [co.ri.ge.sy.re.WorldSurveyRunner/]: W survey progress runId=rtf0805_w_t4_preview_20260805_1601 status=running phase=micro_sampling tiles=289/289 microCells=957/4624 tileSpeed=12.56/s microSpeed=95.81/s etaMs=38272
[16:01:43] [geomantia-world-survey-progress/INFO] [co.ri.ge.sy.re.WorldSurveyRunner/]: W survey progress runId=rtf0805_w_t4_preview_20260805_1601 status=running phase=micro_sampling tiles=289/289 microCells=1045/4624 tileSpeed=12.03/s microSpeed=95.03/s etaMs=37663
[16:01:43] [Render thread/INFO] [minecraft/ChatComponent]: [System] [CHAT] [Geomantia] W scan micro cells 1045/4624 (22.6%), ETA 37s
[16:01:44] [geomantia-world-survey-progress/INFO] [co.ri.ge.sy.re.WorldSurveyRunner/]: W survey progress runId=rtf0805_w_t4_preview_20260805_1601 status=running phase=micro_sampling tiles=289/289 microCells=1132/4624 tileSpeed=11.56/s microSpeed=94.40/s etaMs=36990
[16:01:45] [geomantia-world-survey-progress/INFO] [co.ri.ge.sy.re.WorldSurveyRunner/]: W survey progress runId=rtf0805_w_t4_preview_20260805_1601 status=running phase=micro_sampling tiles=289/289 microCells=1221/4624 tileSpeed=11.11/s microSpeed=93.98/s etaMs=36209
[16:01:46] [geomantia-world-survey-progress/INFO] [co.ri.ge.sy.re.WorldSurveyRunner/]: W survey progress runId=rtf0805_w_t4_preview_20260805_1601 status=running phase=micro_sampling tiles=289/289 microCells=1311/4624 tileSpeed=10.70/s microSpeed=93.70/s etaMs=35356
[16:01:47] [geomantia-world-survey-progress/INFO] [co.ri.ge.sy.re.WorldSurveyRunner/]: W survey progress runId=rtf0805_w_t4_preview_20260805_1601 status=running phase=micro_sampling tiles=289/289 microCells=1399/4624 tileSpeed=10.32/s microSpeed=93.26/s etaMs=34581
[16:01:48] [geomantia-world-survey-progress/INFO] [co.ri.ge.sy.re.WorldSurveyRunner/]: W survey progress runId=rtf0805_w_t4_preview_20260805_1601 status=running phase=micro_sampling tiles=289/289 microCells=1488/4624 tileSpeed=9.95/s microSpeed=92.90/s etaMs=33758
[16:01:48] [Render thread/INFO] [minecraft/ChatComponent]: [System] [CHAT] [Geomantia] W scan micro cells 1488/4624 (32.2%), ETA 33s
[16:01:49] [geomantia-world-survey-progress/INFO] [co.ri.ge.sy.re.WorldSurveyRunner/]: W survey progress runId=rtf0805_w_t4_preview_20260805_1601 status=running phase=micro_sampling tiles=289/289 microCells=1565/4624 tileSpeed=9.63/s microSpeed=92.12/s etaMs=33207
[16:01:50] [geomantia-world-survey-progress/INFO] [co.ri.ge.sy.re.WorldSurveyRunner/]: W survey progress runId=rtf0805_w_t4_preview_20260805_1601 status=running phase=micro_sampling tiles=289/289 microCells=1653/4624 tileSpeed=9.31/s microSpeed=91.73/s etaMs=32390
[16:01:51] [geomantia-world-survey-progress/INFO] [co.ri.ge.sy.re.WorldSurveyRunner/]: W survey progress runId=rtf0805_w_t4_preview_20260805_1601 status=running phase=micro_sampling tiles=289/289 microCells=1738/4624 tileSpeed=9.03/s microSpeed=91.51/s etaMs=31537
[16:01:52] [geomantia-world-survey-progress/INFO] [co.ri.ge.sy.re.WorldSurveyRunner/]: W survey progress runId=rtf0805_w_t4_preview_20260805_1601 status=running phase=micro_sampling tiles=289/289 microCells=1828/4624 tileSpeed=8.75/s microSpeed=91.35/s etaMs=30606
[16:01:53] [geomantia-world-survey-progress/INFO] [co.ri.ge.sy.re.WorldSurveyRunner/]: W survey progress runId=rtf0805_w_t4_preview_20260805_1601 status=running phase=micro_sampling tiles=289/289 microCells=1920/4624 tileSpeed=8.49/s microSpeed=91.39/s etaMs=29586
[16:01:54] [geomantia-world-survey-progress/INFO] [co.ri.ge.sy.re.WorldSurveyRunner/]: W survey progress runId=rtf0805_w_t4_preview_20260805_1601 status=running phase=micro_sampling tiles=289/289 microCells=2009/4624 tileSpeed=8.25/s microSpeed=91.34/s etaMs=28628
[16:01:54] [Render thread/INFO] [minecraft/ChatComponent]: [System] [CHAT] [Geomantia] W scan micro cells 2009/4624 (43.4%), ETA 28s
[16:01:55] [geomantia-world-survey-progress/INFO] [co.ri.ge.sy.re.WorldSurveyRunner/]: W survey progress runId=rtf0805_w_t4_preview_20260805_1601 status=running phase=micro_sampling tiles=289/289 microCells=2100/4624 tileSpeed=8.02/s microSpeed=91.30/s etaMs=27644
[16:01:56] [geomantia-world-survey-progress/INFO] [co.ri.ge.sy.re.WorldSurveyRunner/]: W survey progress runId=rtf0805_w_t4_preview_20260805_1601 status=running phase=micro_sampling tiles=289/289 microCells=2189/4624 tileSpeed=7.81/s microSpeed=91.25/s etaMs=26685
[16:01:57] [geomantia-world-survey-progress/INFO] [co.ri.ge.sy.re.WorldSurveyRunner/]: W survey progress runId=rtf0805_w_t4_preview_20260805_1601 status=running phase=micro_sampling tiles=289/289 microCells=2280/4624 tileSpeed=7.60/s microSpeed=91.22/s etaMs=25696
[16:01:58] [geomantia-world-survey-progress/INFO] [co.ri.ge.sy.re.WorldSurveyRunner/]: W survey progress runId=rtf0805_w_t4_preview_20260805_1601 status=running phase=micro_sampling tiles=289/289 microCells=2364/4624 tileSpeed=7.41/s microSpeed=90.95/s etaMs=24849
[16:01:59] [geomantia-world-survey-progress/INFO] [co.ri.ge.sy.re.WorldSurveyRunner/]: W survey progress runId=rtf0805_w_t4_preview_20260805_1601 status=running phase=micro_sampling tiles=289/289 microCells=2454/4624 tileSpeed=7.22/s microSpeed=90.93/s etaMs=23866
[16:02:00] [geomantia-world-survey-progress/INFO] [co.ri.ge.sy.re.WorldSurveyRunner/]: W survey progress runId=rtf0805_w_t4_preview_20260805_1601 status=running phase=micro_sampling tiles=289/289 microCells=2540/4624 tileSpeed=7.05/s microSpeed=90.73/s etaMs=22969
[16:02:00] [Render thread/INFO] [minecraft/ChatComponent]: [System] [CHAT] [Geomantia] W scan micro cells 2540/4624 (54.9%), ETA 22s
[16:02:01] [geomantia-world-survey-progress/INFO] [co.ri.ge.sy.re.WorldSurveyRunner/]: W survey progress runId=rtf0805_w_t4_preview_20260805_1601 status=running phase=micro_sampling tiles=289/289 microCells=2628/4624 tileSpeed=6.88/s microSpeed=90.64/s etaMs=22021
[16:02:02] [geomantia-world-survey-progress/INFO] [co.ri.ge.sy.re.WorldSurveyRunner/]: W survey progress runId=rtf0805_w_t4_preview_20260805_1601 status=running phase=micro_sampling tiles=289/289 microCells=2715/4624 tileSpeed=6.72/s microSpeed=90.54/s etaMs=21085
[16:02:03] [geomantia-world-survey-progress/INFO] [co.ri.ge.sy.re.WorldSurveyRunner/]: W survey progress runId=rtf0805_w_t4_preview_20260805_1601 status=running phase=micro_sampling tiles=289/289 microCells=2805/4624 tileSpeed=6.57/s microSpeed=90.52/s etaMs=20095
[16:02:04] [geomantia-world-survey-progress/INFO] [co.ri.ge.sy.re.WorldSurveyRunner/]: W survey progress runId=rtf0805_w_t4_preview_20260805_1601 status=running phase=micro_sampling tiles=289/289 microCells=2892/4624 tileSpeed=6.42/s microSpeed=90.41/s etaMs=19157
[16:02:05] [geomantia-world-survey-progress/INFO] [co.ri.ge.sy.re.WorldSurveyRunner/]: W survey progress runId=rtf0805_w_t4_preview_20260805_1601 status=running phase=micro_sampling tiles=289/289 microCells=2990/4624 tileSpeed=6.28/s microSpeed=90.60/s etaMs=18035
[16:02:06] [geomantia-world-survey-progress/INFO] [co.ri.ge.sy.re.WorldSurveyRunner/]: W survey progress runId=rtf0805_w_t4_preview_20260805_1601 status=running phase=micro_sampling tiles=289/289 microCells=3085/4624 tileSpeed=6.15/s microSpeed=90.75/s etaMs=16958
[16:02:06] [Render thread/INFO] [minecraft/ChatComponent]: [System] [CHAT] [Geomantia] W scan micro cells 3085/4624 (66.7%), ETA 16s
[16:02:07] [geomantia-world-survey-progress/INFO] [co.ri.ge.sy.re.WorldSurveyRunner/]: W survey progress runId=rtf0805_w_t4_preview_20260805_1601 status=running phase=micro_sampling tiles=289/289 microCells=3180/4624 tileSpeed=6.02/s microSpeed=90.87/s etaMs=15891
[16:02:08] [geomantia-world-survey-progress/INFO] [co.ri.ge.sy.re.WorldSurveyRunner/]: W survey progress runId=rtf0805_w_t4_preview_20260805_1601 status=running phase=micro_sampling tiles=289/289 microCells=3268/4624 tileSpeed=5.90/s microSpeed=90.80/s etaMs=14934
[16:02:09] [geomantia-world-survey-progress/INFO] [co.ri.ge.sy.re.WorldSurveyRunner/]: W survey progress runId=rtf0805_w_t4_preview_20260805_1601 status=running phase=micro_sampling tiles=289/289 microCells=3362/4624 tileSpeed=5.78/s microSpeed=90.88/s etaMs=13886
[16:02:10] [geomantia-world-survey-progress/INFO] [co.ri.ge.sy.re.WorldSurveyRunner/]: W survey progress runId=rtf0805_w_t4_preview_20260805_1601 status=running phase=micro_sampling tiles=289/289 microCells=3455/4624 tileSpeed=5.67/s microSpeed=90.93/s etaMs=12856
[16:02:11] [geomantia-world-survey-progress/INFO] [co.ri.ge.sy.re.WorldSurveyRunner/]: W survey progress runId=rtf0805_w_t4_preview_20260805_1601 status=running phase=micro_sampling tiles=289/289 microCells=3551/4624 tileSpeed=5.56/s microSpeed=91.07/s etaMs=11782
[16:02:11] [Render thread/INFO] [minecraft/ChatComponent]: [System] [CHAT] [Geomantia] W scan micro cells 3551/4624 (76.8%), ETA 11s
[16:02:12] [geomantia-world-survey-progress/INFO] [co.ri.ge.sy.re.WorldSurveyRunner/]: W survey progress runId=rtf0805_w_t4_preview_20260805_1601 status=running phase=micro_sampling tiles=289/289 microCells=3644/4624 tileSpeed=5.45/s microSpeed=91.13/s etaMs=10754
[16:02:13] [geomantia-world-survey-progress/INFO] [co.ri.ge.sy.re.WorldSurveyRunner/]: W survey progress runId=rtf0805_w_t4_preview_20260805_1601 status=running phase=micro_sampling tiles=289/289 microCells=3744/4624 tileSpeed=5.35/s microSpeed=91.29/s etaMs=9640
[16:02:14] [geomantia-world-survey-progress/INFO] [co.ri.ge.sy.re.WorldSurveyRunner/]: W survey progress runId=rtf0805_w_t4_preview_20260805_1601 status=running phase=micro_sampling tiles=289/289 microCells=3843/4624 tileSpeed=5.25/s microSpeed=91.52/s etaMs=8533
[16:02:15] [geomantia-world-survey-progress/INFO] [co.ri.ge.sy.re.WorldSurveyRunner/]: W survey progress runId=rtf0805_w_t4_preview_20260805_1601 status=running phase=micro_sampling tiles=289/289 microCells=3937/4624 tileSpeed=5.16/s microSpeed=91.57/s etaMs=7503
[16:02:16] [geomantia-world-survey-progress/INFO] [co.ri.ge.sy.re.WorldSurveyRunner/]: W survey progress runId=rtf0805_w_t4_preview_20260805_1601 status=running phase=micro_sampling tiles=289/289 microCells=4034/4624 tileSpeed=5.07/s microSpeed=91.71/s etaMs=6434
[16:02:17] [geomantia-world-survey-progress/INFO] [co.ri.ge.sy.re.WorldSurveyRunner/]: W survey progress runId=rtf0805_w_t4_preview_20260805_1601 status=running phase=micro_sampling tiles=289/289 microCells=4128/4624 tileSpeed=4.98/s microSpeed=91.76/s etaMs=5406
[16:02:17] [Render thread/INFO] [minecraft/ChatComponent]: [System] [CHAT] [Geomantia] W scan micro cells 4128/4624 (89.3%), ETA 5s
[16:02:18] [geomantia-world-survey-progress/INFO] [co.ri.ge.sy.re.WorldSurveyRunner/]: W survey progress runId=rtf0805_w_t4_preview_20260805_1601 status=running phase=micro_sampling tiles=289/289 microCells=4225/4624 tileSpeed=4.90/s microSpeed=91.82/s etaMs=4345
[16:02:19] [geomantia-world-survey-progress/INFO] [co.ri.ge.sy.re.WorldSurveyRunner/]: W survey progress runId=rtf0805_w_t4_preview_20260805_1601 status=running phase=micro_sampling tiles=289/289 microCells=4316/4624 tileSpeed=4.82/s microSpeed=91.85/s etaMs=3353
[16:02:20] [geomantia-world-survey-progress/INFO] [co.ri.ge.sy.re.WorldSurveyRunner/]: W survey progress runId=rtf0805_w_t4_preview_20260805_1601 status=running phase=micro_sampling tiles=289/289 microCells=4391/4624 tileSpeed=4.74/s microSpeed=91.50/s etaMs=2546
[16:02:21] [geomantia-world-survey-progress/INFO] [co.ri.ge.sy.re.WorldSurveyRunner/]: W survey progress runId=rtf0805_w_t4_preview_20260805_1601 status=running phase=micro_sampling tiles=289/289 microCells=4459/4624 tileSpeed=4.66/s microSpeed=91.02/s etaMs=1813
[16:02:22] [geomantia-world-survey-progress/INFO] [co.ri.ge.sy.re.WorldSurveyRunner/]: W survey progress runId=rtf0805_w_t4_preview_20260805_1601 status=running phase=micro_sampling tiles=289/289 microCells=4519/4624 tileSpeed=4.59/s microSpeed=90.40/s etaMs=1161
[16:02:23] [geomantia-world-survey-progress/INFO] [co.ri.ge.sy.re.WorldSurveyRunner/]: W survey progress runId=rtf0805_w_t4_preview_20260805_1601 status=running phase=micro_sampling tiles=289/289 microCells=4576/4624 tileSpeed=4.52/s microSpeed=89.75/s etaMs=535
[16:02:23] [Render thread/INFO] [minecraft/ChatComponent]: [System] [CHAT] [Geomantia] W scan micro cells 4576/4624 (99.0%), ETA 0s
[16:02:24] [geomantia-world-survey-progress/INFO] [co.ri.ge.sy.re.WorldSurveyRunner/]: W survey progress runId=rtf0805_w_t4_preview_20260805_1601 status=running phase=micro_sampling tiles=289/289 microCells=4610/4624 tileSpeed=4.45/s microSpeed=88.68/s etaMs=158
[16:02:25] [geomantia-world-survey-progress/INFO] [co.ri.ge.sy.re.WorldSurveyRunner/]: W survey progress runId=rtf0805_w_t4_preview_20260805_1601 status=running phase=micro_sampling tiles=289/289 microCells=4624/4624 tileSpeed=4.38/s microSpeed=87.27/s etaMs=0
[16:02:26] [Server thread/INFO] [co.ri.ge.sy.re.WorldSurveyRunner/]: W survey progress runId=rtf0805_w_t4_preview_20260805_1601 status=completed phase=complete tiles=289/289 microCells=4624/4624 tileSpeed=4.36/s microSpeed=86.88/s etaMs=0
[16:02:26] [Server thread/INFO] [co.ri.ge.sy.re.WorldSurveyRunner/]: W survey progress runId=rtf0805_w_t4_preview_20260805_1601 status=completed phase=complete tiles=289/289 microCells=4624/4624 tileSpeed=4.36/s microSpeed=86.88/s etaMs=0
[16:02:26] [Render thread/INFO] [minecraft/ChatComponent]: [System] [CHAT] [Geomantia] W scan completed (rtf0805_w_t4_preview_20260805_1601) in 1m 6s
[16:02:29] [Server thread/WARN] [minecraft/MinecraftServer]: Can't keep up! Is the server overloaded? Running 69596ms or 1391 ticks behind
[16:03:31] [Server thread/DEBUG] [ne.mi.co.ForgeHooks/WP]: Gathering id map for writing to world save RTF0805
[16:03:31] [Server thread/DEBUG] [ne.mi.co.ForgeHooks/WP]: ID Map collection complete RTF0805
[16:08:31] [Server thread/DEBUG] [ne.mi.co.ForgeHooks/WP]: Gathering id map for writing to world save RTF0805
[16:08:31] [Server thread/DEBUG] [ne.mi.co.ForgeHooks/WP]: ID Map collection complete RTF0805
[16:13:31] [Server thread/DEBUG] [ne.mi.co.ForgeHooks/WP]: Gathering id map for writing to world save RTF0805
[16:13:31] [Server thread/DEBUG] [ne.mi.co.ForgeHooks/WP]: ID Map collection complete RTF0805
[16:18:31] [Server thread/DEBUG] [ne.mi.co.ForgeHooks/WP]: Gathering id map for writing to world save RTF0805
[16:18:31] [Server thread/DEBUG] [ne.mi.co.ForgeHooks/WP]: ID Map collection complete RTF0805
[16:20:17] [Render thread/INFO] [minecraft/Minecraft]: Stopping!
[16:20:17] [Server thread/INFO] [minecraft/ServerGamePacketListenerImpl]: Dev lost connection: 连接中断
[16:20:17] [Server thread/INFO] [minecraft/MinecraftServer]: Dev退出了游戏
[16:20:17] [Server thread/INFO] [minecraft/ServerGamePacketListenerImpl]: Stopping singleplayer server as player logged out
[16:20:17] [Server thread/INFO] [co.ri.ge.pl.ht.GeomantiaHttpServer/]: Geomantia GIS API server stopped.
[16:20:17] [Server thread/DEBUG] [roadweaver/]: CacheManager: 所有缓存已清理
[16:20:17] [Server thread/DEBUG] [roadweaver/]: ThreadPoolManager: 工作池已关闭 (epoch=2)
[16:20:17] [Server thread/INFO] [minecraft/MinecraftServer]: Stopping server
[16:20:17] [Server thread/INFO] [minecraft/MinecraftServer]: Saving players
[16:20:17] [Server thread/INFO] [minecraft/MinecraftServer]: Saving worlds
[16:20:18] [Server thread/INFO] [minecraft/MinecraftServer]: Saving chunks for level 'ServerLevel[RTF0805]'/minecraft:overworld
[16:20:20] [Server thread/INFO] [minecraft/MinecraftServer]: Saving chunks for level 'ServerLevel[RTF0805]'/minecraft:the_end
[16:20:20] [Server thread/INFO] [minecraft/MinecraftServer]: Saving chunks for level 'ServerLevel[RTF0805]'/minecraft:the_nether
[16:20:20] [Server thread/DEBUG] [ne.mi.co.ForgeHooks/WP]: Gathering id map for writing to world save RTF0805
[16:20:20] [Server thread/DEBUG] [ne.mi.co.ForgeHooks/WP]: ID Map collection complete RTF0805
[16:20:20] [Server thread/INFO] [minecraft/MinecraftServer]: ThreadedAnvilChunkStorage (RTF0805): All chunks are saved
[16:20:20] [Server thread/INFO] [minecraft/MinecraftServer]: ThreadedAnvilChunkStorage (DIM1): All chunks are saved
[16:20:20] [Server thread/INFO] [minecraft/MinecraftServer]: ThreadedAnvilChunkStorage (DIM-1): All chunks are saved
[16:20:20] [Server thread/INFO] [minecraft/MinecraftServer]: ThreadedAnvilChunkStorage: All dimensions are saved
[16:20:20] [Server thread/DEBUG] [ne.mi.re.GameData/REGISTRIES]: Reverting to FROZEN data state.
[16:20:20] [Server thread/DEBUG] [ne.mi.re.ForgeRegistry/REGISTRIES]: Registry minecraft:block Sync: ACTIVE -> FROZEN
[16:20:20] [Server thread/DEBUG] [ne.mi.re.ForgeRegistry/REGISTRIES]: Registry minecraft:fluid Sync: ACTIVE -> FROZEN
[16:20:20] [Server thread/DEBUG] [ne.mi.re.ForgeRegistry/REGISTRIES]: Registry minecraft:item Sync: ACTIVE -> FROZEN
[16:20:20] [Server thread/DEBUG] [ne.mi.re.ForgeRegistry/REGISTRIES]: Registry minecraft:mob_effect Sync: ACTIVE -> FROZEN
[16:20:20] [Server thread/DEBUG] [ne.mi.re.ForgeRegistry/REGISTRIES]: Registry minecraft:sound_event Sync: ACTIVE -> FROZEN
[16:20:20] [Server thread/DEBUG] [ne.mi.re.ForgeRegistry/REGISTRIES]: Registry minecraft:potion Sync: ACTIVE -> FROZEN
[16:20:20] [Server thread/DEBUG] [ne.mi.re.ForgeRegistry/REGISTRIES]: Registry minecraft:enchantment Sync: ACTIVE -> FROZEN
[16:20:20] [Server thread/DEBUG] [ne.mi.re.ForgeRegistry/REGISTRIES]: Registry minecraft:entity_type Sync: ACTIVE -> FROZEN
[16:20:20] [Server thread/DEBUG] [ne.mi.re.ForgeRegistry/REGISTRIES]: Registry minecraft:block_entity_type Sync: ACTIVE -> FROZEN
[16:20:20] [Server thread/DEBUG] [ne.mi.re.ForgeRegistry/REGISTRIES]: Registry minecraft:particle_type Sync: ACTIVE -> FROZEN
[16:20:20] [Server thread/DEBUG] [ne.mi.re.ForgeRegistry/REGISTRIES]: Registry minecraft:menu Sync: ACTIVE -> FROZEN
[16:20:20] [Server thread/DEBUG] [ne.mi.re.ForgeRegistry/REGISTRIES]: Registry minecraft:painting_variant Sync: ACTIVE -> FROZEN
[16:20:20] [Server thread/DEBUG] [ne.mi.re.ForgeRegistry/REGISTRIES]: Registry minecraft:recipe_type Sync: ACTIVE -> FROZEN
[16:20:20] [Server thread/DEBUG] [ne.mi.re.ForgeRegistry/REGISTRIES]: Registry minecraft:recipe_serializer Sync: ACTIVE -> FROZEN
[16:20:20] [Server thread/DEBUG] [ne.mi.re.ForgeRegistry/REGISTRIES]: Registry minecraft:attribute Sync: ACTIVE -> FROZEN
[16:20:20] [Server thread/DEBUG] [ne.mi.re.ForgeRegistry/REGISTRIES]: Registry minecraft:stat_type Sync: ACTIVE -> FROZEN
[16:20:20] [Server thread/DEBUG] [ne.mi.re.ForgeRegistry/REGISTRIES]: Registry minecraft:command_argument_type Sync: ACTIVE -> FROZEN
[16:20:20] [Server thread/DEBUG] [ne.mi.re.ForgeRegistry/REGISTRIES]: Registry minecraft:villager_profession Sync: ACTIVE -> FROZEN
[16:20:20] [Server thread/DEBUG] [ne.mi.re.ForgeRegistry/REGISTRIES]: Registry minecraft:point_of_interest_type Sync: ACTIVE -> FROZEN
[16:20:20] [Server thread/DEBUG] [ne.mi.re.ForgeRegistry/REGISTRIES]: Registry minecraft:memory_module_type Sync: ACTIVE -> FROZEN
[16:20:20] [Server thread/DEBUG] [ne.mi.re.ForgeRegistry/REGISTRIES]: Registry minecraft:sensor_type Sync: ACTIVE -> FROZEN
[16:20:20] [Server thread/DEBUG] [ne.mi.re.ForgeRegistry/REGISTRIES]: Registry minecraft:schedule Sync: ACTIVE -> FROZEN
[16:20:20] [Server thread/DEBUG] [ne.mi.re.ForgeRegistry/REGISTRIES]: Registry minecraft:activity Sync: ACTIVE -> FROZEN
[16:20:20] [Server thread/DEBUG] [ne.mi.re.ForgeRegistry/REGISTRIES]: Registry minecraft:worldgen/carver Sync: ACTIVE -> FROZEN
[16:20:20] [Server thread/DEBUG] [ne.mi.re.ForgeRegistry/REGISTRIES]: Registry minecraft:worldgen/feature Sync: ACTIVE -> FROZEN
[16:20:20] [Server thread/DEBUG] [ne.mi.re.ForgeRegistry/REGISTRIES]: Registry minecraft:chunk_status Sync: ACTIVE -> FROZEN
[16:20:20] [Server thread/DEBUG] [ne.mi.re.ForgeRegistry/REGISTRIES]: Registry minecraft:worldgen/block_state_provider_type Sync: ACTIVE -> FROZEN
[16:20:20] [Server thread/DEBUG] [ne.mi.re.ForgeRegistry/REGISTRIES]: Registry minecraft:worldgen/foliage_placer_type Sync: ACTIVE -> FROZEN
[16:20:20] [Server thread/DEBUG] [ne.mi.re.ForgeRegistry/REGISTRIES]: Registry minecraft:worldgen/tree_decorator_type Sync: ACTIVE -> FROZEN
[16:20:20] [Server thread/DEBUG] [ne.mi.re.ForgeRegistry/REGISTRIES]: Registry minecraft:worldgen/biome Sync: ACTIVE -> FROZEN
[16:20:20] [Server thread/DEBUG] [ne.mi.re.ForgeRegistry/REGISTRIES]: Registry forge:entity_data_serializers Sync: ACTIVE -> FROZEN
[16:20:20] [Server thread/DEBUG] [ne.mi.re.ForgeRegistry/REGISTRIES]: Registry forge:global_loot_modifier_serializers Sync: ACTIVE -> FROZEN
[16:20:20] [Server thread/DEBUG] [ne.mi.re.ForgeRegistry/REGISTRIES]: Registry forge:biome_modifier_serializers Sync: ACTIVE -> FROZEN
[16:20:20] [Server thread/DEBUG] [ne.mi.re.ForgeRegistry/REGISTRIES]: Registry forge:fluid_type Sync: ACTIVE -> FROZEN
[16:20:20] [Server thread/DEBUG] [ne.mi.re.ForgeRegistry/REGISTRIES]: Registry forge:structure_modifier_serializers Sync: ACTIVE -> FROZEN
[16:20:20] [Server thread/DEBUG] [ne.mi.re.ForgeRegistry/REGISTRIES]: Registry forge:holder_set_type Sync: ACTIVE -> FROZEN
[16:20:20] [Server thread/DEBUG] [ne.mi.re.ForgeRegistry/REGISTRIES]: Registry forge:display_contexts Sync: ACTIVE -> FROZEN
[16:20:20] [Server thread/DEBUG] [ne.mi.re.ForgeRegistry/REGISTRIES]: Registry reterraforged:worldgen/template_decorator_type Sync: ACTIVE -> FROZEN
[16:20:20] [Server thread/DEBUG] [ne.mi.re.ForgeRegistry/REGISTRIES]: Registry reterraforged:worldgen/curve_function_type Sync: ACTIVE -> FROZEN
[16:20:20] [Server thread/DEBUG] [ne.mi.re.ForgeRegistry/REGISTRIES]: Registry reterraforged:worldgen/chance_modifier_type Sync: ACTIVE -> FROZEN
[16:20:20] [Server thread/DEBUG] [ne.mi.re.ForgeRegistry/REGISTRIES]: Registry reterraforged:worldgen/noise_type Sync: ACTIVE -> FROZEN
[16:20:20] [Server thread/DEBUG] [ne.mi.re.ForgeRegistry/REGISTRIES]: Registry reterraforged:worldgen/template_placement_type Sync: ACTIVE -> FROZEN
[16:20:20] [Server thread/DEBUG] [ne.mi.re.ForgeRegistry/REGISTRIES]: Registry reterraforged:worldgen/structure_rule_type Sync: ACTIVE -> FROZEN
[16:20:20] [Server thread/DEBUG] [ne.mi.re.ForgeRegistry/REGISTRIES]: Registry reterraforged:worldgen/domain_type Sync: ACTIVE -> FROZEN
[16:20:20] [Server thread/DEBUG] [ne.mi.re.ObjectHolderRegistry/REGISTRIES]: Applying holder lookups
[16:20:20] [Server thread/DEBUG] [ne.mi.re.ObjectHolderRegistry/REGISTRIES]: Holder lookups applied
[16:20:20] [Server thread/DEBUG] [ne.mi.re.GameData/REGISTRIES]: FROZEN state restored.
[16:20:20] [Server thread/DEBUG] [ne.mi.fm.co.ConfigTracker/CONFIG]: Unloading configs type SERVER

Deprecated Gradle features were used in this build, making it incompatible with Gradle 9.0.

You can use '--warning-mode all' to show the individual deprecation warnings and determine if they come from your own scripts or plugins.

For more on this, please refer to https://docs.gradle.org/8.8/userguide/command_line_interface.html#sec:command_line_warnings in the Gradle documentation.

BUILD SUCCESSFUL in 28m 36s
11 actionable tasks: 3 executed, 8 up-to-date
