To honour the JVM settings for this build a single-use Daemon process will be forked. For more on this, please refer to https://docs.gradle.org/8.8/userguide/gradle_daemon.html#sec:disabling_the_daemon in the Gradle documentation.
Daemon will be stopped at the end of the build 
> Task :compileJava UP-TO-DATE
> Task :processResources UP-TO-DATE
> Task :classes UP-TO-DATE
> Task :downloadDevRoadWeaverForge UP-TO-DATE
> Task :downloadMcpConfig
> Task :extractSrg UP-TO-DATE
> Task :createSrgToMcp UP-TO-DATE
> Task :downloadMCMeta UP-TO-DATE

> Task :downloadAssets
Downloading: https://piston-meta.mojang.com/v1/packages/ce055ffac15e83e09cc182ea5ee1051c540b4978/5.json

> Task :extractNatives UP-TO-DATE
> Task :makeSrcDirs
> Task :prepareRuns
> Task :prepareRunClient
> Task :prepareRunClientCompile UP-TO-DATE

> Task :runClient
2026-08-04 11:29:11,984 main WARN Advanced terminal features are not available in this environment
[11:29:12] [main/INFO] [cp.mo.mo.Launcher/MODLAUNCHER]: ModLauncher running: args [--launchTarget, forgeclientuserdev, --version, MOD_DEV, --assetIndex, 5, --assetsDir, C:\Users\Rinsing\.gradle\caches\forge_gradle\assets, --gameDir, ., --fml.forgeVersion, 47.4.0, --fml.mcVersion, 1.20.1, --fml.forgeGroup, net.minecraftforge, --fml.mcpVersion, 20230612.114412]
[11:29:12] [main/INFO] [cp.mo.mo.Launcher/MODLAUNCHER]: ModLauncher 10.0.9+10.0.9+main.dcd20f30 starting: java version 17.0.14 by Oracle Corporation; OS Windows 11 arch amd64 version 10.0
[11:29:12] [main/DEBUG] [cp.mo.mo.LaunchServiceHandler/MODLAUNCHER]: Found launch services [fmlclientdev,forgeclient,minecraft,forgegametestserverdev,fmlserveruserdev,fmlclient,fmldatauserdev,forgeserverdev,forgeserveruserdev,forgeclientdev,forgeclientuserdev,forgeserver,forgedatadev,fmlserver,fmlclientuserdev,fmlserverdev,forgedatauserdev,testharness,forgegametestserveruserdev]
[11:29:12] [main/DEBUG] [cp.mo.mo.NameMappingServiceHandler/MODLAUNCHER]: Found naming services : [srgtomcp]
[11:29:12] [main/DEBUG] [cp.mo.mo.LaunchPluginHandler/MODLAUNCHER]: Found launch plugins: [mixin,eventbus,slf4jfixer,object_holder_definalize,runtime_enum_extender,capability_token_subclass,accesstransformer,runtimedistcleaner]
[11:29:12] [main/DEBUG] [cp.mo.mo.TransformationServicesHandler/MODLAUNCHER]: Discovering transformation services
[11:29:12] [main/DEBUG] [ne.mi.fm.lo.FMLPaths/CORE]: Path GAMEDIR is E:\Mod_Dev\StructureBinder\run
[11:29:12] [main/DEBUG] [ne.mi.fm.lo.FMLPaths/CORE]: Path MODSDIR is E:\Mod_Dev\StructureBinder\run\mods
[11:29:12] [main/DEBUG] [ne.mi.fm.lo.FMLPaths/CORE]: Path CONFIGDIR is E:\Mod_Dev\StructureBinder\run\config
[11:29:12] [main/DEBUG] [ne.mi.fm.lo.FMLPaths/CORE]: Path FMLCONFIG is E:\Mod_Dev\StructureBinder\run\config\fml.toml
[11:29:12] [main/DEBUG] [cp.mo.mo.TransformationServicesHandler/MODLAUNCHER]: Found additional transformation services from discovery services: 
[11:29:12] [main/INFO] [ne.mi.fm.lo.ImmediateWindowHandler/]: Loading ImmediateWindowProvider dummyprovider
[11:29:12] [main/INFO] [ne.mi.fm.lo.ImmediateWindowHandler/]: Failed to find ImmediateWindowProvider dummyprovider, disabling
[11:29:12] [main/DEBUG] [cp.mo.mo.TransformationServicesHandler/MODLAUNCHER]: Found transformer services : [mixin,fml]
[11:29:12] [main/DEBUG] [cp.mo.mo.TransformationServicesHandler/MODLAUNCHER]: Transformation services loading
[11:29:12] [main/DEBUG] [cp.mo.mo.TransformationServiceDecorator/MODLAUNCHER]: Loading service mixin
[11:29:12] [main/DEBUG] [cp.mo.mo.TransformationServiceDecorator/MODLAUNCHER]: Loaded service mixin
[11:29:12] [main/DEBUG] [cp.mo.mo.TransformationServiceDecorator/MODLAUNCHER]: Loading service fml
[11:29:12] [main/DEBUG] [ne.mi.fm.lo.LauncherVersion/CORE]: Found FMLLauncher version 1.0
[11:29:12] [main/DEBUG] [ne.mi.fm.lo.FMLLoader/CORE]: FML 1.0 loading
[11:29:12] [main/DEBUG] [ne.mi.fm.lo.FMLLoader/CORE]: FML found ModLauncher version : 10.0.9+10.0.9+main.dcd20f30
[11:29:12] [main/DEBUG] [ne.mi.fm.lo.FMLLoader/CORE]: Requesting CoreMods to not apply the fix for ASMAPI.findFirstInstructionBefore by default
[11:29:12] [main/DEBUG] [ne.mi.fm.lo.FMLLoader/CORE]: FML found AccessTransformer version : 8.0.4+66+master.c09db6d7
[11:29:12] [main/DEBUG] [ne.mi.fm.lo.FMLLoader/CORE]: FML found EventBus version : 6.0.5+6.0.5+master.eb8e549b
[11:29:12] [main/DEBUG] [ne.mi.fm.lo.FMLLoader/CORE]: Found Runtime Dist Cleaner
[11:29:12] [main/DEBUG] [ne.mi.co.CoreModEngine/]: CoreMods will preserve legacy behavior of ASMAPI.findFirstInstructionBefore for backwards-compatibility
[11:29:12] [main/DEBUG] [ne.mi.fm.lo.FMLLoader/CORE]: FML found CoreMod version : 5.2.4
[11:29:12] [main/DEBUG] [ne.mi.fm.lo.FMLLoader/CORE]: Found ForgeSPI package implementation version 7.0.1+7.0.1+master.d2b38bf6
[11:29:12] [main/DEBUG] [ne.mi.fm.lo.FMLLoader/CORE]: Found ForgeSPI package specification 5
[11:29:12] [main/DEBUG] [cp.mo.mo.TransformationServiceDecorator/MODLAUNCHER]: Loaded service fml
[11:29:12] [main/DEBUG] [cp.mo.mo.TransformationServicesHandler/MODLAUNCHER]: Configuring option handling for services
[11:29:12] [main/DEBUG] [cp.mo.mo.TransformationServicesHandler/MODLAUNCHER]: Transformation services initializing
[11:29:12] [main/DEBUG] [cp.mo.mo.TransformationServiceDecorator/MODLAUNCHER]: Initializing transformation service mixin
[11:29:12] [main/DEBUG] [mixin/]: MixinService [ModLauncher] was successfully booted in cpw.mods.cl.ModuleClassLoader@353d0772
[11:29:12] [main/INFO] [mixin/]: SpongePowered MIXIN Subsystem Version=0.8.5 Source=union:/C:/Users/Rinsing/.gradle/caches/modules-2/files-2.1/org.spongepowered/mixin/0.8.5/9d1c0c3a304ae6697ecd477218fa61b850bf57fc/mixin-0.8.5.jar%23128!/ Service=ModLauncher Env=CLIENT
[11:29:12] [main/DEBUG] [mixin/]: Initialising Mixin Platform Manager
[11:29:12] [main/DEBUG] [mixin/]: Adding mixin platform agents for container ModLauncher Root Container(ModLauncher:4f56a0a2)
[11:29:12] [main/DEBUG] [mixin/]: Instancing new MixinPlatformAgentMinecraftForge for ModLauncher Root Container(ModLauncher:4f56a0a2)
[11:29:12] [main/DEBUG] [mixin/]: MixinPlatformAgentMinecraftForge rejected container ModLauncher Root Container(ModLauncher:4f56a0a2)
[11:29:12] [main/DEBUG] [mixin/]: Instancing new MixinPlatformAgentDefault for ModLauncher Root Container(ModLauncher:4f56a0a2)
[11:29:12] [main/DEBUG] [mixin/]: MixinPlatformAgentDefault accepted container ModLauncher Root Container(ModLauncher:4f56a0a2)
[11:29:12] [main/DEBUG] [cp.mo.mo.TransformationServiceDecorator/MODLAUNCHER]: Initialized transformation service mixin
[11:29:12] [main/DEBUG] [cp.mo.mo.TransformationServiceDecorator/MODLAUNCHER]: Initializing transformation service fml
[11:29:12] [main/DEBUG] [ne.mi.fm.lo.FMLServiceProvider/CORE]: Setting up basic FML game directories
[11:29:12] [main/DEBUG] [ne.mi.fm.lo.FMLPaths/CORE]: Path GAMEDIR is E:\Mod_Dev\StructureBinder\run
[11:29:12] [main/DEBUG] [ne.mi.fm.lo.FMLPaths/CORE]: Path MODSDIR is E:\Mod_Dev\StructureBinder\run\mods
[11:29:12] [main/DEBUG] [ne.mi.fm.lo.FMLPaths/CORE]: Path CONFIGDIR is E:\Mod_Dev\StructureBinder\run\config
[11:29:12] [main/DEBUG] [ne.mi.fm.lo.FMLPaths/CORE]: Path FMLCONFIG is E:\Mod_Dev\StructureBinder\run\config\fml.toml
[11:29:12] [main/DEBUG] [ne.mi.fm.lo.FMLServiceProvider/CORE]: Loading configuration
[11:29:12] [main/DEBUG] [ne.mi.fm.lo.FMLServiceProvider/CORE]: Preparing ModFile
[11:29:12] [main/DEBUG] [ne.mi.fm.lo.FMLServiceProvider/CORE]: Preparing launch handler
[11:29:12] [main/DEBUG] [ne.mi.fm.lo.FMLLoader/CORE]: Using forgeclientuserdev as launch service
[11:29:12] [main/DEBUG] [ne.mi.fm.lo.FMLLoader/CORE]: Received command line version data  : VersionInfo[forgeVersion=47.4.0, mcVersion=1.20.1, mcpVersion=20230612.114412, forgeGroup=net.minecraftforge]
[11:29:12] [main/DEBUG] [cp.mo.mo.TransformationServiceDecorator/MODLAUNCHER]: Initialized transformation service fml
[11:29:12] [main/DEBUG] [cp.mo.mo.NameMappingServiceHandler/MODLAUNCHER]: Current naming domain is 'mcp'
[11:29:12] [main/DEBUG] [cp.mo.mo.NameMappingServiceHandler/MODLAUNCHER]: Identified name mapping providers {srg=srgtomcp:1234}
[11:29:12] [main/DEBUG] [cp.mo.mo.TransformationServicesHandler/MODLAUNCHER]: Transformation services begin scanning
[11:29:12] [main/DEBUG] [cp.mo.mo.TransformationServiceDecorator/MODLAUNCHER]: Beginning scan trigger - transformation service mixin
[11:29:12] [main/DEBUG] [cp.mo.mo.TransformationServiceDecorator/MODLAUNCHER]: End scan trigger - transformation service mixin
[11:29:12] [main/DEBUG] [cp.mo.mo.TransformationServiceDecorator/MODLAUNCHER]: Beginning scan trigger - transformation service fml
[11:29:12] [main/DEBUG] [ne.mi.fm.lo.FMLServiceProvider/CORE]: Initiating mod scan
[11:29:12] [main/DEBUG] [ne.mi.fm.lo.mo.ModListHandler/CORE]: Found mod coordinates from lists: []
[11:29:12] [main/DEBUG] [ne.mi.fm.lo.mo.ModDiscoverer/CORE]: Found Mod Locators : (mods folder:null),(maven libs:null),(exploded directory:null),(minecraft:null),(userdev classpath:null)
[11:29:12] [main/DEBUG] [ne.mi.fm.lo.mo.ModDiscoverer/CORE]: Found Dependency Locators : (JarInJar:null)
[11:29:12] [main/DEBUG] [ne.mi.fm.lo.ta.CommonLaunchHandler/CORE]: Got mod coordinates geomantia%%E:\Mod_Dev\StructureBinder\build\resources\main;geomantia%%E:\Mod_Dev\StructureBinder\build\classes\java\main from env
[11:29:12] [main/DEBUG] [ne.mi.fm.lo.ta.CommonLaunchHandler/CORE]: Found supplied mod coordinates [{geomantia=[E:\Mod_Dev\StructureBinder\build\resources\main, E:\Mod_Dev\StructureBinder\build\classes\java\main]}]
[11:29:13] [main/DEBUG] [ne.mi.fm.lo.mo.ModFileInfo/LOADING]: Found valid mod file forge-1.20.1-47.4.0_mapped_official_1.20.1-recomp.jar with {minecraft} mods - versions {1.20.1}
[11:29:13] [main/DEBUG] [ne.mi.fm.lo.mo.ModFileParser/LOADING]: Considering mod file candidate C:\Users\Rinsing\.gradle\caches\modules-2\files-2.1\net.minecraftforge\javafmllanguage\1.20.1-47.4.0\f0c0b352173d0a378cbdcec9cfc4ba65899a721\javafmllanguage-1.20.1-47.4.0.jar
[11:29:13] [main/WARN] [ne.mi.fm.lo.mo.ModFileParser/LOADING]: Mod file C:\Users\Rinsing\.gradle\caches\modules-2\files-2.1\net.minecraftforge\javafmllanguage\1.20.1-47.4.0\f0c0b352173d0a378cbdcec9cfc4ba65899a721\javafmllanguage-1.20.1-47.4.0.jar is missing mods.toml file
[11:29:13] [main/DEBUG] [ne.mi.fm.lo.mo.ModFileParser/LOADING]: Considering mod file candidate C:\Users\Rinsing\.gradle\caches\modules-2\files-2.1\net.minecraftforge\lowcodelanguage\1.20.1-47.4.0\e862740d8c84d08dbfedea412bef88fe42e727c5\lowcodelanguage-1.20.1-47.4.0.jar
[11:29:13] [main/WARN] [ne.mi.fm.lo.mo.ModFileParser/LOADING]: Mod file C:\Users\Rinsing\.gradle\caches\modules-2\files-2.1\net.minecraftforge\lowcodelanguage\1.20.1-47.4.0\e862740d8c84d08dbfedea412bef88fe42e727c5\lowcodelanguage-1.20.1-47.4.0.jar is missing mods.toml file
[11:29:13] [main/DEBUG] [ne.mi.fm.lo.mo.ModFileParser/LOADING]: Considering mod file candidate C:\Users\Rinsing\.gradle\caches\modules-2\files-2.1\net.minecraftforge\mclanguage\1.20.1-47.4.0\5719b3a297a33f877ed5dde4cb4bd75c859096af\mclanguage-1.20.1-47.4.0.jar
[11:29:13] [main/WARN] [ne.mi.fm.lo.mo.ModFileParser/LOADING]: Mod file C:\Users\Rinsing\.gradle\caches\modules-2\files-2.1\net.minecraftforge\mclanguage\1.20.1-47.4.0\5719b3a297a33f877ed5dde4cb4bd75c859096af\mclanguage-1.20.1-47.4.0.jar is missing mods.toml file
[11:29:13] [main/DEBUG] [ne.mi.fm.lo.mo.ModFileParser/LOADING]: Considering mod file candidate C:\Users\Rinsing\.gradle\caches\modules-2\files-2.1\net.minecraftforge\fmlcore\1.20.1-47.4.0\235975dafa4309945b59c56b53f31dc5b65a6051\fmlcore-1.20.1-47.4.0.jar
[11:29:13] [main/WARN] [ne.mi.fm.lo.mo.ModFileParser/LOADING]: Mod file C:\Users\Rinsing\.gradle\caches\modules-2\files-2.1\net.minecraftforge\fmlcore\1.20.1-47.4.0\235975dafa4309945b59c56b53f31dc5b65a6051\fmlcore-1.20.1-47.4.0.jar is missing mods.toml file
[11:29:13] [main/DEBUG] [ne.mi.fm.lo.mo.ModFileParser/LOADING]: Considering mod file candidate E:\Mod_Dev\StructureBinder\build\resources\main
[11:29:13] [main/DEBUG] [ne.mi.fm.lo.mo.ModFileInfo/LOADING]: Found valid mod file main with {geomantia} mods - versions {0.1.0}
[11:29:13] [main/DEBUG] [ne.mi.fm.lo.mo.ModFileParser/LOADING]: Considering mod file candidate /
[11:29:13] [main/DEBUG] [ne.mi.fm.lo.mo.ModFileInfo/LOADING]: Found valid mod file  with {forge} mods - versions {47.4.0}
[11:29:13] [main/DEBUG] [ne.mi.fm.lo.mo.ModFileParser/LOADING]: Considering mod file candidate C:\Users\Rinsing\.gradle\caches\forge_gradle\deobf_dependencies\curse\maven\worldedit-225608\4586218_mapped_official_1.20.1\worldedit-225608-4586218_mapped_official_1.20.1.jar
[11:29:13] [main/DEBUG] [ne.mi.fm.lo.mo.ModFileInfo/LOADING]: Found valid mod file worldedit-225608-4586218_mapped_official_1.20.1.jar with {worldedit} mods - versions {7.2.15+6463-5ca4dff}
[11:29:13] [main/DEBUG] [ne.mi.fm.lo.mo.ModFileParser/LOADING]: Considering mod file candidate C:\Users\Rinsing\.gradle\caches\forge_gradle\deobf_dependencies\local\trek\trek\B0.6_mapped_official_1.20.1\trek-B0.6_mapped_official_1.20.1.jar
[11:29:13] [main/DEBUG] [ne.mi.fm.lo.mo.ModFileInfo/LOADING]: Found valid mod file trek-B0.6_mapped_official_1.20.1.jar with {mr_trek} mods - versions {1-B0.6}
[11:29:13] [main/DEBUG] [ne.mi.fm.lo.mo.ModFileParser/LOADING]: Considering mod file candidate C:\Users\Rinsing\.gradle\caches\forge_gradle\deobf_dependencies\local\t_and_t\t_and_t\1.12_mapped_official_1.20.1\t_and_t-1.12_mapped_official_1.20.1.jar
[11:29:13] [main/DEBUG] [ne.mi.fm.lo.mo.ModFileInfo/LOADING]: Found valid mod file t_and_t-1.12_mapped_official_1.20.1.jar with {t_and_t} mods - versions {0.0NONE}
[11:29:13] [main/DEBUG] [ne.mi.fm.lo.mo.ModFileParser/LOADING]: Considering mod file candidate C:\Users\Rinsing\.gradle\caches\forge_gradle\deobf_dependencies\local\cristellib\cristellib\1.1.6_mapped_official_1.20.1\cristellib-1.1.6_mapped_official_1.20.1.jar
[11:29:13] [main/DEBUG] [ne.mi.fm.lo.mo.ModFileInfo/LOADING]: Found valid mod file cristellib-1.1.6_mapped_official_1.20.1.jar with {cristellib} mods - versions {1.1.6}
[11:29:13] [main/DEBUG] [ne.mi.fm.lo.mo.ModFileParser/LOADING]: Considering mod file candidate C:\Users\Rinsing\.gradle\caches\forge_gradle\deobf_dependencies\local\roadweaver\roadweaver-forge\2.3.0-1.20.1_mapped_official_1.20.1\roadweaver-forge-2.3.0-1.20.1_mapped_official_1.20.1.jar
[11:29:13] [main/DEBUG] [ne.mi.fm.lo.mo.ModFileInfo/LOADING]: Found valid mod file roadweaver-forge-2.3.0-1.20.1_mapped_official_1.20.1.jar with {roadweaver} mods - versions {2.2.2-1.20.1}
[11:29:13] [main/DEBUG] [ne.mi.fm.lo.mo.ModFileParser/LOADING]: Considering mod file candidate C:\Users\Rinsing\.gradle\caches\forge_gradle\deobf_dependencies\dev\architectury\architectury-forge\9.2.14_mapped_official_1.20.1\architectury-forge-9.2.14_mapped_official_1.20.1.jar
[11:29:13] [main/DEBUG] [ne.mi.fm.lo.mo.ModFileInfo/LOADING]: Found valid mod file architectury-forge-9.2.14_mapped_official_1.20.1.jar with {architectury} mods - versions {9.2.14}
[11:29:13] [main/DEBUG] [ne.mi.fm.lo.mo.ModFileParser/LOADING]: Considering mod file candidate C:\Users\Rinsing\.gradle\caches\forge_gradle\deobf_dependencies\me\shedaniel\cloth\cloth-config-forge\11.1.136_mapped_official_1.20.1\cloth-config-forge-11.1.136_mapped_official_1.20.1.jar
[11:29:13] [main/DEBUG] [ne.mi.fm.lo.mo.ModFileInfo/LOADING]: Found valid mod file cloth-config-forge-11.1.136_mapped_official_1.20.1.jar with {cloth_config} mods - versions {11.1.136}
[11:29:13] [main/DEBUG] [ne.mi.fm.lo.mo.ModFileParser/LOADING]: Considering mod file candidate C:\Users\Rinsing\.gradle\caches\forge_gradle\deobf_dependencies\curse\maven\epic-terrain-1075383\5936468_mapped_official_1.20.1\epic-terrain-1075383-5936468_mapped_official_1.20.1.jar
[11:29:13] [main/DEBUG] [ne.mi.fm.lo.mo.ModFileInfo/LOADING]: Found valid mod file epic-terrain-1075383-5936468_mapped_official_1.20.1.jar with {mr_epicterrain} mods - versions {0.1.2}
[11:29:13] [main/DEBUG] [ne.mi.fm.lo.mo.ModFileParser/LOADING]: Considering mod file candidate C:\Users\Rinsing\.gradle\caches\forge_gradle\deobf_dependencies\curse\maven\worldedit-225608\4586218_mapped_official_1.20.1\worldedit-225608-4586218_mapped_official_1.20.1.jar
[11:29:13] [main/DEBUG] [ne.mi.fm.lo.mo.ModFileInfo/LOADING]: Found valid mod file worldedit-225608-4586218_mapped_official_1.20.1.jar with {worldedit} mods - versions {7.2.15+6463-5ca4dff}
[11:29:13] [main/DEBUG] [ne.mi.fm.lo.mo.ModFileParser/LOADING]: Considering mod file candidate C:\Users\Rinsing\.gradle\caches\forge_gradle\deobf_dependencies\local\t_and_t\t_and_t\1.12_mapped_official_1.20.1\t_and_t-1.12_mapped_official_1.20.1.jar
[11:29:13] [main/DEBUG] [ne.mi.fm.lo.mo.ModFileInfo/LOADING]: Found valid mod file t_and_t-1.12_mapped_official_1.20.1.jar with {t_and_t} mods - versions {0.0NONE}
[11:29:13] [main/DEBUG] [ne.mi.fm.lo.mo.ModFileParser/LOADING]: Considering mod file candidate C:\Users\Rinsing\.gradle\caches\forge_gradle\deobf_dependencies\local\cristellib\cristellib\1.1.6_mapped_official_1.20.1\cristellib-1.1.6_mapped_official_1.20.1.jar
[11:29:13] [main/DEBUG] [ne.mi.fm.lo.mo.ModFileInfo/LOADING]: Found valid mod file cristellib-1.1.6_mapped_official_1.20.1.jar with {cristellib} mods - versions {1.1.6}
[11:29:13] [main/DEBUG] [ne.mi.fm.lo.mo.ModFileParser/LOADING]: Considering mod file candidate C:\Users\Rinsing\.gradle\caches\forge_gradle\deobf_dependencies\local\roadweaver\roadweaver-forge\2.3.0-1.20.1_mapped_official_1.20.1\roadweaver-forge-2.3.0-1.20.1_mapped_official_1.20.1.jar
[11:29:13] [main/DEBUG] [ne.mi.fm.lo.mo.ModFileInfo/LOADING]: Found valid mod file roadweaver-forge-2.3.0-1.20.1_mapped_official_1.20.1.jar with {roadweaver} mods - versions {2.2.2-1.20.1}
[11:29:13] [main/DEBUG] [ne.mi.fm.lo.mo.ModFileParser/LOADING]: Considering mod file candidate C:\Users\Rinsing\.gradle\caches\forge_gradle\deobf_dependencies\dev\architectury\architectury-forge\9.2.14_mapped_official_1.20.1\architectury-forge-9.2.14_mapped_official_1.20.1.jar
[11:29:13] [main/DEBUG] [ne.mi.fm.lo.mo.ModFileInfo/LOADING]: Found valid mod file architectury-forge-9.2.14_mapped_official_1.20.1.jar with {architectury} mods - versions {9.2.14}
[11:29:13] [main/DEBUG] [ne.mi.fm.lo.mo.ModFileParser/LOADING]: Considering mod file candidate C:\Users\Rinsing\.gradle\caches\forge_gradle\deobf_dependencies\me\shedaniel\cloth\cloth-config-forge\11.1.136_mapped_official_1.20.1\cloth-config-forge-11.1.136_mapped_official_1.20.1.jar
[11:29:13] [main/DEBUG] [ne.mi.fm.lo.mo.ModFileInfo/LOADING]: Found valid mod file cloth-config-forge-11.1.136_mapped_official_1.20.1.jar with {cloth_config} mods - versions {11.1.136}
[11:29:13] [main/DEBUG] [ne.mi.fm.lo.UniqueModListBuilder/]: Found 2 mods for first modid cloth_config, selecting most recent based on version data
[11:29:13] [main/DEBUG] [ne.mi.fm.lo.UniqueModListBuilder/]: Selected file cloth-config-forge-11.1.136_mapped_official_1.20.1.jar for modid cloth_config with version 11.1.136
[11:29:13] [main/DEBUG] [ne.mi.fm.lo.UniqueModListBuilder/]: Found 2 mods for first modid t_and_t, selecting most recent based on version data
[11:29:13] [main/DEBUG] [ne.mi.fm.lo.UniqueModListBuilder/]: Selected file t_and_t-1.12_mapped_official_1.20.1.jar for modid t_and_t with version 0.0NONE
[11:29:13] [main/DEBUG] [ne.mi.fm.lo.UniqueModListBuilder/]: Found 2 mods for first modid worldedit, selecting most recent based on version data
[11:29:13] [main/DEBUG] [ne.mi.fm.lo.UniqueModListBuilder/]: Selected file worldedit-225608-4586218_mapped_official_1.20.1.jar for modid worldedit with version 7.2.15+6463-5ca4dff
[11:29:13] [main/DEBUG] [ne.mi.fm.lo.UniqueModListBuilder/]: Found 2 mods for first modid architectury, selecting most recent based on version data
[11:29:13] [main/DEBUG] [ne.mi.fm.lo.UniqueModListBuilder/]: Selected file architectury-forge-9.2.14_mapped_official_1.20.1.jar for modid architectury with version 9.2.14
[11:29:13] [main/DEBUG] [ne.mi.fm.lo.UniqueModListBuilder/]: Found 2 mods for first modid roadweaver, selecting most recent based on version data
[11:29:13] [main/DEBUG] [ne.mi.fm.lo.UniqueModListBuilder/]: Selected file roadweaver-forge-2.3.0-1.20.1_mapped_official_1.20.1.jar for modid roadweaver with version 2.2.2-1.20.1
[11:29:13] [main/DEBUG] [ne.mi.fm.lo.UniqueModListBuilder/]: Found 2 mods for first modid cristellib, selecting most recent based on version data
[11:29:13] [main/DEBUG] [ne.mi.fm.lo.UniqueModListBuilder/]: Selected file cristellib-1.1.6_mapped_official_1.20.1.jar for modid cristellib with version 1.1.6
[11:29:13] [main/DEBUG] [ne.mi.fm.lo.mo.AbstractJarFileDependencyLocator/]: Failed to load resource META-INF\jarjar\metadata.json from forge-1.20.1-47.4.0_mapped_official_1.20.1-recomp.jar, it does not contain dependency information.
[11:29:13] [main/DEBUG] [ne.mi.fm.lo.mo.AbstractJarFileDependencyLocator/]: Failed to load resource META-INF\jarjar\metadata.json from cloth-config-forge-11.1.136_mapped_official_1.20.1.jar, it does not contain dependency information.
[11:29:13] [main/DEBUG] [ne.mi.fm.lo.mo.AbstractJarFileDependencyLocator/]: Failed to load resource META-INF\jarjar\metadata.json from , it does not contain dependency information.
[11:29:13] [main/DEBUG] [ne.mi.fm.lo.mo.AbstractJarFileDependencyLocator/]: Failed to load resource META-INF\jarjar\metadata.json from epic-terrain-1075383-5936468_mapped_official_1.20.1.jar, it does not contain dependency information.
[11:29:13] [main/DEBUG] [ne.mi.fm.lo.mo.AbstractJarFileDependencyLocator/]: Failed to load resource META-INF\jarjar\metadata.json from t_and_t-1.12_mapped_official_1.20.1.jar, it does not contain dependency information.
[11:29:13] [main/DEBUG] [ne.mi.fm.lo.mo.AbstractJarFileDependencyLocator/]: Failed to load resource META-INF\jarjar\metadata.json from worldedit-225608-4586218_mapped_official_1.20.1.jar, it does not contain dependency information.
[11:29:13] [main/DEBUG] [ne.mi.fm.lo.mo.AbstractJarFileDependencyLocator/]: Failed to load resource META-INF\jarjar\metadata.json from architectury-forge-9.2.14_mapped_official_1.20.1.jar, it does not contain dependency information.
[11:29:13] [main/DEBUG] [ne.mi.fm.lo.mo.AbstractJarFileDependencyLocator/]: Failed to load resource META-INF\jarjar\metadata.json from trek-B0.6_mapped_official_1.20.1.jar, it does not contain dependency information.
[11:29:13] [main/DEBUG] [ne.mi.fm.lo.mo.AbstractJarFileDependencyLocator/]: Failed to load resource META-INF\jarjar\metadata.json from main, it does not contain dependency information.
[11:29:13] [main/DEBUG] [ne.mi.fm.lo.mo.AbstractJarFileDependencyLocator/]: Failed to load resource META-INF\jarjar\metadata.json from mclanguage-1.20.1-47.4.0.jar, it does not contain dependency information.
[11:29:13] [main/DEBUG] [ne.mi.fm.lo.mo.AbstractJarFileDependencyLocator/]: Failed to load resource META-INF\jarjar\metadata.json from javafmllanguage-1.20.1-47.4.0.jar, it does not contain dependency information.
[11:29:13] [main/DEBUG] [ne.mi.fm.lo.mo.AbstractJarFileDependencyLocator/]: Failed to load resource META-INF\jarjar\metadata.json from fmlcore-1.20.1-47.4.0.jar, it does not contain dependency information.
[11:29:13] [main/DEBUG] [ne.mi.fm.lo.mo.AbstractJarFileDependencyLocator/]: Failed to load resource META-INF\jarjar\metadata.json from lowcodelanguage-1.20.1-47.4.0.jar, it does not contain dependency information.
[11:29:13] [main/DEBUG] [ne.mi.fm.lo.mo.ModFileParser/LOADING]: Considering mod file candidate 
[11:29:13] [main/DEBUG] [ne.mi.fm.lo.mo.ModFileInfo/LOADING]: Found valid mod file architectury-forge-9.2.14.jar with {architectury} mods - versions {9.2.14}
[11:29:14] [main/DEBUG] [ne.mi.fm.lo.mo.ModFileParser/LOADING]: Considering mod file candidate 
[11:29:14] [main/DEBUG] [ne.mi.fm.lo.mo.ModFileInfo/LOADING]: Found valid mod file cloth-config-forge-11.1.136.jar with {cloth_config} mods - versions {11.1.136}
[11:29:14] [main/DEBUG] [ne.mi.fm.lo.mo.AbstractJarFileDependencyLocator/]: Failed to load resource META-INF\jarjar\metadata.json from architectury-forge-9.2.14.jar, it does not contain dependency information.
[11:29:14] [main/DEBUG] [ne.mi.fm.lo.mo.AbstractJarFileDependencyLocator/]: Failed to load resource META-INF\jarjar\metadata.json from cloth-config-forge-11.1.136.jar, it does not contain dependency information.
[11:29:14] [main/DEBUG] [ne.mi.fm.lo.mo.AbstractJarFileDependencyLocator/]: Failed to load resource META-INF\jarjar\metadata.json from lwjgl-opencl-3.3.1.jar, it does not contain dependency information.
[11:29:14] [main/DEBUG] [ne.mi.fm.lo.mo.AbstractJarFileDependencyLocator/]: Failed to load resource META-INF\jarjar\metadata.json from jankson-1.2.3.jar, it does not contain dependency information.
[11:29:14] [main/DEBUG] [ne.mi.fm.lo.mo.ModFileParser/LOADING]: Considering mod file candidate 
[11:29:14] [main/DEBUG] [ne.mi.fm.lo.mo.ModFileInfo/LOADING]: Found valid mod file architectury-forge-9.2.14.jar with {architectury} mods - versions {9.2.14}
[11:29:14] [main/DEBUG] [ne.mi.fm.lo.mo.ModFileParser/LOADING]: Considering mod file candidate 
[11:29:14] [main/DEBUG] [ne.mi.fm.lo.mo.ModFileInfo/LOADING]: Found valid mod file cloth-config-forge-11.1.136.jar with {cloth_config} mods - versions {11.1.136}
[11:29:14] [main/WARN] [ne.mi.ja.se.JarSelector/]: Attempted to select a dependency jar for JarJar which was passed in as source: cloth_config. Using Mod File: C:\Users\Rinsing\.gradle\caches\forge_gradle\deobf_dependencies\me\shedaniel\cloth\cloth-config-forge\11.1.136_mapped_official_1.20.1\cloth-config-forge-11.1.136_mapped_official_1.20.1.jar
[11:29:14] [main/WARN] [ne.mi.ja.se.JarSelector/]: Attempted to select a dependency jar for JarJar which was passed in as source: architectury. Using Mod File: C:\Users\Rinsing\.gradle\caches\forge_gradle\deobf_dependencies\dev\architectury\architectury-forge\9.2.14_mapped_official_1.20.1\architectury-forge-9.2.14_mapped_official_1.20.1.jar
[11:29:14] [main/INFO] [ne.mi.fm.lo.mo.JarInJarDependencyLocator/]: Found 2 dependencies adding them to mods collection
[11:29:14] [main/DEBUG] [ne.mi.fm.lo.mo.ModFileInfo/LOADING]: Found valid mod file forge-1.20.1-47.4.0_mapped_official_1.20.1-recomp.jar with {minecraft} mods - versions {1.20.1}
[11:29:14] [main/DEBUG] [ne.mi.fm.lo.mo.ModFile/LOADING]: Loading mod file C:\Users\Rinsing\.gradle\caches\forge_gradle\minecraft_user_repo\net\minecraftforge\forge\1.20.1-47.4.0_mapped_official_1.20.1\forge-1.20.1-47.4.0_mapped_official_1.20.1-recomp.jar with languages [LanguageSpec[languageName=minecraft, acceptedVersions=1]]
[11:29:14] [main/DEBUG] [ne.mi.fm.lo.mo.ModFileParser/LOADING]: Considering mod file candidate C:\Users\Rinsing\.gradle\caches\forge_gradle\deobf_dependencies\me\shedaniel\cloth\cloth-config-forge\11.1.136_mapped_official_1.20.1\cloth-config-forge-11.1.136_mapped_official_1.20.1.jar
[11:29:14] [main/DEBUG] [ne.mi.fm.lo.mo.ModFileInfo/LOADING]: Found valid mod file cloth-config-forge-11.1.136_mapped_official_1.20.1.jar with {cloth_config} mods - versions {11.1.136}
[11:29:14] [main/DEBUG] [ne.mi.fm.lo.mo.ModFile/LOADING]: Loading mod file C:\Users\Rinsing\.gradle\caches\forge_gradle\deobf_dependencies\me\shedaniel\cloth\cloth-config-forge\11.1.136_mapped_official_1.20.1\cloth-config-forge-11.1.136_mapped_official_1.20.1.jar with languages [LanguageSpec[languageName=javafml, acceptedVersions=[34,)]]
[11:29:14] [main/DEBUG] [ne.mi.fm.lo.mo.ModFileParser/LOADING]: Considering mod file candidate /
[11:29:14] [main/DEBUG] [ne.mi.fm.lo.mo.ModFileInfo/LOADING]: Found valid mod file  with {forge} mods - versions {47.4.0}
[11:29:14] [main/DEBUG] [ne.mi.fm.lo.mo.ModFile/LOADING]: Loading mod file / with languages [LanguageSpec[languageName=javafml, acceptedVersions=[24,]]]
[11:29:14] [main/DEBUG] [ne.mi.fm.lo.mo.ModFileParser/LOADING]: Found coremod field_to_method with Javascript path coremods/field_to_method.js
[11:29:14] [main/DEBUG] [ne.mi.fm.lo.mo.ModFileParser/LOADING]: Found coremod field_to_instanceof with Javascript path coremods/field_to_instanceof.js
[11:29:14] [main/DEBUG] [ne.mi.fm.lo.mo.ModFileParser/LOADING]: Found coremod add_bouncer_method with Javascript path coremods/add_bouncer_method.js
[11:29:14] [main/DEBUG] [ne.mi.fm.lo.mo.ModFileParser/LOADING]: Found coremod method_redirector with Javascript path coremods/method_redirector.js
[11:29:14] [main/DEBUG] [ne.mi.fm.lo.mo.ModFile/LOADING]: Found coremod coremods/field_to_method.js
[11:29:14] [main/DEBUG] [ne.mi.fm.lo.mo.ModFile/LOADING]: Found coremod coremods/field_to_instanceof.js
[11:29:14] [main/DEBUG] [ne.mi.fm.lo.mo.ModFile/LOADING]: Found coremod coremods/add_bouncer_method.js
[11:29:14] [main/DEBUG] [ne.mi.fm.lo.mo.ModFile/LOADING]: Found coremod coremods/method_redirector.js
[11:29:14] [main/DEBUG] [ne.mi.fm.lo.mo.ModFileParser/LOADING]: Considering mod file candidate C:\Users\Rinsing\.gradle\caches\forge_gradle\deobf_dependencies\curse\maven\worldedit-225608\4586218_mapped_official_1.20.1\worldedit-225608-4586218_mapped_official_1.20.1.jar
[11:29:14] [main/DEBUG] [ne.mi.fm.lo.mo.ModFileInfo/LOADING]: Found valid mod file worldedit-225608-4586218_mapped_official_1.20.1.jar with {worldedit} mods - versions {7.2.15+6463-5ca4dff}
[11:29:14] [main/DEBUG] [ne.mi.fm.lo.mo.ModFile/LOADING]: Loading mod file C:\Users\Rinsing\.gradle\caches\forge_gradle\deobf_dependencies\curse\maven\worldedit-225608\4586218_mapped_official_1.20.1\worldedit-225608-4586218_mapped_official_1.20.1.jar with languages [LanguageSpec[languageName=javafml, acceptedVersions=[24,)]]
[11:29:14] [main/DEBUG] [ne.mi.fm.lo.mo.ModFileParser/LOADING]: Considering mod file candidate C:\Users\Rinsing\.gradle\caches\forge_gradle\deobf_dependencies\local\t_and_t\t_and_t\1.12_mapped_official_1.20.1\t_and_t-1.12_mapped_official_1.20.1.jar
[11:29:14] [main/DEBUG] [ne.mi.fm.lo.mo.ModFileInfo/LOADING]: Found valid mod file t_and_t-1.12_mapped_official_1.20.1.jar with {t_and_t} mods - versions {0.0NONE}
[11:29:14] [main/DEBUG] [ne.mi.fm.lo.mo.ModFile/LOADING]: Loading mod file C:\Users\Rinsing\.gradle\caches\forge_gradle\deobf_dependencies\local\t_and_t\t_and_t\1.12_mapped_official_1.20.1\t_and_t-1.12_mapped_official_1.20.1.jar with languages [LanguageSpec[languageName=javafml, acceptedVersions=[43,)]]
[11:29:14] [main/DEBUG] [ne.mi.fm.lo.mo.ModFileParser/LOADING]: Considering mod file candidate C:\Users\Rinsing\.gradle\caches\forge_gradle\deobf_dependencies\curse\maven\epic-terrain-1075383\5936468_mapped_official_1.20.1\epic-terrain-1075383-5936468_mapped_official_1.20.1.jar
[11:29:14] [main/DEBUG] [ne.mi.fm.lo.mo.ModFileInfo/LOADING]: Found valid mod file epic-terrain-1075383-5936468_mapped_official_1.20.1.jar with {mr_epicterrain} mods - versions {0.1.2}
[11:29:14] [main/DEBUG] [ne.mi.fm.lo.mo.ModFile/LOADING]: Loading mod file C:\Users\Rinsing\.gradle\caches\forge_gradle\deobf_dependencies\curse\maven\epic-terrain-1075383\5936468_mapped_official_1.20.1\epic-terrain-1075383-5936468_mapped_official_1.20.1.jar with languages [LanguageSpec[languageName=lowcodefml, acceptedVersions=[40,)]]
[11:29:14] [main/DEBUG] [ne.mi.fm.lo.mo.ModFileParser/LOADING]: Considering mod file candidate C:\Users\Rinsing\.gradle\caches\forge_gradle\deobf_dependencies\dev\architectury\architectury-forge\9.2.14_mapped_official_1.20.1\architectury-forge-9.2.14_mapped_official_1.20.1.jar
[11:29:14] [main/DEBUG] [ne.mi.fm.lo.mo.ModFileInfo/LOADING]: Found valid mod file architectury-forge-9.2.14_mapped_official_1.20.1.jar with {architectury} mods - versions {9.2.14}
[11:29:14] [main/DEBUG] [ne.mi.fm.lo.mo.ModFile/LOADING]: Loading mod file C:\Users\Rinsing\.gradle\caches\forge_gradle\deobf_dependencies\dev\architectury\architectury-forge\9.2.14_mapped_official_1.20.1\architectury-forge-9.2.14_mapped_official_1.20.1.jar with languages [LanguageSpec[languageName=javafml, acceptedVersions=[46,)]]
[11:29:14] [main/DEBUG] [ne.mi.fm.lo.mo.ModFileParser/LOADING]: Considering mod file candidate E:\Mod_Dev\StructureBinder\build\resources\main
[11:29:14] [main/DEBUG] [ne.mi.fm.lo.mo.ModFileInfo/LOADING]: Found valid mod file main with {geomantia} mods - versions {0.1.0}
[11:29:14] [main/DEBUG] [ne.mi.fm.lo.mo.ModFile/LOADING]: Loading mod file E:\Mod_Dev\StructureBinder\build\resources\main with languages [LanguageSpec[languageName=javafml, acceptedVersions=[47,)]]
[11:29:14] [main/DEBUG] [ne.mi.fm.lo.mo.ModFileParser/LOADING]: Considering mod file candidate C:\Users\Rinsing\.gradle\caches\forge_gradle\deobf_dependencies\local\trek\trek\B0.6_mapped_official_1.20.1\trek-B0.6_mapped_official_1.20.1.jar
[11:29:14] [main/DEBUG] [ne.mi.fm.lo.mo.ModFileInfo/LOADING]: Found valid mod file trek-B0.6_mapped_official_1.20.1.jar with {mr_trek} mods - versions {1-B0.6}
[11:29:14] [main/DEBUG] [ne.mi.fm.lo.mo.ModFile/LOADING]: Loading mod file C:\Users\Rinsing\.gradle\caches\forge_gradle\deobf_dependencies\local\trek\trek\B0.6_mapped_official_1.20.1\trek-B0.6_mapped_official_1.20.1.jar with languages [LanguageSpec[languageName=lowcodefml, acceptedVersions=[40,)]]
[11:29:14] [main/DEBUG] [ne.mi.fm.lo.mo.ModFileParser/LOADING]: Considering mod file candidate C:\Users\Rinsing\.gradle\caches\forge_gradle\deobf_dependencies\local\cristellib\cristellib\1.1.6_mapped_official_1.20.1\cristellib-1.1.6_mapped_official_1.20.1.jar
[11:29:14] [main/DEBUG] [ne.mi.fm.lo.mo.ModFileInfo/LOADING]: Found valid mod file cristellib-1.1.6_mapped_official_1.20.1.jar with {cristellib} mods - versions {1.1.6}
[11:29:14] [main/DEBUG] [ne.mi.fm.lo.mo.ModFile/LOADING]: Loading mod file C:\Users\Rinsing\.gradle\caches\forge_gradle\deobf_dependencies\local\cristellib\cristellib\1.1.6_mapped_official_1.20.1\cristellib-1.1.6_mapped_official_1.20.1.jar with languages [LanguageSpec[languageName=javafml, acceptedVersions=[47,)]]
[11:29:14] [main/DEBUG] [ne.mi.fm.lo.mo.ModFileParser/LOADING]: Considering mod file candidate C:\Users\Rinsing\.gradle\caches\forge_gradle\deobf_dependencies\local\roadweaver\roadweaver-forge\2.3.0-1.20.1_mapped_official_1.20.1\roadweaver-forge-2.3.0-1.20.1_mapped_official_1.20.1.jar
[11:29:14] [main/DEBUG] [ne.mi.fm.lo.mo.ModFileInfo/LOADING]: Found valid mod file roadweaver-forge-2.3.0-1.20.1_mapped_official_1.20.1.jar with {roadweaver} mods - versions {2.2.2-1.20.1}
[11:29:14] [main/DEBUG] [ne.mi.fm.lo.mo.ModFile/LOADING]: Loading mod file C:\Users\Rinsing\.gradle\caches\forge_gradle\deobf_dependencies\local\roadweaver\roadweaver-forge\2.3.0-1.20.1_mapped_official_1.20.1\roadweaver-forge-2.3.0-1.20.1_mapped_official_1.20.1.jar with languages [LanguageSpec[languageName=javafml, acceptedVersions=[47,)]]
[11:29:14] [main/DEBUG] [ne.mi.fm.lo.mo.ModFile/LOADING]: Loading mod file  with languages []
[11:29:14] [main/DEBUG] [ne.mi.fm.lo.mo.ModFile/LOADING]: Loading mod file  with languages []
[11:29:14] [main/DEBUG] [ne.mi.fm.lo.mo.ModFile/LOADING]: Loading mod file  with languages []
[11:29:14] [main/DEBUG] [ne.mi.fm.lo.mo.ModFile/LOADING]: Loading mod file  with languages []
[11:29:14] [main/DEBUG] [cp.mo.mo.TransformationServiceDecorator/MODLAUNCHER]: End scan trigger - transformation service fml
[11:29:14] [main/DEBUG] [ne.mi.fm.lo.LanguageLoadingProvider/CORE]: Found 3 language providers
[11:29:14] [main/DEBUG] [ne.mi.fm.lo.LanguageLoadingProvider/CORE]: Found language provider minecraft, version 1.0
[11:29:14] [main/DEBUG] [ne.mi.fm.lo.LanguageLoadingProvider/CORE]: Found language provider lowcodefml, version 47
[11:29:14] [main/DEBUG] [ne.mi.fm.lo.LanguageLoadingProvider/CORE]: Found language provider javafml, version 47
[11:29:14] [main/DEBUG] [ne.mi.fm.lo.UniqueModListBuilder/]: Found 2 mods for first modid jankson, selecting most recent based on version data
[11:29:14] [main/DEBUG] [ne.mi.fm.lo.UniqueModListBuilder/]: Selected file jankson-1.2.3.jar for modid jankson with version 0.0NONE
[11:29:14] [main/DEBUG] [ne.mi.fm.lo.UniqueModListBuilder/]: Found 2 mods for first modid org.lwjgl.opencl, selecting most recent based on version data
[11:29:14] [main/DEBUG] [ne.mi.fm.lo.UniqueModListBuilder/]: Selected file lwjgl-opencl-3.3.1.jar for modid org.lwjgl.opencl with version build 7
[11:29:14] [main/DEBUG] [ne.mi.fm.lo.ModSorter/]: Configured system mods: [minecraft, forge]
[11:29:14] [main/DEBUG] [ne.mi.fm.lo.ModSorter/]: Found system mod: minecraft
[11:29:14] [main/DEBUG] [ne.mi.fm.lo.ModSorter/]: Found system mod: forge
[11:29:14] [main/DEBUG] [ne.mi.fm.lo.ModSorter/LOADING]: Found 20 mod requirements (15 mandatory, 5 optional)
[11:29:14] [main/DEBUG] [ne.mi.fm.lo.ModSorter/LOADING]: Found 0 mod requirements missing (0 mandatory, 0 optional)
[11:29:15] [main/DEBUG] [ne.mi.fm.lo.MCPNamingService/CORE]: Loaded 33222 method mappings from methods.csv
[11:29:15] [main/DEBUG] [ne.mi.fm.lo.MCPNamingService/CORE]: Loaded 31003 field mappings from fields.csv
[11:29:15] [main/DEBUG] [cp.mo.mo.TransformationServicesHandler/MODLAUNCHER]: Transformation services loading transformers
[11:29:15] [main/DEBUG] [cp.mo.mo.TransformationServiceDecorator/MODLAUNCHER]: Initializing transformers for transformation service mixin
[11:29:15] [main/DEBUG] [cp.mo.mo.TransformationServiceDecorator/MODLAUNCHER]: Initialized transformers for transformation service mixin
[11:29:15] [main/DEBUG] [cp.mo.mo.TransformationServiceDecorator/MODLAUNCHER]: Initializing transformers for transformation service fml
[11:29:15] [main/DEBUG] [ne.mi.fm.lo.FMLServiceProvider/CORE]: Loading coremod transformers
[11:29:15] [main/DEBUG] [ne.mi.co.CoreModEngine/COREMOD]: Loading CoreMod from coremods/field_to_method.js
[11:29:16] [main/DEBUG] [ne.mi.co.CoreModEngine/COREMOD]: CoreMod loaded successfully
[11:29:16] [main/DEBUG] [ne.mi.co.CoreModEngine/COREMOD]: Loading CoreMod from coremods/field_to_instanceof.js
[11:29:16] [main/DEBUG] [ne.mi.co.CoreModEngine/COREMOD]: CoreMod loaded successfully
[11:29:16] [main/DEBUG] [ne.mi.co.CoreModEngine/COREMOD]: Loading CoreMod from coremods/add_bouncer_method.js
[11:29:16] [main/DEBUG] [ne.mi.co.CoreModEngine/COREMOD]: CoreMod loaded successfully
[11:29:16] [main/DEBUG] [ne.mi.co.CoreModEngine/COREMOD]: Loading CoreMod from coremods/method_redirector.js
[11:29:16] [main/DEBUG] [ne.mi.co.CoreModEngine/COREMOD]: CoreMod loaded successfully
[11:29:16] [main/DEBUG] [cp.mo.mo.TransformStore/MODLAUNCHER]: Adding transformer net.minecraftforge.coremod.transformer.CoreModClassTransformer@77f905e3 to Target : CLASS {Lnet/minecraft/world/level/biome/Biome;} {} {V}
[11:29:16] [main/DEBUG] [cp.mo.mo.TransformStore/MODLAUNCHER]: Adding transformer net.minecraftforge.coremod.transformer.CoreModClassTransformer@6e3eb0cd to Target : CLASS {Lnet/minecraft/world/level/levelgen/structure/Structure;} {} {V}
[11:29:16] [main/DEBUG] [cp.mo.mo.TransformStore/MODLAUNCHER]: Adding transformer net.minecraftforge.coremod.transformer.CoreModClassTransformer@463561c5 to Target : CLASS {Lnet/minecraft/world/effect/MobEffectInstance;} {} {V}
[11:29:16] [main/DEBUG] [cp.mo.mo.TransformStore/MODLAUNCHER]: Adding transformer net.minecraftforge.coremod.transformer.CoreModClassTransformer@659feb22 to Target : CLASS {Lnet/minecraft/world/level/block/LiquidBlock;} {} {V}
[11:29:16] [main/DEBUG] [cp.mo.mo.TransformStore/MODLAUNCHER]: Adding transformer net.minecraftforge.coremod.transformer.CoreModClassTransformer@3468ee6e to Target : CLASS {Lnet/minecraft/world/item/BucketItem;} {} {V}
[11:29:16] [main/DEBUG] [cp.mo.mo.TransformStore/MODLAUNCHER]: Adding transformer net.minecraftforge.coremod.transformer.CoreModClassTransformer@2f4b98f6 to Target : CLASS {Lnet/minecraft/world/level/block/StairBlock;} {} {V}
[11:29:16] [main/DEBUG] [cp.mo.mo.TransformStore/MODLAUNCHER]: Adding transformer net.minecraftforge.coremod.transformer.CoreModClassTransformer@421def93 to Target : CLASS {Lnet/minecraft/world/level/block/FlowerPotBlock;} {} {V}
[11:29:16] [main/DEBUG] [cp.mo.mo.TransformStore/MODLAUNCHER]: Adding transformer net.minecraftforge.coremod.transformer.CoreModClassTransformer@58c1da09 to Target : CLASS {Lnet/minecraft/world/item/ItemStack;} {} {V}
[11:29:16] [main/DEBUG] [cp.mo.mo.TransformStore/MODLAUNCHER]: Adding transformer net.minecraftforge.coremod.transformer.CoreModClassTransformer@2b2954e1 to Target : CLASS {Lnet/minecraft/network/play/client/CClientSettingsPacket;} {} {V}
[11:29:16] [main/DEBUG] [cp.mo.mo.TransformStore/MODLAUNCHER]: Adding transformer net.minecraftforge.coremod.transformer.CoreModClassTransformer@58d6e55a to Target : CLASS {Lnet/minecraft/world/level/NaturalSpawner;} {} {V}
[11:29:16] [main/DEBUG] [cp.mo.mo.TransformStore/MODLAUNCHER]: Adding transformer net.minecraftforge.coremod.transformer.CoreModClassTransformer@58d6e55a to Target : CLASS {Lnet/minecraft/server/commands/SummonCommand;} {} {V}
[11:29:16] [main/DEBUG] [cp.mo.mo.TransformStore/MODLAUNCHER]: Adding transformer net.minecraftforge.coremod.transformer.CoreModClassTransformer@58d6e55a to Target : CLASS {Lnet/minecraft/world/entity/animal/frog/Tadpole;} {} {V}
[11:29:16] [main/DEBUG] [cp.mo.mo.TransformStore/MODLAUNCHER]: Adding transformer net.minecraftforge.coremod.transformer.CoreModClassTransformer@58d6e55a to Target : CLASS {Lnet/minecraft/world/entity/raid/Raid;} {} {V}
[11:29:16] [main/DEBUG] [cp.mo.mo.TransformStore/MODLAUNCHER]: Adding transformer net.minecraftforge.coremod.transformer.CoreModClassTransformer@58d6e55a to Target : CLASS {Lnet/minecraft/world/entity/monster/Strider;} {} {V}
[11:29:16] [main/DEBUG] [cp.mo.mo.TransformStore/MODLAUNCHER]: Adding transformer net.minecraftforge.coremod.transformer.CoreModClassTransformer@58d6e55a to Target : CLASS {Lnet/minecraft/world/level/levelgen/PatrolSpawner;} {} {V}
[11:29:16] [main/DEBUG] [cp.mo.mo.TransformStore/MODLAUNCHER]: Adding transformer net.minecraftforge.coremod.transformer.CoreModClassTransformer@58d6e55a to Target : CLASS {Lnet/minecraft/world/entity/npc/CatSpawner;} {} {V}
[11:29:16] [main/DEBUG] [cp.mo.mo.TransformStore/MODLAUNCHER]: Adding transformer net.minecraftforge.coremod.transformer.CoreModClassTransformer@58d6e55a to Target : CLASS {Lnet/minecraft/world/entity/EntityType;} {} {V}
[11:29:16] [main/DEBUG] [cp.mo.mo.TransformStore/MODLAUNCHER]: Adding transformer net.minecraftforge.coremod.transformer.CoreModClassTransformer@58d6e55a to Target : CLASS {Lnet/minecraft/world/level/levelgen/structure/structures/WoodlandMansionPieces$WoodlandMansionPiece;} {} {V}
[11:29:16] [main/DEBUG] [cp.mo.mo.TransformStore/MODLAUNCHER]: Adding transformer net.minecraftforge.coremod.transformer.CoreModClassTransformer@58d6e55a to Target : CLASS {Lnet/minecraft/world/level/levelgen/PhantomSpawner;} {} {V}
[11:29:16] [main/DEBUG] [cp.mo.mo.TransformStore/MODLAUNCHER]: Adding transformer net.minecraftforge.coremod.transformer.CoreModClassTransformer@58d6e55a to Target : CLASS {Lnet/minecraft/world/level/levelgen/structure/structures/OceanRuinPieces$OceanRuinPiece;} {} {V}
[11:29:16] [main/DEBUG] [cp.mo.mo.TransformStore/MODLAUNCHER]: Adding transformer net.minecraftforge.coremod.transformer.CoreModClassTransformer@58d6e55a to Target : CLASS {Lnet/minecraft/world/entity/ai/village/VillageSiege;} {} {V}
[11:29:16] [main/DEBUG] [cp.mo.mo.TransformStore/MODLAUNCHER]: Adding transformer net.minecraftforge.coremod.transformer.CoreModClassTransformer@58d6e55a to Target : CLASS {Lnet/minecraft/world/entity/animal/horse/SkeletonTrapGoal;} {} {V}
[11:29:16] [main/DEBUG] [cp.mo.mo.TransformStore/MODLAUNCHER]: Adding transformer net.minecraftforge.coremod.transformer.CoreModClassTransformer@58d6e55a to Target : CLASS {Lnet/minecraft/world/entity/monster/ZombieVillager;} {} {V}
[11:29:16] [main/DEBUG] [cp.mo.mo.TransformStore/MODLAUNCHER]: Adding transformer net.minecraftforge.coremod.transformer.CoreModClassTransformer@58d6e55a to Target : CLASS {Lnet/minecraft/world/level/levelgen/structure/templatesystem/StructureTemplate;} {} {V}
[11:29:16] [main/DEBUG] [cp.mo.mo.TransformStore/MODLAUNCHER]: Adding transformer net.minecraftforge.coremod.transformer.CoreModClassTransformer@58d6e55a to Target : CLASS {Lnet/minecraft/server/commands/RaidCommand;} {} {V}
[11:29:16] [main/DEBUG] [cp.mo.mo.TransformStore/MODLAUNCHER]: Adding transformer net.minecraftforge.coremod.transformer.CoreModClassTransformer@58d6e55a to Target : CLASS {Lnet/minecraft/world/level/levelgen/structure/structures/SwampHutPiece;} {} {V}
[11:29:16] [main/DEBUG] [cp.mo.mo.TransformStore/MODLAUNCHER]: Adding transformer net.minecraftforge.coremod.transformer.CoreModClassTransformer@58d6e55a to Target : CLASS {Lnet/minecraft/world/entity/npc/Villager;} {} {V}
[11:29:16] [main/DEBUG] [cp.mo.mo.TransformStore/MODLAUNCHER]: Adding transformer net.minecraftforge.coremod.transformer.CoreModClassTransformer@58d6e55a to Target : CLASS {Lnet/minecraft/world/level/levelgen/structure/structures/OceanMonumentPieces$OceanMonumentPiece;} {} {V}
[11:29:16] [main/DEBUG] [cp.mo.mo.TransformStore/MODLAUNCHER]: Adding transformer net.minecraftforge.coremod.transformer.CoreModClassTransformer@58d6e55a to Target : CLASS {Lnet/minecraft/world/entity/monster/Evoker$EvokerSummonSpellGoal;} {} {V}
[11:29:16] [main/DEBUG] [cp.mo.mo.TransformStore/MODLAUNCHER]: Adding transformer net.minecraftforge.coremod.transformer.CoreModClassTransformer@58d6e55a to Target : CLASS {Lnet/minecraft/world/entity/monster/Spider;} {} {V}
[11:29:16] [main/DEBUG] [cp.mo.mo.TransformStore/MODLAUNCHER]: Adding transformer net.minecraftforge.coremod.transformer.CoreModClassTransformer@58d6e55a to Target : CLASS {Lnet/minecraft/world/entity/monster/Zombie;} {} {V}
[11:29:16] [main/DEBUG] [cp.mo.mo.TransformationServiceDecorator/MODLAUNCHER]: Initialized transformers for transformation service fml
[11:29:18] [main/DEBUG] [mixin/]: Processing prepare() for PlatformAgent[MixinPlatformAgentDefault:ModLauncher Root Container(ModLauncher:4f56a0a2)]
[11:29:18] [main/DEBUG] [mixin/]: Processing launch tasks for PlatformAgent[MixinPlatformAgentDefault:ModLauncher Root Container(ModLauncher:4f56a0a2)]
[11:29:18] [main/DEBUG] [mixin/]: Adding mixin platform agents for container SecureJarResource(minecraft)
[11:29:18] [main/DEBUG] [mixin/]: Instancing new MixinPlatformAgentMinecraftForge for SecureJarResource(minecraft)
[11:29:18] [main/DEBUG] [mixin/]: MixinPlatformAgentMinecraftForge rejected container SecureJarResource(minecraft)
[11:29:18] [main/DEBUG] [mixin/]: Instancing new MixinPlatformAgentDefault for SecureJarResource(minecraft)
[11:29:18] [main/DEBUG] [mixin/]: MixinPlatformAgentDefault accepted container SecureJarResource(minecraft)
[11:29:18] [main/DEBUG] [mixin/]: Processing prepare() for PlatformAgent[MixinPlatformAgentDefault:SecureJarResource(minecraft)]
[11:29:18] [main/DEBUG] [mixin/]: Adding mixin platform agents for container SecureJarResource(mr_epicterrain)
[11:29:18] [main/DEBUG] [mixin/]: Instancing new MixinPlatformAgentMinecraftForge for SecureJarResource(mr_epicterrain)
[11:29:18] [main/DEBUG] [mixin/]: MixinPlatformAgentMinecraftForge rejected container SecureJarResource(mr_epicterrain)
[11:29:18] [main/DEBUG] [mixin/]: Instancing new MixinPlatformAgentDefault for SecureJarResource(mr_epicterrain)
[11:29:18] [main/DEBUG] [mixin/]: MixinPlatformAgentDefault accepted container SecureJarResource(mr_epicterrain)
[11:29:18] [main/DEBUG] [mixin/]: Processing prepare() for PlatformAgent[MixinPlatformAgentDefault:SecureJarResource(mr_epicterrain)]
[11:29:18] [main/DEBUG] [mixin/]: Adding mixin platform agents for container SecureJarResource(worldedit)
[11:29:18] [main/DEBUG] [mixin/]: Instancing new MixinPlatformAgentMinecraftForge for SecureJarResource(worldedit)
[11:29:18] [main/DEBUG] [mixin/]: MixinPlatformAgentMinecraftForge rejected container SecureJarResource(worldedit)
[11:29:18] [main/DEBUG] [mixin/]: Instancing new MixinPlatformAgentDefault for SecureJarResource(worldedit)
[11:29:18] [main/DEBUG] [mixin/]: MixinPlatformAgentDefault accepted container SecureJarResource(worldedit)
[11:29:18] [main/DEBUG] [mixin/]: Processing prepare() for PlatformAgent[MixinPlatformAgentDefault:SecureJarResource(worldedit)]
[11:29:18] [main/DEBUG] [mixin/]: Adding mixin platform agents for container SecureJarResource(architectury)
[11:29:18] [main/DEBUG] [mixin/]: Instancing new MixinPlatformAgentMinecraftForge for SecureJarResource(architectury)
[11:29:18] [main/DEBUG] [mixin/]: MixinPlatformAgentMinecraftForge rejected container SecureJarResource(architectury)
[11:29:18] [main/DEBUG] [mixin/]: Instancing new MixinPlatformAgentDefault for SecureJarResource(architectury)
[11:29:18] [main/DEBUG] [mixin/]: MixinPlatformAgentDefault accepted container SecureJarResource(architectury)
[11:29:18] [main/DEBUG] [mixin/]: Processing prepare() for PlatformAgent[MixinPlatformAgentDefault:SecureJarResource(architectury)]
[11:29:18] [main/DEBUG] [mixin/]: Registering mixin config: architectury.mixins.json
[11:29:18] [main/DEBUG] [mixin/]: Registering mixin config: architectury-common.mixins.json
[11:29:18] [main/DEBUG] [mixin/]: Adding mixin platform agents for container SecureJarResource(cloth_config)
[11:29:18] [main/DEBUG] [mixin/]: Instancing new MixinPlatformAgentMinecraftForge for SecureJarResource(cloth_config)
[11:29:18] [main/DEBUG] [mixin/]: MixinPlatformAgentMinecraftForge rejected container SecureJarResource(cloth_config)
[11:29:18] [main/DEBUG] [mixin/]: Instancing new MixinPlatformAgentDefault for SecureJarResource(cloth_config)
[11:29:18] [main/DEBUG] [mixin/]: MixinPlatformAgentDefault accepted container SecureJarResource(cloth_config)
[11:29:18] [main/DEBUG] [mixin/]: Processing prepare() for PlatformAgent[MixinPlatformAgentDefault:SecureJarResource(cloth_config)]
[11:29:18] [main/DEBUG] [mixin/]: Adding mixin platform agents for container SecureJarResource(forge)
[11:29:18] [main/DEBUG] [mixin/]: Instancing new MixinPlatformAgentMinecraftForge for SecureJarResource(forge)
[11:29:18] [main/DEBUG] [mixin/]: MixinPlatformAgentMinecraftForge rejected container SecureJarResource(forge)
[11:29:18] [main/DEBUG] [mixin/]: Instancing new MixinPlatformAgentDefault for SecureJarResource(forge)
[11:29:18] [main/DEBUG] [mixin/]: MixinPlatformAgentDefault accepted container SecureJarResource(forge)
[11:29:18] [main/DEBUG] [mixin/]: Processing prepare() for PlatformAgent[MixinPlatformAgentDefault:SecureJarResource(forge)]
[11:29:18] [main/DEBUG] [mixin/]: Adding mixin platform agents for container SecureJarResource(t_and_t)
[11:29:18] [main/DEBUG] [mixin/]: Instancing new MixinPlatformAgentMinecraftForge for SecureJarResource(t_and_t)
[11:29:18] [main/DEBUG] [mixin/]: MixinPlatformAgentMinecraftForge rejected container SecureJarResource(t_and_t)
[11:29:18] [main/DEBUG] [mixin/]: Instancing new MixinPlatformAgentDefault for SecureJarResource(t_and_t)
[11:29:18] [main/DEBUG] [mixin/]: MixinPlatformAgentDefault accepted container SecureJarResource(t_and_t)
[11:29:18] [main/DEBUG] [mixin/]: Processing prepare() for PlatformAgent[MixinPlatformAgentDefault:SecureJarResource(t_and_t)]
[11:29:18] [main/DEBUG] [mixin/]: Adding mixin platform agents for container SecureJarResource(mr_trek)
[11:29:18] [main/DEBUG] [mixin/]: Instancing new MixinPlatformAgentMinecraftForge for SecureJarResource(mr_trek)
[11:29:18] [main/DEBUG] [mixin/]: MixinPlatformAgentMinecraftForge rejected container SecureJarResource(mr_trek)
[11:29:18] [main/DEBUG] [mixin/]: Instancing new MixinPlatformAgentDefault for SecureJarResource(mr_trek)
[11:29:18] [main/DEBUG] [mixin/]: MixinPlatformAgentDefault accepted container SecureJarResource(mr_trek)
[11:29:18] [main/DEBUG] [mixin/]: Processing prepare() for PlatformAgent[MixinPlatformAgentDefault:SecureJarResource(mr_trek)]
[11:29:18] [main/DEBUG] [mixin/]: Adding mixin platform agents for container SecureJarResource(roadweaver)
[11:29:18] [main/DEBUG] [mixin/]: Instancing new MixinPlatformAgentMinecraftForge for SecureJarResource(roadweaver)
[11:29:18] [main/DEBUG] [mixin/]: MixinPlatformAgentMinecraftForge rejected container SecureJarResource(roadweaver)
[11:29:18] [main/DEBUG] [mixin/]: Instancing new MixinPlatformAgentDefault for SecureJarResource(roadweaver)
[11:29:18] [main/DEBUG] [mixin/]: MixinPlatformAgentDefault accepted container SecureJarResource(roadweaver)
[11:29:18] [main/DEBUG] [mixin/]: Processing prepare() for PlatformAgent[MixinPlatformAgentDefault:SecureJarResource(roadweaver)]
[11:29:18] [main/DEBUG] [mixin/]: Registering mixin config: roadweaver.mixins.json
[11:29:18] [main/DEBUG] [mixin/]: Compatibility level JAVA_17 specified by roadweaver.mixins.json is higher than the maximum level supported by this version of mixin (JAVA_13).
[11:29:18] [main/INFO] [mixin/]: Compatibility level set to JAVA_17
[11:29:18] [main/DEBUG] [mixin/]: Adding mixin platform agents for container SecureJarResource(geomantia)
[11:29:18] [main/DEBUG] [mixin/]: Instancing new MixinPlatformAgentMinecraftForge for SecureJarResource(geomantia)
[11:29:18] [main/DEBUG] [mixin/]: MixinPlatformAgentMinecraftForge rejected container SecureJarResource(geomantia)
[11:29:18] [main/DEBUG] [mixin/]: Instancing new MixinPlatformAgentDefault for SecureJarResource(geomantia)
[11:29:18] [main/DEBUG] [mixin/]: MixinPlatformAgentDefault accepted container SecureJarResource(geomantia)
[11:29:18] [main/DEBUG] [mixin/]: Processing prepare() for PlatformAgent[MixinPlatformAgentDefault:SecureJarResource(geomantia)]
[11:29:18] [main/DEBUG] [mixin/]: Registering mixin config: geomantia.mixins.json
[11:29:18] [main/DEBUG] [mixin/]: Adding mixin platform agents for container SecureJarResource(cristellib)
[11:29:18] [main/DEBUG] [mixin/]: Instancing new MixinPlatformAgentMinecraftForge for SecureJarResource(cristellib)
[11:29:18] [main/DEBUG] [mixin/]: MixinPlatformAgentMinecraftForge rejected container SecureJarResource(cristellib)
[11:29:18] [main/DEBUG] [mixin/]: Instancing new MixinPlatformAgentDefault for SecureJarResource(cristellib)
[11:29:18] [main/DEBUG] [mixin/]: MixinPlatformAgentDefault accepted container SecureJarResource(cristellib)
[11:29:18] [main/DEBUG] [mixin/]: Processing prepare() for PlatformAgent[MixinPlatformAgentDefault:SecureJarResource(cristellib)]
[11:29:18] [main/DEBUG] [mixin/]: Registering mixin config: cristellib-common.mixins.json
[11:29:18] [main/DEBUG] [mixin/]: Registering mixin config: cristellib.mixins.json
[11:29:18] [main/DEBUG] [mixin/]: Adding mixin platform agents for container SecureJarResource(jankson)
[11:29:18] [main/DEBUG] [mixin/]: Instancing new MixinPlatformAgentMinecraftForge for SecureJarResource(jankson)
[11:29:18] [main/DEBUG] [mixin/]: MixinPlatformAgentMinecraftForge rejected container SecureJarResource(jankson)
[11:29:18] [main/DEBUG] [mixin/]: Instancing new MixinPlatformAgentDefault for SecureJarResource(jankson)
[11:29:18] [main/DEBUG] [mixin/]: MixinPlatformAgentDefault accepted container SecureJarResource(jankson)
[11:29:18] [main/DEBUG] [mixin/]: Processing prepare() for PlatformAgent[MixinPlatformAgentDefault:SecureJarResource(jankson)]
[11:29:18] [main/DEBUG] [mixin/]: Adding mixin platform agents for container SecureJarResource(org.lwjgl.opencl)
[11:29:18] [main/DEBUG] [mixin/]: Instancing new MixinPlatformAgentMinecraftForge for SecureJarResource(org.lwjgl.opencl)
[11:29:18] [main/DEBUG] [mixin/]: MixinPlatformAgentMinecraftForge rejected container SecureJarResource(org.lwjgl.opencl)
[11:29:18] [main/DEBUG] [mixin/]: Instancing new MixinPlatformAgentDefault for SecureJarResource(org.lwjgl.opencl)
[11:29:18] [main/DEBUG] [mixin/]: MixinPlatformAgentDefault accepted container SecureJarResource(org.lwjgl.opencl)
[11:29:18] [main/DEBUG] [mixin/]: Processing prepare() for PlatformAgent[MixinPlatformAgentDefault:SecureJarResource(org.lwjgl.opencl)]
[11:29:18] [main/DEBUG] [mixin/]: inject() running with 14 agents
[11:29:18] [main/DEBUG] [mixin/]: Processing inject() for PlatformAgent[MixinPlatformAgentDefault:ModLauncher Root Container(ModLauncher:4f56a0a2)]
[11:29:18] [main/DEBUG] [mixin/]: Processing inject() for PlatformAgent[MixinPlatformAgentDefault:SecureJarResource(minecraft)]
[11:29:18] [main/DEBUG] [mixin/]: Processing inject() for PlatformAgent[MixinPlatformAgentDefault:SecureJarResource(mr_epicterrain)]
[11:29:18] [main/DEBUG] [mixin/]: Processing inject() for PlatformAgent[MixinPlatformAgentDefault:SecureJarResource(worldedit)]
[11:29:18] [main/DEBUG] [mixin/]: Processing inject() for PlatformAgent[MixinPlatformAgentDefault:SecureJarResource(architectury)]
[11:29:18] [main/DEBUG] [mixin/]: Processing inject() for PlatformAgent[MixinPlatformAgentDefault:SecureJarResource(cloth_config)]
[11:29:18] [main/DEBUG] [mixin/]: Processing inject() for PlatformAgent[MixinPlatformAgentDefault:SecureJarResource(forge)]
[11:29:18] [main/DEBUG] [mixin/]: Processing inject() for PlatformAgent[MixinPlatformAgentDefault:SecureJarResource(t_and_t)]
[11:29:18] [main/DEBUG] [mixin/]: Processing inject() for PlatformAgent[MixinPlatformAgentDefault:SecureJarResource(mr_trek)]
[11:29:18] [main/DEBUG] [mixin/]: Processing inject() for PlatformAgent[MixinPlatformAgentDefault:SecureJarResource(roadweaver)]
[11:29:18] [main/DEBUG] [mixin/]: Processing inject() for PlatformAgent[MixinPlatformAgentDefault:SecureJarResource(geomantia)]
[11:29:18] [main/DEBUG] [mixin/]: Processing inject() for PlatformAgent[MixinPlatformAgentDefault:SecureJarResource(cristellib)]
[11:29:18] [main/DEBUG] [mixin/]: Processing inject() for PlatformAgent[MixinPlatformAgentDefault:SecureJarResource(jankson)]
[11:29:18] [main/DEBUG] [mixin/]: Processing inject() for PlatformAgent[MixinPlatformAgentDefault:SecureJarResource(org.lwjgl.opencl)]
[11:29:18] [main/INFO] [cp.mo.mo.LaunchServiceHandler/MODLAUNCHER]: Launching target 'forgeclientuserdev' with arguments [--version, MOD_DEV, --gameDir, ., --assetsDir, C:\Users\Rinsing\.gradle\caches\forge_gradle\assets, --assetIndex, 5]
[11:29:19] [main/DEBUG] [mixin/]: Error cleaning class output directory: .mixin.out
[11:29:19] [main/DEBUG] [mixin/]: Preparing mixins for MixinEnvironment[DEFAULT]
[11:29:19] [main/DEBUG] [mixin/]: Selecting config architectury.mixins.json
[11:29:19] [main/INFO] [mixin/]: Remapping refMap architectury-forge-refmap.json using E:\Mod_Dev\StructureBinder\build/createSrgToMcp/output.srg
[11:29:19] [main/DEBUG] [mixin/]: Selecting config architectury-common.mixins.json
[11:29:19] [main/INFO] [mixin/]: Remapping refMap architectury-common-refmap.json using E:\Mod_Dev\StructureBinder\build/createSrgToMcp/output.srg
[11:29:19] [main/DEBUG] [mixin/]: Selecting config roadweaver.mixins.json
[11:29:19] [main/INFO] [mixin/]: Remapping refMap roadweaver-forge-forge-refmap.json using E:\Mod_Dev\StructureBinder\build/createSrgToMcp/output.srg
[11:29:19] [main/DEBUG] [mixin/]: Selecting config geomantia.mixins.json
[11:29:19] [main/DEBUG] [mixin/]: Selecting config cristellib-common.mixins.json
[11:29:19] [main/INFO] [mixin/]: Remapping refMap cristellib-common-refmap.json using E:\Mod_Dev\StructureBinder\build/createSrgToMcp/output.srg
[11:29:19] [main/DEBUG] [mixin/]: Selecting config cristellib.mixins.json
[11:29:19] [main/WARN] [mixin/]: Reference map 'cristellib-forge-refmap.json' for cristellib.mixins.json could not be read. If this is a development environment you can ignore this message
[11:29:19] [main/DEBUG] [mixin/]: Preparing architectury.mixins.json (9)
[11:29:19] [main/DEBUG] [mixin/]: Preparing architectury-common.mixins.json (10)
[11:29:19] [main/DEBUG] [ne.mi.co.tr.CoreModBaseTransformer/COREMOD]: Transforming net/minecraft/world/item/BucketItem
[11:29:19] [main/DEBUG] [ne.mi.co.tr.CoreModBaseTransformer/COREMOD]: Transforming net/minecraft/world/entity/EntityType
[11:29:19] [main/DEBUG] [ne.mi.co.tr.CoreModBaseTransformer/COREMOD]: Transforming net/minecraft/world/level/block/LiquidBlock
[11:29:19] [main/DEBUG] [mixin/]: Preparing roadweaver.mixins.json (17)
[11:29:19] [main/DEBUG] [ne.mi.co.tr.CoreModBaseTransformer/COREMOD]: Transforming net/minecraft/world/level/biome/Biome
[11:29:19] [main/DEBUG] [mixin/]: Preparing geomantia.mixins.json (4)
[11:29:19] [main/DEBUG] [mixin/]: Preparing cristellib-common.mixins.json (1)
[11:29:19] [main/DEBUG] [mixin/]: Preparing cristellib.mixins.json (0)
[11:29:19] [main/DEBUG] [mixin/]: Registering new injector for @Inject with org.spongepowered.asm.mixin.injection.struct.CallbackInjectionInfo
[11:29:19] [main/DEBUG] [mixin/]: Registering new injector for @ModifyArg with org.spongepowered.asm.mixin.injection.struct.ModifyArgInjectionInfo
[11:29:19] [main/DEBUG] [mixin/]: Registering new injector for @ModifyArgs with org.spongepowered.asm.mixin.injection.struct.ModifyArgsInjectionInfo
[11:29:19] [main/DEBUG] [mixin/]: Registering new injector for @Redirect with org.spongepowered.asm.mixin.injection.struct.RedirectInjectionInfo
[11:29:19] [main/DEBUG] [mixin/]: Registering new injector for @ModifyVariable with org.spongepowered.asm.mixin.injection.struct.ModifyVariableInjectionInfo
[11:29:19] [main/DEBUG] [mixin/]: Registering new injector for @ModifyConstant with org.spongepowered.asm.mixin.injection.struct.ModifyConstantInjectionInfo
[11:29:19] [main/DEBUG] [mixin/]: Prepared 36 mixins in 0.831 sec (23.1ms avg) (0ms load, 0ms transform, 0ms plugin)
[11:29:20] [main/DEBUG] [io.ne.ut.in.lo.InternalLoggerFactory/]: Using SLF4J as the default logging framework
[11:29:20] [main/DEBUG] [io.ne.ut.ResourceLeakDetector/]: -Dio.netty.leakDetection.level: simple
[11:29:20] [main/DEBUG] [io.ne.ut.ResourceLeakDetector/]: -Dio.netty.leakDetection.targetRecords: 4
[11:29:20] [main/DEBUG] [os.ut.FileUtil/]: No oshi.properties file found from ClassLoader cpw.mods.modlauncher.TransformingClassLoader@39c96e48
[11:29:21] [main/DEBUG] [os.ut.FileUtil/]: No oshi.architecture.properties file found from ClassLoader cpw.mods.modlauncher.TransformingClassLoader@39c96e48
[11:29:21] [main/WARN] [os.dr.wi.pe.PerfmonDisabled/]: Invalid registry value type detected for PerfOS counters. Should be REG_DWORD. Ignoring: HKEY_LOCAL_MACHINE\SYSTEM\CurrentControlSet\Services\PerfOS\Performance\Disable Performance Counters.
[11:29:21] [pool-3-thread-1/DEBUG] [mixin/]: Mixing inject.MixinGameEvent from architectury-common.mixins.json into net.minecraft.world.level.gameevent.GameEvent
[11:29:22] [pool-3-thread-1/DEBUG] [mixin/]: Mixing inject.MixinBlock from architectury-common.mixins.json into net.minecraft.world.level.block.Block
[11:29:22] [pool-3-thread-1/DEBUG] [mixin/]: Mixing forge.ServerLevelStructureMixin from roadweaver.mixins.json into net.minecraft.server.level.ServerLevel
[11:29:22] [pool-3-thread-1/DEBUG] [mixin/]: Mixing inject.MixinFluid from architectury-common.mixins.json into net.minecraft.world.level.material.Fluid
[11:29:22] [pool-3-thread-1/DEBUG] [mixin/]: Mixing inject.MixinItem from architectury-common.mixins.json into net.minecraft.world.item.Item
[11:29:22] [pool-3-thread-1/DEBUG] [ne.mi.co.tr.CoreModBaseTransformer/COREMOD]: Transforming net/minecraft/world/entity/EntityType
[11:29:23] [pool-3-thread-1/DEBUG] [mixin/]: Mixing inject.MixinEntityType from architectury-common.mixins.json into net.minecraft.world.entity.EntityType
[11:29:23] [pool-3-thread-1/DEBUG] [ne.mi.co.tr.CoreModBaseTransformer/COREMOD]: Transforming net/minecraft/world/level/block/LiquidBlock
[11:29:23] [pool-3-thread-1/DEBUG] [mixin/]: Mixing inject.MixinLiquidBlock from architectury-common.mixins.json into net.minecraft.world.level.block.LiquidBlock
[11:29:23] [pool-3-thread-1/DEBUG] [ne.mi.co.tr.CoreModBaseTransformer/COREMOD]: Transforming net/minecraft/world/level/block/StairBlock
[11:29:23] [pool-3-thread-1/DEBUG] [ne.mi.co.tr.CoreModBaseTransformer/COREMOD]: Transforming net/minecraft/world/level/block/FlowerPotBlock
[11:29:23] [pool-3-thread-1/DEBUG] [mixin/]: Mixing MixinFallingBlockEntity from architectury.mixins.json into net.minecraft.world.entity.item.FallingBlockEntity
[11:29:24] [pool-3-thread-1/DEBUG] [ne.mi.co.tr.CoreModBaseTransformer/COREMOD]: Transforming net/minecraft/world/item/ItemStack
[11:29:25] [pool-3-thread-1/DEBUG] [mixin/]: Mixing MixinLightningBolt from architectury-common.mixins.json into net.minecraft.world.entity.LightningBolt
[11:29:25] [pool-3-thread-1/DEBUG] [ne.mi.co.tr.CoreModBaseTransformer/COREMOD]: Transforming net/minecraft/world/entity/animal/frog/Tadpole
[11:29:25] [pool-3-thread-1/DEBUG] [ne.mi.co.tr.CoreModBaseTransformer/COREMOD]: Transforming net/minecraft/world/item/BucketItem
[11:29:25] [pool-3-thread-1/DEBUG] [mixin/]: Mixing inject.MixinBucketItem from architectury-common.mixins.json into net.minecraft.world.item.BucketItem
[11:29:25] [pool-3-thread-1/DEBUG] [mixin/]: Mixing inject.MixinItemProperties from architectury-common.mixins.json into net.minecraft.world.item.Item$Properties
[11:29:26] [pool-3-thread-1/DEBUG] [ne.mi.co.tr.CoreModBaseTransformer/COREMOD]: Transforming net/minecraft/world/entity/monster/Spider
[11:29:27] [Datafixer Bootstrap/INFO] [mojang/DataFixerBuilder]: 188 Datafixer optimizations took 346 milliseconds
[11:29:27] [pool-3-thread-1/DEBUG] [ne.mi.co.tr.CoreModBaseTransformer/COREMOD]: Transforming net/minecraft/world/entity/monster/Zombie
[11:29:27] [pool-3-thread-1/DEBUG] [ne.mi.co.tr.CoreModBaseTransformer/COREMOD]: Transforming net/minecraft/world/entity/monster/ZombieVillager
[11:29:27] [pool-3-thread-1/DEBUG] [ne.mi.co.tr.CoreModBaseTransformer/COREMOD]: Transforming net/minecraft/world/entity/monster/Evoker$EvokerSummonSpellGoal
[11:29:27] [pool-3-thread-1/DEBUG] [ne.mi.co.tr.CoreModBaseTransformer/COREMOD]: Transforming net/minecraft/world/entity/animal/horse/SkeletonTrapGoal
[11:29:27] [pool-3-thread-1/DEBUG] [ne.mi.co.tr.CoreModBaseTransformer/COREMOD]: Transforming net/minecraft/world/entity/monster/Strider
[11:29:28] [pool-3-thread-1/DEBUG] [ne.mi.co.tr.CoreModBaseTransformer/COREMOD]: Transforming net/minecraft/world/entity/npc/Villager
[11:29:28] [pool-3-thread-1/DEBUG] [mixin/]: Mixing inject.MixinFoodPropertiesBuilder from architectury-common.mixins.json into net.minecraft.world.food.FoodProperties$Builder
[11:29:28] [pool-3-thread-1/DEBUG] [ne.mi.co.tr.CoreModBaseTransformer/COREMOD]: Transforming net/minecraft/world/effect/MobEffectInstance
[11:29:28] [pool-3-thread-1/DEBUG] [mixin/]: Mixing ChunkGeneratorStructureMaskMixin from geomantia.mixins.json into net.minecraft.world.level.chunk.ChunkGenerator
[11:29:28] [pool-3-thread-1/DEBUG] [mixin/]: Mixing forge.TreeFeatureMixin from roadweaver.mixins.json into net.minecraft.world.level.levelgen.feature.TreeFeature
[11:29:28] [pool-3-thread-1/DEBUG] [mixin/]: Mixing forge.HugeMushroomFeatureMixin from roadweaver.mixins.json into net.minecraft.world.level.levelgen.feature.AbstractHugeMushroomFeature
[11:29:28] [pool-3-thread-1/DEBUG] [mixin/]: Mixing forge.BambooFeatureMixin from roadweaver.mixins.json into net.minecraft.world.level.levelgen.feature.BambooFeature
[11:29:28] [pool-3-thread-1/DEBUG] [mixin/]: Mixing forge.HugeFungusFeatureMixin from roadweaver.mixins.json into net.minecraft.world.level.levelgen.feature.HugeFungusFeature
[11:29:28] [pool-3-thread-1/DEBUG] [mixin/]: Mixing forge.GenericVegetationFeatureMixin from roadweaver.mixins.json into net.minecraft.world.level.levelgen.feature.ConfiguredFeature
[11:29:28] [pool-3-thread-1/DEBUG] [mixin/]: Mixing ConfiguredFeatureMaskMixin from geomantia.mixins.json into net.minecraft.world.level.levelgen.feature.ConfiguredFeature
[11:29:28] [pool-3-thread-1/DEBUG] [ne.mi.co.tr.CoreModBaseTransformer/COREMOD]: Transforming net/minecraft/world/level/levelgen/structure/Structure
[11:29:28] [pool-3-thread-1/DEBUG] [ne.mi.co.tr.CoreModBaseTransformer/COREMOD]: Transforming net/minecraft/world/level/levelgen/structure/structures/OceanRuinPieces$OceanRuinPiece
[11:29:29] [pool-3-thread-1/DEBUG] [ne.mi.co.tr.CoreModBaseTransformer/COREMOD]: Transforming net/minecraft/world/level/levelgen/structure/structures/SwampHutPiece
[11:29:29] [pool-3-thread-1/DEBUG] [ne.mi.co.tr.CoreModBaseTransformer/COREMOD]: Transforming net/minecraft/world/level/levelgen/structure/structures/OceanMonumentPieces$OceanMonumentPiece
[11:29:29] [pool-3-thread-1/DEBUG] [ne.mi.co.tr.CoreModBaseTransformer/COREMOD]: Transforming net/minecraft/world/level/levelgen/structure/structures/WoodlandMansionPieces$WoodlandMansionPiece
[11:29:29] [pool-3-thread-1/DEBUG] [ne.mi.co.tr.CoreModBaseTransformer/COREMOD]: Transforming net/minecraft/world/level/biome/Biome
[11:29:29] [pool-3-thread-1/DEBUG] [mixin/]: Mixing forge.BiomeGrassColorFailSafeMixin from roadweaver.mixins.json into net.minecraft.world.level.biome.Biome
[11:29:29] [pool-3-thread-1/DEBUG] [ne.mi.re.GameData/REGISTRIES]: Creating vanilla freeze snapshot
[11:29:29] [pool-3-thread-1/DEBUG] [ne.mi.re.ForgeRegistry/REGISTRIES]: Registry minecraft:block Sync: VANILLA -> ACTIVE
[11:29:29] [pool-3-thread-1/DEBUG] [ne.mi.re.ForgeRegistry/REGISTRIES]: Registry minecraft:fluid Sync: VANILLA -> ACTIVE
[11:29:29] [pool-3-thread-1/DEBUG] [ne.mi.re.ForgeRegistry/REGISTRIES]: Registry minecraft:item Sync: VANILLA -> ACTIVE
[11:29:29] [pool-3-thread-1/DEBUG] [ne.mi.re.ForgeRegistry/REGISTRIES]: Registry minecraft:mob_effect Sync: VANILLA -> ACTIVE
[11:29:29] [pool-3-thread-1/DEBUG] [ne.mi.re.ForgeRegistry/REGISTRIES]: Registry minecraft:sound_event Sync: VANILLA -> ACTIVE
[11:29:29] [pool-3-thread-1/DEBUG] [ne.mi.re.ForgeRegistry/REGISTRIES]: Registry minecraft:potion Sync: VANILLA -> ACTIVE
[11:29:29] [pool-3-thread-1/DEBUG] [ne.mi.re.ForgeRegistry/REGISTRIES]: Registry minecraft:enchantment Sync: VANILLA -> ACTIVE
[11:29:29] [pool-3-thread-1/DEBUG] [ne.mi.re.ForgeRegistry/REGISTRIES]: Registry minecraft:entity_type Sync: VANILLA -> ACTIVE
[11:29:29] [pool-3-thread-1/DEBUG] [ne.mi.re.ForgeRegistry/REGISTRIES]: Registry minecraft:block_entity_type Sync: VANILLA -> ACTIVE
[11:29:29] [pool-3-thread-1/DEBUG] [ne.mi.re.ForgeRegistry/REGISTRIES]: Registry minecraft:particle_type Sync: VANILLA -> ACTIVE
[11:29:29] [pool-3-thread-1/DEBUG] [ne.mi.re.ForgeRegistry/REGISTRIES]: Registry minecraft:menu Sync: VANILLA -> ACTIVE
[11:29:29] [pool-3-thread-1/DEBUG] [ne.mi.re.ForgeRegistry/REGISTRIES]: Registry minecraft:painting_variant Sync: VANILLA -> ACTIVE
[11:29:29] [pool-3-thread-1/DEBUG] [ne.mi.re.ForgeRegistry/REGISTRIES]: Registry minecraft:recipe_type Sync: VANILLA -> ACTIVE
[11:29:29] [pool-3-thread-1/DEBUG] [ne.mi.re.ForgeRegistry/REGISTRIES]: Registry minecraft:recipe_serializer Sync: VANILLA -> ACTIVE
[11:29:29] [pool-3-thread-1/DEBUG] [ne.mi.re.ForgeRegistry/REGISTRIES]: Registry minecraft:attribute Sync: VANILLA -> ACTIVE
[11:29:29] [pool-3-thread-1/DEBUG] [ne.mi.re.ForgeRegistry/REGISTRIES]: Registry minecraft:stat_type Sync: VANILLA -> ACTIVE
[11:29:29] [pool-3-thread-1/DEBUG] [ne.mi.re.ForgeRegistry/REGISTRIES]: Registry minecraft:command_argument_type Sync: VANILLA -> ACTIVE
[11:29:29] [pool-3-thread-1/DEBUG] [ne.mi.re.ForgeRegistry/REGISTRIES]: Registry minecraft:villager_profession Sync: VANILLA -> ACTIVE
[11:29:29] [pool-3-thread-1/DEBUG] [ne.mi.re.ForgeRegistry/REGISTRIES]: Registry minecraft:point_of_interest_type Sync: VANILLA -> ACTIVE
[11:29:29] [pool-3-thread-1/DEBUG] [ne.mi.re.ForgeRegistry/REGISTRIES]: Registry minecraft:memory_module_type Sync: VANILLA -> ACTIVE
[11:29:29] [pool-3-thread-1/DEBUG] [ne.mi.re.ForgeRegistry/REGISTRIES]: Registry minecraft:sensor_type Sync: VANILLA -> ACTIVE
[11:29:29] [pool-3-thread-1/DEBUG] [ne.mi.re.ForgeRegistry/REGISTRIES]: Registry minecraft:schedule Sync: VANILLA -> ACTIVE
[11:29:29] [pool-3-thread-1/DEBUG] [ne.mi.re.ForgeRegistry/REGISTRIES]: Registry minecraft:activity Sync: VANILLA -> ACTIVE
[11:29:29] [pool-3-thread-1/DEBUG] [ne.mi.re.ForgeRegistry/REGISTRIES]: Registry minecraft:worldgen/carver Sync: VANILLA -> ACTIVE
[11:29:29] [pool-3-thread-1/DEBUG] [ne.mi.re.ForgeRegistry/REGISTRIES]: Registry minecraft:worldgen/feature Sync: VANILLA -> ACTIVE
[11:29:29] [pool-3-thread-1/DEBUG] [ne.mi.re.ForgeRegistry/REGISTRIES]: Registry minecraft:chunk_status Sync: VANILLA -> ACTIVE
[11:29:29] [pool-3-thread-1/DEBUG] [ne.mi.re.ForgeRegistry/REGISTRIES]: Registry minecraft:worldgen/block_state_provider_type Sync: VANILLA -> ACTIVE
[11:29:29] [pool-3-thread-1/DEBUG] [ne.mi.re.ForgeRegistry/REGISTRIES]: Registry minecraft:worldgen/foliage_placer_type Sync: VANILLA -> ACTIVE
[11:29:29] [pool-3-thread-1/DEBUG] [ne.mi.re.ForgeRegistry/REGISTRIES]: Registry minecraft:worldgen/tree_decorator_type Sync: VANILLA -> ACTIVE
[11:29:29] [pool-3-thread-1/DEBUG] [ne.mi.re.ForgeRegistry/REGISTRIES]: Registry minecraft:worldgen/biome Sync: VANILLA -> ACTIVE
[11:29:29] [pool-3-thread-1/DEBUG] [ne.mi.re.GameData/REGISTRIES]: Vanilla freeze snapshot created
[11:29:29] [pool-3-thread-1/DEBUG] [io.ne.ut.in.PlatformDependent0/]: -Dio.netty.noUnsafe: false
[11:29:29] [pool-3-thread-1/DEBUG] [io.ne.ut.in.PlatformDependent0/]: Java version: 17
[11:29:29] [pool-3-thread-1/DEBUG] [io.ne.ut.in.PlatformDependent0/]: sun.misc.Unsafe.theUnsafe: available
[11:29:29] [pool-3-thread-1/DEBUG] [io.ne.ut.in.PlatformDependent0/]: sun.misc.Unsafe.copyMemory: available
[11:29:29] [pool-3-thread-1/DEBUG] [io.ne.ut.in.PlatformDependent0/]: sun.misc.Unsafe.storeFence: available
[11:29:29] [pool-3-thread-1/DEBUG] [io.ne.ut.in.PlatformDependent0/]: java.nio.Buffer.address: available
[11:29:29] [pool-3-thread-1/DEBUG] [io.ne.ut.in.PlatformDependent0/]: direct buffer constructor: unavailable
java.lang.UnsupportedOperationException: Reflective setAccessible(true) disabled
	at io.netty.util.internal.ReflectionUtil.trySetAccessible(ReflectionUtil.java:31) ~[netty-common-4.1.82.Final.jar%23151!/:4.1.82.Final] {}
	at io.netty.util.internal.PlatformDependent0$5.run(PlatformDependent0.java:288) ~[netty-common-4.1.82.Final.jar%23151!/:4.1.82.Final] {}
	at java.security.AccessController.doPrivileged(AccessController.java:318) ~[?:?] {}
	at io.netty.util.internal.PlatformDependent0.<clinit>(PlatformDependent0.java:282) ~[netty-common-4.1.82.Final.jar%23151!/:4.1.82.Final] {}
	at io.netty.util.internal.PlatformDependent.isAndroid(PlatformDependent.java:333) ~[netty-common-4.1.82.Final.jar%23151!/:4.1.82.Final] {}
	at io.netty.util.internal.PlatformDependent.<clinit>(PlatformDependent.java:88) ~[netty-common-4.1.82.Final.jar%23151!/:4.1.82.Final] {}
	at io.netty.util.ConstantPool.<init>(ConstantPool.java:34) ~[netty-common-4.1.82.Final.jar%23151!/:4.1.82.Final] {}
	at io.netty.util.AttributeKey$1.<init>(AttributeKey.java:27) ~[netty-common-4.1.82.Final.jar%23151!/:4.1.82.Final] {}
	at io.netty.util.AttributeKey.<clinit>(AttributeKey.java:27) ~[netty-common-4.1.82.Final.jar%23151!/:4.1.82.Final] {}
	at net.minecraftforge.network.NetworkConstants.<clinit>(NetworkConstants.java:34) ~[forge-1.20.1-47.4.0_mapped_official_1.20.1-recomp.jar%23190%23197!/:?] {re:classloading}
	at net.minecraftforge.network.NetworkHooks.init(NetworkHooks.java:52) ~[forge-1.20.1-47.4.0_mapped_official_1.20.1-recomp.jar%23190%23197!/:?] {re:classloading}
	at net.minecraft.server.Bootstrap.bootStrap(Bootstrap.java:62) ~[forge-1.20.1-47.4.0_mapped_official_1.20.1-recomp.jar%23191!/:?] {re:classloading}
	at net.minecraft.client.main.Main.lambda$main$0(Main.java:151) ~[forge-1.20.1-47.4.0_mapped_official_1.20.1-recomp.jar%23191!/:?] {re:classloading,pl:runtimedistcleaner:A}
	at java.util.concurrent.Executors$RunnableAdapter.call(Executors.java:539) ~[?:?] {}
	at java.util.concurrent.FutureTask.run(FutureTask.java:264) ~[?:?] {}
	at java.util.concurrent.ThreadPoolExecutor.runWorker(ThreadPoolExecutor.java:1136) ~[?:?] {}
	at java.util.concurrent.ThreadPoolExecutor$Worker.run(ThreadPoolExecutor.java:635) ~[?:?] {}
	at java.lang.Thread.run(Thread.java:842) ~[?:?] {}
[11:29:29] [pool-3-thread-1/DEBUG] [io.ne.ut.in.PlatformDependent0/]: java.nio.Bits.unaligned: available, true
[11:29:29] [pool-3-thread-1/DEBUG] [io.ne.ut.in.PlatformDependent0/]: jdk.internal.misc.Unsafe.allocateUninitializedArray(int): unavailable
java.lang.IllegalAccessException: class io.netty.util.internal.PlatformDependent0$7 (in module io.netty.common) cannot access class jdk.internal.misc.Unsafe (in module java.base) because module java.base does not export jdk.internal.misc to module io.netty.common
	at jdk.internal.reflect.Reflection.newIllegalAccessException(Reflection.java:392) ~[?:?] {}
	at java.lang.reflect.AccessibleObject.checkAccess(AccessibleObject.java:674) ~[?:?] {}
	at java.lang.reflect.Method.invoke(Method.java:560) ~[?:?] {}
	at io.netty.util.internal.PlatformDependent0$7.run(PlatformDependent0.java:410) ~[netty-common-4.1.82.Final.jar%23151!/:4.1.82.Final] {}
	at java.security.AccessController.doPrivileged(AccessController.java:318) ~[?:?] {}
	at io.netty.util.internal.PlatformDependent0.<clinit>(PlatformDependent0.java:401) ~[netty-common-4.1.82.Final.jar%23151!/:4.1.82.Final] {}
	at io.netty.util.internal.PlatformDependent.isAndroid(PlatformDependent.java:333) ~[netty-common-4.1.82.Final.jar%23151!/:4.1.82.Final] {}
	at io.netty.util.internal.PlatformDependent.<clinit>(PlatformDependent.java:88) ~[netty-common-4.1.82.Final.jar%23151!/:4.1.82.Final] {}
	at io.netty.util.ConstantPool.<init>(ConstantPool.java:34) ~[netty-common-4.1.82.Final.jar%23151!/:4.1.82.Final] {}
	at io.netty.util.AttributeKey$1.<init>(AttributeKey.java:27) ~[netty-common-4.1.82.Final.jar%23151!/:4.1.82.Final] {}
	at io.netty.util.AttributeKey.<clinit>(AttributeKey.java:27) ~[netty-common-4.1.82.Final.jar%23151!/:4.1.82.Final] {}
	at net.minecraftforge.network.NetworkConstants.<clinit>(NetworkConstants.java:34) ~[forge-1.20.1-47.4.0_mapped_official_1.20.1-recomp.jar%23190%23197!/:?] {re:classloading}
	at net.minecraftforge.network.NetworkHooks.init(NetworkHooks.java:52) ~[forge-1.20.1-47.4.0_mapped_official_1.20.1-recomp.jar%23190%23197!/:?] {re:classloading}
	at net.minecraft.server.Bootstrap.bootStrap(Bootstrap.java:62) ~[forge-1.20.1-47.4.0_mapped_official_1.20.1-recomp.jar%23191!/:?] {re:classloading}
	at net.minecraft.client.main.Main.lambda$main$0(Main.java:151) ~[forge-1.20.1-47.4.0_mapped_official_1.20.1-recomp.jar%23191!/:?] {re:classloading,pl:runtimedistcleaner:A}
	at java.util.concurrent.Executors$RunnableAdapter.call(Executors.java:539) ~[?:?] {}
	at java.util.concurrent.FutureTask.run(FutureTask.java:264) ~[?:?] {}
	at java.util.concurrent.ThreadPoolExecutor.runWorker(ThreadPoolExecutor.java:1136) ~[?:?] {}
	at java.util.concurrent.ThreadPoolExecutor$Worker.run(ThreadPoolExecutor.java:635) ~[?:?] {}
	at java.lang.Thread.run(Thread.java:842) ~[?:?] {}
[11:29:29] [pool-3-thread-1/DEBUG] [io.ne.ut.in.PlatformDependent0/]: java.nio.DirectByteBuffer.<init>(long, int): unavailable
[11:29:29] [pool-3-thread-1/DEBUG] [io.ne.ut.in.PlatformDependent/]: sun.misc.Unsafe: available
[11:29:29] [pool-3-thread-1/DEBUG] [io.ne.ut.in.PlatformDependent/]: maxDirectMemory: 8589934592 bytes (maybe)
[11:29:29] [pool-3-thread-1/DEBUG] [io.ne.ut.in.PlatformDependent/]: -Dio.netty.tmpdir: C:\Users\Rinsing\AppData\Local\Temp (java.io.tmpdir)
[11:29:29] [pool-3-thread-1/DEBUG] [io.ne.ut.in.PlatformDependent/]: -Dio.netty.bitMode: 64 (sun.arch.data.model)
[11:29:29] [pool-3-thread-1/DEBUG] [io.ne.ut.in.PlatformDependent/]: Platform: Windows
[11:29:29] [pool-3-thread-1/DEBUG] [io.ne.ut.in.PlatformDependent/]: -Dio.netty.maxDirectMemory: -1 bytes
[11:29:29] [pool-3-thread-1/DEBUG] [io.ne.ut.in.PlatformDependent/]: -Dio.netty.uninitializedArrayAllocationThreshold: -1
[11:29:29] [pool-3-thread-1/DEBUG] [io.ne.ut.in.CleanerJava9/]: java.nio.ByteBuffer.cleaner(): available
[11:29:29] [pool-3-thread-1/DEBUG] [io.ne.ut.in.PlatformDependent/]: -Dio.netty.noPreferDirect: false
[11:29:29] [pool-3-thread-1/DEBUG] [ne.mi.ne.NetworkHooks/]: Loading Network data for FML net version: FML3
[11:29:29] [Render thread/DEBUG] [mixin/]: Mixing MixinMinecraft from architectury.mixins.json into net.minecraft.client.Minecraft
[11:29:29] [Render thread/DEBUG] [mixin/]: Mixing MixinLevelEvent from architectury.mixins.json into net.minecraftforge.event.level.LevelEvent
[11:29:29] [Render thread/DEBUG] [mixin/]: Mixing MixinClientLevel from architectury.mixins.json into net.minecraft.client.multiplayer.ClientLevel
[11:29:29] [Render thread/DEBUG] [mixin/]: Mixing forge.LevelLoadingScreenMixin from roadweaver.mixins.json into net.minecraft.client.gui.screens.LevelLoadingScreen
[11:29:29] [Render thread/WARN] [minecraft/VanillaPackResourcesBuilder]: Assets URL 'union:/C:/Users/Rinsing/.gradle/caches/forge_gradle/minecraft_user_repo/net/minecraftforge/forge/1.20.1-47.4.0_mapped_official_1.20.1/forge-1.20.1-47.4.0_mapped_official_1.20.1-recomp.jar%23191!/assets/.mcassetsroot' uses unexpected schema
[11:29:29] [Render thread/WARN] [minecraft/VanillaPackResourcesBuilder]: Assets URL 'union:/C:/Users/Rinsing/.gradle/caches/forge_gradle/minecraft_user_repo/net/minecraftforge/forge/1.20.1-47.4.0_mapped_official_1.20.1/forge-1.20.1-47.4.0_mapped_official_1.20.1-recomp.jar%23191!/data/.mcassetsroot' uses unexpected schema
[11:29:29] [Render thread/INFO] [mojang/YggdrasilAuthenticationService]: Environment: authHost='https://authserver.mojang.com', accountsHost='https://api.mojang.com', sessionHost='https://sessionserver.mojang.com', servicesHost='https://api.minecraftservices.com', name='PROD'
[11:29:29] [Render thread/INFO] [minecraft/Minecraft]: Setting user: Dev
[11:29:30] [Render thread/INFO] [minecraft/Minecraft]: Backend library: LWJGL version 3.3.1 build 7
[11:29:30] [Render thread/DEBUG] [ne.mi.co.ForgeI18n/CORE]: Loading I18N data entries: 6434
[11:29:30] [Render thread/DEBUG] [ne.mi.fm.ModWorkManager/LOADING]: Using 16 threads for parallel mod-loading
[11:29:30] [Render thread/DEBUG] [ne.mi.fm.lo.Lo.LowCodeModTarget/LOADING]: Loading LowCodeModContainer from classloader cpw.mods.modlauncher.TransformingClassLoader@39c96e48 - got cpw.mods.cl.ModuleClassLoader@4784013e
[11:29:30] [Render thread/DEBUG] [ne.mi.fm.lo.LowCodeModContainer/LOADING]: Creating LowCodeModContainer for mr_epicterrain
[11:29:30] [Render thread/DEBUG] [ne.mi.fm.ja.FMLJavaModLanguageProvider/LOADING]: Loading FMLModContainer from classloader cpw.mods.modlauncher.TransformingClassLoader@39c96e48 - got cpw.mods.cl.ModuleClassLoader@4784013e
[11:29:30] [Render thread/DEBUG] [ne.mi.fm.ja.FMLModContainer/LOADING]: Creating FMLModContainer instance for com.sk89q.worldedit.forge.ForgeWorldEdit
[11:29:30] [Render thread/DEBUG] [ne.mi.fm.ja.FMLJavaModLanguageProvider/LOADING]: Loading FMLModContainer from classloader cpw.mods.modlauncher.TransformingClassLoader@39c96e48 - got cpw.mods.cl.ModuleClassLoader@4784013e
[11:29:30] [Render thread/DEBUG] [ne.mi.fm.ja.FMLModContainer/LOADING]: Creating FMLModContainer instance for dev.architectury.forge.ArchitecturyForge
[11:29:30] [Render thread/DEBUG] [ne.mi.fm.ja.FMLJavaModLanguageProvider/LOADING]: Loading FMLModContainer from classloader cpw.mods.modlauncher.TransformingClassLoader@39c96e48 - got cpw.mods.cl.ModuleClassLoader@4784013e
[11:29:30] [Render thread/DEBUG] [ne.mi.fm.ja.FMLModContainer/LOADING]: Creating FMLModContainer instance for me.shedaniel.clothconfig.ClothConfigForge
[11:29:30] [Render thread/DEBUG] [ne.mi.fm.ja.FMLJavaModLanguageProvider/LOADING]: Loading FMLModContainer from classloader cpw.mods.modlauncher.TransformingClassLoader@39c96e48 - got cpw.mods.cl.ModuleClassLoader@4784013e
[11:29:30] [Render thread/DEBUG] [ne.mi.fm.ja.FMLModContainer/LOADING]: Creating FMLModContainer instance for net.minecraftforge.common.ForgeMod
[11:29:30] [Render thread/DEBUG] [ne.mi.fm.ja.FMLJavaModLanguageProvider/LOADING]: Loading FMLModContainer from classloader cpw.mods.modlauncher.TransformingClassLoader@39c96e48 - got cpw.mods.cl.ModuleClassLoader@4784013e
[11:29:30] [Render thread/DEBUG] [ne.mi.fm.ja.FMLModContainer/LOADING]: Creating FMLModContainer instance for de.cristelknight999.t_and_t.TT
[11:29:30] [Render thread/DEBUG] [ne.mi.fm.lo.Lo.LowCodeModTarget/LOADING]: Loading LowCodeModContainer from classloader cpw.mods.modlauncher.TransformingClassLoader@39c96e48 - got cpw.mods.cl.ModuleClassLoader@4784013e
[11:29:30] [Render thread/DEBUG] [ne.mi.fm.lo.LowCodeModContainer/LOADING]: Creating LowCodeModContainer for mr_trek
[11:29:30] [Render thread/DEBUG] [ne.mi.fm.ja.FMLJavaModLanguageProvider/LOADING]: Loading FMLModContainer from classloader cpw.mods.modlauncher.TransformingClassLoader@39c96e48 - got cpw.mods.cl.ModuleClassLoader@4784013e
[11:29:30] [Render thread/DEBUG] [ne.mi.fm.ja.FMLModContainer/LOADING]: Creating FMLModContainer instance for net.shiroha233.roadweaver.RoadWeaver
[11:29:30] [Render thread/DEBUG] [ne.mi.fm.ja.FMLJavaModLanguageProvider/LOADING]: Loading FMLModContainer from classloader cpw.mods.modlauncher.TransformingClassLoader@39c96e48 - got cpw.mods.cl.ModuleClassLoader@4784013e
[11:29:30] [Render thread/DEBUG] [ne.mi.fm.ja.FMLModContainer/LOADING]: Creating FMLModContainer instance for com.rinsing.geomantia.GeomantiaMod
[11:29:30] [Render thread/DEBUG] [ne.mi.fm.ja.FMLJavaModLanguageProvider/LOADING]: Loading FMLModContainer from classloader cpw.mods.modlauncher.TransformingClassLoader@39c96e48 - got cpw.mods.cl.ModuleClassLoader@4784013e
[11:29:30] [Render thread/DEBUG] [ne.mi.fm.ja.FMLModContainer/LOADING]: Creating FMLModContainer instance for net.cristellib.forge.CristelLibForge
[11:29:30] [modloading-worker-0/INFO] [roadweaver/]: Initializing RoadWeaver (Forge)...
[11:29:30] [modloading-worker-0/DEBUG] [ne.mi.fm.ja.AutomaticEventSubscriber/LOADING]: Attempting to inject @EventBusSubscriber classes into the eventbus for t_and_t
[11:29:30] [modloading-worker-0/DEBUG] [ne.mi.fm.ja.AutomaticEventSubscriber/LOADING]: Attempting to inject @EventBusSubscriber classes into the eventbus for cloth_config
[11:29:30] [modloading-worker-0/DEBUG] [mixin/]: Mixing forge.MinecraftServerMixin from roadweaver.mixins.json into net.minecraft.server.MinecraftServer
[11:29:30] [modloading-worker-0/DEBUG] [ne.mi.ve.fo.ForgeVersion/CORE]: Forge Version package package net.minecraftforge.versions.forge, Forge, version 47.4 from cpw.mods.modlauncher.TransformingClassLoader@39c96e48
[11:29:30] [modloading-worker-0/DEBUG] [ne.mi.ve.fo.ForgeVersion/CORE]: Found Forge version 47.4.0
[11:29:30] [modloading-worker-0/DEBUG] [ne.mi.ve.fo.ForgeVersion/CORE]: Found Forge spec 47.4
[11:29:30] [modloading-worker-0/DEBUG] [ne.mi.ve.fo.ForgeVersion/CORE]: Found Forge group net.minecraftforge
[11:29:30] [modloading-worker-0/DEBUG] [ne.mi.ve.mc.MCPVersion/CORE]: MCP Version package package net.minecraftforge.versions.mcp, Minecraft, version 1.20.1 from cpw.mods.modlauncher.TransformingClassLoader@39c96e48
[11:29:30] [modloading-worker-0/DEBUG] [ne.mi.ve.mc.MCPVersion/CORE]: Found MC version information 1.20.1
[11:29:30] [modloading-worker-0/DEBUG] [ne.mi.ve.mc.MCPVersion/CORE]: Found MCP version information 20230612.114412
[11:29:30] [modloading-worker-0/INFO] [ne.mi.co.ForgeMod/FORGEMOD]: Forge mod loading, version 47.4.0, for MC 1.20.1 with MCP 20230612.114412
[11:29:30] [modloading-worker-0/INFO] [ne.mi.co.MinecraftForge/FORGE]: MinecraftForge v47.4.0 Initialized
[11:29:30] [modloading-worker-0/INFO] [roadweaver/]: 配置已加载 (predictRadius=256, predictionEnabled=true)
[11:29:30] [modloading-worker-0/INFO] [roadweaver/]: Configuration loaded
[11:29:30] [modloading-worker-0/INFO] [roadweaver/]: Structure types registered
[11:29:30] [modloading-worker-0/INFO] [roadweaver/]: Road features registered
[11:29:30] [modloading-worker-0/INFO] [co.ri.ge.cl.DevAutoLoadClient/]: Geomantia development auto-load registered.
[11:29:30] [modloading-worker-0/DEBUG] [ne.mi.fm.ja.AutomaticEventSubscriber/LOADING]: Attempting to inject @EventBusSubscriber classes into the eventbus for geomantia
[11:29:30] [modloading-worker-0/DEBUG] [ne.mi.fm.ja.AutomaticEventSubscriber/LOADING]: Auto-subscribing com.rinsing.geomantia.platform.ChunkGenerationBenchmarkEvents to FORGE
[11:29:30] [modloading-worker-0/DEBUG] [ne.mi.fm.ja.AutomaticEventSubscriber/LOADING]: Auto-subscribing com.rinsing.geomantia.platform.GisPlatformEvents to FORGE
[11:29:30] [modloading-worker-0/DEBUG] [ne.mi.fm.ja.AutomaticEventSubscriber/LOADING]: Attempting to inject @EventBusSubscriber classes into the eventbus for worldedit
[11:29:30] [modloading-worker-0/DEBUG] [ne.mi.fm.ja.AutomaticEventSubscriber/LOADING]: Auto-subscribing com.rinsing.geomantia.platform.http.GeomantiaHttpServer to FORGE
[11:29:30] [modloading-worker-0/DEBUG] [Cristel Lib/]: Couldn't parse: "T&T Waystone Patch Pack" to a component
com.mojang.brigadier.exceptions.CommandSyntaxException: Invalid chat component: Use JsonReader.setLenient(true) to accept malformed JSON at line 1 column 1 path $ at position 0: <--[HERE]
[11:29:30] [modloading-worker-0/DEBUG] [ne.mi.fm.ja.AutomaticEventSubscriber/LOADING]: Auto-subscribing com.rinsing.geomantia.platform.RealmPlanningServices to FORGE
[11:29:30] [modloading-worker-0/DEBUG] [ne.mi.fm.ja.AutomaticEventSubscriber/LOADING]: Attempting to inject @EventBusSubscriber classes into the eventbus for roadweaver
[11:29:30] [modloading-worker-0/DEBUG] [ne.mi.fm.ja.AutomaticEventSubscriber/LOADING]: Auto-subscribing net.shiroha233.roadweaver.datagen.ModWorldGenerator to MOD
[11:29:30] [modloading-worker-0/DEBUG] [ne.mi.fm.ja.AutomaticEventSubscriber/LOADING]: Auto-subscribing com.rinsing.geomantia.systems.city.infrastructure.world.CityWorldgenBlockObservationRegistry to FORGE
[11:29:30] [modloading-worker-0/DEBUG] [ne.mi.fm.ja.AutomaticEventSubscriber/LOADING]: Auto-subscribing net.shiroha233.roadweaver.client.forge.ClientKeyMappings to MOD
[11:29:30] [modloading-worker-0/DEBUG] [ne.mi.fm.ja.AutomaticEventSubscriber/LOADING]: Auto-subscribing net.shiroha233.roadweaver.client.forge.ClientEvents to FORGE
[11:29:30] [modloading-worker-0/DEBUG] [ne.mi.co.tr.CoreModBaseTransformer/COREMOD]: Transforming net/minecraft/world/level/levelgen/structure/templatesystem/StructureTemplate
[11:29:30] [modloading-worker-0/DEBUG] [ne.mi.fm.ja.AutomaticEventSubscriber/LOADING]: Attempting to inject @EventBusSubscriber classes into the eventbus for cristellib
[11:29:31] [modloading-worker-0/DEBUG] [ne.mi.fm.co.ConfigTracker/CONFIG]: Config file forge-client.toml for forge tracking
[11:29:31] [modloading-worker-0/DEBUG] [ne.mi.fm.co.ConfigTracker/CONFIG]: Config file forge-server.toml for forge tracking
[11:29:31] [modloading-worker-0/DEBUG] [ne.mi.fm.ModLoadingContext/]: Attempted to register an empty config for type COMMON on mod forge
[11:29:31] [modloading-worker-0/DEBUG] [ne.mi.fm.ja.AutomaticEventSubscriber/LOADING]: Attempting to inject @EventBusSubscriber classes into the eventbus for forge
[11:29:31] [modloading-worker-0/DEBUG] [ne.mi.fm.ja.AutomaticEventSubscriber/LOADING]: Auto-subscribing net.minecraftforge.common.ForgeSpawnEggItem$CommonHandler to MOD
[11:29:31] [modloading-worker-0/DEBUG] [ne.mi.fm.ja.AutomaticEventSubscriber/LOADING]: Auto-subscribing net.minecraftforge.common.ForgeSpawnEggItem$ColorRegisterHandler to MOD
[11:29:31] [modloading-worker-0/DEBUG] [ne.mi.fm.ja.AutomaticEventSubscriber/LOADING]: Auto-subscribing net.minecraftforge.client.model.data.ModelDataManager to FORGE
[11:29:31] [modloading-worker-0/DEBUG] [ne.mi.fm.ja.AutomaticEventSubscriber/LOADING]: Auto-subscribing net.minecraftforge.client.ForgeHooksClient$ClientEvents to MOD
[11:29:31] [modloading-worker-0/DEBUG] [ne.mi.fm.ja.AutomaticEventSubscriber/LOADING]: Auto-subscribing net.minecraftforge.client.ClientForgeMod to MOD
[11:29:31] [modloading-worker-0/DEBUG] [ne.mi.fm.ja.AutomaticEventSubscriber/LOADING]: Attempting to inject @EventBusSubscriber classes into the eventbus for architectury
[11:29:31] [modloading-worker-0/DEBUG] [ne.mi.fm.ja.AutomaticEventSubscriber/LOADING]: Auto-subscribing dev.architectury.networking.forge.NetworkManagerImpl to FORGE
[11:29:31] [modloading-worker-0/INFO] [de.ar.ne.fo.NetworkManagerImpl/]: Registering S2C receiver with id architectury:sync_ids
[11:29:31] [modloading-worker-0/INFO] [de.ar.ne.fo.NetworkManagerImpl/]: Registering C2S receiver with id architectury:sync_ids
[11:29:31] [modloading-worker-0/DEBUG] [ne.mi.fm.ja.AutomaticEventSubscriber/LOADING]: Auto-subscribing dev.architectury.registry.forge.CreativeTabRegistryImpl to MOD
[11:29:31] [modloading-worker-0/DEBUG] [ne.mi.fm.ja.AutomaticEventSubscriber/LOADING]: Auto-subscribing dev.architectury.registry.forge.ReloadListenerRegistryImpl to FORGE
[11:29:31] [modloading-worker-0/DEBUG] [ne.mi.fm.ja.AutomaticEventSubscriber/LOADING]: Auto-subscribing dev.architectury.registry.client.keymappings.forge.KeyMappingRegistryImpl to MOD
[11:29:31] [modloading-worker-0/DEBUG] [ne.mi.fm.ja.AutomaticEventSubscriber/LOADING]: Auto-subscribing dev.architectury.registry.client.particle.forge.ParticleProviderRegistryImpl to MOD
[11:29:31] [modloading-worker-0/DEBUG] [ne.mi.fm.ja.AutomaticEventSubscriber/LOADING]: Auto-subscribing dev.architectury.registry.level.entity.trade.forge.TradeRegistryImpl to FORGE
[11:29:31] [Render thread/DEBUG] [ne.mi.re.ObjectHolderRegistry/REGISTRIES]: Processing ObjectHolder annotations
[11:29:31] [Render thread/DEBUG] [ne.mi.re.ObjectHolderRegistry/REGISTRIES]: Found 3852 ObjectHolder annotations
[11:29:31] [Render thread/DEBUG] [ne.mi.co.ca.CapabilityManager/CAPABILITIES]: Attempting to automatically register: Lnet/minecraftforge/energy/IEnergyStorage;
[11:29:31] [Render thread/DEBUG] [ne.mi.co.ca.CapabilityManager/CAPABILITIES]: Attempting to automatically register: Lnet/minecraftforge/fluids/capability/IFluidHandler;
[11:29:31] [Render thread/DEBUG] [ne.mi.co.ca.CapabilityManager/CAPABILITIES]: Attempting to automatically register: Lnet/minecraftforge/fluids/capability/IFluidHandlerItem;
[11:29:31] [Render thread/DEBUG] [ne.mi.co.ca.CapabilityManager/CAPABILITIES]: Attempting to automatically register: Lnet/minecraftforge/items/IItemHandler;
[11:29:31] [Render thread/DEBUG] [ne.mi.re.GameData/REGISTRIES]: Unfreezing vanilla registries
[11:29:31] [Render thread/DEBUG] [ne.mi.re.GameData/REGISTRIES]: Applying holder lookups: minecraft:sound_event
[11:29:31] [Render thread/DEBUG] [ne.mi.re.GameData/REGISTRIES]: Holder lookups applied: minecraft:sound_event
[11:29:31] [Render thread/DEBUG] [ne.mi.re.GameData/REGISTRIES]: Applying holder lookups: minecraft:fluid
[11:29:31] [Render thread/DEBUG] [ne.mi.re.GameData/REGISTRIES]: Holder lookups applied: minecraft:fluid
[11:29:31] [Render thread/DEBUG] [ne.mi.re.GameData/REGISTRIES]: Applying holder lookups: minecraft:block
[11:29:31] [Render thread/DEBUG] [ne.mi.re.GameData/REGISTRIES]: Holder lookups applied: minecraft:block
[11:29:31] [Render thread/DEBUG] [ne.mi.re.GameData/REGISTRIES]: Applying holder lookups: minecraft:attribute
[11:29:31] [Render thread/DEBUG] [ne.mi.re.GameData/REGISTRIES]: Holder lookups applied: minecraft:attribute
[11:29:31] [Render thread/DEBUG] [ne.mi.re.GameData/REGISTRIES]: Applying holder lookups: minecraft:mob_effect
[11:29:31] [Render thread/DEBUG] [ne.mi.re.GameData/REGISTRIES]: Holder lookups applied: minecraft:mob_effect
[11:29:31] [Render thread/DEBUG] [ne.mi.re.GameData/REGISTRIES]: Applying holder lookups: minecraft:particle_type
[11:29:31] [Render thread/DEBUG] [ne.mi.re.GameData/REGISTRIES]: Holder lookups applied: minecraft:particle_type
[11:29:31] [Render thread/DEBUG] [ne.mi.re.GameData/REGISTRIES]: Applying holder lookups: minecraft:item
[11:29:31] [Render thread/DEBUG] [ne.mi.re.GameData/REGISTRIES]: Holder lookups applied: minecraft:item
[11:29:31] [Render thread/DEBUG] [ne.mi.re.GameData/REGISTRIES]: Applying holder lookups: minecraft:entity_type
[11:29:31] [Render thread/DEBUG] [ne.mi.re.GameData/REGISTRIES]: Holder lookups applied: minecraft:entity_type
[11:29:31] [Render thread/DEBUG] [ne.mi.re.GameData/REGISTRIES]: Applying holder lookups: minecraft:sensor_type
[11:29:31] [Render thread/DEBUG] [ne.mi.re.GameData/REGISTRIES]: Holder lookups applied: minecraft:sensor_type
[11:29:31] [Render thread/DEBUG] [ne.mi.re.GameData/REGISTRIES]: Applying holder lookups: minecraft:memory_module_type
[11:29:31] [Render thread/DEBUG] [ne.mi.re.GameData/REGISTRIES]: Holder lookups applied: minecraft:memory_module_type
[11:29:31] [Render thread/DEBUG] [ne.mi.re.GameData/REGISTRIES]: Applying holder lookups: minecraft:potion
[11:29:31] [Render thread/DEBUG] [ne.mi.re.GameData/REGISTRIES]: Holder lookups applied: minecraft:potion
[11:29:31] [Render thread/DEBUG] [ne.mi.re.GameData/REGISTRIES]: Applying holder lookups: minecraft:game_event
[11:29:31] [Render thread/DEBUG] [ne.mi.re.GameData/REGISTRIES]: Holder lookups applied: minecraft:game_event
[11:29:31] [Render thread/DEBUG] [ne.mi.re.GameData/REGISTRIES]: Applying holder lookups: minecraft:enchantment
[11:29:31] [Render thread/DEBUG] [ne.mi.re.GameData/REGISTRIES]: Holder lookups applied: minecraft:enchantment
[11:29:31] [Render thread/DEBUG] [ne.mi.re.GameData/REGISTRIES]: Applying holder lookups: minecraft:block_entity_type
[11:29:31] [Render thread/DEBUG] [ne.mi.re.GameData/REGISTRIES]: Holder lookups applied: minecraft:block_entity_type
[11:29:31] [Render thread/DEBUG] [ne.mi.re.GameData/REGISTRIES]: Applying holder lookups: minecraft:painting_variant
[11:29:31] [Render thread/DEBUG] [ne.mi.re.GameData/REGISTRIES]: Holder lookups applied: minecraft:painting_variant
[11:29:31] [Render thread/DEBUG] [ne.mi.re.GameData/REGISTRIES]: Applying holder lookups: minecraft:stat_type
[11:29:31] [Render thread/DEBUG] [ne.mi.re.GameData/REGISTRIES]: Holder lookups applied: minecraft:stat_type
[11:29:31] [Render thread/DEBUG] [ne.mi.re.GameData/REGISTRIES]: Applying holder lookups: minecraft:custom_stat
[11:29:31] [Render thread/DEBUG] [ne.mi.re.GameData/REGISTRIES]: Holder lookups applied: minecraft:custom_stat
[11:29:31] [Render thread/DEBUG] [ne.mi.re.GameData/REGISTRIES]: Applying holder lookups: minecraft:chunk_status
[11:29:31] [Render thread/DEBUG] [ne.mi.re.GameData/REGISTRIES]: Holder lookups applied: minecraft:chunk_status
[11:29:31] [Render thread/DEBUG] [ne.mi.re.GameData/REGISTRIES]: Applying holder lookups: minecraft:rule_test
[11:29:31] [Render thread/DEBUG] [ne.mi.re.GameData/REGISTRIES]: Holder lookups applied: minecraft:rule_test
[11:29:31] [Render thread/DEBUG] [ne.mi.re.GameData/REGISTRIES]: Applying holder lookups: minecraft:rule_block_entity_modifier
[11:29:31] [Render thread/DEBUG] [ne.mi.re.GameData/REGISTRIES]: Holder lookups applied: minecraft:rule_block_entity_modifier
[11:29:31] [Render thread/DEBUG] [ne.mi.re.GameData/REGISTRIES]: Applying holder lookups: minecraft:pos_rule_test
[11:29:31] [Render thread/DEBUG] [ne.mi.re.GameData/REGISTRIES]: Holder lookups applied: minecraft:pos_rule_test
[11:29:31] [Render thread/DEBUG] [ne.mi.re.GameData/REGISTRIES]: Applying holder lookups: minecraft:menu
[11:29:31] [Render thread/DEBUG] [ne.mi.re.GameData/REGISTRIES]: Holder lookups applied: minecraft:menu
[11:29:31] [Render thread/DEBUG] [ne.mi.re.GameData/REGISTRIES]: Applying holder lookups: minecraft:recipe_type
[11:29:31] [Render thread/DEBUG] [ne.mi.re.GameData/REGISTRIES]: Holder lookups applied: minecraft:recipe_type
[11:29:31] [Render thread/DEBUG] [ne.mi.re.GameData/REGISTRIES]: Applying holder lookups: minecraft:recipe_serializer
[11:29:31] [Render thread/DEBUG] [ne.mi.re.GameData/REGISTRIES]: Holder lookups applied: minecraft:recipe_serializer
[11:29:31] [Render thread/DEBUG] [ne.mi.re.GameData/REGISTRIES]: Applying holder lookups: minecraft:position_source_type
[11:29:31] [Render thread/DEBUG] [ne.mi.re.GameData/REGISTRIES]: Holder lookups applied: minecraft:position_source_type
[11:29:31] [Render thread/DEBUG] [ne.mi.re.GameData/REGISTRIES]: Applying holder lookups: minecraft:command_argument_type
[11:29:31] [Render thread/DEBUG] [ne.mi.re.GameData/REGISTRIES]: Holder lookups applied: minecraft:command_argument_type
[11:29:31] [Render thread/DEBUG] [ne.mi.re.GameData/REGISTRIES]: Applying holder lookups: minecraft:villager_type
[11:29:31] [Render thread/DEBUG] [ne.mi.re.GameData/REGISTRIES]: Holder lookups applied: minecraft:villager_type
[11:29:31] [Render thread/DEBUG] [ne.mi.re.GameData/REGISTRIES]: Applying holder lookups: minecraft:villager_profession
[11:29:31] [Render thread/DEBUG] [ne.mi.re.GameData/REGISTRIES]: Holder lookups applied: minecraft:villager_profession
[11:29:31] [Render thread/DEBUG] [ne.mi.re.GameData/REGISTRIES]: Applying holder lookups: minecraft:point_of_interest_type
[11:29:31] [Render thread/DEBUG] [ne.mi.re.GameData/REGISTRIES]: Holder lookups applied: minecraft:point_of_interest_type
[11:29:31] [Render thread/DEBUG] [ne.mi.re.GameData/REGISTRIES]: Applying holder lookups: minecraft:schedule
[11:29:31] [Render thread/DEBUG] [ne.mi.re.GameData/REGISTRIES]: Holder lookups applied: minecraft:schedule
[11:29:31] [Render thread/DEBUG] [ne.mi.re.GameData/REGISTRIES]: Applying holder lookups: minecraft:activity
[11:29:31] [Render thread/DEBUG] [ne.mi.re.GameData/REGISTRIES]: Holder lookups applied: minecraft:activity
[11:29:31] [Render thread/DEBUG] [ne.mi.re.GameData/REGISTRIES]: Applying holder lookups: minecraft:loot_pool_entry_type
[11:29:31] [Render thread/DEBUG] [ne.mi.re.GameData/REGISTRIES]: Holder lookups applied: minecraft:loot_pool_entry_type
[11:29:31] [Render thread/DEBUG] [ne.mi.re.GameData/REGISTRIES]: Applying holder lookups: minecraft:loot_function_type
[11:29:31] [Render thread/DEBUG] [ne.mi.re.GameData/REGISTRIES]: Holder lookups applied: minecraft:loot_function_type
[11:29:31] [Render thread/DEBUG] [ne.mi.re.GameData/REGISTRIES]: Applying holder lookups: minecraft:loot_condition_type
[11:29:31] [Render thread/DEBUG] [ne.mi.re.GameData/REGISTRIES]: Holder lookups applied: minecraft:loot_condition_type
[11:29:31] [Render thread/DEBUG] [ne.mi.re.GameData/REGISTRIES]: Applying holder lookups: minecraft:loot_number_provider_type
[11:29:31] [Render thread/DEBUG] [ne.mi.re.GameData/REGISTRIES]: Holder lookups applied: minecraft:loot_number_provider_type
[11:29:31] [Render thread/DEBUG] [ne.mi.re.GameData/REGISTRIES]: Applying holder lookups: minecraft:loot_nbt_provider_type
[11:29:31] [Render thread/DEBUG] [ne.mi.re.GameData/REGISTRIES]: Holder lookups applied: minecraft:loot_nbt_provider_type
[11:29:31] [Render thread/DEBUG] [ne.mi.re.GameData/REGISTRIES]: Applying holder lookups: minecraft:loot_score_provider_type
[11:29:31] [Render thread/DEBUG] [ne.mi.re.GameData/REGISTRIES]: Holder lookups applied: minecraft:loot_score_provider_type
[11:29:31] [Render thread/DEBUG] [ne.mi.re.GameData/REGISTRIES]: Applying holder lookups: minecraft:float_provider_type
[11:29:31] [Render thread/DEBUG] [ne.mi.re.GameData/REGISTRIES]: Holder lookups applied: minecraft:float_provider_type
[11:29:31] [Render thread/DEBUG] [ne.mi.re.GameData/REGISTRIES]: Applying holder lookups: minecraft:int_provider_type
[11:29:31] [Render thread/DEBUG] [ne.mi.re.GameData/REGISTRIES]: Holder lookups applied: minecraft:int_provider_type
[11:29:31] [Render thread/DEBUG] [ne.mi.re.GameData/REGISTRIES]: Applying holder lookups: minecraft:height_provider_type
[11:29:31] [Render thread/DEBUG] [ne.mi.re.GameData/REGISTRIES]: Holder lookups applied: minecraft:height_provider_type
[11:29:31] [Render thread/DEBUG] [ne.mi.re.GameData/REGISTRIES]: Applying holder lookups: minecraft:block_predicate_type
[11:29:31] [Render thread/DEBUG] [ne.mi.re.GameData/REGISTRIES]: Holder lookups applied: minecraft:block_predicate_type
[11:29:31] [Render thread/DEBUG] [ne.mi.re.GameData/REGISTRIES]: Applying holder lookups: minecraft:worldgen/carver
[11:29:31] [Render thread/DEBUG] [ne.mi.re.GameData/REGISTRIES]: Holder lookups applied: minecraft:worldgen/carver
[11:29:31] [Render thread/DEBUG] [ne.mi.re.GameData/REGISTRIES]: Applying holder lookups: minecraft:worldgen/feature
[11:29:31] [Render thread/DEBUG] [ne.mi.re.GameData/REGISTRIES]: Holder lookups applied: minecraft:worldgen/feature
[11:29:31] [Render thread/DEBUG] [ne.mi.re.GameData/REGISTRIES]: Applying holder lookups: minecraft:worldgen/structure_processor
[11:29:31] [Render thread/DEBUG] [ne.mi.re.GameData/REGISTRIES]: Holder lookups applied: minecraft:worldgen/structure_processor
[11:29:31] [Render thread/DEBUG] [ne.mi.re.GameData/REGISTRIES]: Applying holder lookups: minecraft:worldgen/structure_placement
[11:29:31] [Render thread/DEBUG] [ne.mi.re.GameData/REGISTRIES]: Holder lookups applied: minecraft:worldgen/structure_placement
[11:29:31] [Render thread/DEBUG] [ne.mi.re.GameData/REGISTRIES]: Applying holder lookups: minecraft:worldgen/structure_piece
[11:29:31] [Render thread/DEBUG] [ne.mi.re.GameData/REGISTRIES]: Holder lookups applied: minecraft:worldgen/structure_piece
[11:29:31] [Render thread/DEBUG] [ne.mi.re.GameData/REGISTRIES]: Applying holder lookups: minecraft:worldgen/structure_type
[11:29:31] [Render thread/DEBUG] [ne.mi.re.GameData/REGISTRIES]: Holder lookups applied: minecraft:worldgen/structure_type
[11:29:31] [Render thread/DEBUG] [ne.mi.re.GameData/REGISTRIES]: Applying holder lookups: minecraft:worldgen/placement_modifier_type
[11:29:31] [Render thread/DEBUG] [ne.mi.re.GameData/REGISTRIES]: Holder lookups applied: minecraft:worldgen/placement_modifier_type
[11:29:31] [Render thread/DEBUG] [ne.mi.re.GameData/REGISTRIES]: Applying holder lookups: minecraft:worldgen/block_state_provider_type
[11:29:31] [Render thread/DEBUG] [ne.mi.re.GameData/REGISTRIES]: Holder lookups applied: minecraft:worldgen/block_state_provider_type
[11:29:31] [Render thread/DEBUG] [ne.mi.re.GameData/REGISTRIES]: Applying holder lookups: minecraft:worldgen/foliage_placer_type
[11:29:31] [Render thread/DEBUG] [ne.mi.re.GameData/REGISTRIES]: Holder lookups applied: minecraft:worldgen/foliage_placer_type
[11:29:31] [Render thread/DEBUG] [ne.mi.re.GameData/REGISTRIES]: Applying holder lookups: minecraft:worldgen/trunk_placer_type
[11:29:31] [Render thread/DEBUG] [ne.mi.re.GameData/REGISTRIES]: Holder lookups applied: minecraft:worldgen/trunk_placer_type
[11:29:31] [Render thread/DEBUG] [ne.mi.re.GameData/REGISTRIES]: Applying holder lookups: minecraft:worldgen/root_placer_type
[11:29:31] [Render thread/DEBUG] [ne.mi.re.GameData/REGISTRIES]: Holder lookups applied: minecraft:worldgen/root_placer_type
[11:29:31] [Render thread/DEBUG] [ne.mi.re.GameData/REGISTRIES]: Applying holder lookups: minecraft:worldgen/tree_decorator_type
[11:29:31] [Render thread/DEBUG] [ne.mi.re.GameData/REGISTRIES]: Holder lookups applied: minecraft:worldgen/tree_decorator_type
[11:29:31] [Render thread/DEBUG] [ne.mi.re.GameData/REGISTRIES]: Applying holder lookups: minecraft:worldgen/feature_size_type
[11:29:31] [Render thread/DEBUG] [ne.mi.re.GameData/REGISTRIES]: Holder lookups applied: minecraft:worldgen/feature_size_type
[11:29:31] [Render thread/DEBUG] [ne.mi.re.GameData/REGISTRIES]: Applying holder lookups: minecraft:worldgen/biome_source
[11:29:31] [Render thread/DEBUG] [ne.mi.re.GameData/REGISTRIES]: Holder lookups applied: minecraft:worldgen/biome_source
[11:29:31] [Render thread/DEBUG] [ne.mi.re.GameData/REGISTRIES]: Applying holder lookups: minecraft:worldgen/chunk_generator
[11:29:31] [Render thread/DEBUG] [ne.mi.re.GameData/REGISTRIES]: Holder lookups applied: minecraft:worldgen/chunk_generator
[11:29:31] [Render thread/DEBUG] [ne.mi.re.GameData/REGISTRIES]: Applying holder lookups: minecraft:worldgen/material_condition
[11:29:31] [Render thread/DEBUG] [ne.mi.re.GameData/REGISTRIES]: Holder lookups applied: minecraft:worldgen/material_condition
[11:29:31] [Render thread/DEBUG] [ne.mi.re.GameData/REGISTRIES]: Applying holder lookups: minecraft:worldgen/material_rule
[11:29:31] [Render thread/DEBUG] [ne.mi.re.GameData/REGISTRIES]: Holder lookups applied: minecraft:worldgen/material_rule
[11:29:31] [Render thread/DEBUG] [ne.mi.re.GameData/REGISTRIES]: Applying holder lookups: minecraft:worldgen/density_function_type
[11:29:31] [Render thread/DEBUG] [ne.mi.re.GameData/REGISTRIES]: Holder lookups applied: minecraft:worldgen/density_function_type
[11:29:31] [Render thread/DEBUG] [ne.mi.re.GameData/REGISTRIES]: Applying holder lookups: minecraft:worldgen/structure_pool_element
[11:29:31] [Render thread/DEBUG] [ne.mi.re.GameData/REGISTRIES]: Holder lookups applied: minecraft:worldgen/structure_pool_element
[11:29:31] [Render thread/DEBUG] [ne.mi.re.GameData/REGISTRIES]: Applying holder lookups: minecraft:cat_variant
[11:29:31] [Render thread/DEBUG] [ne.mi.re.GameData/REGISTRIES]: Holder lookups applied: minecraft:cat_variant
[11:29:31] [Render thread/DEBUG] [ne.mi.re.GameData/REGISTRIES]: Applying holder lookups: minecraft:frog_variant
[11:29:31] [Render thread/DEBUG] [ne.mi.re.GameData/REGISTRIES]: Holder lookups applied: minecraft:frog_variant
[11:29:31] [Render thread/DEBUG] [ne.mi.re.GameData/REGISTRIES]: Applying holder lookups: minecraft:banner_pattern
[11:29:31] [Render thread/DEBUG] [ne.mi.re.GameData/REGISTRIES]: Holder lookups applied: minecraft:banner_pattern
[11:29:31] [Render thread/DEBUG] [ne.mi.re.GameData/REGISTRIES]: Applying holder lookups: minecraft:instrument
[11:29:31] [Render thread/DEBUG] [ne.mi.re.GameData/REGISTRIES]: Holder lookups applied: minecraft:instrument
[11:29:31] [Render thread/DEBUG] [ne.mi.re.GameData/REGISTRIES]: Applying holder lookups: minecraft:decorated_pot_patterns
[11:29:31] [Render thread/DEBUG] [ne.mi.re.GameData/REGISTRIES]: Holder lookups applied: minecraft:decorated_pot_patterns
[11:29:31] [Render thread/DEBUG] [ne.mi.re.GameData/REGISTRIES]: Applying holder lookups: minecraft:creative_mode_tab
[11:29:31] [Render thread/DEBUG] [ne.mi.re.GameData/REGISTRIES]: Holder lookups applied: minecraft:creative_mode_tab
[11:29:31] [Render thread/DEBUG] [ne.mi.re.GameData/REGISTRIES]: Applying holder lookups: forge:biome_modifier_serializers
[11:29:31] [Render thread/DEBUG] [ne.mi.re.GameData/REGISTRIES]: Holder lookups applied: forge:biome_modifier_serializers
[11:29:31] [Render thread/DEBUG] [ne.mi.re.GameData/REGISTRIES]: Applying holder lookups: forge:display_contexts
[11:29:31] [Render thread/DEBUG] [ne.mi.re.GameData/REGISTRIES]: Holder lookups applied: forge:display_contexts
[11:29:31] [Render thread/DEBUG] [ne.mi.re.GameData/REGISTRIES]: Applying holder lookups: forge:entity_data_serializers
[11:29:31] [Render thread/DEBUG] [ne.mi.re.GameData/REGISTRIES]: Holder lookups applied: forge:entity_data_serializers
[11:29:31] [Render thread/DEBUG] [ne.mi.re.GameData/REGISTRIES]: Applying holder lookups: forge:fluid_type
[11:29:31] [Render thread/DEBUG] [ne.mi.re.GameData/REGISTRIES]: Holder lookups applied: forge:fluid_type
[11:29:31] [Render thread/DEBUG] [ne.mi.re.GameData/REGISTRIES]: Applying holder lookups: forge:global_loot_modifier_serializers
[11:29:31] [Render thread/DEBUG] [ne.mi.re.GameData/REGISTRIES]: Holder lookups applied: forge:global_loot_modifier_serializers
[11:29:31] [Render thread/DEBUG] [ne.mi.re.GameData/REGISTRIES]: Applying holder lookups: forge:holder_set_type
[11:29:31] [Render thread/DEBUG] [ne.mi.re.GameData/REGISTRIES]: Holder lookups applied: forge:holder_set_type
[11:29:31] [Render thread/DEBUG] [ne.mi.re.GameData/REGISTRIES]: Applying holder lookups: forge:structure_modifier_serializers
[11:29:31] [Render thread/DEBUG] [ne.mi.re.GameData/REGISTRIES]: Holder lookups applied: forge:structure_modifier_serializers
[11:29:31] [Render thread/DEBUG] [ne.mi.re.GameData/REGISTRIES]: Applying holder lookups: minecraft:worldgen/biome
[11:29:31] [Render thread/DEBUG] [ne.mi.re.GameData/REGISTRIES]: Holder lookups applied: minecraft:worldgen/biome
[11:29:31] [Render thread/DEBUG] [ne.mi.cl.lo.ClientModLoader/CORE]: Generating PackInfo named mod:mr_epicterrain for mod file C:\Users\Rinsing\.gradle\caches\forge_gradle\deobf_dependencies\curse\maven\epic-terrain-1075383\5936468_mapped_official_1.20.1\epic-terrain-1075383-5936468_mapped_official_1.20.1.jar
[11:29:31] [Render thread/DEBUG] [ne.mi.cl.lo.ClientModLoader/CORE]: Generating PackInfo named mod:worldedit for mod file C:\Users\Rinsing\.gradle\caches\forge_gradle\deobf_dependencies\curse\maven\worldedit-225608\4586218_mapped_official_1.20.1\worldedit-225608-4586218_mapped_official_1.20.1.jar
[11:29:31] [Render thread/DEBUG] [ne.mi.cl.lo.ClientModLoader/CORE]: Generating PackInfo named mod:architectury for mod file C:\Users\Rinsing\.gradle\caches\forge_gradle\deobf_dependencies\dev\architectury\architectury-forge\9.2.14_mapped_official_1.20.1\architectury-forge-9.2.14_mapped_official_1.20.1.jar
[11:29:31] [Render thread/DEBUG] [ne.mi.cl.lo.ClientModLoader/CORE]: Generating PackInfo named mod:cloth_config for mod file C:\Users\Rinsing\.gradle\caches\forge_gradle\deobf_dependencies\me\shedaniel\cloth\cloth-config-forge\11.1.136_mapped_official_1.20.1\cloth-config-forge-11.1.136_mapped_official_1.20.1.jar
[11:29:31] [Render thread/DEBUG] [ne.mi.cl.lo.ClientModLoader/CORE]: Generating PackInfo named mod:forge for mod file /
[11:29:31] [Render thread/DEBUG] [ne.mi.cl.lo.ClientModLoader/CORE]: Generating PackInfo named mod:t_and_t for mod file C:\Users\Rinsing\.gradle\caches\forge_gradle\deobf_dependencies\local\t_and_t\t_and_t\1.12_mapped_official_1.20.1\t_and_t-1.12_mapped_official_1.20.1.jar
[11:29:31] [Render thread/DEBUG] [ne.mi.cl.lo.ClientModLoader/CORE]: Generating PackInfo named mod:mr_trek for mod file C:\Users\Rinsing\.gradle\caches\forge_gradle\deobf_dependencies\local\trek\trek\B0.6_mapped_official_1.20.1\trek-B0.6_mapped_official_1.20.1.jar
[11:29:31] [Render thread/DEBUG] [ne.mi.cl.lo.ClientModLoader/CORE]: Generating PackInfo named mod:roadweaver for mod file C:\Users\Rinsing\.gradle\caches\forge_gradle\deobf_dependencies\local\roadweaver\roadweaver-forge\2.3.0-1.20.1_mapped_official_1.20.1\roadweaver-forge-2.3.0-1.20.1_mapped_official_1.20.1.jar
[11:29:31] [Render thread/DEBUG] [ne.mi.cl.lo.ClientModLoader/CORE]: Generating PackInfo named mod:geomantia for mod file E:\Mod_Dev\StructureBinder\build\resources\main
[11:29:31] [Render thread/DEBUG] [ne.mi.cl.lo.ClientModLoader/CORE]: Generating PackInfo named mod:cristellib for mod file C:\Users\Rinsing\.gradle\caches\forge_gradle\deobf_dependencies\local\cristellib\cristellib\1.1.6_mapped_official_1.20.1\cristellib-1.1.6_mapped_official_1.20.1.jar
[11:29:32] [Render thread/INFO] [ne.mi.ga.ForgeGameTestHooks/]: Enabled Gametest Namespaces: [geomantia]
[11:29:32] [Render thread/DEBUG] [mixin/]: Mixing forge.CreateWorldScreenInitMixin from roadweaver.mixins.json into net.minecraft.client.gui.screens.worldselection.CreateWorldScreen
[11:29:32] [Render thread/INFO] [minecraft/ReloadableResourceManager]: Reloading ResourceManager: vanilla, mod_resources
[11:29:32] [modloading-worker-0/DEBUG] [ne.mi.fm.co.ConfigTracker/CONFIG]: Loading configs type CLIENT
[11:29:32] [modloading-worker-0/DEBUG] [ne.mi.fm.co.ConfigFileTypeHandler/CONFIG]: Built TOML config for E:\Mod_Dev\StructureBinder\run\config\forge-client.toml
[11:29:32] [modloading-worker-0/DEBUG] [ne.mi.fm.co.ConfigFileTypeHandler/CONFIG]: Loaded TOML config file E:\Mod_Dev\StructureBinder\run\config\forge-client.toml
[11:29:32] [modloading-worker-0/DEBUG] [ne.mi.fm.co.ConfigFileTypeHandler/CONFIG]: Watching TOML config file E:\Mod_Dev\StructureBinder\run\config\forge-client.toml for changes
[11:29:32] [modloading-worker-0/DEBUG] [ne.mi.co.ForgeConfig/FORGEMOD]: Loaded forge config file forge-client.toml
[11:29:32] [modloading-worker-0/DEBUG] [ne.mi.fm.co.ConfigTracker/CONFIG]: Loading configs type COMMON
[11:29:32] [Worker-Main-1/INFO] [co.ri.ge.GeomantiaMod/]: Geomantia initialized.
[11:29:32] [Worker-Main-8/INFO] [roadweaver/]: RoadWeaver common setup completed
[11:29:32] [Worker-Main-11/INFO] [minecraft/UnihexProvider]: Found unifont_all_no_pua-15.0.06.hex, loading
[11:29:32] [Forge Version Check/INFO] [ne.mi.fm.VersionChecker/]: [mr_epicterrain] Starting version check at https://api.modrinth.com/updates/7qSJGSHp/forge_updates.json
[11:29:33] [Forge Version Check/DEBUG] [ne.mi.fm.VersionChecker/]: [mr_epicterrain] Received version check data:
{"homepage":"https://modrinth.com/mod/7qSJGSHp","promos":{"1.20.1-latest":"0.3.0+mod","1.21.3-latest":"0.1.4+mod","1.21-latest":"0.1.4+mod","1.19.2-latest":"0.2.5+mod","1.20-latest":"0.3.0+mod","1.20.5-latest":"0.1.4+mod","1.21.1-latest":"0.1.4+mod","1.20.4-latest":"0.3.0+mod","1.19.4-latest":"0.2.5+mod","1.20.6-latest":"0.1.4+mod","1.20.2-latest":"0.3.0+mod","1.21.4-latest":"0.1.4+mod","1.19.3-latest":"0.2.5+mod","1.21.2-latest":"0.1.4+mod","1.20.3-latest":"0.3.0+mod"}}
[11:29:33] [Forge Version Check/INFO] [ne.mi.fm.VersionChecker/]: [mr_epicterrain] Found status: BETA_OUTDATED Current: 0.1.2 Target: 0.3.0+mod
[11:29:33] [Forge Version Check/INFO] [ne.mi.fm.VersionChecker/]: [forge] Starting version check at https://files.minecraftforge.net/net/minecraftforge/forge/promotions_slim.json
[11:29:34] [Worker-Main-6/INFO] [co.sk.wo.ex.pl.PlatformManager/]: Got request to register class com.sk89q.worldedit.forge.ForgePlatform with WorldEdit [com.sk89q.worldedit.extension.platform.PlatformManager@500e5e4c]
[11:29:34] [Worker-Main-6/INFO] [co.sk.wo.fo.ForgeWorldEdit/]: WorldEdit for Forge (version 7.2.15+6463-5ca4dff) is loaded
[11:29:34] [Render thread/DEBUG] [ne.mi.fm.DeferredWorkQueue/LOADING]: Dispatching synchronous work for work queue COMMON_SETUP: 1 jobs
[11:29:34] [Render thread/DEBUG] [ne.mi.fm.DeferredWorkQueue/LOADING]: Synchronous work queue completed in 5.443 ms
[11:29:34] [modloading-worker-0/DEBUG] [ne.mi.re.GameData/REGISTRIES]: Freezing registries
[11:29:34] [modloading-worker-0/DEBUG] [ne.mi.re.ForgeRegistry/REGISTRIES]: Registry minecraft:block Sync: FROZEN -> ACTIVE
[11:29:34] [modloading-worker-0/DEBUG] [ne.mi.re.ForgeRegistry/REGISTRIES]: Registry minecraft:fluid Sync: FROZEN -> ACTIVE
[11:29:34] [modloading-worker-0/DEBUG] [ne.mi.re.ForgeRegistry/REGISTRIES]: Registry minecraft:item Sync: FROZEN -> ACTIVE
[11:29:34] [modloading-worker-0/DEBUG] [ne.mi.re.ForgeRegistry/REGISTRIES]: Registry minecraft:mob_effect Sync: FROZEN -> ACTIVE
[11:29:34] [modloading-worker-0/DEBUG] [ne.mi.re.ForgeRegistry/REGISTRIES]: Registry minecraft:sound_event Sync: FROZEN -> ACTIVE
[11:29:34] [modloading-worker-0/DEBUG] [ne.mi.re.ForgeRegistry/REGISTRIES]: Registry minecraft:potion Sync: FROZEN -> ACTIVE
[11:29:34] [modloading-worker-0/DEBUG] [ne.mi.re.ForgeRegistry/REGISTRIES]: Registry minecraft:enchantment Sync: FROZEN -> ACTIVE
[11:29:34] [modloading-worker-0/DEBUG] [ne.mi.re.ForgeRegistry/REGISTRIES]: Registry minecraft:entity_type Sync: FROZEN -> ACTIVE
[11:29:34] [modloading-worker-0/DEBUG] [ne.mi.re.ForgeRegistry/REGISTRIES]: Registry minecraft:block_entity_type Sync: FROZEN -> ACTIVE
[11:29:34] [modloading-worker-0/DEBUG] [ne.mi.re.ForgeRegistry/REGISTRIES]: Registry minecraft:particle_type Sync: FROZEN -> ACTIVE
[11:29:34] [modloading-worker-0/DEBUG] [ne.mi.re.ForgeRegistry/REGISTRIES]: Registry minecraft:menu Sync: FROZEN -> ACTIVE
[11:29:34] [modloading-worker-0/DEBUG] [ne.mi.re.ForgeRegistry/REGISTRIES]: Registry minecraft:painting_variant Sync: FROZEN -> ACTIVE
[11:29:34] [modloading-worker-0/DEBUG] [ne.mi.re.ForgeRegistry/REGISTRIES]: Registry minecraft:recipe_type Sync: FROZEN -> ACTIVE
[11:29:34] [modloading-worker-0/DEBUG] [ne.mi.re.ForgeRegistry/REGISTRIES]: Registry minecraft:recipe_serializer Sync: FROZEN -> ACTIVE
[11:29:34] [modloading-worker-0/DEBUG] [ne.mi.re.ForgeRegistry/REGISTRIES]: Registry minecraft:attribute Sync: FROZEN -> ACTIVE
[11:29:34] [modloading-worker-0/DEBUG] [ne.mi.re.ForgeRegistry/REGISTRIES]: Registry minecraft:stat_type Sync: FROZEN -> ACTIVE
[11:29:34] [modloading-worker-0/DEBUG] [ne.mi.re.ForgeRegistry/REGISTRIES]: Registry minecraft:command_argument_type Sync: FROZEN -> ACTIVE
[11:29:34] [modloading-worker-0/DEBUG] [ne.mi.re.ForgeRegistry/REGISTRIES]: Registry minecraft:villager_profession Sync: FROZEN -> ACTIVE
[11:29:34] [modloading-worker-0/DEBUG] [ne.mi.re.ForgeRegistry/REGISTRIES]: Registry minecraft:point_of_interest_type Sync: FROZEN -> ACTIVE
[11:29:34] [modloading-worker-0/DEBUG] [ne.mi.re.ForgeRegistry/REGISTRIES]: Registry minecraft:memory_module_type Sync: FROZEN -> ACTIVE
[11:29:34] [modloading-worker-0/DEBUG] [ne.mi.re.ForgeRegistry/REGISTRIES]: Registry minecraft:sensor_type Sync: FROZEN -> ACTIVE
[11:29:34] [modloading-worker-0/DEBUG] [ne.mi.re.ForgeRegistry/REGISTRIES]: Registry minecraft:schedule Sync: FROZEN -> ACTIVE
[11:29:34] [modloading-worker-0/DEBUG] [ne.mi.re.ForgeRegistry/REGISTRIES]: Registry minecraft:activity Sync: FROZEN -> ACTIVE
[11:29:34] [modloading-worker-0/DEBUG] [ne.mi.re.ForgeRegistry/REGISTRIES]: Registry minecraft:worldgen/carver Sync: FROZEN -> ACTIVE
[11:29:34] [modloading-worker-0/DEBUG] [ne.mi.re.ForgeRegistry/REGISTRIES]: Registry minecraft:worldgen/feature Sync: FROZEN -> ACTIVE
[11:29:34] [modloading-worker-0/DEBUG] [ne.mi.re.ForgeRegistry/REGISTRIES]: Registry minecraft:chunk_status Sync: FROZEN -> ACTIVE
[11:29:34] [modloading-worker-0/DEBUG] [ne.mi.re.ForgeRegistry/REGISTRIES]: Registry minecraft:worldgen/block_state_provider_type Sync: FROZEN -> ACTIVE
[11:29:34] [modloading-worker-0/DEBUG] [ne.mi.re.ForgeRegistry/REGISTRIES]: Registry minecraft:worldgen/foliage_placer_type Sync: FROZEN -> ACTIVE
[11:29:34] [modloading-worker-0/DEBUG] [ne.mi.re.ForgeRegistry/REGISTRIES]: Registry minecraft:worldgen/tree_decorator_type Sync: FROZEN -> ACTIVE
[11:29:34] [modloading-worker-0/DEBUG] [ne.mi.re.ForgeRegistry/REGISTRIES]: Registry minecraft:worldgen/biome Sync: FROZEN -> ACTIVE
[11:29:34] [modloading-worker-0/DEBUG] [ne.mi.re.ForgeRegistry/REGISTRIES]: Registry forge:entity_data_serializers Sync: FROZEN -> ACTIVE
[11:29:34] [modloading-worker-0/DEBUG] [ne.mi.re.ForgeRegistry/REGISTRIES]: Registry forge:global_loot_modifier_serializers Sync: FROZEN -> ACTIVE
[11:29:34] [modloading-worker-0/DEBUG] [ne.mi.re.ForgeRegistry/REGISTRIES]: Registry forge:biome_modifier_serializers Sync: FROZEN -> ACTIVE
[11:29:34] [modloading-worker-0/DEBUG] [ne.mi.re.ForgeRegistry/REGISTRIES]: Registry forge:fluid_type Sync: FROZEN -> ACTIVE
[11:29:34] [modloading-worker-0/DEBUG] [ne.mi.re.ForgeRegistry/REGISTRIES]: Registry forge:structure_modifier_serializers Sync: FROZEN -> ACTIVE
[11:29:34] [modloading-worker-0/DEBUG] [ne.mi.re.ForgeRegistry/REGISTRIES]: Registry forge:holder_set_type Sync: FROZEN -> ACTIVE
[11:29:34] [modloading-worker-0/DEBUG] [ne.mi.re.ForgeRegistry/REGISTRIES]: Registry forge:display_contexts Sync: FROZEN -> ACTIVE
[11:29:34] [Forge Version Check/DEBUG] [ne.mi.fm.VersionChecker/]: [forge] Received version check data:
{
  "homepage": "https://files.minecraftforge.net/net/minecraftforge/forge/",
  "promos": {
    "1.1-latest": "1.3.4.29",
    "1.2.3-latest": "1.4.1.64",
    "1.2.4-latest": "2.0.0.68",
    "1.2.5-latest": "3.4.9.171",
    "1.3.2-latest": "4.3.5.318",
    "1.4.0-latest": "5.0.0.326",
    "1.4.1-latest": "6.0.0.329",
    "1.4.2-latest": "6.0.1.355",
    "1.4.3-latest": "6.2.1.358",
    "1.4.4-latest": "6.3.0.378",
    "1.4.5-latest": "6.4.2.448",
    "1.4.6-latest": "6.5.0.489",
    "1.4.7-latest": "6.6.2.534",
    "1.5-latest": "7.7.0.598",
    "1.5.1-latest": "7.7.2.682",
    "1.5.2-latest": "7.8.1.738",
    "1.5.2-recommended": "7.8.1.738",
    "1.6.1-latest": "8.9.0.775",
    "1.6.2-latest": "9.10.1.871",
    "1.6.2-recommended": "9.10.1.871",
    "1.6.3-latest": "9.11.0.878",
    "1.6.4-latest": "9.11.1.1345",
    "1.6.4-recommended": "9.11.1.1345",
    "1.7.2-latest": "10.12.2.1161",
    "1.7.2-recommended": "10.12.2.1161",
    "1.7.10-latest": "10.13.4.1614",
    "1.7.10-recommended": "10.13.4.1614",
    "1.8-latest": "11.14.4.1577",
    "1.8-recommended": "11.14.4.1563",
    "1.8.8-latest": "11.15.0.1655",
    "1.8.9-latest": "11.15.1.2318",
    "1.8.9-recommended": "11.15.1.2318",
    "1.9-latest": "12.16.1.1938",
    "1.9-recommended": "12.16.1.1887",
    "1.9.4-latest": "12.17.0.2317",
    "1.9.4-recommended": "12.17.0.2317",
    "1.10-latest": "12.18.0.2000",
    "1.10.2-latest": "12.18.3.2511",
    "1.10.2-recommended": "12.18.3.2511",
    "1.11-latest": "13.19.1.2199",
    "1.11-recommended": "13.19.1.2189",
    "1.11.2-latest": "13.20.1.2588",
    "1.11.2-recommended": "13.20.1.2588",
    "1.12-latest": "14.21.1.2443",
    "1.12-recommended": "14.21.1.2387",
    "1.12.1-latest": "14.22.1.2485",
    "1.12.1-recommended": "14.22.1.2478",
    "1.12.2-latest": "14.23.5.2864",
    "1.12.2-recommended": "14.23.5.2859",
    "1.13.2-latest": "25.0.223",
    "1.14.2-latest": "26.0.63",
    "1.14.3-latest": "27.0.60",
    "1.14.4-latest": "28.2.30",
    "1.14.4-recommended": "28.2.26",
    "1.15-latest": "29.0.4",
    "1.15.1-latest": "30.0.51",
    "1.15.2-latest": "31.2.62",
    "1.15.2-recommended": "31.2.57",
    "1.16.1-latest": "32.0.108",
    "1.16.2-latest": "33.0.61",
    "1.16.3-latest": "34.1.42",
    "1.16.3-recommended": "34.1.0",
    "1.16.4-latest": "35.1.37",
    "1.16.4-recommended": "35.1.4",
    "1.16.5-latest": "36.2.42",
    "1.16.5-recommended": "36.2.34",
    "1.17.1-latest": "37.1.1",
    "1.17.1-recommended": "37.1.1",
    "1.18-latest": "38.0.17",
    "1.18.1-latest": "39.1.2",
    "1.18.1-recommended": "39.1.0",
    "1.18.2-recommended": "40.3.0",
    "1.18.2-latest": "40.3.12",
    "1.19-latest": "41.1.0",
    "1.19-recommended": "41.1.0",
    "1.19.1-latest": "42.0.9",
    "1.19.2-recommended": "43.5.0",
    "1.19.2-latest": "43.5.2",
    "1.19.3-latest": "44.1.23",
    "1.19.3-recommended": "44.1.0",
    "1.19.4-recommended": "45.4.0",
    "1.19.4-latest": "45.4.3",
    "1.20-latest": "46.0.14",
    "1.20.1-recommended": "47.4.10",
    "1.20.1-latest": "47.4.22",
    "1.20.2-latest": "48.1.0",
    "1.20.2-recommended": "48.1.0",
    "1.20.3-latest": "49.0.2",
    "1.20.4-latest": "49.2.8",
    "1.20.4-recommended": "49.2.0",
    "1.20.6-latest": "50.2.10",
    "1.20.6-recommended": "50.2.0",
    "1.21-latest": "51.0.33",
    "1.21.1-latest": "52.1.16",
    "1.21.1-recommended": "52.1.0",
    "1.21.3-latest": "53.1.11",
    "1.21.3-recommended": "53.1.0",
    "1.21.4-latest": "54.1.17",
    "1.21.4-recommended": "54.1.14",
    "1.21.5-latest": "55.1.11",
    "1.21.5-recommended": "55.1.0",
    "1.21.6-latest": "56.0.9",
    "1.21.7-latest": "57.0.3",
    "1.21.8-latest": "58.1.20",
    "1.21.8-recommended": "58.1.0",
    "1.21.9-latest": "59.0.5",
    "1.21.10-latest": "60.1.13",
    "1.21.10-recommended": "60.1.0",
    "1.21.11-latest": "61.1.14",
    "1.21.11-recommended": "61.1.0",
    "26.1-latest": "62.0.9",
    "26.1.1-latest": "63.0.2",
    "26.1.2-latest": "64.1.0",
    "26.1.2-recommended": "64.1.0",
    "26.2-latest": "65.1.0",
    "26.2-recommended": "65.1.0"
  }
}
[11:29:34] [Forge Version Check/INFO] [ne.mi.fm.VersionChecker/]: [forge] Found status: OUTDATED Current: 47.4.0 Target: 47.4.10
[11:29:34] [Forge Version Check/INFO] [ne.mi.fm.VersionChecker/]: [mr_trek] Starting version check at https://api.modrinth.com/updates/h2jngREY/forge_updates.json
[11:29:34] [Forge Version Check/DEBUG] [ne.mi.fm.VersionChecker/]: [mr_trek] Received version check data:
{"homepage":"https://modrinth.com/mod/h2jngREY","promos":{"1.21.9-latest":"B0.6.2+mod","1.20-latest":"B0.6.2+mod","26.1.2-latest":"B0.6.2+mod","1.20.2-latest":"B0.6.2+mod","1.20.4-latest":"B0.6.2+mod","1.21.7-latest":"B0.6.2+mod","1.21.3-latest":"B0.6.2+mod","1.21-latest":"B0.6.2+mod","1.20.3-latest":"B0.6.2+mod","1.21.5-latest":"B0.6.2+mod","1.21.4-latest":"B0.6.2+mod","26.1.1-latest":"B0.6.2+mod","1.19.4-latest":"B0.6.2+mod","1.21.8-latest":"B0.6.2+mod","1.20.1-latest":"B0.6.2+mod","1.21.2-latest":"B0.6.2+mod","1.21.11-latest":"B0.6.2+mod","1.19.1-latest":"B0.6.2+mod","1.21.6-latest":"B0.6.2+mod","1.20.5-latest":"B0.6.2+mod","1.21.10-latest":"B0.6.2+mod","26.2-latest":"B0.6.2+mod","1.21.1-latest":"B0.6.2+mod","1.19-latest":"B0.6.2+mod","1.19.3-latest":"B0.6.2+mod","1.20.6-latest":"B0.6.2+mod","26.1-latest":"B0.6.2+mod","1.19.2-latest":"B0.6.2+mod"}}
[11:29:34] [Forge Version Check/INFO] [ne.mi.fm.VersionChecker/]: [mr_trek] Found status: BETA Current: 1-B0.6 Target: B0.6.2+mod
[11:29:35] [modloading-worker-0/DEBUG] [ne.mi.re.GameData/REGISTRIES]: All registries frozen
[11:29:35] [Render thread/DEBUG] [ne.mi.co.ForgeI18n/CORE]: Loading I18N data entries: 8776
[11:29:35] [Render thread/WARN] [minecraft/SoundEngine]: Missing sound for event: minecraft:item.goat_horn.play
[11:29:35] [Render thread/WARN] [minecraft/SoundEngine]: Missing sound for event: minecraft:entity.goat.screaming.horn_break
[11:29:35] [Render thread/INFO] [mojang/Library]: OpenAL initialized on device OpenAL Soft on 耳机 (UGREEN-BT505)
[11:29:35] [Render thread/INFO] [minecraft/SoundEngine]: Sound engine started
[11:29:35] [Render thread/INFO] [minecraft/TextureAtlas]: Created: 1024x512x4 minecraft:textures/atlas/blocks.png-atlas
[11:29:35] [Render thread/INFO] [minecraft/TextureAtlas]: Created: 256x256x4 minecraft:textures/atlas/signs.png-atlas
[11:29:35] [Render thread/INFO] [minecraft/TextureAtlas]: Created: 512x512x4 minecraft:textures/atlas/shield_patterns.png-atlas
[11:29:35] [Render thread/INFO] [minecraft/TextureAtlas]: Created: 512x512x4 minecraft:textures/atlas/banner_patterns.png-atlas
[11:29:35] [Render thread/INFO] [minecraft/TextureAtlas]: Created: 1024x1024x4 minecraft:textures/atlas/armor_trims.png-atlas
[11:29:35] [Render thread/INFO] [minecraft/TextureAtlas]: Created: 128x64x4 minecraft:textures/atlas/decorated_pot.png-atlas
[11:29:35] [Render thread/INFO] [minecraft/TextureAtlas]: Created: 256x256x4 minecraft:textures/atlas/chest.png-atlas
[11:29:35] [Render thread/INFO] [minecraft/TextureAtlas]: Created: 512x256x4 minecraft:textures/atlas/shulker_boxes.png-atlas
[11:29:35] [Render thread/INFO] [minecraft/TextureAtlas]: Created: 512x256x4 minecraft:textures/atlas/beds.png-atlas
[11:29:35] [Render thread/WARN] [minecraft/ShaderInstance]: Shader rendertype_entity_translucent_emissive could not find sampler named Sampler2 in the specified shader program.
[11:29:35] [Render thread/INFO] [minecraft/TextureAtlas]: Created: 256x256x0 minecraft:textures/atlas/particles.png-atlas
[11:29:35] [Render thread/INFO] [minecraft/TextureAtlas]: Created: 256x256x0 minecraft:textures/atlas/paintings.png-atlas
[11:29:35] [Render thread/INFO] [minecraft/TextureAtlas]: Created: 128x128x0 minecraft:textures/atlas/mob_effects.png-atlas
[11:29:36] [Realms Notification Availability checker #1/INFO] [mojang/RealmsClient]: Could not authorize you against Realms server: java.lang.RuntimeException: Failed to parse into SignedJWT: 0
[11:34:21] [Render thread/INFO] [minecraft/LevelStorageSource]: Deleting level 新的世界 (4)
[11:34:21] [Render thread/INFO] [minecraft/LevelStorageSource]: Attempt 1...
[11:34:25] [Render thread/INFO] [minecraft/LevelStorageSource]: Deleting level 落地测试0726
[11:34:25] [Render thread/INFO] [minecraft/LevelStorageSource]: Attempt 1...
[11:34:28] [Render thread/INFO] [minecraft/LevelStorageSource]: Deleting level 新的世界 (6)
[11:34:28] [Render thread/INFO] [minecraft/LevelStorageSource]: Attempt 1...
[11:34:31] [Render thread/INFO] [minecraft/LevelStorageSource]: Deleting level 新的世界 (5)
[11:34:31] [Render thread/INFO] [minecraft/LevelStorageSource]: Attempt 1...
[11:34:38] [Render thread/INFO] [minecraft/LevelStorageSource]: Deleting level codex_city_acceptance_20260722
[11:34:38] [Render thread/INFO] [minecraft/LevelStorageSource]: Attempt 1...
[11:34:41] [Render thread/INFO] [minecraft/LevelStorageSource]: Deleting level 新的世界 (3)
[11:34:41] [Render thread/INFO] [minecraft/LevelStorageSource]: Attempt 1...
[11:34:44] [Render thread/INFO] [minecraft/LevelStorageSource]: Deleting level 新的世界 (2)
[11:34:44] [Render thread/INFO] [minecraft/LevelStorageSource]: Attempt 1...
[11:34:49] [Render thread/INFO] [minecraft/LevelStorageSource]: Deleting level codex_d7_road_weaver_0630
[11:34:49] [Render thread/INFO] [minecraft/LevelStorageSource]: Attempt 1...
[11:34:54] [Render thread/INFO] [minecraft/LevelStorageSource]: Deleting level codex_d6lock_d7road_20260629
[11:34:54] [Render thread/INFO] [minecraft/LevelStorageSource]: Attempt 1...
[11:34:57] [Render thread/INFO] [minecraft/LevelStorageSource]: Deleting level codex_trek_envelope_refine_fixedroot_20260629_161547
[11:34:57] [Render thread/INFO] [minecraft/LevelStorageSource]: Attempt 1...
[11:35:00] [Render thread/INFO] [minecraft/LevelStorageSource]: Deleting level codex_trek_envelope_refine_20260629_155700
[11:35:00] [Render thread/INFO] [minecraft/LevelStorageSource]: Attempt 1...
[11:35:01] [Render thread/DEBUG] [ne.mi.se.ServerLifecycleHooks/CORE]: Generating PackInfo named mod:mr_epicterrain for mod file C:\Users\Rinsing\.gradle\caches\forge_gradle\deobf_dependencies\curse\maven\epic-terrain-1075383\5936468_mapped_official_1.20.1\epic-terrain-1075383-5936468_mapped_official_1.20.1.jar
[11:35:01] [Render thread/DEBUG] [ne.mi.se.ServerLifecycleHooks/CORE]: Generating PackInfo named mod:worldedit for mod file C:\Users\Rinsing\.gradle\caches\forge_gradle\deobf_dependencies\curse\maven\worldedit-225608\4586218_mapped_official_1.20.1\worldedit-225608-4586218_mapped_official_1.20.1.jar
[11:35:01] [Render thread/DEBUG] [ne.mi.se.ServerLifecycleHooks/CORE]: Generating PackInfo named mod:architectury for mod file C:\Users\Rinsing\.gradle\caches\forge_gradle\deobf_dependencies\dev\architectury\architectury-forge\9.2.14_mapped_official_1.20.1\architectury-forge-9.2.14_mapped_official_1.20.1.jar
[11:35:01] [Render thread/DEBUG] [ne.mi.se.ServerLifecycleHooks/CORE]: Generating PackInfo named mod:cloth_config for mod file C:\Users\Rinsing\.gradle\caches\forge_gradle\deobf_dependencies\me\shedaniel\cloth\cloth-config-forge\11.1.136_mapped_official_1.20.1\cloth-config-forge-11.1.136_mapped_official_1.20.1.jar
[11:35:01] [Render thread/DEBUG] [ne.mi.se.ServerLifecycleHooks/CORE]: Generating PackInfo named mod:forge for mod file /
[11:35:01] [Render thread/DEBUG] [ne.mi.se.ServerLifecycleHooks/CORE]: Generating PackInfo named mod:t_and_t for mod file C:\Users\Rinsing\.gradle\caches\forge_gradle\deobf_dependencies\local\t_and_t\t_and_t\1.12_mapped_official_1.20.1\t_and_t-1.12_mapped_official_1.20.1.jar
[11:35:01] [Render thread/DEBUG] [ne.mi.se.ServerLifecycleHooks/CORE]: Generating PackInfo named mod:mr_trek for mod file C:\Users\Rinsing\.gradle\caches\forge_gradle\deobf_dependencies\local\trek\trek\B0.6_mapped_official_1.20.1\trek-B0.6_mapped_official_1.20.1.jar
[11:35:01] [Render thread/DEBUG] [ne.mi.se.ServerLifecycleHooks/CORE]: Generating PackInfo named mod:roadweaver for mod file C:\Users\Rinsing\.gradle\caches\forge_gradle\deobf_dependencies\local\roadweaver\roadweaver-forge\2.3.0-1.20.1_mapped_official_1.20.1\roadweaver-forge-2.3.0-1.20.1_mapped_official_1.20.1.jar
[11:35:01] [Render thread/DEBUG] [ne.mi.se.ServerLifecycleHooks/CORE]: Generating PackInfo named mod:geomantia for mod file E:\Mod_Dev\StructureBinder\build\resources\main
[11:35:01] [Render thread/DEBUG] [ne.mi.se.ServerLifecycleHooks/CORE]: Generating PackInfo named mod:cristellib for mod file C:\Users\Rinsing\.gradle\caches\forge_gradle\deobf_dependencies\local\cristellib\cristellib\1.1.6_mapped_official_1.20.1\cristellib-1.1.6_mapped_official_1.20.1.jar
[11:35:02] [Render thread/DEBUG] [mixin/]: Mixing MixinLootDataManager from architectury.mixins.json into net.minecraft.world.level.storage.loot.LootDataManager
[11:35:02] [Render thread/DEBUG] [mixin/]: Mixing client.MixinCommandSourceStack from architectury.mixins.json into net.minecraft.commands.CommandSourceStack
[11:35:02] [Render thread/DEBUG] [ne.mi.co.tr.CoreModBaseTransformer/COREMOD]: Transforming net/minecraft/server/commands/SummonCommand
[11:35:02] [Render thread/INFO] [co.sk.wo.ex.pl.PlatformCommandManager/]: Registering commands with com.sk89q.worldedit.forge.ForgePlatform
[11:35:02] [Worker-Main-3/DEBUG] [ne.mi.co.tr.CoreModBaseTransformer/COREMOD]: Transforming net/minecraft/world/entity/raid/Raid
[11:35:02] [Render thread/INFO] [minecraft/RecipeManager]: Loaded 7 recipes
[11:35:03] [Render thread/INFO] [minecraft/AdvancementList]: Loaded 1273 advancements
[11:35:03] [Render thread/WARN] [minecraft/MappedRegistry]: Not all defined tags for registry ResourceKey[minecraft:root / minecraft:worldgen/biome] are present in data pack: minecraft:is_birch_forest, minecraft:is_mangrove
[11:35:03] [Render thread/INFO] [RoadWeaver/StructureDiscovery/]: 发现 220 个结构和 14 个标签
[11:35:03] [Render thread/DEBUG] [mixin/]: Mixing forge.CreateWorldScreenMixin from roadweaver.mixins.json into net.minecraft.client.gui.screens.worldselection.CreateWorldScreen$GameTab
[11:35:03] [Render thread/DEBUG] [mixin/]: Renaming synthetic method lambda$addConfigButton$0(Lnet/minecraft/client/gui/components/Button;)V to mda0c3b4$lambda$addConfigButton$0$0 in roadweaver.mixins.json:forge.CreateWorldScreenMixin
[11:35:20] [Render thread/DEBUG] [ne.mi.se.ServerLifecycleHooks/CORE]: Generating PackInfo named mod:mr_epicterrain for mod file C:\Users\Rinsing\.gradle\caches\forge_gradle\deobf_dependencies\curse\maven\epic-terrain-1075383\5936468_mapped_official_1.20.1\epic-terrain-1075383-5936468_mapped_official_1.20.1.jar
[11:35:20] [Render thread/DEBUG] [ne.mi.se.ServerLifecycleHooks/CORE]: Generating PackInfo named mod:worldedit for mod file C:\Users\Rinsing\.gradle\caches\forge_gradle\deobf_dependencies\curse\maven\worldedit-225608\4586218_mapped_official_1.20.1\worldedit-225608-4586218_mapped_official_1.20.1.jar
[11:35:20] [Render thread/DEBUG] [ne.mi.se.ServerLifecycleHooks/CORE]: Generating PackInfo named mod:architectury for mod file C:\Users\Rinsing\.gradle\caches\forge_gradle\deobf_dependencies\dev\architectury\architectury-forge\9.2.14_mapped_official_1.20.1\architectury-forge-9.2.14_mapped_official_1.20.1.jar
[11:35:20] [Render thread/DEBUG] [ne.mi.se.ServerLifecycleHooks/CORE]: Generating PackInfo named mod:cloth_config for mod file C:\Users\Rinsing\.gradle\caches\forge_gradle\deobf_dependencies\me\shedaniel\cloth\cloth-config-forge\11.1.136_mapped_official_1.20.1\cloth-config-forge-11.1.136_mapped_official_1.20.1.jar
[11:35:20] [Render thread/DEBUG] [ne.mi.se.ServerLifecycleHooks/CORE]: Generating PackInfo named mod:forge for mod file /
[11:35:20] [Render thread/DEBUG] [ne.mi.se.ServerLifecycleHooks/CORE]: Generating PackInfo named mod:t_and_t for mod file C:\Users\Rinsing\.gradle\caches\forge_gradle\deobf_dependencies\local\t_and_t\t_and_t\1.12_mapped_official_1.20.1\t_and_t-1.12_mapped_official_1.20.1.jar
[11:35:20] [Render thread/DEBUG] [ne.mi.se.ServerLifecycleHooks/CORE]: Generating PackInfo named mod:mr_trek for mod file C:\Users\Rinsing\.gradle\caches\forge_gradle\deobf_dependencies\local\trek\trek\B0.6_mapped_official_1.20.1\trek-B0.6_mapped_official_1.20.1.jar
[11:35:20] [Render thread/DEBUG] [ne.mi.se.ServerLifecycleHooks/CORE]: Generating PackInfo named mod:roadweaver for mod file C:\Users\Rinsing\.gradle\caches\forge_gradle\deobf_dependencies\local\roadweaver\roadweaver-forge\2.3.0-1.20.1_mapped_official_1.20.1\roadweaver-forge-2.3.0-1.20.1_mapped_official_1.20.1.jar
[11:35:20] [Render thread/DEBUG] [ne.mi.se.ServerLifecycleHooks/CORE]: Generating PackInfo named mod:geomantia for mod file E:\Mod_Dev\StructureBinder\build\resources\main
[11:35:20] [Render thread/DEBUG] [ne.mi.se.ServerLifecycleHooks/CORE]: Generating PackInfo named mod:cristellib for mod file C:\Users\Rinsing\.gradle\caches\forge_gradle\deobf_dependencies\local\cristellib\cristellib\1.1.6_mapped_official_1.20.1\cristellib-1.1.6_mapped_official_1.20.1.jar
[11:35:20] [Render thread/DEBUG] [ne.mi.co.ForgeHooks/WP]: Gathering id map for writing to world save 新的世界
[11:35:20] [Render thread/DEBUG] [ne.mi.co.ForgeHooks/WP]: ID Map collection complete 新的世界
[11:35:20] [Server thread/INFO] [minecraft/IntegratedServer]: Starting integrated minecraft server version 1.20.1
[11:35:20] [Server thread/INFO] [minecraft/MinecraftServer]: Generating keypair
[11:35:20] [Server thread/DEBUG] [ne.mi.fm.co.ConfigTracker/CONFIG]: Loading configs type SERVER
[11:35:20] [Server thread/DEBUG] [ne.mi.fm.co.ConfigFileTypeHandler/CONFIG]: Built TOML config for .\saves\新的世界 (2)\serverconfig\forge-server.toml
[11:35:20] [Server thread/DEBUG] [ne.mi.fm.co.ConfigFileTypeHandler/CONFIG]: Loaded TOML config file .\saves\新的世界 (2)\serverconfig\forge-server.toml
[11:35:20] [Server thread/DEBUG] [ne.mi.fm.co.ConfigFileTypeHandler/CONFIG]: Watching TOML config file .\saves\新的世界 (2)\serverconfig\forge-server.toml for changes
[11:35:20] [Server thread/WARN] [ne.mi.co.ForgeConfigSpec/CORE]: Configuration file .\saves\新的世界 (2)\serverconfig\forge-server.toml is not correct. Correcting
[11:35:20] [Server thread/WARN] [ne.mi.co.ForgeConfigSpec/CORE]: Incorrect key server was corrected from null to its default, SimpleCommentedConfig:{}. 
[11:35:20] [Server thread/WARN] [ne.mi.co.ForgeConfigSpec/CORE]: Incorrect key server.removeErroringBlockEntities was corrected from null to its default, false. 
[11:35:20] [Server thread/DEBUG] [ne.mi.co.ForgeConfigSpec/CORE]: The comment on key server.removeErroringBlockEntities does not match the spec. This may create a backup.
[11:35:20] [Server thread/WARN] [ne.mi.co.ForgeConfigSpec/CORE]: Incorrect key server.removeErroringEntities was corrected from null to its default, false. 
[11:35:20] [Server thread/DEBUG] [ne.mi.co.ForgeConfigSpec/CORE]: The comment on key server.removeErroringEntities does not match the spec. This may create a backup.
[11:35:20] [Server thread/WARN] [ne.mi.co.ForgeConfigSpec/CORE]: Incorrect key server.fullBoundingBoxLadders was corrected from null to its default, false. 
[11:35:20] [Server thread/DEBUG] [ne.mi.co.ForgeConfigSpec/CORE]: The comment on key server.fullBoundingBoxLadders does not match the spec. This may create a backup.
[11:35:20] [Server thread/WARN] [ne.mi.co.ForgeConfigSpec/CORE]: Incorrect key server.zombieBaseSummonChance was corrected from null to its default, 0.1. 
[11:35:20] [Server thread/DEBUG] [ne.mi.co.ForgeConfigSpec/CORE]: The comment on key server.zombieBaseSummonChance does not match the spec. This may create a backup.
[11:35:20] [Server thread/WARN] [ne.mi.co.ForgeConfigSpec/CORE]: Incorrect key server.zombieBabyChance was corrected from null to its default, 0.05. 
[11:35:20] [Server thread/DEBUG] [ne.mi.co.ForgeConfigSpec/CORE]: The comment on key server.zombieBabyChance does not match the spec. This may create a backup.
[11:35:20] [Server thread/WARN] [ne.mi.co.ForgeConfigSpec/CORE]: Incorrect key server.permissionHandler was corrected from null to its default, forge:default_handler. 
[11:35:20] [Server thread/DEBUG] [ne.mi.co.ForgeConfigSpec/CORE]: The comment on key server.permissionHandler does not match the spec. This may create a backup.
[11:35:20] [Server thread/WARN] [ne.mi.co.ForgeConfigSpec/CORE]: Incorrect key server.advertiseDedicatedServerToLan was corrected from null to its default, true. 
[11:35:20] [Server thread/DEBUG] [ne.mi.co.ForgeConfigSpec/CORE]: The comment on key server.advertiseDedicatedServerToLan does not match the spec. This may create a backup.
[11:35:20] [Server thread/WARN] [ne.mi.co.ForgeConfigSpec/CORE]: Incorrect key server.useItemWithDurationZero was corrected from null to its default, false. 
[11:35:20] [Server thread/DEBUG] [ne.mi.co.ForgeConfigSpec/CORE]: The comment on key server.useItemWithDurationZero does not match the spec. This may create a backup.
[11:35:20] [Server thread/DEBUG] [ne.mi.co.ForgeConfigSpec/CORE]: The comment on key server does not match the spec. This may create a backup.
[11:35:20] [Server thread/DEBUG] [ne.mi.co.ForgeConfig/FORGEMOD]: Loaded forge config file forge-server.toml
[11:35:20] [Server thread/INFO] [co.ri.ge.sy.ci.in.wo.CityReservationMaskRegistry/]: Loaded City reservation mask registry: noVegetation=0, noVanillaStructure=0, plannedStructures=0, ledgerPlacements=0, serverRoot=.\saves\新的世界 (2)\.
[11:35:20] [Server thread/INFO] [co.ri.ge.sy.ci.in.wo.la.CityLandUseWorldgenRegistry/]: Loaded City LandUse registry: activePlans=0, appliedOwners=0
[11:35:20] [Server thread/INFO] [co.ri.ge.sy.ci.in.wo.CityDecorationWorldgenRegistry/]: Loaded City decoration v0.4 registry: activePlans=0, appliedFragments=0
[11:35:20] [Server thread/DEBUG] [ne.mi.co.tr.CoreModBaseTransformer/COREMOD]: Transforming net/minecraft/world/level/levelgen/PhantomSpawner
[11:35:20] [Server thread/DEBUG] [ne.mi.co.tr.CoreModBaseTransformer/COREMOD]: Transforming net/minecraft/world/level/levelgen/PatrolSpawner
[11:35:20] [Server thread/DEBUG] [ne.mi.co.tr.CoreModBaseTransformer/COREMOD]: Transforming net/minecraft/world/entity/npc/CatSpawner
[11:35:20] [Server thread/DEBUG] [ne.mi.co.tr.CoreModBaseTransformer/COREMOD]: Transforming net/minecraft/world/entity/ai/village/VillageSiege
[11:35:20] [Server thread/DEBUG] [mixin/]: Mixing forge.StructureManagerAccessor from roadweaver.mixins.json into net.minecraft.world.level.StructureManager
[11:35:20] [Server thread/DEBUG] [mixin/]: Mixing StructureManagerAccessor from geomantia.mixins.json into net.minecraft.world.level.StructureManager
[11:35:21] [Worker-Main-5/DEBUG] [mixin/]: Mixing forge.BeardifierMixin from roadweaver.mixins.json into net.minecraft.world.level.levelgen.Beardifier
[11:35:21] [Worker-Main-5/DEBUG] [mixin/]: Mixing CityDecorationBeardifierMixin from geomantia.mixins.json into net.minecraft.world.level.levelgen.Beardifier
[11:35:22] [Worker-Main-20/DEBUG] [ne.mi.co.tr.CoreModBaseTransformer/COREMOD]: Transforming net/minecraft/world/level/NaturalSpawner
[11:35:22] [Server thread/INFO] [roadweaver/]: 未发现旧 H2 数据库，跳过迁移 dimension=minecraft:overworld
[11:35:22] [Server thread/INFO] [roadweaver/]: 未发现旧 H2 数据库，跳过迁移 dimension=minecraft:the_end
[11:35:22] [Server thread/INFO] [roadweaver/]: 未发现旧 H2 数据库，跳过迁移 dimension=minecraft:the_nether
[11:35:23] [Server thread/INFO] [minecraft/MinecraftServer]: Preparing start region for dimension minecraft:overworld
[11:35:23] [Render thread/INFO] [minecraft/LoggerChunkProgressListener]: 准备生成区域中：0%
[11:35:23] [Render thread/INFO] [minecraft/LoggerChunkProgressListener]: 准备生成区域中：0%
[11:35:24] [Render thread/INFO] [minecraft/LoggerChunkProgressListener]: 准备生成区域中：0%
[11:35:24] [Render thread/INFO] [minecraft/LoggerChunkProgressListener]: 准备生成区域中：0%
[11:35:25] [Render thread/INFO] [minecraft/LoggerChunkProgressListener]: 准备生成区域中：1%
[11:35:25] [Worker-Main-1/DEBUG] [io.ne.ut.in.InternalThreadLocalMap/]: -Dio.netty.threadLocalMap.stringBuilder.initialSize: 1024
[11:35:25] [Worker-Main-1/DEBUG] [io.ne.ut.in.InternalThreadLocalMap/]: -Dio.netty.threadLocalMap.stringBuilder.maxSize: 4096
[11:35:25] [Worker-Main-1/DEBUG] [io.ne.ut.in.ThreadLocalRandom/]: -Dio.netty.initialSeedUniquifier: 0x983eb739f2b73fd0
[11:35:25] [Render thread/INFO] [minecraft/LoggerChunkProgressListener]: 准备生成区域中：2%
[11:35:26] [Render thread/INFO] [minecraft/LoggerChunkProgressListener]: 准备生成区域中：4%
[11:35:26] [Render thread/INFO] [minecraft/LoggerChunkProgressListener]: 准备生成区域中：5%
[11:35:27] [Render thread/INFO] [minecraft/LoggerChunkProgressListener]: 准备生成区域中：9%
[11:35:27] [Render thread/INFO] [minecraft/LoggerChunkProgressListener]: 准备生成区域中：10%
[11:35:28] [Render thread/INFO] [minecraft/LoggerChunkProgressListener]: 准备生成区域中：13%
[11:35:28] [Render thread/INFO] [minecraft/LoggerChunkProgressListener]: 准备生成区域中：16%
[11:35:29] [Render thread/INFO] [minecraft/LoggerChunkProgressListener]: 准备生成区域中：18%
[11:35:29] [Render thread/INFO] [minecraft/LoggerChunkProgressListener]: 准备生成区域中：22%
[11:35:30] [Render thread/INFO] [minecraft/LoggerChunkProgressListener]: 准备生成区域中：25%
[11:35:30] [Render thread/INFO] [minecraft/LoggerChunkProgressListener]: 准备生成区域中：30%
[11:35:31] [Render thread/INFO] [minecraft/LoggerChunkProgressListener]: 准备生成区域中：33%
[11:35:31] [Render thread/INFO] [minecraft/LoggerChunkProgressListener]: 准备生成区域中：36%
[11:35:32] [Render thread/INFO] [minecraft/LoggerChunkProgressListener]: 准备生成区域中：41%
[11:35:32] [Render thread/INFO] [minecraft/LoggerChunkProgressListener]: 准备生成区域中：44%
[11:35:33] [Render thread/INFO] [minecraft/LoggerChunkProgressListener]: 准备生成区域中：48%
[11:35:33] [Render thread/INFO] [minecraft/LoggerChunkProgressListener]: 准备生成区域中：54%
[11:35:34] [Render thread/INFO] [minecraft/LoggerChunkProgressListener]: 准备生成区域中：56%
[11:35:34] [Render thread/INFO] [minecraft/LoggerChunkProgressListener]: 准备生成区域中：61%
[11:35:35] [Render thread/INFO] [minecraft/LoggerChunkProgressListener]: 准备生成区域中：66%
[11:35:35] [Render thread/INFO] [minecraft/LoggerChunkProgressListener]: 准备生成区域中：69%
[11:35:36] [Render thread/INFO] [minecraft/LoggerChunkProgressListener]: 准备生成区域中：74%
[11:35:36] [Render thread/INFO] [minecraft/LoggerChunkProgressListener]: 准备生成区域中：77%
[11:35:37] [Render thread/INFO] [minecraft/LoggerChunkProgressListener]: 准备生成区域中：83%
[11:35:37] [Render thread/INFO] [minecraft/LoggerChunkProgressListener]: 准备生成区域中：85%
[11:35:38] [Render thread/INFO] [minecraft/LoggerChunkProgressListener]: 准备生成区域中：91%
[11:35:38] [Render thread/INFO] [minecraft/LoggerChunkProgressListener]: 准备生成区域中：95%
[11:35:38] [Server thread/INFO] [ne.mi.se.pe.PermissionAPI/]: Successfully initialized permission handler forge:default_handler
[11:35:38] [Render thread/INFO] [minecraft/LoggerChunkProgressListener]: Time elapsed: 15714 ms
[11:35:39] [Server thread/INFO] [co.ri.ge.pl.ht.GeomantiaHttpServer/]: Geomantia GIS API server started on 127.0.0.1:5000.
[11:35:39] [Server thread/DEBUG] [roadweaver/]: CacheManager: 缓存已初始化
[11:35:39] [Server thread/DEBUG] [roadweaver/]: ThreadPoolManager: 工作池已启动 (epoch=1, initialThreads=6, sharedThreads=4, mapThreads=2)
[11:35:39] [Server thread/INFO] [RoadWeaver/StructureDiscovery/]: 发现 220 个结构和 14 个标签
[11:35:39] [Server thread/DEBUG] [io.ne.bu.AbstractByteBuf/]: -Dio.netty.buffer.checkAccessible: true
[11:35:39] [Server thread/DEBUG] [io.ne.bu.AbstractByteBuf/]: -Dio.netty.buffer.checkBounds: true
[11:35:39] [Server thread/DEBUG] [io.ne.ut.ResourceLeakDetectorFactory/]: Loaded default ResourceLeakDetector: io.netty.util.ResourceLeakDetector@13e25e2c
[11:35:39] [Server thread/INFO] [minecraft/IntegratedServer]: Changing view distance to 32, from 10
[11:35:39] [Server thread/INFO] [minecraft/IntegratedServer]: Changing simulation distance to 8, from 0
[11:35:39] [Render thread/DEBUG] [io.ne.ch.MultithreadEventLoopGroup/]: -Dio.netty.eventLoopThreads: 32
[11:35:39] [Render thread/DEBUG] [io.ne.ch.ni.NioEventLoop/]: -Dio.netty.noKeySetOptimization: false
[11:35:39] [Render thread/DEBUG] [io.ne.ch.ni.NioEventLoop/]: -Dio.netty.selectorAutoRebuildThreshold: 512
[11:35:39] [Render thread/DEBUG] [io.ne.ut.in.PlatformDependent/]: org.jctools-core.MpscChunkedArrayQueue: available
[11:35:39] [Server thread/DEBUG] [mixin/]: Mixing MixinChunkSerializer from architectury.mixins.json into net.minecraft.world.level.chunk.storage.ChunkSerializer
[11:35:39] [Render thread/DEBUG] [io.ne.ch.DefaultChannelId/]: -Dio.netty.processId: 28828 (auto-detected)
[11:35:39] [Render thread/WARN] [io.ne.ut.in.SystemPropertyUtil/]: Unable to parse the boolean system property 'java.net.preferIPv6Addresses':system - using the default value: false
[11:35:39] [Render thread/DEBUG] [io.ne.ut.NetUtil/]: -Djava.net.preferIPv4Stack: false
[11:35:39] [Render thread/DEBUG] [io.ne.ut.NetUtil/]: -Djava.net.preferIPv6Addresses: false
[11:35:39] [Render thread/DEBUG] [io.ne.ut.NetUtilInitializations/]: Loopback interface: lo (Software Loopback Interface 1, 127.0.0.1)
[11:35:39] [Render thread/DEBUG] [io.ne.ut.NetUtil/]: Failed to get SOMAXCONN from sysctl and file \proc\sys\net\core\somaxconn. Default: 200
[11:35:39] [Render thread/DEBUG] [io.ne.ch.DefaultChannelId/]: -Dio.netty.machineId: 58:02:05:ff:fe:54:a9:f6 (auto-detected)
[11:35:39] [Render thread/DEBUG] [io.ne.bu.PooledByteBufAllocator/]: -Dio.netty.allocator.numHeapArenas: 32
[11:35:39] [Render thread/DEBUG] [io.ne.bu.PooledByteBufAllocator/]: -Dio.netty.allocator.numDirectArenas: 32
[11:35:39] [Render thread/DEBUG] [io.ne.bu.PooledByteBufAllocator/]: -Dio.netty.allocator.pageSize: 8192
[11:35:39] [Render thread/DEBUG] [io.ne.bu.PooledByteBufAllocator/]: -Dio.netty.allocator.maxOrder: 9
[11:35:39] [Render thread/DEBUG] [io.ne.bu.PooledByteBufAllocator/]: -Dio.netty.allocator.chunkSize: 4194304
[11:35:39] [Render thread/DEBUG] [io.ne.bu.PooledByteBufAllocator/]: -Dio.netty.allocator.smallCacheSize: 256
[11:35:39] [Render thread/DEBUG] [io.ne.bu.PooledByteBufAllocator/]: -Dio.netty.allocator.normalCacheSize: 64
[11:35:39] [Render thread/DEBUG] [io.ne.bu.PooledByteBufAllocator/]: -Dio.netty.allocator.maxCachedBufferCapacity: 32768
[11:35:39] [Render thread/DEBUG] [io.ne.bu.PooledByteBufAllocator/]: -Dio.netty.allocator.cacheTrimInterval: 8192
[11:35:39] [Render thread/DEBUG] [io.ne.bu.PooledByteBufAllocator/]: -Dio.netty.allocator.cacheTrimIntervalMillis: 0
[11:35:39] [Render thread/DEBUG] [io.ne.bu.PooledByteBufAllocator/]: -Dio.netty.allocator.useCacheForAllThreads: false
[11:35:39] [Render thread/DEBUG] [io.ne.bu.PooledByteBufAllocator/]: -Dio.netty.allocator.maxCachedByteBuffersPerChunk: 1023
[11:35:39] [Render thread/DEBUG] [io.ne.bu.ByteBufUtil/]: -Dio.netty.allocator.type: pooled
[11:35:39] [Render thread/DEBUG] [io.ne.bu.ByteBufUtil/]: -Dio.netty.threadLocalDirectBufferSize: 0
[11:35:39] [Render thread/DEBUG] [io.ne.bu.ByteBufUtil/]: -Dio.netty.maxThreadLocalCharBufferSize: 16384
[11:35:39] [Netty Local Client IO #0/DEBUG] [ne.mi.ne.HandshakeHandler/FMLHANDSHAKE]: Starting local connection.
[11:35:40] [Netty Local Client IO #0/DEBUG] [io.ne.ut.Recycler/]: -Dio.netty.recycler.maxCapacityPerThread: 4096
[11:35:40] [Netty Local Client IO #0/DEBUG] [io.ne.ut.Recycler/]: -Dio.netty.recycler.ratio: 8
[11:35:40] [Netty Local Client IO #0/DEBUG] [io.ne.ut.Recycler/]: -Dio.netty.recycler.chunkSize: 32
[11:35:40] [Netty Local Client IO #0/DEBUG] [io.ne.ut.Recycler/]: -Dio.netty.recycler.blocking: false
[11:35:40] [Netty Server IO #1/DEBUG] [ne.mi.ne.HandshakeHandler/FMLHANDSHAKE]: Starting local connection.
[11:35:40] [Server thread/DEBUG] [ne.mi.ne.HandshakeHandler/FMLHANDSHAKE]: Sending ticking packet info 'net.minecraftforge.network.HandshakeMessages$S2CModData' to 'fml:handshake' sequence 0
[11:35:40] [Netty Local Client IO #0/DEBUG] [ne.mi.ne.LoginWrapper/FMLHANDSHAKE]: Recieved login wrapper packet event for channel fml:handshake with index 0
[11:35:40] [Server thread/DEBUG] [ne.mi.ne.HandshakeHandler/FMLHANDSHAKE]: Sending ticking packet info 'net.minecraftforge.network.HandshakeMessages$S2CModList' to 'fml:handshake' sequence 1
[11:35:40] [Netty Local Client IO #0/DEBUG] [ne.mi.ne.LoginWrapper/FMLHANDSHAKE]: Recieved login wrapper packet event for channel fml:handshake with index 1
[11:35:40] [Netty Local Client IO #0/DEBUG] [ne.mi.ne.HandshakeHandler/FMLHANDSHAKE]: Logging into server with mod list [minecraft, mr_epicterrain, worldedit, architectury, cloth_config, forge, t_and_t, mr_trek, roadweaver, geomantia, cristellib]
[11:35:40] [Netty Local Client IO #0/DEBUG] [ne.mi.ne.NetworkRegistry/NETREGISTRY]: Channel 'worldedit:cui' : Version test of '1' from server : ACCEPTED
[11:35:40] [Netty Local Client IO #0/DEBUG] [ne.mi.ne.NetworkRegistry/NETREGISTRY]: Channel 'fml:loginwrapper' : Version test of 'FML3' from server : ACCEPTED
[11:35:40] [Netty Local Client IO #0/DEBUG] [ne.mi.ne.NetworkRegistry/NETREGISTRY]: Channel 'forge:tier_sorting' : Version test of '1.0' from server : ACCEPTED
[11:35:40] [Netty Local Client IO #0/DEBUG] [ne.mi.ne.NetworkRegistry/NETREGISTRY]: Channel 'fml:handshake' : Version test of 'FML3' from server : ACCEPTED
[11:35:40] [Netty Local Client IO #0/DEBUG] [ne.mi.ne.NetworkRegistry/NETREGISTRY]: Channel 'architectury:network' : Version test of '1' from server : ACCEPTED
[11:35:40] [Netty Local Client IO #0/DEBUG] [ne.mi.ne.NetworkRegistry/NETREGISTRY]: Channel 'worldedit:internal' : Version test of '1' from server : ACCEPTED
[11:35:40] [Netty Local Client IO #0/DEBUG] [ne.mi.ne.NetworkRegistry/NETREGISTRY]: Channel 'minecraft:unregister' : Version test of 'FML3' from server : ACCEPTED
[11:35:40] [Netty Local Client IO #0/DEBUG] [ne.mi.ne.NetworkRegistry/NETREGISTRY]: Channel 'fml:play' : Version test of 'FML3' from server : ACCEPTED
[11:35:40] [Netty Local Client IO #0/DEBUG] [ne.mi.ne.NetworkRegistry/NETREGISTRY]: Channel 'minecraft:register' : Version test of 'FML3' from server : ACCEPTED
[11:35:40] [Netty Local Client IO #0/DEBUG] [ne.mi.ne.NetworkRegistry/NETREGISTRY]: Channel 'forge:split' : Version test of '1.1' from server : ACCEPTED
[11:35:40] [Netty Local Client IO #0/DEBUG] [ne.mi.ne.NetworkRegistry/NETREGISTRY]: Channel 'roadweaver:map' : Version test of '1' from server : ACCEPTED
[11:35:40] [Netty Local Client IO #0/DEBUG] [ne.mi.ne.NetworkRegistry/NETREGISTRY]: Accepting channel list from server
[11:35:40] [Netty Local Client IO #0/DEBUG] [ne.mi.ne.LoginWrapper/FMLHANDSHAKE]: Dispatching wrapped packet reply for channel fml:handshake with index 1
[11:35:40] [Netty Local Client IO #0/DEBUG] [ne.mi.ne.HandshakeHandler/FMLHANDSHAKE]: Accepted server connection
[11:35:40] [Netty Server IO #1/DEBUG] [ne.mi.ne.LoginWrapper/FMLHANDSHAKE]: Recieved login wrapper packet event for channel fml:handshake with index 1
[11:35:40] [Netty Server IO #1/DEBUG] [ne.mi.ne.HandshakeHandler/FMLHANDSHAKE]: Received client indexed reply 1 of type net.minecraftforge.network.HandshakeMessages$C2SModListReply
[11:35:40] [Netty Server IO #1/DEBUG] [ne.mi.ne.HandshakeHandler/FMLHANDSHAKE]: Received client connection with modlist [minecraft, mr_epicterrain, worldedit, architectury, cloth_config, forge, t_and_t, mr_trek, roadweaver, geomantia, cristellib]
[11:35:40] [Netty Local Client IO #0/DEBUG] [ne.mi.ne.HandshakeHandler/REGISTRIES]: Expecting 19 registries: [minecraft:command_argument_type, minecraft:recipe_serializer, minecraft:sound_event, minecraft:particle_type, minecraft:villager_profession, minecraft:item, minecraft:potion, minecraft:painting_variant, forge:fluid_type, minecraft:block_entity_type, forge:display_contexts, minecraft:block, forge:entity_data_serializers, minecraft:mob_effect, minecraft:stat_type, minecraft:menu, minecraft:enchantment, minecraft:fluid, minecraft:entity_type]
[11:35:40] [Netty Server IO #1/DEBUG] [ne.mi.ne.NetworkRegistry/NETREGISTRY]: Channel 'worldedit:cui' : Version test of '1' from client : ACCEPTED
[11:35:40] [Netty Server IO #1/DEBUG] [ne.mi.ne.NetworkRegistry/NETREGISTRY]: Channel 'fml:loginwrapper' : Version test of 'FML3' from client : ACCEPTED
[11:35:40] [Netty Server IO #1/DEBUG] [ne.mi.ne.NetworkRegistry/NETREGISTRY]: Channel 'forge:tier_sorting' : Version test of '1.0' from client : ACCEPTED
[11:35:40] [Netty Server IO #1/DEBUG] [ne.mi.ne.NetworkRegistry/NETREGISTRY]: Channel 'fml:handshake' : Version test of 'FML3' from client : ACCEPTED
[11:35:40] [Netty Server IO #1/DEBUG] [ne.mi.ne.NetworkRegistry/NETREGISTRY]: Channel 'architectury:network' : Version test of '1' from client : ACCEPTED
[11:35:40] [Netty Server IO #1/DEBUG] [ne.mi.ne.NetworkRegistry/NETREGISTRY]: Channel 'worldedit:internal' : Version test of '1' from client : ACCEPTED
[11:35:40] [Netty Server IO #1/DEBUG] [ne.mi.ne.NetworkRegistry/NETREGISTRY]: Channel 'minecraft:unregister' : Version test of 'FML3' from client : ACCEPTED
[11:35:40] [Netty Server IO #1/DEBUG] [ne.mi.ne.NetworkRegistry/NETREGISTRY]: Channel 'fml:play' : Version test of 'FML3' from client : ACCEPTED
[11:35:40] [Netty Server IO #1/DEBUG] [ne.mi.ne.NetworkRegistry/NETREGISTRY]: Channel 'minecraft:register' : Version test of 'FML3' from client : ACCEPTED
[11:35:40] [Netty Server IO #1/DEBUG] [ne.mi.ne.NetworkRegistry/NETREGISTRY]: Channel 'forge:split' : Version test of '1.1' from client : ACCEPTED
[11:35:40] [Netty Server IO #1/DEBUG] [ne.mi.ne.NetworkRegistry/NETREGISTRY]: Channel 'roadweaver:map' : Version test of '1' from client : ACCEPTED
[11:35:40] [Netty Server IO #1/DEBUG] [ne.mi.ne.NetworkRegistry/NETREGISTRY]: Accepting channel list from client
[11:35:40] [Netty Server IO #1/DEBUG] [ne.mi.ne.HandshakeHandler/FMLHANDSHAKE]: Accepted client connection mod list
[11:35:40] [Server thread/DEBUG] [ne.mi.ne.HandshakeHandler/FMLHANDSHAKE]: Sending ticking packet info 'Config forge-server.toml' to 'fml:handshake' sequence 2
[11:35:40] [Netty Local Client IO #0/DEBUG] [ne.mi.ne.LoginWrapper/FMLHANDSHAKE]: Recieved login wrapper packet event for channel fml:handshake with index 2
[11:35:40] [Netty Local Client IO #0/DEBUG] [ne.mi.ne.HandshakeHandler/FMLHANDSHAKE]: Received config sync from server
[11:35:40] [Netty Local Client IO #0/DEBUG] [ne.mi.ne.LoginWrapper/FMLHANDSHAKE]: Dispatching wrapped packet reply for channel fml:handshake with index 2
[11:35:40] [Netty Server IO #1/DEBUG] [ne.mi.ne.LoginWrapper/FMLHANDSHAKE]: Recieved login wrapper packet event for channel fml:handshake with index 2
[11:35:40] [Netty Server IO #1/DEBUG] [ne.mi.ne.HandshakeHandler/FMLHANDSHAKE]: Received client indexed reply 2 of type net.minecraftforge.network.HandshakeMessages$C2SAcknowledge
[11:35:40] [Netty Server IO #1/DEBUG] [ne.mi.ne.HandshakeHandler/FMLHANDSHAKE]: Received acknowledgement from client
[11:35:40] [Server thread/DEBUG] [ne.mi.ne.HandshakeHandler/FMLHANDSHAKE]: Handshake complete!
[11:35:40] [Netty Local Client IO #0/INFO] [ne.mi.ne.NetworkHooks/]: Connected to a modded server.
[11:35:40] [Server thread/INFO] [minecraft/PlayerList]: Dev[local:E:1e195a6b] logged in with entity id 62 at (100.5, 64.0, 422.5)
[11:35:40] [Server thread/INFO] [minecraft/MinecraftServer]: Dev加入了游戏
[11:35:41] [Render thread/INFO] [minecraft/AdvancementList]: Loaded 2 advancements
[11:35:42] [RW-Worker-1/INFO] [roadweaver/]: 粗地形区域按 tile 加载: radiusApproxChunks=256 tiles=1089 samples=1050625 step=8 maxTiles=70000
[11:35:42] [RW-CoarseTile-1/INFO] [roadweaver/]: OpenCL 粗采样配置未启用，使用 CPU
[11:35:42] [RW-CoarseTile-4/INFO] [roadweaver/]: 粗高度采样使用 CPU
[11:36:52] [RW-Worker-2/INFO] [roadweaver/]: Presets loaded: 57 entries
[11:37:00] [Server thread/INFO] [roadweaver/]: 已从旧道路数据补全结构状态 dimension=minecraft:overworld structures=2 connections=0
[11:37:03] [Server thread/INFO] [roadweaver/]: 已从旧道路数据补全结构状态 dimension=minecraft:overworld structures=2 connections=0
[11:37:04] [Server thread/INFO] [roadweaver/]: 已从旧道路数据补全结构状态 dimension=minecraft:overworld structures=1 connections=0
[11:37:05] [Server thread/INFO] [roadweaver/]: 已从旧道路数据补全结构状态 dimension=minecraft:overworld structures=1 connections=0
[11:37:08] [Server thread/INFO] [roadweaver/]: 已从旧道路数据补全结构状态 dimension=minecraft:overworld structures=2 connections=0
[11:37:11] [Server thread/INFO] [roadweaver/]: 已从旧道路数据补全结构状态 dimension=minecraft:overworld structures=1 connections=0
[11:37:12] [Server thread/INFO] [roadweaver/]: 已从旧道路数据补全结构状态 dimension=minecraft:overworld structures=2 connections=0
[11:37:18] [Server thread/INFO] [roadweaver/]: 已从旧道路数据补全结构状态 dimension=minecraft:overworld structures=2 connections=0
[11:37:23] [Server thread/INFO] [roadweaver/]: 已从旧道路数据补全结构状态 dimension=minecraft:overworld structures=2 connections=0
[11:37:27] [Server thread/INFO] [roadweaver/]: 已从旧道路数据补全结构状态 dimension=minecraft:overworld structures=2 connections=0
[11:37:32] [Server thread/INFO] [roadweaver/]: 已从旧道路数据补全结构状态 dimension=minecraft:overworld structures=2 connections=1
[11:37:39] [Server thread/INFO] [roadweaver/]: 已从旧道路数据补全结构状态 dimension=minecraft:overworld structures=1 connections=0
[11:37:41] [Server thread/INFO] [roadweaver/]: 已从旧道路数据补全结构状态 dimension=minecraft:overworld structures=1 connections=0
[11:40:39] [Server thread/DEBUG] [ne.mi.co.ForgeHooks/WP]: Gathering id map for writing to world save 新的世界
[11:40:39] [Server thread/DEBUG] [ne.mi.co.ForgeHooks/WP]: ID Map collection complete 新的世界
[11:45:39] [Server thread/DEBUG] [ne.mi.co.ForgeHooks/WP]: Gathering id map for writing to world save 新的世界
[11:45:39] [Server thread/DEBUG] [ne.mi.co.ForgeHooks/WP]: ID Map collection complete 新的世界
[11:45:53] [Server thread/DEBUG] [ne.mi.se.ServerLifecycleHooks/CORE]: Generating PackInfo named mod:mr_epicterrain for mod file C:\Users\Rinsing\.gradle\caches\forge_gradle\deobf_dependencies\curse\maven\epic-terrain-1075383\5936468_mapped_official_1.20.1\epic-terrain-1075383-5936468_mapped_official_1.20.1.jar
[11:45:53] [Server thread/DEBUG] [ne.mi.se.ServerLifecycleHooks/CORE]: Generating PackInfo named mod:worldedit for mod file C:\Users\Rinsing\.gradle\caches\forge_gradle\deobf_dependencies\curse\maven\worldedit-225608\4586218_mapped_official_1.20.1\worldedit-225608-4586218_mapped_official_1.20.1.jar
[11:45:53] [Server thread/DEBUG] [ne.mi.se.ServerLifecycleHooks/CORE]: Generating PackInfo named mod:architectury for mod file C:\Users\Rinsing\.gradle\caches\forge_gradle\deobf_dependencies\dev\architectury\architectury-forge\9.2.14_mapped_official_1.20.1\architectury-forge-9.2.14_mapped_official_1.20.1.jar
[11:45:53] [Server thread/DEBUG] [ne.mi.se.ServerLifecycleHooks/CORE]: Generating PackInfo named mod:cloth_config for mod file C:\Users\Rinsing\.gradle\caches\forge_gradle\deobf_dependencies\me\shedaniel\cloth\cloth-config-forge\11.1.136_mapped_official_1.20.1\cloth-config-forge-11.1.136_mapped_official_1.20.1.jar
[11:45:53] [Server thread/DEBUG] [ne.mi.se.ServerLifecycleHooks/CORE]: Generating PackInfo named mod:forge for mod file /
[11:45:53] [Server thread/DEBUG] [ne.mi.se.ServerLifecycleHooks/CORE]: Generating PackInfo named mod:t_and_t for mod file C:\Users\Rinsing\.gradle\caches\forge_gradle\deobf_dependencies\local\t_and_t\t_and_t\1.12_mapped_official_1.20.1\t_and_t-1.12_mapped_official_1.20.1.jar
[11:45:53] [Server thread/DEBUG] [ne.mi.se.ServerLifecycleHooks/CORE]: Generating PackInfo named mod:mr_trek for mod file C:\Users\Rinsing\.gradle\caches\forge_gradle\deobf_dependencies\local\trek\trek\B0.6_mapped_official_1.20.1\trek-B0.6_mapped_official_1.20.1.jar
[11:45:53] [Server thread/DEBUG] [ne.mi.se.ServerLifecycleHooks/CORE]: Generating PackInfo named mod:roadweaver for mod file C:\Users\Rinsing\.gradle\caches\forge_gradle\deobf_dependencies\local\roadweaver\roadweaver-forge\2.3.0-1.20.1_mapped_official_1.20.1\roadweaver-forge-2.3.0-1.20.1_mapped_official_1.20.1.jar
[11:45:53] [Server thread/DEBUG] [ne.mi.se.ServerLifecycleHooks/CORE]: Generating PackInfo named mod:geomantia for mod file E:\Mod_Dev\StructureBinder\build\resources\main
[11:45:53] [Server thread/DEBUG] [ne.mi.se.ServerLifecycleHooks/CORE]: Generating PackInfo named mod:cristellib for mod file C:\Users\Rinsing\.gradle\caches\forge_gradle\deobf_dependencies\local\cristellib\cristellib\1.1.6_mapped_official_1.20.1\cristellib-1.1.6_mapped_official_1.20.1.jar
[11:45:53] [Server thread/INFO] [minecraft/MinecraftServer]: 重新加载中！
[11:45:53] [Render thread/INFO] [minecraft/ChatComponent]: [System] [CHAT] [Server: 重新加载中！]
[11:45:53] [Server thread/INFO] [minecraft/RecipeManager]: Loaded 7 recipes
[11:45:53] [Server thread/INFO] [minecraft/AdvancementList]: Loaded 1273 advancements
[11:45:53] [Server thread/WARN] [minecraft/MappedRegistry]: Not all defined tags for registry ResourceKey[minecraft:root / minecraft:worldgen/biome] are present in data pack: minecraft:is_birch_forest, minecraft:is_mangrove
[11:45:54] [Render thread/INFO] [minecraft/AdvancementList]: Loaded 2 advancements
[11:50:39] [Server thread/DEBUG] [ne.mi.co.ForgeHooks/WP]: Gathering id map for writing to world save 新的世界
[11:50:39] [Server thread/DEBUG] [ne.mi.co.ForgeHooks/WP]: ID Map collection complete 新的世界
[11:51:54] [Server thread/DEBUG] [ne.mi.se.ServerLifecycleHooks/CORE]: Generating PackInfo named mod:mr_epicterrain for mod file C:\Users\Rinsing\.gradle\caches\forge_gradle\deobf_dependencies\curse\maven\epic-terrain-1075383\5936468_mapped_official_1.20.1\epic-terrain-1075383-5936468_mapped_official_1.20.1.jar
[11:51:54] [Server thread/DEBUG] [ne.mi.se.ServerLifecycleHooks/CORE]: Generating PackInfo named mod:worldedit for mod file C:\Users\Rinsing\.gradle\caches\forge_gradle\deobf_dependencies\curse\maven\worldedit-225608\4586218_mapped_official_1.20.1\worldedit-225608-4586218_mapped_official_1.20.1.jar
[11:51:54] [Server thread/DEBUG] [ne.mi.se.ServerLifecycleHooks/CORE]: Generating PackInfo named mod:architectury for mod file C:\Users\Rinsing\.gradle\caches\forge_gradle\deobf_dependencies\dev\architectury\architectury-forge\9.2.14_mapped_official_1.20.1\architectury-forge-9.2.14_mapped_official_1.20.1.jar
[11:51:54] [Server thread/DEBUG] [ne.mi.se.ServerLifecycleHooks/CORE]: Generating PackInfo named mod:cloth_config for mod file C:\Users\Rinsing\.gradle\caches\forge_gradle\deobf_dependencies\me\shedaniel\cloth\cloth-config-forge\11.1.136_mapped_official_1.20.1\cloth-config-forge-11.1.136_mapped_official_1.20.1.jar
[11:51:54] [Server thread/DEBUG] [ne.mi.se.ServerLifecycleHooks/CORE]: Generating PackInfo named mod:forge for mod file /
[11:51:54] [Server thread/DEBUG] [ne.mi.se.ServerLifecycleHooks/CORE]: Generating PackInfo named mod:t_and_t for mod file C:\Users\Rinsing\.gradle\caches\forge_gradle\deobf_dependencies\local\t_and_t\t_and_t\1.12_mapped_official_1.20.1\t_and_t-1.12_mapped_official_1.20.1.jar
[11:51:54] [Server thread/DEBUG] [ne.mi.se.ServerLifecycleHooks/CORE]: Generating PackInfo named mod:mr_trek for mod file C:\Users\Rinsing\.gradle\caches\forge_gradle\deobf_dependencies\local\trek\trek\B0.6_mapped_official_1.20.1\trek-B0.6_mapped_official_1.20.1.jar
[11:51:54] [Server thread/DEBUG] [ne.mi.se.ServerLifecycleHooks/CORE]: Generating PackInfo named mod:roadweaver for mod file C:\Users\Rinsing\.gradle\caches\forge_gradle\deobf_dependencies\local\roadweaver\roadweaver-forge\2.3.0-1.20.1_mapped_official_1.20.1\roadweaver-forge-2.3.0-1.20.1_mapped_official_1.20.1.jar
[11:51:54] [Server thread/DEBUG] [ne.mi.se.ServerLifecycleHooks/CORE]: Generating PackInfo named mod:geomantia for mod file E:\Mod_Dev\StructureBinder\build\resources\main
[11:51:54] [Server thread/DEBUG] [ne.mi.se.ServerLifecycleHooks/CORE]: Generating PackInfo named mod:cristellib for mod file C:\Users\Rinsing\.gradle\caches\forge_gradle\deobf_dependencies\local\cristellib\cristellib\1.1.6_mapped_official_1.20.1\cristellib-1.1.6_mapped_official_1.20.1.jar
[11:51:54] [Server thread/INFO] [minecraft/MinecraftServer]: 重新加载中！
[11:51:54] [Render thread/INFO] [minecraft/ChatComponent]: [System] [CHAT] [Server: 重新加载中！]
[11:51:54] [Server thread/INFO] [minecraft/RecipeManager]: Loaded 7 recipes
[11:51:54] [Server thread/INFO] [minecraft/AdvancementList]: Loaded 1273 advancements
[11:51:54] [Server thread/WARN] [minecraft/MappedRegistry]: Not all defined tags for registry ResourceKey[minecraft:root / minecraft:worldgen/biome] are present in data pack: minecraft:is_birch_forest, minecraft:is_mangrove
[11:51:55] [Render thread/INFO] [minecraft/AdvancementList]: Loaded 2 advancements
[11:55:39] [Server thread/DEBUG] [ne.mi.co.ForgeHooks/WP]: Gathering id map for writing to world save 新的世界
[11:55:39] [Server thread/DEBUG] [ne.mi.co.ForgeHooks/WP]: ID Map collection complete 新的世界
[11:56:18] [Server thread/DEBUG] [ne.mi.se.ServerLifecycleHooks/CORE]: Generating PackInfo named mod:mr_epicterrain for mod file C:\Users\Rinsing\.gradle\caches\forge_gradle\deobf_dependencies\curse\maven\epic-terrain-1075383\5936468_mapped_official_1.20.1\epic-terrain-1075383-5936468_mapped_official_1.20.1.jar
[11:56:18] [Server thread/DEBUG] [ne.mi.se.ServerLifecycleHooks/CORE]: Generating PackInfo named mod:worldedit for mod file C:\Users\Rinsing\.gradle\caches\forge_gradle\deobf_dependencies\curse\maven\worldedit-225608\4586218_mapped_official_1.20.1\worldedit-225608-4586218_mapped_official_1.20.1.jar
[11:56:18] [Server thread/DEBUG] [ne.mi.se.ServerLifecycleHooks/CORE]: Generating PackInfo named mod:architectury for mod file C:\Users\Rinsing\.gradle\caches\forge_gradle\deobf_dependencies\dev\architectury\architectury-forge\9.2.14_mapped_official_1.20.1\architectury-forge-9.2.14_mapped_official_1.20.1.jar
[11:56:18] [Server thread/DEBUG] [ne.mi.se.ServerLifecycleHooks/CORE]: Generating PackInfo named mod:cloth_config for mod file C:\Users\Rinsing\.gradle\caches\forge_gradle\deobf_dependencies\me\shedaniel\cloth\cloth-config-forge\11.1.136_mapped_official_1.20.1\cloth-config-forge-11.1.136_mapped_official_1.20.1.jar
[11:56:18] [Server thread/DEBUG] [ne.mi.se.ServerLifecycleHooks/CORE]: Generating PackInfo named mod:forge for mod file /
[11:56:18] [Server thread/DEBUG] [ne.mi.se.ServerLifecycleHooks/CORE]: Generating PackInfo named mod:t_and_t for mod file C:\Users\Rinsing\.gradle\caches\forge_gradle\deobf_dependencies\local\t_and_t\t_and_t\1.12_mapped_official_1.20.1\t_and_t-1.12_mapped_official_1.20.1.jar
[11:56:18] [Server thread/DEBUG] [ne.mi.se.ServerLifecycleHooks/CORE]: Generating PackInfo named mod:mr_trek for mod file C:\Users\Rinsing\.gradle\caches\forge_gradle\deobf_dependencies\local\trek\trek\B0.6_mapped_official_1.20.1\trek-B0.6_mapped_official_1.20.1.jar
[11:56:18] [Server thread/DEBUG] [ne.mi.se.ServerLifecycleHooks/CORE]: Generating PackInfo named mod:roadweaver for mod file C:\Users\Rinsing\.gradle\caches\forge_gradle\deobf_dependencies\local\roadweaver\roadweaver-forge\2.3.0-1.20.1_mapped_official_1.20.1\roadweaver-forge-2.3.0-1.20.1_mapped_official_1.20.1.jar
[11:56:18] [Server thread/DEBUG] [ne.mi.se.ServerLifecycleHooks/CORE]: Generating PackInfo named mod:geomantia for mod file E:\Mod_Dev\StructureBinder\build\resources\main
[11:56:18] [Server thread/DEBUG] [ne.mi.se.ServerLifecycleHooks/CORE]: Generating PackInfo named mod:cristellib for mod file C:\Users\Rinsing\.gradle\caches\forge_gradle\deobf_dependencies\local\cristellib\cristellib\1.1.6_mapped_official_1.20.1\cristellib-1.1.6_mapped_official_1.20.1.jar
[11:56:18] [Server thread/INFO] [minecraft/MinecraftServer]: 重新加载中！
[11:56:18] [Render thread/INFO] [minecraft/ChatComponent]: [System] [CHAT] [Server: 重新加载中！]
[11:56:18] [Server thread/INFO] [minecraft/RecipeManager]: Loaded 7 recipes
[11:56:18] [Server thread/INFO] [minecraft/AdvancementList]: Loaded 1273 advancements
[11:56:18] [Server thread/WARN] [minecraft/MappedRegistry]: Not all defined tags for registry ResourceKey[minecraft:root / minecraft:worldgen/biome] are present in data pack: minecraft:is_birch_forest, minecraft:is_mangrove
[11:56:19] [Render thread/INFO] [minecraft/AdvancementList]: Loaded 2 advancements
[12:00:39] [Server thread/DEBUG] [ne.mi.co.ForgeHooks/WP]: Gathering id map for writing to world save 新的世界
[12:00:39] [Server thread/DEBUG] [ne.mi.co.ForgeHooks/WP]: ID Map collection complete 新的世界
[12:04:25] [Server thread/INFO] [co.ri.ge.sy.re.WorldSurveyRunner/]: W survey progress runId=trek_stubbs_newworld_20260804_120411 status=running phase=tile_scan tiles=0/289 microCells=0/4624 tileSpeed=0.00/s microSpeed=0.00/s etaMs=-1
[12:04:25] [Render thread/INFO] [minecraft/ChatComponent]: [System] [CHAT] [Geomantia] W scan tiles 0/289 (0.0%), ETA calculating
[12:04:26] [Server thread/INFO] [co.ri.ge.sy.re.WorldSurveyRunner/]: W survey progress runId=trek_stubbs_newworld_20260804_120411 status=running phase=tile_scan tiles=1/289 microCells=0/4624 tileSpeed=4.63/s microSpeed=0.00/s etaMs=62208
[12:04:26] [Server thread/INFO] [co.ri.ge.sy.re.WorldSurveyRunner/]: W survey progress runId=trek_stubbs_newworld_20260804_120411 status=running phase=tile_scan tiles=2/289 microCells=0/4624 tileSpeed=6.35/s microSpeed=0.00/s etaMs=45203
[12:04:26] [Server thread/INFO] [co.ri.ge.sy.re.WorldSurveyRunner/]: W survey progress runId=trek_stubbs_newworld_20260804_120411 status=running phase=tile_scan tiles=3/289 microCells=0/4624 tileSpeed=6.86/s microSpeed=0.00/s etaMs=41661
[12:04:26] [Server thread/INFO] [co.ri.ge.sy.re.WorldSurveyRunner/]: W survey progress runId=trek_stubbs_newworld_20260804_120411 status=running phase=tile_scan tiles=4/289 microCells=0/4624 tileSpeed=6.84/s microSpeed=0.00/s etaMs=41681
[12:04:26] [Server thread/INFO] [co.ri.ge.sy.re.WorldSurveyRunner/]: W survey progress runId=trek_stubbs_newworld_20260804_120411 status=running phase=tile_scan tiles=5/289 microCells=0/4624 tileSpeed=7.16/s microSpeed=0.00/s etaMs=39646
[12:04:26] [Server thread/INFO] [co.ri.ge.sy.re.WorldSurveyRunner/]: W survey progress runId=trek_stubbs_newworld_20260804_120411 status=running phase=tile_scan tiles=6/289 microCells=0/4624 tileSpeed=7.20/s microSpeed=0.00/s etaMs=39290
[12:04:26] [Server thread/INFO] [co.ri.ge.sy.re.WorldSurveyRunner/]: W survey progress runId=trek_stubbs_newworld_20260804_120411 status=running phase=tile_scan tiles=7/289 microCells=0/4624 tileSpeed=7.39/s microSpeed=0.00/s etaMs=38151
[12:04:26] [Server thread/INFO] [co.ri.ge.sy.re.WorldSurveyRunner/]: W survey progress runId=trek_stubbs_newworld_20260804_120411 status=running phase=tile_scan tiles=8/289 microCells=0/4624 tileSpeed=7.97/s microSpeed=0.00/s etaMs=35266
[12:04:26] [geomantia-world-survey-progress/INFO] [co.ri.ge.sy.re.WorldSurveyRunner/]: W survey progress runId=trek_stubbs_newworld_20260804_120411 status=running phase=tile_scan tiles=8/289 microCells=0/4624 tileSpeed=7.96/s microSpeed=0.00/s etaMs=35301
[12:04:26] [Server thread/INFO] [co.ri.ge.sy.re.WorldSurveyRunner/]: W survey progress runId=trek_stubbs_newworld_20260804_120411 status=running phase=tile_scan tiles=9/289 microCells=0/4624 tileSpeed=8.34/s microSpeed=0.00/s etaMs=33569
[12:04:27] [Server thread/INFO] [co.ri.ge.sy.re.WorldSurveyRunner/]: W survey progress runId=trek_stubbs_newworld_20260804_120411 status=running phase=tile_scan tiles=10/289 microCells=0/4624 tileSpeed=8.31/s microSpeed=0.00/s etaMs=33564
[12:04:27] [Server thread/INFO] [co.ri.ge.sy.re.WorldSurveyRunner/]: W survey progress runId=trek_stubbs_newworld_20260804_120411 status=running phase=tile_scan tiles=11/289 microCells=0/4624 tileSpeed=8.74/s microSpeed=0.00/s etaMs=31818
[12:04:27] [Server thread/INFO] [co.ri.ge.sy.re.WorldSurveyRunner/]: W survey progress runId=trek_stubbs_newworld_20260804_120411 status=running phase=tile_scan tiles=12/289 microCells=0/4624 tileSpeed=9.06/s microSpeed=0.00/s etaMs=30562
[12:04:27] [Server thread/INFO] [co.ri.ge.sy.re.WorldSurveyRunner/]: W survey progress runId=trek_stubbs_newworld_20260804_120411 status=running phase=tile_scan tiles=13/289 microCells=0/4624 tileSpeed=9.46/s microSpeed=0.00/s etaMs=29171
[12:04:27] [Server thread/INFO] [co.ri.ge.sy.re.WorldSurveyRunner/]: W survey progress runId=trek_stubbs_newworld_20260804_120411 status=running phase=tile_scan tiles=14/289 microCells=0/4624 tileSpeed=9.80/s microSpeed=0.00/s etaMs=28050
[12:04:27] [Server thread/INFO] [co.ri.ge.sy.re.WorldSurveyRunner/]: W survey progress runId=trek_stubbs_newworld_20260804_120411 status=running phase=tile_scan tiles=15/289 microCells=0/4624 tileSpeed=10.08/s microSpeed=0.00/s etaMs=27181
[12:04:27] [Server thread/INFO] [co.ri.ge.sy.re.WorldSurveyRunner/]: W survey progress runId=trek_stubbs_newworld_20260804_120411 status=running phase=tile_scan tiles=16/289 microCells=0/4624 tileSpeed=10.33/s microSpeed=0.00/s etaMs=26430
[12:04:27] [Server thread/INFO] [co.ri.ge.sy.re.WorldSurveyRunner/]: W survey progress runId=trek_stubbs_newworld_20260804_120411 status=running phase=tile_scan tiles=17/289 microCells=0/4624 tileSpeed=10.57/s microSpeed=0.00/s etaMs=25728
[12:04:27] [Server thread/INFO] [co.ri.ge.sy.re.WorldSurveyRunner/]: W survey progress runId=trek_stubbs_newworld_20260804_120411 status=running phase=tile_scan tiles=18/289 microCells=0/4624 tileSpeed=10.43/s microSpeed=0.00/s etaMs=25971
[12:04:27] [Server thread/INFO] [co.ri.ge.sy.re.WorldSurveyRunner/]: W survey progress runId=trek_stubbs_newworld_20260804_120411 status=running phase=tile_scan tiles=19/289 microCells=0/4624 tileSpeed=10.63/s microSpeed=0.00/s etaMs=25394
[12:04:27] [Server thread/INFO] [co.ri.ge.sy.re.WorldSurveyRunner/]: W survey progress runId=trek_stubbs_newworld_20260804_120411 status=running phase=tile_scan tiles=20/289 microCells=0/4624 tileSpeed=10.82/s microSpeed=0.00/s etaMs=24856
[12:04:27] [Server thread/INFO] [co.ri.ge.sy.re.WorldSurveyRunner/]: W survey progress runId=trek_stubbs_newworld_20260804_120411 status=running phase=tile_scan tiles=21/289 microCells=0/4624 tileSpeed=10.75/s microSpeed=0.00/s etaMs=24924
[12:04:27] [geomantia-world-survey-progress/INFO] [co.ri.ge.sy.re.WorldSurveyRunner/]: W survey progress runId=trek_stubbs_newworld_20260804_120411 status=running phase=tile_scan tiles=21/289 microCells=0/4624 tileSpeed=10.47/s microSpeed=0.00/s etaMs=25588
[12:04:27] [Server thread/INFO] [co.ri.ge.sy.re.WorldSurveyRunner/]: W survey progress runId=trek_stubbs_newworld_20260804_120411 status=running phase=tile_scan tiles=22/289 microCells=0/4624 tileSpeed=10.51/s microSpeed=0.00/s etaMs=25401
[12:04:28] [Server thread/INFO] [co.ri.ge.sy.re.WorldSurveyRunner/]: W survey progress runId=trek_stubbs_newworld_20260804_120411 status=running phase=tile_scan tiles=23/289 microCells=0/4624 tileSpeed=10.56/s microSpeed=0.00/s etaMs=25189
[12:04:28] [Server thread/INFO] [co.ri.ge.sy.re.WorldSurveyRunner/]: W survey progress runId=trek_stubbs_newworld_20260804_120411 status=running phase=tile_scan tiles=24/289 microCells=0/4624 tileSpeed=10.52/s microSpeed=0.00/s etaMs=25197
[12:04:28] [Server thread/INFO] [co.ri.ge.sy.re.WorldSurveyRunner/]: W survey progress runId=trek_stubbs_newworld_20260804_120411 status=running phase=tile_scan tiles=25/289 microCells=0/4624 tileSpeed=10.46/s microSpeed=0.00/s etaMs=25228
[12:04:28] [Server thread/INFO] [co.ri.ge.sy.re.WorldSurveyRunner/]: W survey progress runId=trek_stubbs_newworld_20260804_120411 status=running phase=tile_scan tiles=26/289 microCells=0/4624 tileSpeed=10.58/s microSpeed=0.00/s etaMs=24854
[12:04:28] [Server thread/INFO] [co.ri.ge.sy.re.WorldSurveyRunner/]: W survey progress runId=trek_stubbs_newworld_20260804_120411 status=running phase=tile_scan tiles=27/289 microCells=0/4624 tileSpeed=10.65/s microSpeed=0.00/s etaMs=24609
[12:04:28] [Server thread/INFO] [co.ri.ge.sy.re.WorldSurveyRunner/]: W survey progress runId=trek_stubbs_newworld_20260804_120411 status=running phase=tile_scan tiles=28/289 microCells=0/4624 tileSpeed=10.81/s microSpeed=0.00/s etaMs=24143
[12:04:28] [Server thread/INFO] [co.ri.ge.sy.re.WorldSurveyRunner/]: W survey progress runId=trek_stubbs_newworld_20260804_120411 status=running phase=tile_scan tiles=29/289 microCells=0/4624 tileSpeed=10.94/s microSpeed=0.00/s etaMs=23759
[12:04:28] [Server thread/INFO] [co.ri.ge.sy.re.WorldSurveyRunner/]: W survey progress runId=trek_stubbs_newworld_20260804_120411 status=running phase=tile_scan tiles=30/289 microCells=0/4624 tileSpeed=11.09/s microSpeed=0.00/s etaMs=23345
[12:04:28] [Server thread/INFO] [co.ri.ge.sy.re.WorldSurveyRunner/]: W survey progress runId=trek_stubbs_newworld_20260804_120411 status=running phase=tile_scan tiles=31/289 microCells=0/4624 tileSpeed=11.23/s microSpeed=0.00/s etaMs=22970
[12:04:28] [Server thread/INFO] [co.ri.ge.sy.re.WorldSurveyRunner/]: W survey progress runId=trek_stubbs_newworld_20260804_120411 status=running phase=tile_scan tiles=32/289 microCells=0/4624 tileSpeed=11.36/s microSpeed=0.00/s etaMs=22616
[12:04:28] [Server thread/INFO] [co.ri.ge.sy.re.WorldSurveyRunner/]: W survey progress runId=trek_stubbs_newworld_20260804_120411 status=running phase=tile_scan tiles=33/289 microCells=0/4624 tileSpeed=11.49/s microSpeed=0.00/s etaMs=22280
[12:04:28] [Server thread/INFO] [co.ri.ge.sy.re.WorldSurveyRunner/]: W survey progress runId=trek_stubbs_newworld_20260804_120411 status=running phase=tile_scan tiles=34/289 microCells=0/4624 tileSpeed=11.44/s microSpeed=0.00/s etaMs=22298
[12:04:28] [geomantia-world-survey-progress/INFO] [co.ri.ge.sy.re.WorldSurveyRunner/]: W survey progress runId=trek_stubbs_newworld_20260804_120411 status=running phase=tile_scan tiles=34/289 microCells=0/4624 tileSpeed=11.32/s microSpeed=0.00/s etaMs=22530
[12:04:28] [Server thread/INFO] [co.ri.ge.sy.re.WorldSurveyRunner/]: W survey progress runId=trek_stubbs_newworld_20260804_120411 status=running phase=tile_scan tiles=35/289 microCells=0/4624 tileSpeed=11.37/s microSpeed=0.00/s etaMs=22330
[12:04:29] [Server thread/INFO] [co.ri.ge.sy.re.WorldSurveyRunner/]: W survey progress runId=trek_stubbs_newworld_20260804_120411 status=running phase=tile_scan tiles=36/289 microCells=0/4624 tileSpeed=11.43/s microSpeed=0.00/s etaMs=22130
[12:04:29] [Server thread/INFO] [co.ri.ge.sy.re.WorldSurveyRunner/]: W survey progress runId=trek_stubbs_newworld_20260804_120411 status=running phase=tile_scan tiles=37/289 microCells=0/4624 tileSpeed=11.50/s microSpeed=0.00/s etaMs=21910
[12:04:29] [Server thread/INFO] [co.ri.ge.sy.re.WorldSurveyRunner/]: W survey progress runId=trek_stubbs_newworld_20260804_120411 status=running phase=tile_scan tiles=38/289 microCells=0/4624 tileSpeed=11.49/s microSpeed=0.00/s etaMs=21844
[12:04:29] [Server thread/INFO] [co.ri.ge.sy.re.WorldSurveyRunner/]: W survey progress runId=trek_stubbs_newworld_20260804_120411 status=running phase=tile_scan tiles=39/289 microCells=0/4624 tileSpeed=11.28/s microSpeed=0.00/s etaMs=22160
[12:04:29] [Server thread/INFO] [co.ri.ge.sy.re.WorldSurveyRunner/]: W survey progress runId=trek_stubbs_newworld_20260804_120411 status=running phase=tile_scan tiles=40/289 microCells=0/4624 tileSpeed=11.30/s microSpeed=0.00/s etaMs=22037
[12:04:29] [Server thread/INFO] [co.ri.ge.sy.re.WorldSurveyRunner/]: W survey progress runId=trek_stubbs_newworld_20260804_120411 status=running phase=tile_scan tiles=41/289 microCells=0/4624 tileSpeed=11.35/s microSpeed=0.00/s etaMs=21854
[12:04:29] [Server thread/INFO] [co.ri.ge.sy.re.WorldSurveyRunner/]: W survey progress runId=trek_stubbs_newworld_20260804_120411 status=running phase=tile_scan tiles=42/289 microCells=0/4624 tileSpeed=11.45/s microSpeed=0.00/s etaMs=21577
[12:04:29] [Server thread/INFO] [co.ri.ge.sy.re.WorldSurveyRunner/]: W survey progress runId=trek_stubbs_newworld_20260804_120411 status=running phase=tile_scan tiles=43/289 microCells=0/4624 tileSpeed=11.56/s microSpeed=0.00/s etaMs=21282
[12:04:29] [Server thread/INFO] [co.ri.ge.sy.re.WorldSurveyRunner/]: W survey progress runId=trek_stubbs_newworld_20260804_120411 status=running phase=tile_scan tiles=44/289 microCells=0/4624 tileSpeed=11.67/s microSpeed=0.00/s etaMs=20998
[12:04:29] [Server thread/INFO] [co.ri.ge.sy.re.WorldSurveyRunner/]: W survey progress runId=trek_stubbs_newworld_20260804_120411 status=running phase=tile_scan tiles=45/289 microCells=0/4624 tileSpeed=11.77/s microSpeed=0.00/s etaMs=20724
[12:04:29] [Server thread/INFO] [co.ri.ge.sy.re.WorldSurveyRunner/]: W survey progress runId=trek_stubbs_newworld_20260804_120411 status=running phase=tile_scan tiles=46/289 microCells=0/4624 tileSpeed=11.87/s microSpeed=0.00/s etaMs=20470
[12:04:29] [Server thread/INFO] [co.ri.ge.sy.re.WorldSurveyRunner/]: W survey progress runId=trek_stubbs_newworld_20260804_120411 status=running phase=tile_scan tiles=47/289 microCells=0/4624 tileSpeed=11.97/s microSpeed=0.00/s etaMs=20220
[12:04:29] [Server thread/INFO] [co.ri.ge.sy.re.WorldSurveyRunner/]: W survey progress runId=trek_stubbs_newworld_20260804_120411 status=running phase=tile_scan tiles=48/289 microCells=0/4624 tileSpeed=12.04/s microSpeed=0.00/s etaMs=20013
[12:04:29] [geomantia-world-survey-progress/INFO] [co.ri.ge.sy.re.WorldSurveyRunner/]: W survey progress runId=trek_stubbs_newworld_20260804_120411 status=running phase=tile_scan tiles=48/289 microCells=0/4624 tileSpeed=11.99/s microSpeed=0.00/s etaMs=20108
[12:04:29] [Server thread/INFO] [co.ri.ge.sy.re.WorldSurveyRunner/]: W survey progress runId=trek_stubbs_newworld_20260804_120411 status=running phase=tile_scan tiles=49/289 microCells=0/4624 tileSpeed=12.14/s microSpeed=0.00/s etaMs=19768
[12:04:29] [Server thread/INFO] [co.ri.ge.sy.re.WorldSurveyRunner/]: W survey progress runId=trek_stubbs_newworld_20260804_120411 status=running phase=tile_scan tiles=50/289 microCells=0/4624 tileSpeed=12.22/s microSpeed=0.00/s etaMs=19550
[12:04:30] [Server thread/INFO] [co.ri.ge.sy.re.WorldSurveyRunner/]: W survey progress runId=trek_stubbs_newworld_20260804_120411 status=running phase=tile_scan tiles=51/289 microCells=0/4624 tileSpeed=12.15/s microSpeed=0.00/s etaMs=19591
[12:04:30] [Server thread/INFO] [co.ri.ge.sy.re.WorldSurveyRunner/]: W survey progress runId=trek_stubbs_newworld_20260804_120411 status=running phase=tile_scan tiles=52/289 microCells=0/4624 tileSpeed=11.99/s microSpeed=0.00/s etaMs=19762
[12:04:30] [Server thread/INFO] [co.ri.ge.sy.re.WorldSurveyRunner/]: W survey progress runId=trek_stubbs_newworld_20260804_120411 status=running phase=tile_scan tiles=53/289 microCells=0/4624 tileSpeed=11.97/s microSpeed=0.00/s etaMs=19717
[12:04:30] [Server thread/INFO] [co.ri.ge.sy.re.WorldSurveyRunner/]: W survey progress runId=trek_stubbs_newworld_20260804_120411 status=running phase=tile_scan tiles=54/289 microCells=0/4624 tileSpeed=12.03/s microSpeed=0.00/s etaMs=19540
[12:04:30] [Server thread/INFO] [co.ri.ge.sy.re.WorldSurveyRunner/]: W survey progress runId=trek_stubbs_newworld_20260804_120411 status=running phase=tile_scan tiles=55/289 microCells=0/4624 tileSpeed=12.09/s microSpeed=0.00/s etaMs=19362
[12:04:30] [Server thread/INFO] [co.ri.ge.sy.re.WorldSurveyRunner/]: W survey progress runId=trek_stubbs_newworld_20260804_120411 status=running phase=tile_scan tiles=56/289 microCells=0/4624 tileSpeed=12.12/s microSpeed=0.00/s etaMs=19231
[12:04:30] [Server thread/INFO] [co.ri.ge.sy.re.WorldSurveyRunner/]: W survey progress runId=trek_stubbs_newworld_20260804_120411 status=running phase=tile_scan tiles=57/289 microCells=0/4624 tileSpeed=12.17/s microSpeed=0.00/s etaMs=19061
[12:04:30] [Server thread/INFO] [co.ri.ge.sy.re.WorldSurveyRunner/]: W survey progress runId=trek_stubbs_newworld_20260804_120411 status=running phase=tile_scan tiles=58/289 microCells=0/4624 tileSpeed=12.21/s microSpeed=0.00/s etaMs=18914
[12:04:30] [Server thread/INFO] [co.ri.ge.sy.re.WorldSurveyRunner/]: W survey progress runId=trek_stubbs_newworld_20260804_120411 status=running phase=tile_scan tiles=59/289 microCells=0/4624 tileSpeed=12.28/s microSpeed=0.00/s etaMs=18735
[12:04:30] [Server thread/INFO] [co.ri.ge.sy.re.WorldSurveyRunner/]: W survey progress runId=trek_stubbs_newworld_20260804_120411 status=running phase=tile_scan tiles=60/289 microCells=0/4624 tileSpeed=12.35/s microSpeed=0.00/s etaMs=18538
[12:04:30] [Server thread/INFO] [co.ri.ge.sy.re.WorldSurveyRunner/]: W survey progress runId=trek_stubbs_newworld_20260804_120411 status=running phase=tile_scan tiles=61/289 microCells=0/4624 tileSpeed=12.42/s microSpeed=0.00/s etaMs=18360
[12:04:30] [Server thread/INFO] [co.ri.ge.sy.re.WorldSurveyRunner/]: W survey progress runId=trek_stubbs_newworld_20260804_120411 status=running phase=tile_scan tiles=62/289 microCells=0/4624 tileSpeed=12.47/s microSpeed=0.00/s etaMs=18200
[12:04:30] [geomantia-world-survey-progress/INFO] [co.ri.ge.sy.re.WorldSurveyRunner/]: W survey progress runId=trek_stubbs_newworld_20260804_120411 status=running phase=tile_scan tiles=62/289 microCells=0/4624 tileSpeed=12.39/s microSpeed=0.00/s etaMs=18325
[12:04:30] [Render thread/INFO] [minecraft/ChatComponent]: [System] [CHAT] [Geomantia] W scan tiles 62/289 (21.5%), ETA 18s
[12:04:30] [Server thread/INFO] [co.ri.ge.sy.re.WorldSurveyRunner/]: W survey progress runId=trek_stubbs_newworld_20260804_120411 status=running phase=tile_scan tiles=63/289 microCells=0/4624 tileSpeed=12.53/s microSpeed=0.00/s etaMs=18030
[12:04:30] [Server thread/INFO] [co.ri.ge.sy.re.WorldSurveyRunner/]: W survey progress runId=trek_stubbs_newworld_20260804_120411 status=running phase=tile_scan tiles=64/289 microCells=0/4624 tileSpeed=12.59/s microSpeed=0.00/s etaMs=17866
[12:04:31] [Server thread/INFO] [co.ri.ge.sy.re.WorldSurveyRunner/]: W survey progress runId=trek_stubbs_newworld_20260804_120411 status=running phase=tile_scan tiles=65/289 microCells=0/4624 tileSpeed=12.65/s microSpeed=0.00/s etaMs=17713
[12:04:31] [Server thread/INFO] [co.ri.ge.sy.re.WorldSurveyRunner/]: W survey progress runId=trek_stubbs_newworld_20260804_120411 status=running phase=tile_scan tiles=66/289 microCells=0/4624 tileSpeed=12.70/s microSpeed=0.00/s etaMs=17553
[12:04:31] [Server thread/INFO] [co.ri.ge.sy.re.WorldSurveyRunner/]: W survey progress runId=trek_stubbs_newworld_20260804_120411 status=running phase=tile_scan tiles=67/289 microCells=0/4624 tileSpeed=12.76/s microSpeed=0.00/s etaMs=17396
[12:04:31] [Server thread/INFO] [co.ri.ge.sy.re.WorldSurveyRunner/]: W survey progress runId=trek_stubbs_newworld_20260804_120411 status=running phase=tile_scan tiles=68/289 microCells=0/4624 tileSpeed=12.76/s microSpeed=0.00/s etaMs=17316
[12:04:31] [Server thread/INFO] [co.ri.ge.sy.re.WorldSurveyRunner/]: W survey progress runId=trek_stubbs_newworld_20260804_120411 status=running phase=tile_scan tiles=69/289 microCells=0/4624 tileSpeed=12.69/s microSpeed=0.00/s etaMs=17339
[12:04:31] [Server thread/INFO] [co.ri.ge.sy.re.WorldSurveyRunner/]: W survey progress runId=trek_stubbs_newworld_20260804_120411 status=running phase=tile_scan tiles=70/289 microCells=0/4624 tileSpeed=12.73/s microSpeed=0.00/s etaMs=17204
[12:04:31] [Server thread/INFO] [co.ri.ge.sy.re.WorldSurveyRunner/]: W survey progress runId=trek_stubbs_newworld_20260804_120411 status=running phase=tile_scan tiles=71/289 microCells=0/4624 tileSpeed=12.79/s microSpeed=0.00/s etaMs=17047
[12:04:31] [Server thread/INFO] [co.ri.ge.sy.re.WorldSurveyRunner/]: W survey progress runId=trek_stubbs_newworld_20260804_120411 status=running phase=tile_scan tiles=72/289 microCells=0/4624 tileSpeed=12.84/s microSpeed=0.00/s etaMs=16896
[12:04:31] [Server thread/INFO] [co.ri.ge.sy.re.WorldSurveyRunner/]: W survey progress runId=trek_stubbs_newworld_20260804_120411 status=running phase=tile_scan tiles=73/289 microCells=0/4624 tileSpeed=12.90/s microSpeed=0.00/s etaMs=16750
[12:04:31] [Server thread/INFO] [co.ri.ge.sy.re.WorldSurveyRunner/]: W survey progress runId=trek_stubbs_newworld_20260804_120411 status=running phase=tile_scan tiles=74/289 microCells=0/4624 tileSpeed=12.96/s microSpeed=0.00/s etaMs=16596
[12:04:31] [Server thread/INFO] [co.ri.ge.sy.re.WorldSurveyRunner/]: W survey progress runId=trek_stubbs_newworld_20260804_120411 status=running phase=tile_scan tiles=75/289 microCells=0/4624 tileSpeed=13.01/s microSpeed=0.00/s etaMs=16447
[12:04:31] [Server thread/INFO] [co.ri.ge.sy.re.WorldSurveyRunner/]: W survey progress runId=trek_stubbs_newworld_20260804_120411 status=running phase=tile_scan tiles=76/289 microCells=0/4624 tileSpeed=13.08/s microSpeed=0.00/s etaMs=16286
[12:04:31] [Server thread/INFO] [co.ri.ge.sy.re.WorldSurveyRunner/]: W survey progress runId=trek_stubbs_newworld_20260804_120411 status=running phase=tile_scan tiles=77/289 microCells=0/4624 tileSpeed=13.12/s microSpeed=0.00/s etaMs=16153
[12:04:31] [Server thread/INFO] [co.ri.ge.sy.re.WorldSurveyRunner/]: W survey progress runId=trek_stubbs_newworld_20260804_120411 status=running phase=tile_scan tiles=78/289 microCells=0/4624 tileSpeed=13.18/s microSpeed=0.00/s etaMs=16012
[12:04:31] [Server thread/INFO] [co.ri.ge.sy.re.WorldSurveyRunner/]: W survey progress runId=trek_stubbs_newworld_20260804_120411 status=running phase=tile_scan tiles=79/289 microCells=0/4624 tileSpeed=13.21/s microSpeed=0.00/s etaMs=15896
[12:04:31] [geomantia-world-survey-progress/INFO] [co.ri.ge.sy.re.WorldSurveyRunner/]: W survey progress runId=trek_stubbs_newworld_20260804_120411 status=running phase=tile_scan tiles=79/289 microCells=0/4624 tileSpeed=13.16/s microSpeed=0.00/s etaMs=15963
[12:04:31] [Server thread/INFO] [co.ri.ge.sy.re.WorldSurveyRunner/]: W survey progress runId=trek_stubbs_newworld_20260804_120411 status=running phase=tile_scan tiles=80/289 microCells=0/4624 tileSpeed=13.24/s microSpeed=0.00/s etaMs=15782
[12:04:32] [Server thread/INFO] [co.ri.ge.sy.re.WorldSurveyRunner/]: W survey progress runId=trek_stubbs_newworld_20260804_120411 status=running phase=tile_scan tiles=81/289 microCells=0/4624 tileSpeed=13.26/s microSpeed=0.00/s etaMs=15685
[12:04:32] [Server thread/INFO] [co.ri.ge.sy.re.WorldSurveyRunner/]: W survey progress runId=trek_stubbs_newworld_20260804_120411 status=running phase=tile_scan tiles=82/289 microCells=0/4624 tileSpeed=13.30/s microSpeed=0.00/s etaMs=15560
[12:04:32] [Server thread/INFO] [co.ri.ge.sy.re.WorldSurveyRunner/]: W survey progress runId=trek_stubbs_newworld_20260804_120411 status=running phase=tile_scan tiles=83/289 microCells=0/4624 tileSpeed=13.34/s microSpeed=0.00/s etaMs=15448
[12:04:32] [Server thread/INFO] [co.ri.ge.sy.re.WorldSurveyRunner/]: W survey progress runId=trek_stubbs_newworld_20260804_120411 status=running phase=tile_scan tiles=84/289 microCells=0/4624 tileSpeed=13.35/s microSpeed=0.00/s etaMs=15355
[12:04:32] [Server thread/INFO] [co.ri.ge.sy.re.WorldSurveyRunner/]: W survey progress runId=trek_stubbs_newworld_20260804_120411 status=running phase=tile_scan tiles=85/289 microCells=0/4624 tileSpeed=13.36/s microSpeed=0.00/s etaMs=15266
[12:04:32] [Server thread/INFO] [co.ri.ge.sy.re.WorldSurveyRunner/]: W survey progress runId=trek_stubbs_newworld_20260804_120411 status=running phase=tile_scan tiles=86/289 microCells=0/4624 tileSpeed=13.21/s microSpeed=0.00/s etaMs=15362
[12:04:32] [Server thread/INFO] [co.ri.ge.sy.re.WorldSurveyRunner/]: W survey progress runId=trek_stubbs_newworld_20260804_120411 status=running phase=tile_scan tiles=87/289 microCells=0/4624 tileSpeed=13.10/s microSpeed=0.00/s etaMs=15415
[12:04:32] [Server thread/INFO] [co.ri.ge.sy.re.WorldSurveyRunner/]: W survey progress runId=trek_stubbs_newworld_20260804_120411 status=running phase=tile_scan tiles=88/289 microCells=0/4624 tileSpeed=13.03/s microSpeed=0.00/s etaMs=15429
[12:04:32] [Server thread/INFO] [co.ri.ge.sy.re.WorldSurveyRunner/]: W survey progress runId=trek_stubbs_newworld_20260804_120411 status=running phase=tile_scan tiles=89/289 microCells=0/4624 tileSpeed=13.07/s microSpeed=0.00/s etaMs=15297
[12:04:32] [Server thread/INFO] [co.ri.ge.sy.re.WorldSurveyRunner/]: W survey progress runId=trek_stubbs_newworld_20260804_120411 status=running phase=tile_scan tiles=90/289 microCells=0/4624 tileSpeed=13.11/s microSpeed=0.00/s etaMs=15177
[12:04:32] [Server thread/INFO] [co.ri.ge.sy.re.WorldSurveyRunner/]: W survey progress runId=trek_stubbs_newworld_20260804_120411 status=running phase=tile_scan tiles=91/289 microCells=0/4624 tileSpeed=13.15/s microSpeed=0.00/s etaMs=15055
[12:04:32] [Server thread/INFO] [co.ri.ge.sy.re.WorldSurveyRunner/]: W survey progress runId=trek_stubbs_newworld_20260804_120411 status=running phase=tile_scan tiles=92/289 microCells=0/4624 tileSpeed=13.20/s microSpeed=0.00/s etaMs=14929
[12:04:32] [geomantia-world-survey-progress/INFO] [co.ri.ge.sy.re.WorldSurveyRunner/]: W survey progress runId=trek_stubbs_newworld_20260804_120411 status=running phase=tile_scan tiles=92/289 microCells=0/4624 tileSpeed=13.13/s microSpeed=0.00/s etaMs=15000
[12:04:32] [Server thread/INFO] [co.ri.ge.sy.re.WorldSurveyRunner/]: W survey progress runId=trek_stubbs_newworld_20260804_120411 status=running phase=tile_scan tiles=93/289 microCells=0/4624 tileSpeed=13.24/s microSpeed=0.00/s etaMs=14805
[12:04:32] [Server thread/INFO] [co.ri.ge.sy.re.WorldSurveyRunner/]: W survey progress runId=trek_stubbs_newworld_20260804_120411 status=running phase=tile_scan tiles=94/289 microCells=0/4624 tileSpeed=13.27/s microSpeed=0.00/s etaMs=14696
[12:04:33] [Server thread/INFO] [co.ri.ge.sy.re.WorldSurveyRunner/]: W survey progress runId=trek_stubbs_newworld_20260804_120411 status=running phase=tile_scan tiles=95/289 microCells=0/4624 tileSpeed=13.31/s microSpeed=0.00/s etaMs=14572
[12:04:33] [Server thread/INFO] [co.ri.ge.sy.re.WorldSurveyRunner/]: W survey progress runId=trek_stubbs_newworld_20260804_120411 status=running phase=tile_scan tiles=96/289 microCells=0/4624 tileSpeed=13.35/s microSpeed=0.00/s etaMs=14457
[12:04:33] [Server thread/INFO] [co.ri.ge.sy.re.WorldSurveyRunner/]: W survey progress runId=trek_stubbs_newworld_20260804_120411 status=running phase=tile_scan tiles=97/289 microCells=0/4624 tileSpeed=13.37/s microSpeed=0.00/s etaMs=14358
[12:04:33] [Server thread/INFO] [co.ri.ge.sy.re.WorldSurveyRunner/]: W survey progress runId=trek_stubbs_newworld_20260804_120411 status=running phase=tile_scan tiles=98/289 microCells=0/4624 tileSpeed=13.40/s microSpeed=0.00/s etaMs=14255
[12:04:33] [Server thread/INFO] [co.ri.ge.sy.re.WorldSurveyRunner/]: W survey progress runId=trek_stubbs_newworld_20260804_120411 status=running phase=tile_scan tiles=99/289 microCells=0/4624 tileSpeed=13.42/s microSpeed=0.00/s etaMs=14160
[12:04:33] [Server thread/INFO] [co.ri.ge.sy.re.WorldSurveyRunner/]: W survey progress runId=trek_stubbs_newworld_20260804_120411 status=running phase=tile_scan tiles=100/289 microCells=0/4624 tileSpeed=13.43/s microSpeed=0.00/s etaMs=14069
[12:04:33] [Server thread/INFO] [co.ri.ge.sy.re.WorldSurveyRunner/]: W survey progress runId=trek_stubbs_newworld_20260804_120411 status=running phase=tile_scan tiles=101/289 microCells=0/4624 tileSpeed=13.45/s microSpeed=0.00/s etaMs=13975
[12:04:33] [Server thread/INFO] [co.ri.ge.sy.re.WorldSurveyRunner/]: W survey progress runId=trek_stubbs_newworld_20260804_120411 status=running phase=tile_scan tiles=102/289 microCells=0/4624 tileSpeed=13.48/s microSpeed=0.00/s etaMs=13877
[12:04:33] [Server thread/INFO] [co.ri.ge.sy.re.WorldSurveyRunner/]: W survey progress runId=trek_stubbs_newworld_20260804_120411 status=running phase=tile_scan tiles=103/289 microCells=0/4624 tileSpeed=13.30/s microSpeed=0.00/s etaMs=13986
[12:04:33] [Server thread/INFO] [co.ri.ge.sy.re.WorldSurveyRunner/]: W survey progress runId=trek_stubbs_newworld_20260804_120411 status=running phase=tile_scan tiles=104/289 microCells=0/4624 tileSpeed=13.18/s microSpeed=0.00/s etaMs=14040
[12:04:33] [geomantia-world-survey-progress/INFO] [co.ri.ge.sy.re.WorldSurveyRunner/]: W survey progress runId=trek_stubbs_newworld_20260804_120411 status=running phase=tile_scan tiles=104/289 microCells=0/4624 tileSpeed=12.99/s microSpeed=0.00/s etaMs=14240
[12:04:33] [Server thread/INFO] [co.ri.ge.sy.re.WorldSurveyRunner/]: W survey progress runId=trek_stubbs_newworld_20260804_120411 status=running phase=tile_scan tiles=105/289 microCells=0/4624 tileSpeed=13.11/s microSpeed=0.00/s etaMs=14040
[12:04:33] [Server thread/INFO] [co.ri.ge.sy.re.WorldSurveyRunner/]: W survey progress runId=trek_stubbs_newworld_20260804_120411 status=running phase=tile_scan tiles=106/289 microCells=0/4624 tileSpeed=13.13/s microSpeed=0.00/s etaMs=13934
[12:04:34] [Server thread/INFO] [co.ri.ge.sy.re.WorldSurveyRunner/]: W survey progress runId=trek_stubbs_newworld_20260804_120411 status=running phase=tile_scan tiles=107/289 microCells=0/4624 tileSpeed=13.17/s microSpeed=0.00/s etaMs=13822
[12:04:34] [Server thread/INFO] [co.ri.ge.sy.re.WorldSurveyRunner/]: W survey progress runId=trek_stubbs_newworld_20260804_120411 status=running phase=tile_scan tiles=108/289 microCells=0/4624 tileSpeed=13.20/s microSpeed=0.00/s etaMs=13709
[12:04:34] [Server thread/INFO] [co.ri.ge.sy.re.WorldSurveyRunner/]: W survey progress runId=trek_stubbs_newworld_20260804_120411 status=running phase=tile_scan tiles=109/289 microCells=0/4624 tileSpeed=13.23/s microSpeed=0.00/s etaMs=13604
[12:04:34] [Server thread/INFO] [co.ri.ge.sy.re.WorldSurveyRunner/]: W survey progress runId=trek_stubbs_newworld_20260804_120411 status=running phase=tile_scan tiles=110/289 microCells=0/4624 tileSpeed=13.26/s microSpeed=0.00/s etaMs=13498
[12:04:34] [Server thread/INFO] [co.ri.ge.sy.re.WorldSurveyRunner/]: W survey progress runId=trek_stubbs_newworld_20260804_120411 status=running phase=tile_scan tiles=111/289 microCells=0/4624 tileSpeed=13.30/s microSpeed=0.00/s etaMs=13385
[12:04:34] [Server thread/INFO] [co.ri.ge.sy.re.WorldSurveyRunner/]: W survey progress runId=trek_stubbs_newworld_20260804_120411 status=running phase=tile_scan tiles=112/289 microCells=0/4624 tileSpeed=13.33/s microSpeed=0.00/s etaMs=13281
[12:04:34] [Server thread/INFO] [co.ri.ge.sy.re.WorldSurveyRunner/]: W survey progress runId=trek_stubbs_newworld_20260804_120411 status=running phase=tile_scan tiles=113/289 microCells=0/4624 tileSpeed=13.36/s microSpeed=0.00/s etaMs=13177
[12:04:34] [Server thread/INFO] [co.ri.ge.sy.re.WorldSurveyRunner/]: W survey progress runId=trek_stubbs_newworld_20260804_120411 status=running phase=tile_scan tiles=114/289 microCells=0/4624 tileSpeed=13.39/s microSpeed=0.00/s etaMs=13070
[12:04:34] [Server thread/INFO] [co.ri.ge.sy.re.WorldSurveyRunner/]: W survey progress runId=trek_stubbs_newworld_20260804_120411 status=running phase=tile_scan tiles=115/289 microCells=0/4624 tileSpeed=13.42/s microSpeed=0.00/s etaMs=12970
[12:04:34] [Server thread/INFO] [co.ri.ge.sy.re.WorldSurveyRunner/]: W survey progress runId=trek_stubbs_newworld_20260804_120411 status=running phase=tile_scan tiles=116/289 microCells=0/4624 tileSpeed=13.45/s microSpeed=0.00/s etaMs=12862
[12:04:34] [Server thread/INFO] [co.ri.ge.sy.re.WorldSurveyRunner/]: W survey progress runId=trek_stubbs_newworld_20260804_120411 status=running phase=tile_scan tiles=117/289 microCells=0/4624 tileSpeed=13.47/s microSpeed=0.00/s etaMs=12768
[12:04:34] [Server thread/INFO] [co.ri.ge.sy.re.WorldSurveyRunner/]: W survey progress runId=trek_stubbs_newworld_20260804_120411 status=running phase=tile_scan tiles=118/289 microCells=0/4624 tileSpeed=13.49/s microSpeed=0.00/s etaMs=12674
[12:04:34] [Server thread/INFO] [co.ri.ge.sy.re.WorldSurveyRunner/]: W survey progress runId=trek_stubbs_newworld_20260804_120411 status=running phase=tile_scan tiles=119/289 microCells=0/4624 tileSpeed=13.51/s microSpeed=0.00/s etaMs=12583
[12:04:34] [Server thread/INFO] [co.ri.ge.sy.re.WorldSurveyRunner/]: W survey progress runId=trek_stubbs_newworld_20260804_120411 status=running phase=tile_scan tiles=120/289 microCells=0/4624 tileSpeed=13.47/s microSpeed=0.00/s etaMs=12550
[12:04:34] [geomantia-world-survey-progress/INFO] [co.ri.ge.sy.re.WorldSurveyRunner/]: W survey progress runId=trek_stubbs_newworld_20260804_120411 status=running phase=tile_scan tiles=120/289 microCells=0/4624 tileSpeed=13.33/s microSpeed=0.00/s etaMs=12682
[12:04:34] [Server thread/INFO] [co.ri.ge.sy.re.WorldSurveyRunner/]: W survey progress runId=trek_stubbs_newworld_20260804_120411 status=running phase=tile_scan tiles=121/289 microCells=0/4624 tileSpeed=13.40/s microSpeed=0.00/s etaMs=12538
[12:04:35] [Server thread/INFO] [co.ri.ge.sy.re.WorldSurveyRunner/]: W survey progress runId=trek_stubbs_newworld_20260804_120411 status=running phase=tile_scan tiles=122/289 microCells=0/4624 tileSpeed=13.33/s microSpeed=0.00/s etaMs=12524
[12:04:35] [Server thread/INFO] [co.ri.ge.sy.re.WorldSurveyRunner/]: W survey progress runId=trek_stubbs_newworld_20260804_120411 status=running phase=tile_scan tiles=123/289 microCells=0/4624 tileSpeed=13.36/s microSpeed=0.00/s etaMs=12427
[12:04:35] [Server thread/INFO] [co.ri.ge.sy.re.WorldSurveyRunner/]: W survey progress runId=trek_stubbs_newworld_20260804_120411 status=running phase=tile_scan tiles=124/289 microCells=0/4624 tileSpeed=13.38/s microSpeed=0.00/s etaMs=12334
[12:04:35] [Server thread/INFO] [co.ri.ge.sy.re.WorldSurveyRunner/]: W survey progress runId=trek_stubbs_newworld_20260804_120411 status=running phase=tile_scan tiles=125/289 microCells=0/4624 tileSpeed=13.40/s microSpeed=0.00/s etaMs=12236
[12:04:35] [Server thread/INFO] [co.ri.ge.sy.re.WorldSurveyRunner/]: W survey progress runId=trek_stubbs_newworld_20260804_120411 status=running phase=tile_scan tiles=126/289 microCells=0/4624 tileSpeed=13.43/s microSpeed=0.00/s etaMs=12137
[12:04:35] [Server thread/INFO] [co.ri.ge.sy.re.WorldSurveyRunner/]: W survey progress runId=trek_stubbs_newworld_20260804_120411 status=running phase=tile_scan tiles=127/289 microCells=0/4624 tileSpeed=13.45/s microSpeed=0.00/s etaMs=12040
[12:04:35] [Server thread/INFO] [co.ri.ge.sy.re.WorldSurveyRunner/]: W survey progress runId=trek_stubbs_newworld_20260804_120411 status=running phase=tile_scan tiles=128/289 microCells=0/4624 tileSpeed=13.48/s microSpeed=0.00/s etaMs=11947
[12:04:35] [Server thread/INFO] [co.ri.ge.sy.re.WorldSurveyRunner/]: W survey progress runId=trek_stubbs_newworld_20260804_120411 status=running phase=tile_scan tiles=129/289 microCells=0/4624 tileSpeed=13.50/s microSpeed=0.00/s etaMs=11854
[12:04:35] [Server thread/INFO] [co.ri.ge.sy.re.WorldSurveyRunner/]: W survey progress runId=trek_stubbs_newworld_20260804_120411 status=running phase=tile_scan tiles=130/289 microCells=0/4624 tileSpeed=13.52/s microSpeed=0.00/s etaMs=11757
[12:04:35] [Server thread/INFO] [co.ri.ge.sy.re.WorldSurveyRunner/]: W survey progress runId=trek_stubbs_newworld_20260804_120411 status=running phase=tile_scan tiles=131/289 microCells=0/4624 tileSpeed=13.55/s microSpeed=0.00/s etaMs=11659
[12:04:35] [Server thread/INFO] [co.ri.ge.sy.re.WorldSurveyRunner/]: W survey progress runId=trek_stubbs_newworld_20260804_120411 status=running phase=tile_scan tiles=132/289 microCells=0/4624 tileSpeed=13.57/s microSpeed=0.00/s etaMs=11569
[12:04:35] [Server thread/INFO] [co.ri.ge.sy.re.WorldSurveyRunner/]: W survey progress runId=trek_stubbs_newworld_20260804_120411 status=running phase=tile_scan tiles=133/289 microCells=0/4624 tileSpeed=13.58/s microSpeed=0.00/s etaMs=11487
[12:04:35] [Server thread/INFO] [co.ri.ge.sy.re.WorldSurveyRunner/]: W survey progress runId=trek_stubbs_newworld_20260804_120411 status=running phase=tile_scan tiles=134/289 microCells=0/4624 tileSpeed=13.60/s microSpeed=0.00/s etaMs=11396
[12:04:35] [Server thread/INFO] [co.ri.ge.sy.re.WorldSurveyRunner/]: W survey progress runId=trek_stubbs_newworld_20260804_120411 status=running phase=tile_scan tiles=135/289 microCells=0/4624 tileSpeed=13.63/s microSpeed=0.00/s etaMs=11298
[12:04:35] [Server thread/INFO] [co.ri.ge.sy.re.WorldSurveyRunner/]: W survey progress runId=trek_stubbs_newworld_20260804_120411 status=running phase=tile_scan tiles=136/289 microCells=0/4624 tileSpeed=13.65/s microSpeed=0.00/s etaMs=11210
[12:04:35] [geomantia-world-survey-progress/INFO] [co.ri.ge.sy.re.WorldSurveyRunner/]: W survey progress runId=trek_stubbs_newworld_20260804_120411 status=running phase=tile_scan tiles=136/289 microCells=0/4624 tileSpeed=13.59/s microSpeed=0.00/s etaMs=11256
[12:04:35] [Render thread/INFO] [minecraft/ChatComponent]: [System] [CHAT] [Geomantia] W scan tiles 136/289 (47.1%), ETA 11s
[12:04:35] [Server thread/INFO] [co.ri.ge.sy.re.WorldSurveyRunner/]: W survey progress runId=trek_stubbs_newworld_20260804_120411 status=running phase=tile_scan tiles=137/289 microCells=0/4624 tileSpeed=13.62/s microSpeed=0.00/s etaMs=11164
[12:04:36] [Server thread/INFO] [co.ri.ge.sy.re.WorldSurveyRunner/]: W survey progress runId=trek_stubbs_newworld_20260804_120411 status=running phase=tile_scan tiles=138/289 microCells=0/4624 tileSpeed=13.52/s microSpeed=0.00/s etaMs=11166
[12:04:36] [Server thread/INFO] [co.ri.ge.sy.re.WorldSurveyRunner/]: W survey progress runId=trek_stubbs_newworld_20260804_120411 status=running phase=tile_scan tiles=139/289 microCells=0/4624 tileSpeed=13.52/s microSpeed=0.00/s etaMs=11094
[12:04:36] [Server thread/INFO] [co.ri.ge.sy.re.WorldSurveyRunner/]: W survey progress runId=trek_stubbs_newworld_20260804_120411 status=running phase=tile_scan tiles=140/289 microCells=0/4624 tileSpeed=13.54/s microSpeed=0.00/s etaMs=11000
[12:04:36] [Server thread/INFO] [co.ri.ge.sy.re.WorldSurveyRunner/]: W survey progress runId=trek_stubbs_newworld_20260804_120411 status=running phase=tile_scan tiles=141/289 microCells=0/4624 tileSpeed=13.56/s microSpeed=0.00/s etaMs=10917
[12:04:36] [Server thread/INFO] [co.ri.ge.sy.re.WorldSurveyRunner/]: W survey progress runId=trek_stubbs_newworld_20260804_120411 status=running phase=tile_scan tiles=142/289 microCells=0/4624 tileSpeed=13.57/s microSpeed=0.00/s etaMs=10837
[12:04:36] [Server thread/INFO] [co.ri.ge.sy.re.WorldSurveyRunner/]: W survey progress runId=trek_stubbs_newworld_20260804_120411 status=running phase=tile_scan tiles=143/289 microCells=0/4624 tileSpeed=13.58/s microSpeed=0.00/s etaMs=10749
[12:04:36] [Server thread/INFO] [co.ri.ge.sy.re.WorldSurveyRunner/]: W survey progress runId=trek_stubbs_newworld_20260804_120411 status=running phase=tile_scan tiles=144/289 microCells=0/4624 tileSpeed=13.60/s microSpeed=0.00/s etaMs=10660
[12:04:36] [Server thread/INFO] [co.ri.ge.sy.re.WorldSurveyRunner/]: W survey progress runId=trek_stubbs_newworld_20260804_120411 status=running phase=tile_scan tiles=145/289 microCells=0/4624 tileSpeed=13.61/s microSpeed=0.00/s etaMs=10582
[12:04:36] [Server thread/INFO] [co.ri.ge.sy.re.WorldSurveyRunner/]: W survey progress runId=trek_stubbs_newworld_20260804_120411 status=running phase=tile_scan tiles=146/289 microCells=0/4624 tileSpeed=13.59/s microSpeed=0.00/s etaMs=10522
[12:04:36] [Server thread/INFO] [co.ri.ge.sy.re.WorldSurveyRunner/]: W survey progress runId=trek_stubbs_newworld_20260804_120411 status=running phase=tile_scan tiles=147/289 microCells=0/4624 tileSpeed=13.61/s microSpeed=0.00/s etaMs=10437
[12:04:36] [Server thread/INFO] [co.ri.ge.sy.re.WorldSurveyRunner/]: W survey progress runId=trek_stubbs_newworld_20260804_120411 status=running phase=tile_scan tiles=148/289 microCells=0/4624 tileSpeed=13.63/s microSpeed=0.00/s etaMs=10348
[12:04:36] [Server thread/INFO] [co.ri.ge.sy.re.WorldSurveyRunner/]: W survey progress runId=trek_stubbs_newworld_20260804_120411 status=running phase=tile_scan tiles=149/289 microCells=0/4624 tileSpeed=13.64/s microSpeed=0.00/s etaMs=10260
[12:04:36] [Server thread/INFO] [co.ri.ge.sy.re.WorldSurveyRunner/]: W survey progress runId=trek_stubbs_newworld_20260804_120411 status=running phase=tile_scan tiles=150/289 microCells=0/4624 tileSpeed=13.67/s microSpeed=0.00/s etaMs=10169
[12:04:36] [geomantia-world-survey-progress/INFO] [co.ri.ge.sy.re.WorldSurveyRunner/]: W survey progress runId=trek_stubbs_newworld_20260804_120411 status=running phase=tile_scan tiles=150/289 microCells=0/4624 tileSpeed=13.63/s microSpeed=0.00/s etaMs=10197
[12:04:36] [Server thread/INFO] [co.ri.ge.sy.re.WorldSurveyRunner/]: W survey progress runId=trek_stubbs_newworld_20260804_120411 status=running phase=tile_scan tiles=151/289 microCells=0/4624 tileSpeed=13.69/s microSpeed=0.00/s etaMs=10077
[12:04:36] [Server thread/INFO] [co.ri.ge.sy.re.WorldSurveyRunner/]: W survey progress runId=trek_stubbs_newworld_20260804_120411 status=running phase=tile_scan tiles=152/289 microCells=0/4624 tileSpeed=13.72/s microSpeed=0.00/s etaMs=9986
[12:04:37] [Server thread/INFO] [co.ri.ge.sy.re.WorldSurveyRunner/]: W survey progress runId=trek_stubbs_newworld_20260804_120411 status=running phase=tile_scan tiles=153/289 microCells=0/4624 tileSpeed=13.75/s microSpeed=0.00/s etaMs=9894
[12:04:37] [Server thread/INFO] [co.ri.ge.sy.re.WorldSurveyRunner/]: W survey progress runId=trek_stubbs_newworld_20260804_120411 status=running phase=tile_scan tiles=154/289 microCells=0/4624 tileSpeed=13.69/s microSpeed=0.00/s etaMs=9864
[12:04:37] [Server thread/INFO] [co.ri.ge.sy.re.WorldSurveyRunner/]: W survey progress runId=trek_stubbs_newworld_20260804_120411 status=running phase=tile_scan tiles=155/289 microCells=0/4624 tileSpeed=13.63/s microSpeed=0.00/s etaMs=9834
[12:04:37] [Server thread/INFO] [co.ri.ge.sy.re.WorldSurveyRunner/]: W survey progress runId=trek_stubbs_newworld_20260804_120411 status=running phase=tile_scan tiles=156/289 microCells=0/4624 tileSpeed=13.57/s microSpeed=0.00/s etaMs=9804
[12:04:37] [Server thread/INFO] [co.ri.ge.sy.re.WorldSurveyRunner/]: W survey progress runId=trek_stubbs_newworld_20260804_120411 status=running phase=tile_scan tiles=157/289 microCells=0/4624 tileSpeed=13.57/s microSpeed=0.00/s etaMs=9727
[12:04:37] [Server thread/INFO] [co.ri.ge.sy.re.WorldSurveyRunner/]: W survey progress runId=trek_stubbs_newworld_20260804_120411 status=running phase=tile_scan tiles=158/289 microCells=0/4624 tileSpeed=13.59/s microSpeed=0.00/s etaMs=9639
[12:04:37] [Server thread/INFO] [co.ri.ge.sy.re.WorldSurveyRunner/]: W survey progress runId=trek_stubbs_newworld_20260804_120411 status=running phase=tile_scan tiles=159/289 microCells=0/4624 tileSpeed=13.61/s microSpeed=0.00/s etaMs=9554
[12:04:37] [Server thread/INFO] [co.ri.ge.sy.re.WorldSurveyRunner/]: W survey progress runId=trek_stubbs_newworld_20260804_120411 status=running phase=tile_scan tiles=160/289 microCells=0/4624 tileSpeed=13.62/s microSpeed=0.00/s etaMs=9472
[12:04:37] [Server thread/INFO] [co.ri.ge.sy.re.WorldSurveyRunner/]: W survey progress runId=trek_stubbs_newworld_20260804_120411 status=running phase=tile_scan tiles=161/289 microCells=0/4624 tileSpeed=13.59/s microSpeed=0.00/s etaMs=9416
[12:04:37] [Server thread/INFO] [co.ri.ge.sy.re.WorldSurveyRunner/]: W survey progress runId=trek_stubbs_newworld_20260804_120411 status=running phase=tile_scan tiles=162/289 microCells=0/4624 tileSpeed=13.60/s microSpeed=0.00/s etaMs=9338
[12:04:37] [Server thread/INFO] [co.ri.ge.sy.re.WorldSurveyRunner/]: W survey progress runId=trek_stubbs_newworld_20260804_120411 status=running phase=tile_scan tiles=163/289 microCells=0/4624 tileSpeed=13.60/s microSpeed=0.00/s etaMs=9264
[12:04:37] [geomantia-world-survey-progress/INFO] [co.ri.ge.sy.re.WorldSurveyRunner/]: W survey progress runId=trek_stubbs_newworld_20260804_120411 status=running phase=tile_scan tiles=163/289 microCells=0/4624 tileSpeed=13.58/s microSpeed=0.00/s etaMs=9280
[12:04:37] [Server thread/INFO] [co.ri.ge.sy.re.WorldSurveyRunner/]: W survey progress runId=trek_stubbs_newworld_20260804_120411 status=running phase=tile_scan tiles=164/289 microCells=0/4624 tileSpeed=13.62/s microSpeed=0.00/s etaMs=9179
[12:04:37] [Server thread/INFO] [co.ri.ge.sy.re.WorldSurveyRunner/]: W survey progress runId=trek_stubbs_newworld_20260804_120411 status=running phase=tile_scan tiles=165/289 microCells=0/4624 tileSpeed=13.64/s microSpeed=0.00/s etaMs=9089
[12:04:38] [Server thread/INFO] [co.ri.ge.sy.re.WorldSurveyRunner/]: W survey progress runId=trek_stubbs_newworld_20260804_120411 status=running phase=tile_scan tiles=166/289 microCells=0/4624 tileSpeed=13.66/s microSpeed=0.00/s etaMs=9001
[12:04:38] [Server thread/INFO] [co.ri.ge.sy.re.WorldSurveyRunner/]: W survey progress runId=trek_stubbs_newworld_20260804_120411 status=running phase=tile_scan tiles=167/289 microCells=0/4624 tileSpeed=13.68/s microSpeed=0.00/s etaMs=8916
[12:04:38] [Server thread/INFO] [co.ri.ge.sy.re.WorldSurveyRunner/]: W survey progress runId=trek_stubbs_newworld_20260804_120411 status=running phase=tile_scan tiles=168/289 microCells=0/4624 tileSpeed=13.70/s microSpeed=0.00/s etaMs=8835
[12:04:38] [Server thread/INFO] [co.ri.ge.sy.re.WorldSurveyRunner/]: W survey progress runId=trek_stubbs_newworld_20260804_120411 status=running phase=tile_scan tiles=169/289 microCells=0/4624 tileSpeed=13.72/s microSpeed=0.00/s etaMs=8747
[12:04:38] [Server thread/INFO] [co.ri.ge.sy.re.WorldSurveyRunner/]: W survey progress runId=trek_stubbs_newworld_20260804_120411 status=running phase=tile_scan tiles=170/289 microCells=0/4624 tileSpeed=13.74/s microSpeed=0.00/s etaMs=8660
[12:04:38] [Server thread/INFO] [co.ri.ge.sy.re.WorldSurveyRunner/]: W survey progress runId=trek_stubbs_newworld_20260804_120411 status=running phase=tile_scan tiles=171/289 microCells=0/4624 tileSpeed=13.71/s microSpeed=0.00/s etaMs=8605
[12:04:38] [Server thread/INFO] [co.ri.ge.sy.re.WorldSurveyRunner/]: W survey progress runId=trek_stubbs_newworld_20260804_120411 status=running phase=tile_scan tiles=172/289 microCells=0/4624 tileSpeed=13.69/s microSpeed=0.00/s etaMs=8549
[12:04:38] [Server thread/INFO] [co.ri.ge.sy.re.WorldSurveyRunner/]: W survey progress runId=trek_stubbs_newworld_20260804_120411 status=running phase=tile_scan tiles=173/289 microCells=0/4624 tileSpeed=13.66/s microSpeed=0.00/s etaMs=8490
[12:04:38] [Server thread/INFO] [co.ri.ge.sy.re.WorldSurveyRunner/]: W survey progress runId=trek_stubbs_newworld_20260804_120411 status=running phase=tile_scan tiles=174/289 microCells=0/4624 tileSpeed=13.62/s microSpeed=0.00/s etaMs=8441
[12:04:38] [Server thread/INFO] [co.ri.ge.sy.re.WorldSurveyRunner/]: W survey progress runId=trek_stubbs_newworld_20260804_120411 status=running phase=tile_scan tiles=175/289 microCells=0/4624 tileSpeed=13.58/s microSpeed=0.00/s etaMs=8395
[12:04:38] [Server thread/INFO] [co.ri.ge.sy.re.WorldSurveyRunner/]: W survey progress runId=trek_stubbs_newworld_20260804_120411 status=running phase=tile_scan tiles=176/289 microCells=0/4624 tileSpeed=13.55/s microSpeed=0.00/s etaMs=8337
[12:04:38] [geomantia-world-survey-progress/INFO] [co.ri.ge.sy.re.WorldSurveyRunner/]: W survey progress runId=trek_stubbs_newworld_20260804_120411 status=running phase=tile_scan tiles=176/289 microCells=0/4624 tileSpeed=13.53/s microSpeed=0.00/s etaMs=8349
[12:04:38] [Server thread/INFO] [co.ri.ge.sy.re.WorldSurveyRunner/]: W survey progress runId=trek_stubbs_newworld_20260804_120411 status=running phase=tile_scan tiles=177/289 microCells=0/4624 tileSpeed=13.54/s microSpeed=0.00/s etaMs=8275
[12:04:39] [Server thread/INFO] [co.ri.ge.sy.re.WorldSurveyRunner/]: W survey progress runId=trek_stubbs_newworld_20260804_120411 status=running phase=tile_scan tiles=178/289 microCells=0/4624 tileSpeed=13.52/s microSpeed=0.00/s etaMs=8212
[12:04:39] [Server thread/INFO] [co.ri.ge.sy.re.WorldSurveyRunner/]: W survey progress runId=trek_stubbs_newworld_20260804_120411 status=running phase=tile_scan tiles=179/289 microCells=0/4624 tileSpeed=13.52/s microSpeed=0.00/s etaMs=8134
[12:04:39] [Server thread/INFO] [co.ri.ge.sy.re.WorldSurveyRunner/]: W survey progress runId=trek_stubbs_newworld_20260804_120411 status=running phase=tile_scan tiles=180/289 microCells=0/4624 tileSpeed=13.55/s microSpeed=0.00/s etaMs=8047
[12:04:39] [Server thread/INFO] [co.ri.ge.sy.re.WorldSurveyRunner/]: W survey progress runId=trek_stubbs_newworld_20260804_120411 status=running phase=tile_scan tiles=181/289 microCells=0/4624 tileSpeed=13.56/s microSpeed=0.00/s etaMs=7963
[12:04:39] [Server thread/INFO] [co.ri.ge.sy.re.WorldSurveyRunner/]: W survey progress runId=trek_stubbs_newworld_20260804_120411 status=running phase=tile_scan tiles=182/289 microCells=0/4624 tileSpeed=13.58/s microSpeed=0.00/s etaMs=7877
[12:04:39] [Server thread/INFO] [co.ri.ge.sy.re.WorldSurveyRunner/]: W survey progress runId=trek_stubbs_newworld_20260804_120411 status=running phase=tile_scan tiles=183/289 microCells=0/4624 tileSpeed=13.59/s microSpeed=0.00/s etaMs=7799
[12:04:39] [Server thread/INFO] [co.ri.ge.sy.re.WorldSurveyRunner/]: W survey progress runId=trek_stubbs_newworld_20260804_120411 status=running phase=tile_scan tiles=184/289 microCells=0/4624 tileSpeed=13.60/s microSpeed=0.00/s etaMs=7723
[12:04:39] [Server thread/INFO] [co.ri.ge.sy.re.WorldSurveyRunner/]: W survey progress runId=trek_stubbs_newworld_20260804_120411 status=running phase=tile_scan tiles=185/289 microCells=0/4624 tileSpeed=13.60/s microSpeed=0.00/s etaMs=7649
[12:04:39] [Server thread/INFO] [co.ri.ge.sy.re.WorldSurveyRunner/]: W survey progress runId=trek_stubbs_newworld_20260804_120411 status=running phase=tile_scan tiles=186/289 microCells=0/4624 tileSpeed=13.60/s microSpeed=0.00/s etaMs=7575
[12:04:39] [Server thread/INFO] [co.ri.ge.sy.re.WorldSurveyRunner/]: W survey progress runId=trek_stubbs_newworld_20260804_120411 status=running phase=tile_scan tiles=187/289 microCells=0/4624 tileSpeed=13.60/s microSpeed=0.00/s etaMs=7499
[12:04:39] [Server thread/INFO] [co.ri.ge.sy.re.WorldSurveyRunner/]: W survey progress runId=trek_stubbs_newworld_20260804_120411 status=running phase=tile_scan tiles=188/289 microCells=0/4624 tileSpeed=13.55/s microSpeed=0.00/s etaMs=7453
[12:04:39] [Server thread/INFO] [co.ri.ge.sy.re.WorldSurveyRunner/]: W survey progress runId=trek_stubbs_newworld_20260804_120411 status=running phase=tile_scan tiles=189/289 microCells=0/4624 tileSpeed=13.51/s microSpeed=0.00/s etaMs=7401
[12:04:39] [geomantia-world-survey-progress/INFO] [co.ri.ge.sy.re.WorldSurveyRunner/]: W survey progress runId=trek_stubbs_newworld_20260804_120411 status=running phase=tile_scan tiles=189/289 microCells=0/4624 tileSpeed=13.50/s microSpeed=0.00/s etaMs=7410
[12:04:40] [Server thread/INFO] [co.ri.ge.sy.re.WorldSurveyRunner/]: W survey progress runId=trek_stubbs_newworld_20260804_120411 status=running phase=tile_scan tiles=190/289 microCells=0/4624 tileSpeed=13.46/s microSpeed=0.00/s etaMs=7354
[12:04:40] [Server thread/INFO] [co.ri.ge.sy.re.WorldSurveyRunner/]: W survey progress runId=trek_stubbs_newworld_20260804_120411 status=running phase=tile_scan tiles=191/289 microCells=0/4624 tileSpeed=13.43/s microSpeed=0.00/s etaMs=7298
[12:04:40] [Server thread/INFO] [co.ri.ge.sy.re.WorldSurveyRunner/]: W survey progress runId=trek_stubbs_newworld_20260804_120411 status=running phase=tile_scan tiles=192/289 microCells=0/4624 tileSpeed=13.38/s microSpeed=0.00/s etaMs=7248
[12:04:40] [Server thread/INFO] [co.ri.ge.sy.re.WorldSurveyRunner/]: W survey progress runId=trek_stubbs_newworld_20260804_120411 status=running phase=tile_scan tiles=193/289 microCells=0/4624 tileSpeed=13.34/s microSpeed=0.00/s etaMs=7198
[12:04:40] [Server thread/INFO] [co.ri.ge.sy.re.WorldSurveyRunner/]: W survey progress runId=trek_stubbs_newworld_20260804_120411 status=running phase=tile_scan tiles=194/289 microCells=0/4624 tileSpeed=13.29/s microSpeed=0.00/s etaMs=7148
[12:04:40] [Server thread/INFO] [co.ri.ge.sy.re.WorldSurveyRunner/]: W survey progress runId=trek_stubbs_newworld_20260804_120411 status=running phase=tile_scan tiles=195/289 microCells=0/4624 tileSpeed=13.31/s microSpeed=0.00/s etaMs=7064
[12:04:40] [Server thread/INFO] [co.ri.ge.sy.re.WorldSurveyRunner/]: W survey progress runId=trek_stubbs_newworld_20260804_120411 status=running phase=tile_scan tiles=196/289 microCells=0/4624 tileSpeed=13.31/s microSpeed=0.00/s etaMs=6986
[12:04:40] [Server thread/INFO] [co.ri.ge.sy.re.WorldSurveyRunner/]: W survey progress runId=trek_stubbs_newworld_20260804_120411 status=running phase=tile_scan tiles=197/289 microCells=0/4624 tileSpeed=13.33/s microSpeed=0.00/s etaMs=6902
[12:04:40] [Server thread/INFO] [co.ri.ge.sy.re.WorldSurveyRunner/]: W survey progress runId=trek_stubbs_newworld_20260804_120411 status=running phase=tile_scan tiles=198/289 microCells=0/4624 tileSpeed=13.35/s microSpeed=0.00/s etaMs=6817
[12:04:40] [Server thread/INFO] [co.ri.ge.sy.re.WorldSurveyRunner/]: W survey progress runId=trek_stubbs_newworld_20260804_120411 status=running phase=tile_scan tiles=199/289 microCells=0/4624 tileSpeed=13.37/s microSpeed=0.00/s etaMs=6730
[12:04:40] [Server thread/INFO] [co.ri.ge.sy.re.WorldSurveyRunner/]: W survey progress runId=trek_stubbs_newworld_20260804_120411 status=running phase=tile_scan tiles=200/289 microCells=0/4624 tileSpeed=13.40/s microSpeed=0.00/s etaMs=6644
[12:04:40] [Server thread/INFO] [co.ri.ge.sy.re.WorldSurveyRunner/]: W survey progress runId=trek_stubbs_newworld_20260804_120411 status=running phase=tile_scan tiles=201/289 microCells=0/4624 tileSpeed=13.42/s microSpeed=0.00/s etaMs=6557
[12:04:40] [geomantia-world-survey-progress/INFO] [co.ri.ge.sy.re.WorldSurveyRunner/]: W survey progress runId=trek_stubbs_newworld_20260804_120411 status=running phase=tile_scan tiles=201/289 microCells=0/4624 tileSpeed=13.40/s microSpeed=0.00/s etaMs=6569
[12:04:40] [Server thread/INFO] [co.ri.ge.sy.re.WorldSurveyRunner/]: W survey progress runId=trek_stubbs_newworld_20260804_120411 status=running phase=tile_scan tiles=202/289 microCells=0/4624 tileSpeed=13.44/s microSpeed=0.00/s etaMs=6471
[12:04:40] [Render thread/INFO] [minecraft/ChatComponent]: [System] [CHAT] [Geomantia] W scan tiles 202/289 (69.9%), ETA 6s
[12:04:40] [Server thread/INFO] [co.ri.ge.sy.re.WorldSurveyRunner/]: W survey progress runId=trek_stubbs_newworld_20260804_120411 status=running phase=tile_scan tiles=203/289 microCells=0/4624 tileSpeed=13.47/s microSpeed=0.00/s etaMs=6386
[12:04:41] [Server thread/INFO] [co.ri.ge.sy.re.WorldSurveyRunner/]: W survey progress runId=trek_stubbs_newworld_20260804_120411 status=running phase=tile_scan tiles=204/289 microCells=0/4624 tileSpeed=13.49/s microSpeed=0.00/s etaMs=6301
[12:04:41] [Server thread/INFO] [co.ri.ge.sy.re.WorldSurveyRunner/]: W survey progress runId=trek_stubbs_newworld_20260804_120411 status=running phase=tile_scan tiles=205/289 microCells=0/4624 tileSpeed=13.46/s microSpeed=0.00/s etaMs=6241
[12:04:41] [Server thread/INFO] [co.ri.ge.sy.re.WorldSurveyRunner/]: W survey progress runId=trek_stubbs_newworld_20260804_120411 status=running phase=tile_scan tiles=206/289 microCells=0/4624 tileSpeed=13.43/s microSpeed=0.00/s etaMs=6180
[12:04:41] [Server thread/INFO] [co.ri.ge.sy.re.WorldSurveyRunner/]: W survey progress runId=trek_stubbs_newworld_20260804_120411 status=running phase=tile_scan tiles=207/289 microCells=0/4624 tileSpeed=13.40/s microSpeed=0.00/s etaMs=6118
[12:04:41] [Server thread/INFO] [co.ri.ge.sy.re.WorldSurveyRunner/]: W survey progress runId=trek_stubbs_newworld_20260804_120411 status=running phase=tile_scan tiles=208/289 microCells=0/4624 tileSpeed=13.37/s microSpeed=0.00/s etaMs=6057
[12:04:41] [Server thread/INFO] [co.ri.ge.sy.re.WorldSurveyRunner/]: W survey progress runId=trek_stubbs_newworld_20260804_120411 status=running phase=tile_scan tiles=209/289 microCells=0/4624 tileSpeed=13.36/s microSpeed=0.00/s etaMs=5988
[12:04:41] [Server thread/INFO] [co.ri.ge.sy.re.WorldSurveyRunner/]: W survey progress runId=trek_stubbs_newworld_20260804_120411 status=running phase=tile_scan tiles=210/289 microCells=0/4624 tileSpeed=13.35/s microSpeed=0.00/s etaMs=5918
[12:04:41] [Server thread/INFO] [co.ri.ge.sy.re.WorldSurveyRunner/]: W survey progress runId=trek_stubbs_newworld_20260804_120411 status=running phase=tile_scan tiles=211/289 microCells=0/4624 tileSpeed=13.32/s microSpeed=0.00/s etaMs=5855
[12:04:41] [Server thread/INFO] [co.ri.ge.sy.re.WorldSurveyRunner/]: W survey progress runId=trek_stubbs_newworld_20260804_120411 status=running phase=tile_scan tiles=212/289 microCells=0/4624 tileSpeed=13.34/s microSpeed=0.00/s etaMs=5773
[12:04:41] [Server thread/INFO] [co.ri.ge.sy.re.WorldSurveyRunner/]: W survey progress runId=trek_stubbs_newworld_20260804_120411 status=running phase=tile_scan tiles=213/289 microCells=0/4624 tileSpeed=13.35/s microSpeed=0.00/s etaMs=5692
[12:04:41] [geomantia-world-survey-progress/INFO] [co.ri.ge.sy.re.WorldSurveyRunner/]: W survey progress runId=trek_stubbs_newworld_20260804_120411 status=running phase=tile_scan tiles=213/289 microCells=0/4624 tileSpeed=13.31/s microSpeed=0.00/s etaMs=5711
[12:04:41] [Server thread/INFO] [co.ri.ge.sy.re.WorldSurveyRunner/]: W survey progress runId=trek_stubbs_newworld_20260804_120411 status=running phase=tile_scan tiles=214/289 microCells=0/4624 tileSpeed=13.37/s microSpeed=0.00/s etaMs=5610
[12:04:41] [Server thread/INFO] [co.ri.ge.sy.re.WorldSurveyRunner/]: W survey progress runId=trek_stubbs_newworld_20260804_120411 status=running phase=tile_scan tiles=215/289 microCells=0/4624 tileSpeed=13.39/s microSpeed=0.00/s etaMs=5528
[12:04:42] [Server thread/INFO] [co.ri.ge.sy.re.WorldSurveyRunner/]: W survey progress runId=trek_stubbs_newworld_20260804_120411 status=running phase=tile_scan tiles=216/289 microCells=0/4624 tileSpeed=13.40/s microSpeed=0.00/s etaMs=5446
[12:04:42] [Server thread/INFO] [co.ri.ge.sy.re.WorldSurveyRunner/]: W survey progress runId=trek_stubbs_newworld_20260804_120411 status=running phase=tile_scan tiles=217/289 microCells=0/4624 tileSpeed=13.42/s microSpeed=0.00/s etaMs=5364
[12:04:42] [Server thread/INFO] [co.ri.ge.sy.re.WorldSurveyRunner/]: W survey progress runId=trek_stubbs_newworld_20260804_120411 status=running phase=tile_scan tiles=218/289 microCells=0/4624 tileSpeed=13.44/s microSpeed=0.00/s etaMs=5282
[12:04:42] [Server thread/INFO] [co.ri.ge.sy.re.WorldSurveyRunner/]: W survey progress runId=trek_stubbs_newworld_20260804_120411 status=running phase=tile_scan tiles=219/289 microCells=0/4624 tileSpeed=13.46/s microSpeed=0.00/s etaMs=5202
[12:04:42] [Server thread/INFO] [co.ri.ge.sy.re.WorldSurveyRunner/]: W survey progress runId=trek_stubbs_newworld_20260804_120411 status=running phase=tile_scan tiles=220/289 microCells=0/4624 tileSpeed=13.48/s microSpeed=0.00/s etaMs=5120
[12:04:42] [Server thread/INFO] [co.ri.ge.sy.re.WorldSurveyRunner/]: W survey progress runId=trek_stubbs_newworld_20260804_120411 status=running phase=tile_scan tiles=221/289 microCells=0/4624 tileSpeed=13.50/s microSpeed=0.00/s etaMs=5039
[12:04:42] [Server thread/INFO] [co.ri.ge.sy.re.WorldSurveyRunner/]: W survey progress runId=trek_stubbs_newworld_20260804_120411 status=running phase=tile_scan tiles=222/289 microCells=0/4624 tileSpeed=13.46/s microSpeed=0.00/s etaMs=4977
[12:04:42] [Server thread/INFO] [co.ri.ge.sy.re.WorldSurveyRunner/]: W survey progress runId=trek_stubbs_newworld_20260804_120411 status=running phase=tile_scan tiles=223/289 microCells=0/4624 tileSpeed=13.42/s microSpeed=0.00/s etaMs=4917
[12:04:42] [Server thread/INFO] [co.ri.ge.sy.re.WorldSurveyRunner/]: W survey progress runId=trek_stubbs_newworld_20260804_120411 status=running phase=tile_scan tiles=224/289 microCells=0/4624 tileSpeed=13.37/s microSpeed=0.00/s etaMs=4862
[12:04:42] [Server thread/INFO] [co.ri.ge.sy.re.WorldSurveyRunner/]: W survey progress runId=trek_stubbs_newworld_20260804_120411 status=running phase=tile_scan tiles=225/289 microCells=0/4624 tileSpeed=13.32/s microSpeed=0.00/s etaMs=4805
[12:04:42] [geomantia-world-survey-progress/INFO] [co.ri.ge.sy.re.WorldSurveyRunner/]: W survey progress runId=trek_stubbs_newworld_20260804_120411 status=running phase=tile_scan tiles=225/289 microCells=0/4624 tileSpeed=13.23/s microSpeed=0.00/s etaMs=4837
[12:04:42] [Server thread/INFO] [co.ri.ge.sy.re.WorldSurveyRunner/]: W survey progress runId=trek_stubbs_newworld_20260804_120411 status=running phase=tile_scan tiles=226/289 microCells=0/4624 tileSpeed=13.29/s microSpeed=0.00/s etaMs=4742
[12:04:43] [Server thread/INFO] [co.ri.ge.sy.re.WorldSurveyRunner/]: W survey progress runId=trek_stubbs_newworld_20260804_120411 status=running phase=tile_scan tiles=227/289 microCells=0/4624 tileSpeed=13.26/s microSpeed=0.00/s etaMs=4677
[12:04:43] [Server thread/INFO] [co.ri.ge.sy.re.WorldSurveyRunner/]: W survey progress runId=trek_stubbs_newworld_20260804_120411 status=running phase=tile_scan tiles=228/289 microCells=0/4624 tileSpeed=13.26/s microSpeed=0.00/s etaMs=4600
[12:04:43] [Server thread/INFO] [co.ri.ge.sy.re.WorldSurveyRunner/]: W survey progress runId=trek_stubbs_newworld_20260804_120411 status=running phase=tile_scan tiles=229/289 microCells=0/4624 tileSpeed=13.27/s microSpeed=0.00/s etaMs=4520
[12:04:43] [Server thread/INFO] [co.ri.ge.sy.re.WorldSurveyRunner/]: W survey progress runId=trek_stubbs_newworld_20260804_120411 status=running phase=tile_scan tiles=230/289 microCells=0/4624 tileSpeed=13.29/s microSpeed=0.00/s etaMs=4439
[12:04:43] [Server thread/INFO] [co.ri.ge.sy.re.WorldSurveyRunner/]: W survey progress runId=trek_stubbs_newworld_20260804_120411 status=running phase=tile_scan tiles=231/289 microCells=0/4624 tileSpeed=13.31/s microSpeed=0.00/s etaMs=4358
[12:04:43] [Server thread/INFO] [co.ri.ge.sy.re.WorldSurveyRunner/]: W survey progress runId=trek_stubbs_newworld_20260804_120411 status=running phase=tile_scan tiles=232/289 microCells=0/4624 tileSpeed=13.32/s microSpeed=0.00/s etaMs=4278
[12:04:43] [Server thread/INFO] [co.ri.ge.sy.re.WorldSurveyRunner/]: W survey progress runId=trek_stubbs_newworld_20260804_120411 status=running phase=tile_scan tiles=233/289 microCells=0/4624 tileSpeed=13.34/s microSpeed=0.00/s etaMs=4198
[12:04:43] [Server thread/INFO] [co.ri.ge.sy.re.WorldSurveyRunner/]: W survey progress runId=trek_stubbs_newworld_20260804_120411 status=running phase=tile_scan tiles=234/289 microCells=0/4624 tileSpeed=13.35/s microSpeed=0.00/s etaMs=4119
[12:04:43] [Server thread/INFO] [co.ri.ge.sy.re.WorldSurveyRunner/]: W survey progress runId=trek_stubbs_newworld_20260804_120411 status=running phase=tile_scan tiles=235/289 microCells=0/4624 tileSpeed=13.36/s microSpeed=0.00/s etaMs=4041
[12:04:43] [Server thread/INFO] [co.ri.ge.sy.re.WorldSurveyRunner/]: W survey progress runId=trek_stubbs_newworld_20260804_120411 status=running phase=tile_scan tiles=236/289 microCells=0/4624 tileSpeed=13.37/s microSpeed=0.00/s etaMs=3963
[12:04:43] [Server thread/INFO] [co.ri.ge.sy.re.WorldSurveyRunner/]: W survey progress runId=trek_stubbs_newworld_20260804_120411 status=running phase=tile_scan tiles=237/289 microCells=0/4624 tileSpeed=13.37/s microSpeed=0.00/s etaMs=3888
[12:04:43] [Server thread/INFO] [co.ri.ge.sy.re.WorldSurveyRunner/]: W survey progress runId=trek_stubbs_newworld_20260804_120411 status=running phase=tile_scan tiles=238/289 microCells=0/4624 tileSpeed=13.39/s microSpeed=0.00/s etaMs=3810
[12:04:43] [Server thread/INFO] [co.ri.ge.sy.re.WorldSurveyRunner/]: W survey progress runId=trek_stubbs_newworld_20260804_120411 status=running phase=tile_scan tiles=239/289 microCells=0/4624 tileSpeed=13.36/s microSpeed=0.00/s etaMs=3744
[12:04:43] [geomantia-world-survey-progress/INFO] [co.ri.ge.sy.re.WorldSurveyRunner/]: W survey progress runId=trek_stubbs_newworld_20260804_120411 status=running phase=tile_scan tiles=239/289 microCells=0/4624 tileSpeed=13.27/s microSpeed=0.00/s etaMs=3767
[12:04:43] [Server thread/INFO] [co.ri.ge.sy.re.WorldSurveyRunner/]: W survey progress runId=trek_stubbs_newworld_20260804_120411 status=running phase=tile_scan tiles=240/289 microCells=0/4624 tileSpeed=13.31/s microSpeed=0.00/s etaMs=3682
[12:04:44] [Server thread/INFO] [co.ri.ge.sy.re.WorldSurveyRunner/]: W survey progress runId=trek_stubbs_newworld_20260804_120411 status=running phase=tile_scan tiles=241/289 microCells=0/4624 tileSpeed=13.27/s microSpeed=0.00/s etaMs=3618
[12:04:44] [Server thread/INFO] [co.ri.ge.sy.re.WorldSurveyRunner/]: W survey progress runId=trek_stubbs_newworld_20260804_120411 status=running phase=tile_scan tiles=242/289 microCells=0/4624 tileSpeed=13.24/s microSpeed=0.00/s etaMs=3551
[12:04:44] [Server thread/INFO] [co.ri.ge.sy.re.WorldSurveyRunner/]: W survey progress runId=trek_stubbs_newworld_20260804_120411 status=running phase=tile_scan tiles=243/289 microCells=0/4624 tileSpeed=13.21/s microSpeed=0.00/s etaMs=3482
[12:04:44] [Server thread/INFO] [co.ri.ge.sy.re.WorldSurveyRunner/]: W survey progress runId=trek_stubbs_newworld_20260804_120411 status=running phase=tile_scan tiles=244/289 microCells=0/4624 tileSpeed=13.16/s microSpeed=0.00/s etaMs=3419
[12:04:44] [Server thread/INFO] [co.ri.ge.sy.re.WorldSurveyRunner/]: W survey progress runId=trek_stubbs_newworld_20260804_120411 status=running phase=tile_scan tiles=245/289 microCells=0/4624 tileSpeed=13.14/s microSpeed=0.00/s etaMs=3347
[12:04:44] [Server thread/INFO] [co.ri.ge.sy.re.WorldSurveyRunner/]: W survey progress runId=trek_stubbs_newworld_20260804_120411 status=running phase=tile_scan tiles=246/289 microCells=0/4624 tileSpeed=13.15/s microSpeed=0.00/s etaMs=3270
[12:04:44] [Server thread/INFO] [co.ri.ge.sy.re.WorldSurveyRunner/]: W survey progress runId=trek_stubbs_newworld_20260804_120411 status=running phase=tile_scan tiles=247/289 microCells=0/4624 tileSpeed=13.16/s microSpeed=0.00/s etaMs=3191
[12:04:44] [Server thread/INFO] [co.ri.ge.sy.re.WorldSurveyRunner/]: W survey progress runId=trek_stubbs_newworld_20260804_120411 status=running phase=tile_scan tiles=248/289 microCells=0/4624 tileSpeed=13.17/s microSpeed=0.00/s etaMs=3112
[12:04:44] [Server thread/INFO] [co.ri.ge.sy.re.WorldSurveyRunner/]: W survey progress runId=trek_stubbs_newworld_20260804_120411 status=running phase=tile_scan tiles=249/289 microCells=0/4624 tileSpeed=13.19/s microSpeed=0.00/s etaMs=3032
[12:04:44] [Server thread/INFO] [co.ri.ge.sy.re.WorldSurveyRunner/]: W survey progress runId=trek_stubbs_newworld_20260804_120411 status=running phase=tile_scan tiles=250/289 microCells=0/4624 tileSpeed=13.21/s microSpeed=0.00/s etaMs=2953
[12:04:44] [Server thread/INFO] [co.ri.ge.sy.re.WorldSurveyRunner/]: W survey progress runId=trek_stubbs_newworld_20260804_120411 status=running phase=tile_scan tiles=251/289 microCells=0/4624 tileSpeed=13.22/s microSpeed=0.00/s etaMs=2874
[12:04:44] [geomantia-world-survey-progress/INFO] [co.ri.ge.sy.re.WorldSurveyRunner/]: W survey progress runId=trek_stubbs_newworld_20260804_120411 status=running phase=tile_scan tiles=251/289 microCells=0/4624 tileSpeed=13.21/s microSpeed=0.00/s etaMs=2877
[12:04:44] [Server thread/INFO] [co.ri.ge.sy.re.WorldSurveyRunner/]: W survey progress runId=trek_stubbs_newworld_20260804_120411 status=running phase=tile_scan tiles=252/289 microCells=0/4624 tileSpeed=13.23/s microSpeed=0.00/s etaMs=2797
[12:04:45] [Server thread/INFO] [co.ri.ge.sy.re.WorldSurveyRunner/]: W survey progress runId=trek_stubbs_newworld_20260804_120411 status=running phase=tile_scan tiles=253/289 microCells=0/4624 tileSpeed=13.20/s microSpeed=0.00/s etaMs=2726
[12:04:45] [Server thread/INFO] [co.ri.ge.sy.re.WorldSurveyRunner/]: W survey progress runId=trek_stubbs_newworld_20260804_120411 status=running phase=tile_scan tiles=254/289 microCells=0/4624 tileSpeed=13.15/s microSpeed=0.00/s etaMs=2662
[12:04:45] [Server thread/INFO] [co.ri.ge.sy.re.WorldSurveyRunner/]: W survey progress runId=trek_stubbs_newworld_20260804_120411 status=running phase=tile_scan tiles=255/289 microCells=0/4624 tileSpeed=13.15/s microSpeed=0.00/s etaMs=2585
[12:04:45] [Server thread/INFO] [co.ri.ge.sy.re.WorldSurveyRunner/]: W survey progress runId=trek_stubbs_newworld_20260804_120411 status=running phase=tile_scan tiles=256/289 microCells=0/4624 tileSpeed=13.12/s microSpeed=0.00/s etaMs=2516
[12:04:45] [Server thread/INFO] [co.ri.ge.sy.re.WorldSurveyRunner/]: W survey progress runId=trek_stubbs_newworld_20260804_120411 status=running phase=tile_scan tiles=257/289 microCells=0/4624 tileSpeed=13.08/s microSpeed=0.00/s etaMs=2446
[12:04:45] [Server thread/INFO] [co.ri.ge.sy.re.WorldSurveyRunner/]: W survey progress runId=trek_stubbs_newworld_20260804_120411 status=running phase=tile_scan tiles=258/289 microCells=0/4624 tileSpeed=13.04/s microSpeed=0.00/s etaMs=2377
[12:04:45] [Server thread/INFO] [co.ri.ge.sy.re.WorldSurveyRunner/]: W survey progress runId=trek_stubbs_newworld_20260804_120411 status=running phase=tile_scan tiles=259/289 microCells=0/4624 tileSpeed=13.01/s microSpeed=0.00/s etaMs=2306
[12:04:45] [geomantia-world-survey-progress/INFO] [co.ri.ge.sy.re.WorldSurveyRunner/]: W survey progress runId=trek_stubbs_newworld_20260804_120411 status=running phase=tile_scan tiles=259/289 microCells=0/4624 tileSpeed=12.95/s microSpeed=0.00/s etaMs=2317
[12:04:45] [Server thread/INFO] [co.ri.ge.sy.re.WorldSurveyRunner/]: W survey progress runId=trek_stubbs_newworld_20260804_120411 status=running phase=tile_scan tiles=260/289 microCells=0/4624 tileSpeed=12.99/s microSpeed=0.00/s etaMs=2233
[12:04:46] [Server thread/INFO] [co.ri.ge.sy.re.WorldSurveyRunner/]: W survey progress runId=trek_stubbs_newworld_20260804_120411 status=running phase=tile_scan tiles=261/289 microCells=0/4624 tileSpeed=12.96/s microSpeed=0.00/s etaMs=2161
[12:04:46] [Render thread/INFO] [minecraft/ChatComponent]: [System] [CHAT] [Geomantia] W scan tiles 261/289 (90.3%), ETA 2s
[12:04:46] [Server thread/INFO] [co.ri.ge.sy.re.WorldSurveyRunner/]: W survey progress runId=trek_stubbs_newworld_20260804_120411 status=running phase=tile_scan tiles=262/289 microCells=0/4624 tileSpeed=12.93/s microSpeed=0.00/s etaMs=2088
[12:04:46] [Server thread/INFO] [co.ri.ge.sy.re.WorldSurveyRunner/]: W survey progress runId=trek_stubbs_newworld_20260804_120411 status=running phase=tile_scan tiles=263/289 microCells=0/4624 tileSpeed=12.91/s microSpeed=0.00/s etaMs=2014
[12:04:46] [Server thread/INFO] [co.ri.ge.sy.re.WorldSurveyRunner/]: W survey progress runId=trek_stubbs_newworld_20260804_120411 status=running phase=tile_scan tiles=264/289 microCells=0/4624 tileSpeed=12.91/s microSpeed=0.00/s etaMs=1936
[12:04:46] [Server thread/INFO] [co.ri.ge.sy.re.WorldSurveyRunner/]: W survey progress runId=trek_stubbs_newworld_20260804_120411 status=running phase=tile_scan tiles=265/289 microCells=0/4624 tileSpeed=12.92/s microSpeed=0.00/s etaMs=1857
[12:04:46] [Server thread/INFO] [co.ri.ge.sy.re.WorldSurveyRunner/]: W survey progress runId=trek_stubbs_newworld_20260804_120411 status=running phase=tile_scan tiles=266/289 microCells=0/4624 tileSpeed=12.93/s microSpeed=0.00/s etaMs=1778
[12:04:46] [Server thread/INFO] [co.ri.ge.sy.re.WorldSurveyRunner/]: W survey progress runId=trek_stubbs_newworld_20260804_120411 status=running phase=tile_scan tiles=267/289 microCells=0/4624 tileSpeed=12.94/s microSpeed=0.00/s etaMs=1700
[12:04:46] [Server thread/INFO] [co.ri.ge.sy.re.WorldSurveyRunner/]: W survey progress runId=trek_stubbs_newworld_20260804_120411 status=running phase=tile_scan tiles=268/289 microCells=0/4624 tileSpeed=12.94/s microSpeed=0.00/s etaMs=1622
[12:04:46] [Server thread/INFO] [co.ri.ge.sy.re.WorldSurveyRunner/]: W survey progress runId=trek_stubbs_newworld_20260804_120411 status=running phase=tile_scan tiles=269/289 microCells=0/4624 tileSpeed=12.91/s microSpeed=0.00/s etaMs=1549
[12:04:46] [Server thread/INFO] [co.ri.ge.sy.re.WorldSurveyRunner/]: W survey progress runId=trek_stubbs_newworld_20260804_120411 status=running phase=tile_scan tiles=270/289 microCells=0/4624 tileSpeed=12.90/s microSpeed=0.00/s etaMs=1473
[12:04:46] [geomantia-world-survey-progress/INFO] [co.ri.ge.sy.re.WorldSurveyRunner/]: W survey progress runId=trek_stubbs_newworld_20260804_120411 status=running phase=tile_scan tiles=270/289 microCells=0/4624 tileSpeed=12.85/s microSpeed=0.00/s etaMs=1478
[12:04:46] [Server thread/INFO] [co.ri.ge.sy.re.WorldSurveyRunner/]: W survey progress runId=trek_stubbs_newworld_20260804_120411 status=running phase=tile_scan tiles=271/289 microCells=0/4624 tileSpeed=12.86/s microSpeed=0.00/s etaMs=1399
[12:04:47] [Server thread/INFO] [co.ri.ge.sy.re.WorldSurveyRunner/]: W survey progress runId=trek_stubbs_newworld_20260804_120411 status=running phase=tile_scan tiles=272/289 microCells=0/4624 tileSpeed=12.84/s microSpeed=0.00/s etaMs=1324
[12:04:47] [Server thread/INFO] [co.ri.ge.sy.re.WorldSurveyRunner/]: W survey progress runId=trek_stubbs_newworld_20260804_120411 status=running phase=tile_scan tiles=273/289 microCells=0/4624 tileSpeed=12.80/s microSpeed=0.00/s etaMs=1250
[12:04:47] [Server thread/INFO] [co.ri.ge.sy.re.WorldSurveyRunner/]: W survey progress runId=trek_stubbs_newworld_20260804_120411 status=running phase=tile_scan tiles=274/289 microCells=0/4624 tileSpeed=12.77/s microSpeed=0.00/s etaMs=1174
[12:04:47] [Server thread/INFO] [co.ri.ge.sy.re.WorldSurveyRunner/]: W survey progress runId=trek_stubbs_newworld_20260804_120411 status=running phase=tile_scan tiles=275/289 microCells=0/4624 tileSpeed=12.76/s microSpeed=0.00/s etaMs=1097
[12:04:47] [Server thread/INFO] [co.ri.ge.sy.re.WorldSurveyRunner/]: W survey progress runId=trek_stubbs_newworld_20260804_120411 status=running phase=tile_scan tiles=276/289 microCells=0/4624 tileSpeed=12.75/s microSpeed=0.00/s etaMs=1020
[12:04:47] [Server thread/INFO] [co.ri.ge.sy.re.WorldSurveyRunner/]: W survey progress runId=trek_stubbs_newworld_20260804_120411 status=running phase=tile_scan tiles=277/289 microCells=0/4624 tileSpeed=12.71/s microSpeed=0.00/s etaMs=944
[12:04:47] [Server thread/INFO] [co.ri.ge.sy.re.WorldSurveyRunner/]: W survey progress runId=trek_stubbs_newworld_20260804_120411 status=running phase=tile_scan tiles=278/289 microCells=0/4624 tileSpeed=12.68/s microSpeed=0.00/s etaMs=868
[12:04:47] [geomantia-world-survey-progress/INFO] [co.ri.ge.sy.re.WorldSurveyRunner/]: W survey progress runId=trek_stubbs_newworld_20260804_120411 status=running phase=tile_scan tiles=278/289 microCells=0/4624 tileSpeed=12.63/s microSpeed=0.00/s etaMs=871
[12:04:47] [Server thread/INFO] [co.ri.ge.sy.re.WorldSurveyRunner/]: W survey progress runId=trek_stubbs_newworld_20260804_120411 status=running phase=tile_scan tiles=279/289 microCells=0/4624 tileSpeed=12.65/s microSpeed=0.00/s etaMs=791
[12:04:48] [Server thread/INFO] [co.ri.ge.sy.re.WorldSurveyRunner/]: W survey progress runId=trek_stubbs_newworld_20260804_120411 status=running phase=tile_scan tiles=280/289 microCells=0/4624 tileSpeed=12.63/s microSpeed=0.00/s etaMs=713
[12:04:48] [Server thread/INFO] [co.ri.ge.sy.re.WorldSurveyRunner/]: W survey progress runId=trek_stubbs_newworld_20260804_120411 status=running phase=tile_scan tiles=281/289 microCells=0/4624 tileSpeed=12.60/s microSpeed=0.00/s etaMs=635
[12:04:48] [Server thread/INFO] [co.ri.ge.sy.re.WorldSurveyRunner/]: W survey progress runId=trek_stubbs_newworld_20260804_120411 status=running phase=tile_scan tiles=282/289 microCells=0/4624 tileSpeed=12.62/s microSpeed=0.00/s etaMs=555
[12:04:48] [Server thread/INFO] [co.ri.ge.sy.re.WorldSurveyRunner/]: W survey progress runId=trek_stubbs_newworld_20260804_120411 status=running phase=tile_scan tiles=283/289 microCells=0/4624 tileSpeed=12.63/s microSpeed=0.00/s etaMs=475
[12:04:48] [Server thread/INFO] [co.ri.ge.sy.re.WorldSurveyRunner/]: W survey progress runId=trek_stubbs_newworld_20260804_120411 status=running phase=tile_scan tiles=284/289 microCells=0/4624 tileSpeed=12.65/s microSpeed=0.00/s etaMs=395
[12:04:48] [Server thread/INFO] [co.ri.ge.sy.re.WorldSurveyRunner/]: W survey progress runId=trek_stubbs_newworld_20260804_120411 status=running phase=tile_scan tiles=285/289 microCells=0/4624 tileSpeed=12.66/s microSpeed=0.00/s etaMs=316
[12:04:48] [Server thread/INFO] [co.ri.ge.sy.re.WorldSurveyRunner/]: W survey progress runId=trek_stubbs_newworld_20260804_120411 status=running phase=tile_scan tiles=286/289 microCells=0/4624 tileSpeed=12.64/s microSpeed=0.00/s etaMs=237
[12:04:48] [Server thread/INFO] [co.ri.ge.sy.re.WorldSurveyRunner/]: W survey progress runId=trek_stubbs_newworld_20260804_120411 status=running phase=tile_scan tiles=287/289 microCells=0/4624 tileSpeed=12.61/s microSpeed=0.00/s etaMs=159
[12:04:48] [Server thread/INFO] [co.ri.ge.sy.re.WorldSurveyRunner/]: W survey progress runId=trek_stubbs_newworld_20260804_120411 status=running phase=tile_scan tiles=288/289 microCells=0/4624 tileSpeed=12.59/s microSpeed=0.00/s etaMs=79
[12:04:48] [geomantia-world-survey-progress/INFO] [co.ri.ge.sy.re.WorldSurveyRunner/]: W survey progress runId=trek_stubbs_newworld_20260804_120411 status=running phase=tile_scan tiles=288/289 microCells=0/4624 tileSpeed=12.52/s microSpeed=0.00/s etaMs=80
[12:04:48] [Server thread/INFO] [co.ri.ge.sy.re.WorldSurveyRunner/]: W survey progress runId=trek_stubbs_newworld_20260804_120411 status=running phase=tile_scan tiles=289/289 microCells=0/4624 tileSpeed=12.55/s microSpeed=0.00/s etaMs=-1
[12:04:48] [Server thread/INFO] [co.ri.ge.sy.re.WorldSurveyRunner/]: W survey progress runId=trek_stubbs_newworld_20260804_120411 status=running phase=micro_sampling tiles=289/289 microCells=0/4624 tileSpeed=12.55/s microSpeed=0.00/s etaMs=-1
[12:04:48] [Render thread/INFO] [minecraft/ChatComponent]: [System] [CHAT] [Geomantia] W scan micro cells 0/4624 (0.0%), ETA calculating
[12:04:49] [geomantia-world-survey-progress/INFO] [co.ri.ge.sy.re.WorldSurveyRunner/]: W survey progress runId=trek_stubbs_newworld_20260804_120411 status=running phase=micro_sampling tiles=289/289 microCells=66/4624 tileSpeed=12.04/s microSpeed=67.28/s etaMs=67748
[12:04:50] [geomantia-world-survey-progress/INFO] [co.ri.ge.sy.re.WorldSurveyRunner/]: W survey progress runId=trek_stubbs_newworld_20260804_120411 status=running phase=micro_sampling tiles=289/289 microCells=143/4624 tileSpeed=11.56/s microSpeed=72.30/s etaMs=61982
[12:04:51] [geomantia-world-survey-progress/INFO] [co.ri.ge.sy.re.WorldSurveyRunner/]: W survey progress runId=trek_stubbs_newworld_20260804_120411 status=running phase=micro_sampling tiles=289/289 microCells=217/4624 tileSpeed=11.11/s microSpeed=72.82/s etaMs=60520
[12:04:52] [geomantia-world-survey-progress/INFO] [co.ri.ge.sy.re.WorldSurveyRunner/]: W survey progress runId=trek_stubbs_newworld_20260804_120411 status=running phase=micro_sampling tiles=289/289 microCells=295/4624 tileSpeed=10.70/s microSpeed=74.01/s etaMs=58493
[12:04:53] [geomantia-world-survey-progress/INFO] [co.ri.ge.sy.re.WorldSurveyRunner/]: W survey progress runId=trek_stubbs_newworld_20260804_120411 status=running phase=micro_sampling tiles=289/289 microCells=371/4624 tileSpeed=10.32/s microSpeed=74.42/s etaMs=57146
[12:04:54] [geomantia-world-survey-progress/INFO] [co.ri.ge.sy.re.WorldSurveyRunner/]: W survey progress runId=trek_stubbs_newworld_20260804_120411 status=running phase=micro_sampling tiles=289/289 microCells=451/4624 tileSpeed=9.96/s microSpeed=75.41/s etaMs=55341
[12:04:54] [Render thread/INFO] [minecraft/ChatComponent]: [System] [CHAT] [Geomantia] W scan micro cells 451/4624 (9.8%), ETA 55s
[12:04:55] [geomantia-world-survey-progress/INFO] [co.ri.ge.sy.re.WorldSurveyRunner/]: W survey progress runId=trek_stubbs_newworld_20260804_120411 status=running phase=micro_sampling tiles=289/289 microCells=523/4624 tileSpeed=9.63/s microSpeed=74.91/s etaMs=54748
[12:04:56] [geomantia-world-survey-progress/INFO] [co.ri.ge.sy.re.WorldSurveyRunner/]: W survey progress runId=trek_stubbs_newworld_20260804_120411 status=running phase=micro_sampling tiles=289/289 microCells=597/4624 tileSpeed=9.32/s microSpeed=74.82/s etaMs=53821
[12:04:57] [geomantia-world-survey-progress/INFO] [co.ri.ge.sy.re.WorldSurveyRunner/]: W survey progress runId=trek_stubbs_newworld_20260804_120411 status=running phase=micro_sampling tiles=289/289 microCells=670/4624 tileSpeed=9.03/s microSpeed=74.58/s etaMs=53019
[12:04:58] [geomantia-world-survey-progress/INFO] [co.ri.ge.sy.re.WorldSurveyRunner/]: W survey progress runId=trek_stubbs_newworld_20260804_120411 status=running phase=micro_sampling tiles=289/289 microCells=744/4624 tileSpeed=8.76/s microSpeed=74.56/s etaMs=52036
[12:04:59] [geomantia-world-survey-progress/INFO] [co.ri.ge.sy.re.WorldSurveyRunner/]: W survey progress runId=trek_stubbs_newworld_20260804_120411 status=running phase=micro_sampling tiles=289/289 microCells=807/4624 tileSpeed=8.50/s microSpeed=73.51/s etaMs=51924
[12:05:00] [geomantia-world-survey-progress/INFO] [co.ri.ge.sy.re.WorldSurveyRunner/]: W survey progress runId=trek_stubbs_newworld_20260804_120411 status=running phase=micro_sampling tiles=289/289 microCells=868/4624 tileSpeed=8.26/s microSpeed=72.45/s etaMs=51844
[12:05:00] [Render thread/INFO] [minecraft/ChatComponent]: [System] [CHAT] [Geomantia] W scan micro cells 868/4624 (18.8%), ETA 51s
[12:05:01] [geomantia-world-survey-progress/INFO] [co.ri.ge.sy.re.WorldSurveyRunner/]: W survey progress runId=trek_stubbs_newworld_20260804_120411 status=running phase=micro_sampling tiles=289/289 microCells=930/4624 tileSpeed=8.03/s microSpeed=71.65/s etaMs=51557
[12:05:02] [geomantia-world-survey-progress/INFO] [co.ri.ge.sy.re.WorldSurveyRunner/]: W survey progress runId=trek_stubbs_newworld_20260804_120411 status=running phase=micro_sampling tiles=289/289 microCells=994/4624 tileSpeed=7.81/s microSpeed=71.11/s etaMs=51046
[12:05:03] [geomantia-world-survey-progress/INFO] [co.ri.ge.sy.re.WorldSurveyRunner/]: W survey progress runId=trek_stubbs_newworld_20260804_120411 status=running phase=micro_sampling tiles=289/289 microCells=1058/4624 tileSpeed=7.60/s microSpeed=70.63/s etaMs=50490
[12:05:04] [geomantia-world-survey-progress/INFO] [co.ri.ge.sy.re.WorldSurveyRunner/]: W survey progress runId=trek_stubbs_newworld_20260804_120411 status=running phase=micro_sampling tiles=289/289 microCells=1121/4624 tileSpeed=7.41/s microSpeed=70.14/s etaMs=49945
[12:05:05] [geomantia-world-survey-progress/INFO] [co.ri.ge.sy.re.WorldSurveyRunner/]: W survey progress runId=trek_stubbs_newworld_20260804_120411 status=running phase=micro_sampling tiles=289/289 microCells=1170/4624 tileSpeed=7.22/s microSpeed=68.92/s etaMs=50118
[12:05:06] [geomantia-world-survey-progress/INFO] [co.ri.ge.sy.re.WorldSurveyRunner/]: W survey progress runId=trek_stubbs_newworld_20260804_120411 status=running phase=micro_sampling tiles=289/289 microCells=1228/4624 tileSpeed=7.05/s microSpeed=68.24/s etaMs=49765
[12:05:06] [Render thread/INFO] [minecraft/ChatComponent]: [System] [CHAT] [Geomantia] W scan micro cells 1228/4624 (26.6%), ETA 49s
[12:05:07] [geomantia-world-survey-progress/INFO] [co.ri.ge.sy.re.WorldSurveyRunner/]: W survey progress runId=trek_stubbs_newworld_20260804_120411 status=running phase=micro_sampling tiles=289/289 microCells=1287/4624 tileSpeed=6.88/s microSpeed=67.82/s etaMs=49207
[12:05:08] [geomantia-world-survey-progress/INFO] [co.ri.ge.sy.re.WorldSurveyRunner/]: W survey progress runId=trek_stubbs_newworld_20260804_120411 status=running phase=micro_sampling tiles=289/289 microCells=1347/4624 tileSpeed=6.72/s microSpeed=67.41/s etaMs=48610
[12:05:09] [geomantia-world-survey-progress/INFO] [co.ri.ge.sy.re.WorldSurveyRunner/]: W survey progress runId=trek_stubbs_newworld_20260804_120411 status=running phase=micro_sampling tiles=289/289 microCells=1404/4624 tileSpeed=6.56/s microSpeed=66.86/s etaMs=48158
[12:05:10] [geomantia-world-survey-progress/INFO] [co.ri.ge.sy.re.WorldSurveyRunner/]: W survey progress runId=trek_stubbs_newworld_20260804_120411 status=running phase=micro_sampling tiles=289/289 microCells=1457/4624 tileSpeed=6.42/s microSpeed=66.26/s etaMs=47798
[12:05:11] [geomantia-world-survey-progress/INFO] [co.ri.ge.sy.re.WorldSurveyRunner/]: W survey progress runId=trek_stubbs_newworld_20260804_120411 status=running phase=micro_sampling tiles=289/289 microCells=1512/4624 tileSpeed=6.28/s microSpeed=65.77/s etaMs=47316
[12:05:12] [geomantia-world-survey-progress/INFO] [co.ri.ge.sy.re.WorldSurveyRunner/]: W survey progress runId=trek_stubbs_newworld_20260804_120411 status=running phase=micro_sampling tiles=289/289 microCells=1580/4624 tileSpeed=6.15/s microSpeed=65.86/s etaMs=46221
[12:05:13] [Render thread/INFO] [minecraft/ChatComponent]: [System] [CHAT] [Geomantia] W scan micro cells 1580/4624 (34.2%), ETA 46s
[12:05:13] [geomantia-world-survey-progress/INFO] [co.ri.ge.sy.re.WorldSurveyRunner/]: W survey progress runId=trek_stubbs_newworld_20260804_120411 status=running phase=micro_sampling tiles=289/289 microCells=1653/4624 tileSpeed=6.02/s microSpeed=66.12/s etaMs=44932
[12:05:14] [geomantia-world-survey-progress/INFO] [co.ri.ge.sy.re.WorldSurveyRunner/]: W survey progress runId=trek_stubbs_newworld_20260804_120411 status=running phase=micro_sampling tiles=289/289 microCells=1730/4624 tileSpeed=5.90/s microSpeed=66.58/s etaMs=43469
[12:05:15] [geomantia-world-survey-progress/INFO] [co.ri.ge.sy.re.WorldSurveyRunner/]: W survey progress runId=trek_stubbs_newworld_20260804_120411 status=running phase=micro_sampling tiles=289/289 microCells=1807/4624 tileSpeed=5.78/s microSpeed=66.96/s etaMs=42069
[12:05:16] [geomantia-world-survey-progress/INFO] [co.ri.ge.sy.re.WorldSurveyRunner/]: W survey progress runId=trek_stubbs_newworld_20260804_120411 status=running phase=micro_sampling tiles=289/289 microCells=1885/4624 tileSpeed=5.66/s microSpeed=67.35/s etaMs=40669
[12:05:17] [geomantia-world-survey-progress/INFO] [co.ri.ge.sy.re.WorldSurveyRunner/]: W survey progress runId=trek_stubbs_newworld_20260804_120411 status=running phase=micro_sampling tiles=289/289 microCells=1952/4624 tileSpeed=5.56/s microSpeed=67.35/s etaMs=39675
[12:05:18] [geomantia-world-survey-progress/INFO] [co.ri.ge.sy.re.WorldSurveyRunner/]: W survey progress runId=trek_stubbs_newworld_20260804_120411 status=running phase=micro_sampling tiles=289/289 microCells=2021/4624 tileSpeed=5.45/s microSpeed=67.41/s etaMs=38615
[12:05:18] [Render thread/INFO] [minecraft/ChatComponent]: [System] [CHAT] [Geomantia] W scan micro cells 2021/4624 (43.7%), ETA 38s
[12:05:19] [geomantia-world-survey-progress/INFO] [co.ri.ge.sy.re.WorldSurveyRunner/]: W survey progress runId=trek_stubbs_newworld_20260804_120411 status=running phase=micro_sampling tiles=289/289 microCells=2094/4624 tileSpeed=5.35/s microSpeed=67.58/s etaMs=37437
[12:05:20] [geomantia-world-survey-progress/INFO] [co.ri.ge.sy.re.WorldSurveyRunner/]: W survey progress runId=trek_stubbs_newworld_20260804_120411 status=running phase=micro_sampling tiles=289/289 microCells=2154/4624 tileSpeed=5.25/s microSpeed=67.35/s etaMs=36672
[12:05:21] [geomantia-world-survey-progress/INFO] [co.ri.ge.sy.re.WorldSurveyRunner/]: W survey progress runId=trek_stubbs_newworld_20260804_120411 status=running phase=micro_sampling tiles=289/289 microCells=2212/4624 tileSpeed=5.16/s microSpeed=67.07/s etaMs=35961
[12:05:22] [geomantia-world-survey-progress/INFO] [co.ri.ge.sy.re.WorldSurveyRunner/]: W survey progress runId=trek_stubbs_newworld_20260804_120411 status=running phase=micro_sampling tiles=289/289 microCells=2273/4624 tileSpeed=5.07/s microSpeed=66.90/s etaMs=35144
[12:05:23] [geomantia-world-survey-progress/INFO] [co.ri.ge.sy.re.WorldSurveyRunner/]: W survey progress runId=trek_stubbs_newworld_20260804_120411 status=running phase=micro_sampling tiles=289/289 microCells=2335/4624 tileSpeed=4.98/s microSpeed=66.76/s etaMs=34288
[12:05:23] [Render thread/INFO] [minecraft/ChatComponent]: [System] [CHAT] [Geomantia] W scan micro cells 2335/4624 (50.5%), ETA 34s
[12:05:24] [geomantia-world-survey-progress/INFO] [co.ri.ge.sy.re.WorldSurveyRunner/]: W survey progress runId=trek_stubbs_newworld_20260804_120411 status=running phase=micro_sampling tiles=289/289 microCells=2399/4624 tileSpeed=4.90/s microSpeed=66.65/s etaMs=33383
[12:05:25] [geomantia-world-survey-progress/INFO] [co.ri.ge.sy.re.WorldSurveyRunner/]: W survey progress runId=trek_stubbs_newworld_20260804_120411 status=running phase=micro_sampling tiles=289/289 microCells=2461/4624 tileSpeed=4.82/s microSpeed=66.55/s etaMs=32500
[12:05:26] [geomantia-world-survey-progress/INFO] [co.ri.ge.sy.re.WorldSurveyRunner/]: W survey progress runId=trek_stubbs_newworld_20260804_120411 status=running phase=micro_sampling tiles=289/289 microCells=2527/4624 tileSpeed=4.74/s microSpeed=66.49/s etaMs=31538
[12:05:27] [geomantia-world-survey-progress/INFO] [co.ri.ge.sy.re.WorldSurveyRunner/]: W survey progress runId=trek_stubbs_newworld_20260804_120411 status=running phase=micro_sampling tiles=289/289 microCells=2579/4624 tileSpeed=4.66/s microSpeed=66.17/s etaMs=30907
[12:05:28] [geomantia-world-survey-progress/INFO] [co.ri.ge.sy.re.WorldSurveyRunner/]: W survey progress runId=trek_stubbs_newworld_20260804_120411 status=running phase=micro_sampling tiles=289/289 microCells=2630/4624 tileSpeed=4.59/s microSpeed=65.75/s etaMs=30329
[12:05:28] [Render thread/INFO] [minecraft/ChatComponent]: [System] [CHAT] [Geomantia] W scan micro cells 2630/4624 (56.9%), ETA 30s
[12:05:29] [geomantia-world-survey-progress/INFO] [co.ri.ge.sy.re.WorldSurveyRunner/]: W survey progress runId=trek_stubbs_newworld_20260804_120411 status=running phase=micro_sampling tiles=289/289 microCells=2679/4624 tileSpeed=4.52/s microSpeed=65.38/s etaMs=29751
[12:05:30] [geomantia-world-survey-progress/INFO] [co.ri.ge.sy.re.WorldSurveyRunner/]: W survey progress runId=trek_stubbs_newworld_20260804_120411 status=running phase=micro_sampling tiles=289/289 microCells=2738/4624 tileSpeed=4.45/s microSpeed=65.22/s etaMs=28918
[12:05:31] [geomantia-world-survey-progress/INFO] [co.ri.ge.sy.re.WorldSurveyRunner/]: W survey progress runId=trek_stubbs_newworld_20260804_120411 status=running phase=micro_sampling tiles=289/289 microCells=2797/4624 tileSpeed=4.38/s microSpeed=65.07/s etaMs=28076
[12:05:32] [geomantia-world-survey-progress/INFO] [co.ri.ge.sy.re.WorldSurveyRunner/]: W survey progress runId=trek_stubbs_newworld_20260804_120411 status=running phase=micro_sampling tiles=289/289 microCells=2855/4624 tileSpeed=4.31/s microSpeed=64.91/s etaMs=27254
[12:05:33] [geomantia-world-survey-progress/INFO] [co.ri.ge.sy.re.WorldSurveyRunner/]: W survey progress runId=trek_stubbs_newworld_20260804_120411 status=running phase=micro_sampling tiles=289/289 microCells=2908/4624 tileSpeed=4.25/s microSpeed=64.65/s etaMs=26543
[12:05:34] [geomantia-world-survey-progress/INFO] [co.ri.ge.sy.re.WorldSurveyRunner/]: W survey progress runId=trek_stubbs_newworld_20260804_120411 status=running phase=micro_sampling tiles=289/289 microCells=2963/4624 tileSpeed=4.19/s microSpeed=64.44/s etaMs=25776
[12:05:34] [Render thread/INFO] [minecraft/ChatComponent]: [System] [CHAT] [Geomantia] W scan micro cells 2963/4624 (64.1%), ETA 25s
[12:05:35] [geomantia-world-survey-progress/INFO] [co.ri.ge.sy.re.WorldSurveyRunner/]: W survey progress runId=trek_stubbs_newworld_20260804_120411 status=running phase=micro_sampling tiles=289/289 microCells=3027/4624 tileSpeed=4.13/s microSpeed=64.41/s etaMs=24796
[12:05:36] [geomantia-world-survey-progress/INFO] [co.ri.ge.sy.re.WorldSurveyRunner/]: W survey progress runId=trek_stubbs_newworld_20260804_120411 status=running phase=micro_sampling tiles=289/289 microCells=3080/4624 tileSpeed=4.07/s microSpeed=64.18/s etaMs=24058
[12:05:37] [geomantia-world-survey-progress/INFO] [co.ri.ge.sy.re.WorldSurveyRunner/]: W survey progress runId=trek_stubbs_newworld_20260804_120411 status=running phase=micro_sampling tiles=289/289 microCells=3140/4624 tileSpeed=4.01/s microSpeed=64.10/s etaMs=23153
[12:05:38] [geomantia-world-survey-progress/INFO] [co.ri.ge.sy.re.WorldSurveyRunner/]: W survey progress runId=trek_stubbs_newworld_20260804_120411 status=running phase=micro_sampling tiles=289/289 microCells=3204/4624 tileSpeed=3.96/s microSpeed=64.10/s etaMs=22153
[12:05:39] [geomantia-world-survey-progress/INFO] [co.ri.ge.sy.re.WorldSurveyRunner/]: W survey progress runId=trek_stubbs_newworld_20260804_120411 status=running phase=micro_sampling tiles=289/289 microCells=3273/4624 tileSpeed=3.90/s microSpeed=64.20/s etaMs=21045
[12:05:40] [geomantia-world-survey-progress/INFO] [co.ri.ge.sy.re.WorldSurveyRunner/]: W survey progress runId=trek_stubbs_newworld_20260804_120411 status=running phase=micro_sampling tiles=289/289 microCells=3344/4624 tileSpeed=3.85/s microSpeed=64.33/s etaMs=19898
[12:05:40] [Render thread/INFO] [minecraft/ChatComponent]: [System] [CHAT] [Geomantia] W scan micro cells 3344/4624 (72.3%), ETA 19s
[12:05:41] [geomantia-world-survey-progress/INFO] [co.ri.ge.sy.re.WorldSurveyRunner/]: W survey progress runId=trek_stubbs_newworld_20260804_120411 status=running phase=micro_sampling tiles=289/289 microCells=3410/4624 tileSpeed=3.80/s microSpeed=64.36/s etaMs=18864
[12:05:42] [geomantia-world-survey-progress/INFO] [co.ri.ge.sy.re.WorldSurveyRunner/]: W survey progress runId=trek_stubbs_newworld_20260804_120411 status=running phase=micro_sampling tiles=289/289 microCells=3476/4624 tileSpeed=3.75/s microSpeed=64.40/s etaMs=17827
[12:05:43] [geomantia-world-survey-progress/INFO] [co.ri.ge.sy.re.WorldSurveyRunner/]: W survey progress runId=trek_stubbs_newworld_20260804_120411 status=running phase=micro_sampling tiles=289/289 microCells=3540/4624 tileSpeed=3.70/s microSpeed=64.39/s etaMs=16836
[12:05:44] [geomantia-world-survey-progress/INFO] [co.ri.ge.sy.re.WorldSurveyRunner/]: W survey progress runId=trek_stubbs_newworld_20260804_120411 status=running phase=micro_sampling tiles=289/289 microCells=3607/4624 tileSpeed=3.66/s microSpeed=64.43/s etaMs=15784
[12:05:45] [geomantia-world-survey-progress/INFO] [co.ri.ge.sy.re.WorldSurveyRunner/]: W survey progress runId=trek_stubbs_newworld_20260804_120411 status=running phase=micro_sampling tiles=289/289 microCells=3680/4624 tileSpeed=3.61/s microSpeed=64.59/s etaMs=14616
[12:05:46] [geomantia-world-survey-progress/INFO] [co.ri.ge.sy.re.WorldSurveyRunner/]: W survey progress runId=trek_stubbs_newworld_20260804_120411 status=running phase=micro_sampling tiles=289/289 microCells=3750/4624 tileSpeed=3.57/s microSpeed=64.66/s etaMs=13516
[12:05:46] [Render thread/INFO] [minecraft/ChatComponent]: [System] [CHAT] [Geomantia] W scan micro cells 3750/4624 (81.1%), ETA 13s
[12:05:47] [geomantia-world-survey-progress/INFO] [co.ri.ge.sy.re.WorldSurveyRunner/]: W survey progress runId=trek_stubbs_newworld_20260804_120411 status=running phase=micro_sampling tiles=289/289 microCells=3812/4624 tileSpeed=3.52/s microSpeed=64.62/s etaMs=12566
[12:05:48] [geomantia-world-survey-progress/INFO] [co.ri.ge.sy.re.WorldSurveyRunner/]: W survey progress runId=trek_stubbs_newworld_20260804_120411 status=running phase=micro_sampling tiles=289/289 microCells=3878/4624 tileSpeed=3.48/s microSpeed=64.66/s etaMs=11538
[12:05:49] [geomantia-world-survey-progress/INFO] [co.ri.ge.sy.re.WorldSurveyRunner/]: W survey progress runId=trek_stubbs_newworld_20260804_120411 status=running phase=micro_sampling tiles=289/289 microCells=3936/4624 tileSpeed=3.44/s microSpeed=64.55/s etaMs=10659
[12:05:50] [geomantia-world-survey-progress/INFO] [co.ri.ge.sy.re.WorldSurveyRunner/]: W survey progress runId=trek_stubbs_newworld_20260804_120411 status=running phase=micro_sampling tiles=289/289 microCells=3992/4624 tileSpeed=3.40/s microSpeed=64.40/s etaMs=9814
[12:05:51] [geomantia-world-survey-progress/INFO] [co.ri.ge.sy.re.WorldSurveyRunner/]: W survey progress runId=trek_stubbs_newworld_20260804_120411 status=running phase=micro_sampling tiles=289/289 microCells=4041/4624 tileSpeed=3.36/s microSpeed=64.16/s etaMs=9087
[12:05:52] [geomantia-world-survey-progress/INFO] [co.ri.ge.sy.re.WorldSurveyRunner/]: W survey progress runId=trek_stubbs_newworld_20260804_120411 status=running phase=micro_sampling tiles=289/289 microCells=4104/4624 tileSpeed=3.32/s microSpeed=64.14/s etaMs=8107
[12:05:52] [Render thread/INFO] [minecraft/ChatComponent]: [System] [CHAT] [Geomantia] W scan micro cells 4104/4624 (88.8%), ETA 8s
[12:05:53] [geomantia-world-survey-progress/INFO] [co.ri.ge.sy.re.WorldSurveyRunner/]: W survey progress runId=trek_stubbs_newworld_20260804_120411 status=running phase=micro_sampling tiles=289/289 microCells=4160/4624 tileSpeed=3.28/s microSpeed=64.02/s etaMs=7248
[12:05:54] [geomantia-world-survey-progress/INFO] [co.ri.ge.sy.re.WorldSurveyRunner/]: W survey progress runId=trek_stubbs_newworld_20260804_120411 status=running phase=micro_sampling tiles=289/289 microCells=4209/4624 tileSpeed=3.25/s microSpeed=63.78/s etaMs=6507
[12:05:55] [geomantia-world-survey-progress/INFO] [co.ri.ge.sy.re.WorldSurveyRunner/]: W survey progress runId=trek_stubbs_newworld_20260804_120411 status=running phase=micro_sampling tiles=289/289 microCells=4255/4624 tileSpeed=3.21/s microSpeed=63.52/s etaMs=5809
[12:05:56] [geomantia-world-survey-progress/INFO] [co.ri.ge.sy.re.WorldSurveyRunner/]: W survey progress runId=trek_stubbs_newworld_20260804_120411 status=running phase=micro_sampling tiles=289/289 microCells=4300/4624 tileSpeed=3.18/s microSpeed=63.25/s etaMs=5122
[12:05:57] [geomantia-world-survey-progress/INFO] [co.ri.ge.sy.re.WorldSurveyRunner/]: W survey progress runId=trek_stubbs_newworld_20260804_120411 status=running phase=micro_sampling tiles=289/289 microCells=4339/4624 tileSpeed=3.14/s microSpeed=62.89/s etaMs=4532
[12:05:57] [Render thread/INFO] [minecraft/ChatComponent]: [System] [CHAT] [Geomantia] W scan micro cells 4339/4624 (93.8%), ETA 4s
[12:05:58] [geomantia-world-survey-progress/INFO] [co.ri.ge.sy.re.WorldSurveyRunner/]: W survey progress runId=trek_stubbs_newworld_20260804_120411 status=running phase=micro_sampling tiles=289/289 microCells=4360/4624 tileSpeed=3.11/s microSpeed=62.31/s etaMs=4237
[12:05:59] [geomantia-world-survey-progress/INFO] [co.ri.ge.sy.re.WorldSurveyRunner/]: W survey progress runId=trek_stubbs_newworld_20260804_120411 status=running phase=micro_sampling tiles=289/289 microCells=4384/4624 tileSpeed=3.07/s microSpeed=61.77/s etaMs=3886
[12:06:00] [geomantia-world-survey-progress/INFO] [co.ri.ge.sy.re.WorldSurveyRunner/]: W survey progress runId=trek_stubbs_newworld_20260804_120411 status=running phase=micro_sampling tiles=289/289 microCells=4410/4624 tileSpeed=3.04/s microSpeed=61.27/s etaMs=3493
[12:06:01] [geomantia-world-survey-progress/INFO] [co.ri.ge.sy.re.WorldSurveyRunner/]: W survey progress runId=trek_stubbs_newworld_20260804_120411 status=running phase=micro_sampling tiles=289/289 microCells=4426/4624 tileSpeed=3.01/s microSpeed=60.65/s etaMs=3265
[12:06:02] [geomantia-world-survey-progress/INFO] [co.ri.ge.sy.re.WorldSurveyRunner/]: W survey progress runId=trek_stubbs_newworld_20260804_120411 status=running phase=micro_sampling tiles=289/289 microCells=4440/4624 tileSpeed=2.98/s microSpeed=60.02/s etaMs=3066
[12:06:03] [geomantia-world-survey-progress/INFO] [co.ri.ge.sy.re.WorldSurveyRunner/]: W survey progress runId=trek_stubbs_newworld_20260804_120411 status=running phase=micro_sampling tiles=289/289 microCells=4452/4624 tileSpeed=2.95/s microSpeed=59.38/s etaMs=2897
[12:06:03] [Render thread/INFO] [minecraft/ChatComponent]: [System] [CHAT] [Geomantia] W scan micro cells 4452/4624 (96.3%), ETA 2s
[12:06:04] [geomantia-world-survey-progress/INFO] [co.ri.ge.sy.re.WorldSurveyRunner/]: W survey progress runId=trek_stubbs_newworld_20260804_120411 status=running phase=micro_sampling tiles=289/289 microCells=4466/4624 tileSpeed=2.92/s microSpeed=58.78/s etaMs=2688
[12:06:05] [geomantia-world-survey-progress/INFO] [co.ri.ge.sy.re.WorldSurveyRunner/]: W survey progress runId=trek_stubbs_newworld_20260804_120411 status=running phase=micro_sampling tiles=289/289 microCells=4480/4624 tileSpeed=2.89/s microSpeed=58.20/s etaMs=2474
[12:06:06] [geomantia-world-survey-progress/INFO] [co.ri.ge.sy.re.WorldSurveyRunner/]: W survey progress runId=trek_stubbs_newworld_20260804_120411 status=running phase=micro_sampling tiles=289/289 microCells=4497/4624 tileSpeed=2.86/s microSpeed=57.67/s etaMs=2202
[12:06:07] [geomantia-world-survey-progress/INFO] [co.ri.ge.sy.re.WorldSurveyRunner/]: W survey progress runId=trek_stubbs_newworld_20260804_120411 status=running phase=micro_sampling tiles=289/289 microCells=4516/4624 tileSpeed=2.83/s microSpeed=57.18/s etaMs=1889
[12:06:08] [geomantia-world-survey-progress/INFO] [co.ri.ge.sy.re.WorldSurveyRunner/]: W survey progress runId=trek_stubbs_newworld_20260804_120411 status=running phase=micro_sampling tiles=289/289 microCells=4536/4624 tileSpeed=2.81/s microSpeed=56.72/s etaMs=1552
[12:06:09] [geomantia-world-survey-progress/INFO] [co.ri.ge.sy.re.WorldSurveyRunner/]: W survey progress runId=trek_stubbs_newworld_20260804_120411 status=running phase=micro_sampling tiles=289/289 microCells=4551/4624 tileSpeed=2.78/s microSpeed=56.20/s etaMs=1299
[12:06:09] [Render thread/INFO] [minecraft/ChatComponent]: [System] [CHAT] [Geomantia] W scan micro cells 4551/4624 (98.4%), ETA 1s
[12:06:10] [geomantia-world-survey-progress/INFO] [co.ri.ge.sy.re.WorldSurveyRunner/]: W survey progress runId=trek_stubbs_newworld_20260804_120411 status=running phase=micro_sampling tiles=289/289 microCells=4567/4624 tileSpeed=2.75/s microSpeed=55.71/s etaMs=1023
[12:06:11] [geomantia-world-survey-progress/INFO] [co.ri.ge.sy.re.WorldSurveyRunner/]: W survey progress runId=trek_stubbs_newworld_20260804_120411 status=running phase=micro_sampling tiles=289/289 microCells=4588/4624 tileSpeed=2.73/s microSpeed=55.29/s etaMs=651
[12:06:12] [geomantia-world-survey-progress/INFO] [co.ri.ge.sy.re.WorldSurveyRunner/]: W survey progress runId=trek_stubbs_newworld_20260804_120411 status=running phase=micro_sampling tiles=289/289 microCells=4600/4624 tileSpeed=2.70/s microSpeed=54.78/s etaMs=438
[12:06:13] [geomantia-world-survey-progress/INFO] [co.ri.ge.sy.re.WorldSurveyRunner/]: W survey progress runId=trek_stubbs_newworld_20260804_120411 status=running phase=micro_sampling tiles=289/289 microCells=4611/4624 tileSpeed=2.68/s microSpeed=54.26/s etaMs=240
[12:06:14] [geomantia-world-survey-progress/INFO] [co.ri.ge.sy.re.WorldSurveyRunner/]: W survey progress runId=trek_stubbs_newworld_20260804_120411 status=running phase=micro_sampling tiles=289/289 microCells=4618/4624 tileSpeed=2.65/s microSpeed=53.71/s etaMs=112
[12:06:14] [Render thread/INFO] [minecraft/ChatComponent]: [System] [CHAT] [Geomantia] W scan micro cells 4618/4624 (99.9%), ETA 0s
[12:06:15] [geomantia-world-survey-progress/INFO] [co.ri.ge.sy.re.WorldSurveyRunner/]: W survey progress runId=trek_stubbs_newworld_20260804_120411 status=running phase=micro_sampling tiles=289/289 microCells=4622/4624 tileSpeed=2.63/s microSpeed=53.14/s etaMs=38
[12:06:16] [geomantia-world-survey-progress/INFO] [co.ri.ge.sy.re.WorldSurveyRunner/]: W survey progress runId=trek_stubbs_newworld_20260804_120411 status=running phase=micro_sampling tiles=289/289 microCells=4624/4624 tileSpeed=2.60/s microSpeed=52.56/s etaMs=0
[12:06:17] [Server thread/INFO] [co.ri.ge.sy.re.WorldSurveyRunner/]: W survey progress runId=trek_stubbs_newworld_20260804_120411 status=completed phase=complete tiles=289/289 microCells=4624/4624 tileSpeed=2.59/s microSpeed=52.23/s etaMs=0
[12:06:17] [Server thread/INFO] [co.ri.ge.sy.re.WorldSurveyRunner/]: W survey progress runId=trek_stubbs_newworld_20260804_120411 status=completed phase=complete tiles=289/289 microCells=4624/4624 tileSpeed=2.59/s microSpeed=52.23/s etaMs=0
[12:06:17] [Render thread/INFO] [minecraft/ChatComponent]: [System] [CHAT] [Geomantia] W scan completed (trek_stubbs_newworld_20260804_120411) in 1m 51s
[12:06:17] [Server thread/WARN] [minecraft/MinecraftServer]: Can't keep up! Is the server overloaded? Running 112021ms or 2240 ticks behind
[12:07:31] [Server thread/DEBUG] [ne.mi.co.ForgeHooks/WP]: Gathering id map for writing to world save 新的世界
[12:07:31] [Server thread/DEBUG] [ne.mi.co.ForgeHooks/WP]: ID Map collection complete 新的世界
[12:11:25] [Server thread/WARN] [minecraft/MinecraftServer]: Can't keep up! Is the server overloaded? Running 22954ms or 459 ticks behind
[12:12:54] [Server thread/DEBUG] [ne.mi.co.ForgeHooks/WP]: Gathering id map for writing to world save 新的世界
[12:12:54] [Server thread/DEBUG] [ne.mi.co.ForgeHooks/WP]: ID Map collection complete 新的世界
[12:17:54] [Server thread/DEBUG] [ne.mi.co.ForgeHooks/WP]: Gathering id map for writing to world save 新的世界
[12:17:54] [Server thread/DEBUG] [ne.mi.co.ForgeHooks/WP]: ID Map collection complete 新的世界
[12:22:54] [Server thread/DEBUG] [ne.mi.co.ForgeHooks/WP]: Gathering id map for writing to world save 新的世界
[12:22:54] [Server thread/DEBUG] [ne.mi.co.ForgeHooks/WP]: ID Map collection complete 新的世界
[12:27:54] [Server thread/DEBUG] [ne.mi.co.ForgeHooks/WP]: Gathering id map for writing to world save 新的世界
[12:27:54] [Server thread/DEBUG] [ne.mi.co.ForgeHooks/WP]: ID Map collection complete 新的世界
[12:30:41] [Server thread/INFO] [co.ri.ge.sy.re.WorldSurveyRunner/]: W survey progress runId=trek_stubbs_plains_retry_20260804_122930 status=running phase=tile_scan tiles=0/289 microCells=0/4624 tileSpeed=0.00/s microSpeed=0.00/s etaMs=-1
[12:30:41] [Render thread/INFO] [minecraft/ChatComponent]: [System] [CHAT] [Geomantia] W scan tiles 0/289 (0.0%), ETA calculating
[12:30:41] [Server thread/INFO] [co.ri.ge.sy.re.WorldSurveyRunner/]: W survey progress runId=trek_stubbs_plains_retry_20260804_122930 status=running phase=tile_scan tiles=1/289 microCells=0/4624 tileSpeed=7.52/s microSpeed=0.00/s etaMs=38304
[12:30:41] [Server thread/INFO] [co.ri.ge.sy.re.WorldSurveyRunner/]: W survey progress runId=trek_stubbs_plains_retry_20260804_122930 status=running phase=tile_scan tiles=2/289 microCells=0/4624 tileSpeed=9.26/s microSpeed=0.00/s etaMs=30996
[12:30:41] [Server thread/INFO] [co.ri.ge.sy.re.WorldSurveyRunner/]: W survey progress runId=trek_stubbs_plains_retry_20260804_122930 status=running phase=tile_scan tiles=3/289 microCells=0/4624 tileSpeed=9.29/s microSpeed=0.00/s etaMs=30793
[12:30:41] [Server thread/INFO] [co.ri.ge.sy.re.WorldSurveyRunner/]: W survey progress runId=trek_stubbs_plains_retry_20260804_122930 status=running phase=tile_scan tiles=4/289 microCells=0/4624 tileSpeed=8.64/s microSpeed=0.00/s etaMs=32989
[12:30:42] [Server thread/INFO] [co.ri.ge.sy.re.WorldSurveyRunner/]: W survey progress runId=trek_stubbs_plains_retry_20260804_122930 status=running phase=tile_scan tiles=5/289 microCells=0/4624 tileSpeed=8.80/s microSpeed=0.00/s etaMs=32262
[12:30:42] [Server thread/INFO] [co.ri.ge.sy.re.WorldSurveyRunner/]: W survey progress runId=trek_stubbs_plains_retry_20260804_122930 status=running phase=tile_scan tiles=6/289 microCells=0/4624 tileSpeed=8.58/s microSpeed=0.00/s etaMs=32970
[12:30:42] [Server thread/INFO] [co.ri.ge.sy.re.WorldSurveyRunner/]: W survey progress runId=trek_stubbs_plains_retry_20260804_122930 status=running phase=tile_scan tiles=7/289 microCells=0/4624 tileSpeed=8.66/s microSpeed=0.00/s etaMs=32551
[12:30:42] [Server thread/INFO] [co.ri.ge.sy.re.WorldSurveyRunner/]: W survey progress runId=trek_stubbs_plains_retry_20260804_122930 status=running phase=tile_scan tiles=8/289 microCells=0/4624 tileSpeed=9.32/s microSpeed=0.00/s etaMs=30137
[12:30:42] [Server thread/INFO] [co.ri.ge.sy.re.WorldSurveyRunner/]: W survey progress runId=trek_stubbs_plains_retry_20260804_122930 status=running phase=tile_scan tiles=9/289 microCells=0/4624 tileSpeed=9.73/s microSpeed=0.00/s etaMs=28778
[12:30:42] [geomantia-world-survey-progress/INFO] [co.ri.ge.sy.re.WorldSurveyRunner/]: W survey progress runId=trek_stubbs_plains_retry_20260804_122930 status=running phase=tile_scan tiles=9/289 microCells=0/4624 tileSpeed=8.98/s microSpeed=0.00/s etaMs=31173
[12:30:42] [Server thread/INFO] [co.ri.ge.sy.re.WorldSurveyRunner/]: W survey progress runId=trek_stubbs_plains_retry_20260804_122930 status=running phase=tile_scan tiles=10/289 microCells=0/4624 tileSpeed=9.61/s microSpeed=0.00/s etaMs=29044
[12:30:42] [Server thread/INFO] [co.ri.ge.sy.re.WorldSurveyRunner/]: W survey progress runId=trek_stubbs_plains_retry_20260804_122930 status=running phase=tile_scan tiles=11/289 microCells=0/4624 tileSpeed=10.04/s microSpeed=0.00/s etaMs=27699
[12:30:42] [Server thread/INFO] [co.ri.ge.sy.re.WorldSurveyRunner/]: W survey progress runId=trek_stubbs_plains_retry_20260804_122930 status=running phase=tile_scan tiles=12/289 microCells=0/4624 tileSpeed=10.31/s microSpeed=0.00/s etaMs=26869
[12:30:42] [Server thread/INFO] [co.ri.ge.sy.re.WorldSurveyRunner/]: W survey progress runId=trek_stubbs_plains_retry_20260804_122930 status=running phase=tile_scan tiles=13/289 microCells=0/4624 tileSpeed=10.70/s microSpeed=0.00/s etaMs=25795
[12:30:42] [Server thread/INFO] [co.ri.ge.sy.re.WorldSurveyRunner/]: W survey progress runId=trek_stubbs_plains_retry_20260804_122930 status=running phase=tile_scan tiles=14/289 microCells=0/4624 tileSpeed=11.07/s microSpeed=0.00/s etaMs=24848
[12:30:42] [Server thread/INFO] [co.ri.ge.sy.re.WorldSurveyRunner/]: W survey progress runId=trek_stubbs_plains_retry_20260804_122930 status=running phase=tile_scan tiles=15/289 microCells=0/4624 tileSpeed=11.36/s microSpeed=0.00/s etaMs=24112
[12:30:42] [Server thread/INFO] [co.ri.ge.sy.re.WorldSurveyRunner/]: W survey progress runId=trek_stubbs_plains_retry_20260804_122930 status=running phase=tile_scan tiles=16/289 microCells=0/4624 tileSpeed=11.68/s microSpeed=0.00/s etaMs=23376
[12:30:42] [Server thread/INFO] [co.ri.ge.sy.re.WorldSurveyRunner/]: W survey progress runId=trek_stubbs_plains_retry_20260804_122930 status=running phase=tile_scan tiles=17/289 microCells=0/4624 tileSpeed=11.95/s microSpeed=0.00/s etaMs=22768
[12:30:43] [Server thread/INFO] [co.ri.ge.sy.re.WorldSurveyRunner/]: W survey progress runId=trek_stubbs_plains_retry_20260804_122930 status=running phase=tile_scan tiles=18/289 microCells=0/4624 tileSpeed=11.67/s microSpeed=0.00/s etaMs=23216
[12:30:43] [Server thread/INFO] [co.ri.ge.sy.re.WorldSurveyRunner/]: W survey progress runId=trek_stubbs_plains_retry_20260804_122930 status=running phase=tile_scan tiles=19/289 microCells=0/4624 tileSpeed=11.87/s microSpeed=0.00/s etaMs=22751
[12:30:43] [Server thread/INFO] [co.ri.ge.sy.re.WorldSurveyRunner/]: W survey progress runId=trek_stubbs_plains_retry_20260804_122930 status=running phase=tile_scan tiles=20/289 microCells=0/4624 tileSpeed=12.08/s microSpeed=0.00/s etaMs=22273
[12:30:43] [Server thread/INFO] [co.ri.ge.sy.re.WorldSurveyRunner/]: W survey progress runId=trek_stubbs_plains_retry_20260804_122930 status=running phase=tile_scan tiles=21/289 microCells=0/4624 tileSpeed=11.91/s microSpeed=0.00/s etaMs=22499
[12:30:43] [Server thread/INFO] [co.ri.ge.sy.re.WorldSurveyRunner/]: W survey progress runId=trek_stubbs_plains_retry_20260804_122930 status=running phase=tile_scan tiles=22/289 microCells=0/4624 tileSpeed=11.55/s microSpeed=0.00/s etaMs=23120
[12:30:43] [geomantia-world-survey-progress/INFO] [co.ri.ge.sy.re.WorldSurveyRunner/]: W survey progress runId=trek_stubbs_plains_retry_20260804_122930 status=running phase=tile_scan tiles=22/289 microCells=0/4624 tileSpeed=10.99/s microSpeed=0.00/s etaMs=24297
[12:30:43] [Server thread/INFO] [co.ri.ge.sy.re.WorldSurveyRunner/]: W survey progress runId=trek_stubbs_plains_retry_20260804_122930 status=running phase=tile_scan tiles=23/289 microCells=0/4624 tileSpeed=11.46/s microSpeed=0.00/s etaMs=23211
[12:30:43] [Server thread/INFO] [co.ri.ge.sy.re.WorldSurveyRunner/]: W survey progress runId=trek_stubbs_plains_retry_20260804_122930 status=running phase=tile_scan tiles=24/289 microCells=0/4624 tileSpeed=11.34/s microSpeed=0.00/s etaMs=23364
[12:30:43] [Server thread/INFO] [co.ri.ge.sy.re.WorldSurveyRunner/]: W survey progress runId=trek_stubbs_plains_retry_20260804_122930 status=running phase=tile_scan tiles=25/289 microCells=0/4624 tileSpeed=11.17/s microSpeed=0.00/s etaMs=23633
[12:30:43] [Server thread/INFO] [co.ri.ge.sy.re.WorldSurveyRunner/]: W survey progress runId=trek_stubbs_plains_retry_20260804_122930 status=running phase=tile_scan tiles=26/289 microCells=0/4624 tileSpeed=11.21/s microSpeed=0.00/s etaMs=23458
[12:30:43] [Server thread/INFO] [co.ri.ge.sy.re.WorldSurveyRunner/]: W survey progress runId=trek_stubbs_plains_retry_20260804_122930 status=running phase=tile_scan tiles=27/289 microCells=0/4624 tileSpeed=11.22/s microSpeed=0.00/s etaMs=23357
[12:30:43] [Server thread/INFO] [co.ri.ge.sy.re.WorldSurveyRunner/]: W survey progress runId=trek_stubbs_plains_retry_20260804_122930 status=running phase=tile_scan tiles=28/289 microCells=0/4624 tileSpeed=11.33/s microSpeed=0.00/s etaMs=23033
[12:30:44] [Server thread/INFO] [co.ri.ge.sy.re.WorldSurveyRunner/]: W survey progress runId=trek_stubbs_plains_retry_20260804_122930 status=running phase=tile_scan tiles=29/289 microCells=0/4624 tileSpeed=11.46/s microSpeed=0.00/s etaMs=22683
[12:30:44] [Server thread/INFO] [co.ri.ge.sy.re.WorldSurveyRunner/]: W survey progress runId=trek_stubbs_plains_retry_20260804_122930 status=running phase=tile_scan tiles=30/289 microCells=0/4624 tileSpeed=11.59/s microSpeed=0.00/s etaMs=22352
[12:30:44] [Server thread/INFO] [co.ri.ge.sy.re.WorldSurveyRunner/]: W survey progress runId=trek_stubbs_plains_retry_20260804_122930 status=running phase=tile_scan tiles=31/289 microCells=0/4624 tileSpeed=11.73/s microSpeed=0.00/s etaMs=21988
[12:30:44] [Server thread/INFO] [co.ri.ge.sy.re.WorldSurveyRunner/]: W survey progress runId=trek_stubbs_plains_retry_20260804_122930 status=running phase=tile_scan tiles=32/289 microCells=0/4624 tileSpeed=11.86/s microSpeed=0.00/s etaMs=21668
[12:30:44] [Server thread/INFO] [co.ri.ge.sy.re.WorldSurveyRunner/]: W survey progress runId=trek_stubbs_plains_retry_20260804_122930 status=running phase=tile_scan tiles=33/289 microCells=0/4624 tileSpeed=11.99/s microSpeed=0.00/s etaMs=21349
[12:30:44] [Server thread/INFO] [co.ri.ge.sy.re.WorldSurveyRunner/]: W survey progress runId=trek_stubbs_plains_retry_20260804_122930 status=running phase=tile_scan tiles=34/289 microCells=0/4624 tileSpeed=11.94/s microSpeed=0.00/s etaMs=21353
[12:30:44] [Server thread/INFO] [co.ri.ge.sy.re.WorldSurveyRunner/]: W survey progress runId=trek_stubbs_plains_retry_20260804_122930 status=running phase=tile_scan tiles=35/289 microCells=0/4624 tileSpeed=11.85/s microSpeed=0.00/s etaMs=21438
[12:30:44] [geomantia-world-survey-progress/INFO] [co.ri.ge.sy.re.WorldSurveyRunner/]: W survey progress runId=trek_stubbs_plains_retry_20260804_122930 status=running phase=tile_scan tiles=35/289 microCells=0/4624 tileSpeed=11.66/s microSpeed=0.00/s etaMs=21793
[12:30:44] [Server thread/INFO] [co.ri.ge.sy.re.WorldSurveyRunner/]: W survey progress runId=trek_stubbs_plains_retry_20260804_122930 status=running phase=tile_scan tiles=36/289 microCells=0/4624 tileSpeed=11.94/s microSpeed=0.00/s etaMs=21182
[12:30:44] [Server thread/INFO] [co.ri.ge.sy.re.WorldSurveyRunner/]: W survey progress runId=trek_stubbs_plains_retry_20260804_122930 status=running phase=tile_scan tiles=37/289 microCells=0/4624 tileSpeed=12.06/s microSpeed=0.00/s etaMs=20896
[12:30:44] [Server thread/INFO] [co.ri.ge.sy.re.WorldSurveyRunner/]: W survey progress runId=trek_stubbs_plains_retry_20260804_122930 status=running phase=tile_scan tiles=38/289 microCells=0/4624 tileSpeed=12.04/s microSpeed=0.00/s etaMs=20853
[12:30:44] [Server thread/INFO] [co.ri.ge.sy.re.WorldSurveyRunner/]: W survey progress runId=trek_stubbs_plains_retry_20260804_122930 status=running phase=tile_scan tiles=39/289 microCells=0/4624 tileSpeed=11.80/s microSpeed=0.00/s etaMs=21179
[12:30:44] [Server thread/INFO] [co.ri.ge.sy.re.WorldSurveyRunner/]: W survey progress runId=trek_stubbs_plains_retry_20260804_122930 status=running phase=tile_scan tiles=40/289 microCells=0/4624 tileSpeed=11.82/s microSpeed=0.00/s etaMs=21065
[12:30:44] [Server thread/INFO] [co.ri.ge.sy.re.WorldSurveyRunner/]: W survey progress runId=trek_stubbs_plains_retry_20260804_122930 status=running phase=tile_scan tiles=41/289 microCells=0/4624 tileSpeed=11.86/s microSpeed=0.00/s etaMs=20917
[12:30:44] [Server thread/INFO] [co.ri.ge.sy.re.WorldSurveyRunner/]: W survey progress runId=trek_stubbs_plains_retry_20260804_122930 status=running phase=tile_scan tiles=42/289 microCells=0/4624 tileSpeed=11.94/s microSpeed=0.00/s etaMs=20695
[12:30:45] [Server thread/INFO] [co.ri.ge.sy.re.WorldSurveyRunner/]: W survey progress runId=trek_stubbs_plains_retry_20260804_122930 status=running phase=tile_scan tiles=43/289 microCells=0/4624 tileSpeed=12.00/s microSpeed=0.00/s etaMs=20498
[12:30:45] [Server thread/INFO] [co.ri.ge.sy.re.WorldSurveyRunner/]: W survey progress runId=trek_stubbs_plains_retry_20260804_122930 status=running phase=tile_scan tiles=44/289 microCells=0/4624 tileSpeed=12.08/s microSpeed=0.00/s etaMs=20279
[12:30:45] [Server thread/INFO] [co.ri.ge.sy.re.WorldSurveyRunner/]: W survey progress runId=trek_stubbs_plains_retry_20260804_122930 status=running phase=tile_scan tiles=45/289 microCells=0/4624 tileSpeed=12.18/s microSpeed=0.00/s etaMs=20030
[12:30:45] [Server thread/INFO] [co.ri.ge.sy.re.WorldSurveyRunner/]: W survey progress runId=trek_stubbs_plains_retry_20260804_122930 status=running phase=tile_scan tiles=46/289 microCells=0/4624 tileSpeed=12.27/s microSpeed=0.00/s etaMs=19799
[12:30:45] [Server thread/INFO] [co.ri.ge.sy.re.WorldSurveyRunner/]: W survey progress runId=trek_stubbs_plains_retry_20260804_122930 status=running phase=tile_scan tiles=47/289 microCells=0/4624 tileSpeed=12.37/s microSpeed=0.00/s etaMs=19566
[12:30:45] [Server thread/INFO] [co.ri.ge.sy.re.WorldSurveyRunner/]: W survey progress runId=trek_stubbs_plains_retry_20260804_122930 status=running phase=tile_scan tiles=48/289 microCells=0/4624 tileSpeed=12.44/s microSpeed=0.00/s etaMs=19365
[12:30:45] [Server thread/INFO] [co.ri.ge.sy.re.WorldSurveyRunner/]: W survey progress runId=trek_stubbs_plains_retry_20260804_122930 status=running phase=tile_scan tiles=49/289 microCells=0/4624 tileSpeed=12.53/s microSpeed=0.00/s etaMs=19151
[12:30:45] [Server thread/INFO] [co.ri.ge.sy.re.WorldSurveyRunner/]: W survey progress runId=trek_stubbs_plains_retry_20260804_122930 status=running phase=tile_scan tiles=50/289 microCells=0/4624 tileSpeed=12.59/s microSpeed=0.00/s etaMs=18986
[12:30:45] [geomantia-world-survey-progress/INFO] [co.ri.ge.sy.re.WorldSurveyRunner/]: W survey progress runId=trek_stubbs_plains_retry_20260804_122930 status=running phase=tile_scan tiles=50/289 microCells=0/4624 tileSpeed=12.49/s microSpeed=0.00/s etaMs=19130
[12:30:45] [Server thread/INFO] [co.ri.ge.sy.re.WorldSurveyRunner/]: W survey progress runId=trek_stubbs_plains_retry_20260804_122930 status=running phase=tile_scan tiles=51/289 microCells=0/4624 tileSpeed=12.48/s microSpeed=0.00/s etaMs=19068
[12:30:45] [Server thread/INFO] [co.ri.ge.sy.re.WorldSurveyRunner/]: W survey progress runId=trek_stubbs_plains_retry_20260804_122930 status=running phase=tile_scan tiles=52/289 microCells=0/4624 tileSpeed=12.32/s microSpeed=0.00/s etaMs=19243
[12:30:45] [Server thread/INFO] [co.ri.ge.sy.re.WorldSurveyRunner/]: W survey progress runId=trek_stubbs_plains_retry_20260804_122930 status=running phase=tile_scan tiles=53/289 microCells=0/4624 tileSpeed=12.30/s microSpeed=0.00/s etaMs=19187
[12:30:45] [Server thread/INFO] [co.ri.ge.sy.re.WorldSurveyRunner/]: W survey progress runId=trek_stubbs_plains_retry_20260804_122930 status=running phase=tile_scan tiles=54/289 microCells=0/4624 tileSpeed=12.36/s microSpeed=0.00/s etaMs=19009
[12:30:45] [Server thread/INFO] [co.ri.ge.sy.re.WorldSurveyRunner/]: W survey progress runId=trek_stubbs_plains_retry_20260804_122930 status=running phase=tile_scan tiles=55/289 microCells=0/4624 tileSpeed=12.43/s microSpeed=0.00/s etaMs=18831
[12:30:45] [Server thread/INFO] [co.ri.ge.sy.re.WorldSurveyRunner/]: W survey progress runId=trek_stubbs_plains_retry_20260804_122930 status=running phase=tile_scan tiles=56/289 microCells=0/4624 tileSpeed=12.47/s microSpeed=0.00/s etaMs=18682
[12:30:46] [Server thread/INFO] [co.ri.ge.sy.re.WorldSurveyRunner/]: W survey progress runId=trek_stubbs_plains_retry_20260804_122930 status=running phase=tile_scan tiles=57/289 microCells=0/4624 tileSpeed=12.55/s microSpeed=0.00/s etaMs=18487
[12:30:46] [Server thread/INFO] [co.ri.ge.sy.re.WorldSurveyRunner/]: W survey progress runId=trek_stubbs_plains_retry_20260804_122930 status=running phase=tile_scan tiles=58/289 microCells=0/4624 tileSpeed=12.63/s microSpeed=0.00/s etaMs=18293
[12:30:46] [Server thread/INFO] [co.ri.ge.sy.re.WorldSurveyRunner/]: W survey progress runId=trek_stubbs_plains_retry_20260804_122930 status=running phase=tile_scan tiles=59/289 microCells=0/4624 tileSpeed=12.70/s microSpeed=0.00/s etaMs=18115
[12:30:46] [Server thread/INFO] [co.ri.ge.sy.re.WorldSurveyRunner/]: W survey progress runId=trek_stubbs_plains_retry_20260804_122930 status=running phase=tile_scan tiles=60/289 microCells=0/4624 tileSpeed=12.77/s microSpeed=0.00/s etaMs=17931
[12:30:46] [Server thread/INFO] [co.ri.ge.sy.re.WorldSurveyRunner/]: W survey progress runId=trek_stubbs_plains_retry_20260804_122930 status=running phase=tile_scan tiles=61/289 microCells=0/4624 tileSpeed=12.82/s microSpeed=0.00/s etaMs=17780
[12:30:46] [Server thread/INFO] [co.ri.ge.sy.re.WorldSurveyRunner/]: W survey progress runId=trek_stubbs_plains_retry_20260804_122930 status=running phase=tile_scan tiles=62/289 microCells=0/4624 tileSpeed=12.89/s microSpeed=0.00/s etaMs=17611
[12:30:46] [Server thread/INFO] [co.ri.ge.sy.re.WorldSurveyRunner/]: W survey progress runId=trek_stubbs_plains_retry_20260804_122930 status=running phase=tile_scan tiles=63/289 microCells=0/4624 tileSpeed=12.94/s microSpeed=0.00/s etaMs=17470
[12:30:46] [Server thread/INFO] [co.ri.ge.sy.re.WorldSurveyRunner/]: W survey progress runId=trek_stubbs_plains_retry_20260804_122930 status=running phase=tile_scan tiles=64/289 microCells=0/4624 tileSpeed=12.98/s microSpeed=0.00/s etaMs=17329
[12:30:46] [Server thread/INFO] [co.ri.ge.sy.re.WorldSurveyRunner/]: W survey progress runId=trek_stubbs_plains_retry_20260804_122930 status=running phase=tile_scan tiles=65/289 microCells=0/4624 tileSpeed=13.01/s microSpeed=0.00/s etaMs=17214
[12:30:46] [geomantia-world-survey-progress/INFO] [co.ri.ge.sy.re.WorldSurveyRunner/]: W survey progress runId=trek_stubbs_plains_retry_20260804_122930 status=running phase=tile_scan tiles=65/289 microCells=0/4624 tileSpeed=12.99/s microSpeed=0.00/s etaMs=17238
[12:30:46] [Render thread/INFO] [minecraft/ChatComponent]: [System] [CHAT] [Geomantia] W scan tiles 65/289 (22.5%), ETA 17s
[12:30:46] [Server thread/INFO] [co.ri.ge.sy.re.WorldSurveyRunner/]: W survey progress runId=trek_stubbs_plains_retry_20260804_122930 status=running phase=tile_scan tiles=66/289 microCells=0/4624 tileSpeed=13.04/s microSpeed=0.00/s etaMs=17097
[12:30:46] [Server thread/INFO] [co.ri.ge.sy.re.WorldSurveyRunner/]: W survey progress runId=trek_stubbs_plains_retry_20260804_122930 status=running phase=tile_scan tiles=67/289 microCells=0/4624 tileSpeed=13.09/s microSpeed=0.00/s etaMs=16965
[12:30:46] [Server thread/INFO] [co.ri.ge.sy.re.WorldSurveyRunner/]: W survey progress runId=trek_stubbs_plains_retry_20260804_122930 status=running phase=tile_scan tiles=68/289 microCells=0/4624 tileSpeed=13.04/s microSpeed=0.00/s etaMs=16946
[12:30:46] [Server thread/INFO] [co.ri.ge.sy.re.WorldSurveyRunner/]: W survey progress runId=trek_stubbs_plains_retry_20260804_122930 status=running phase=tile_scan tiles=69/289 microCells=0/4624 tileSpeed=12.93/s microSpeed=0.00/s etaMs=17010
[12:30:46] [Server thread/INFO] [co.ri.ge.sy.re.WorldSurveyRunner/]: W survey progress runId=trek_stubbs_plains_retry_20260804_122930 status=running phase=tile_scan tiles=70/289 microCells=0/4624 tileSpeed=12.97/s microSpeed=0.00/s etaMs=16885
[12:30:46] [Server thread/INFO] [co.ri.ge.sy.re.WorldSurveyRunner/]: W survey progress runId=trek_stubbs_plains_retry_20260804_122930 status=running phase=tile_scan tiles=71/289 microCells=0/4624 tileSpeed=13.02/s microSpeed=0.00/s etaMs=16746
[12:30:46] [Server thread/INFO] [co.ri.ge.sy.re.WorldSurveyRunner/]: W survey progress runId=trek_stubbs_plains_retry_20260804_122930 status=running phase=tile_scan tiles=72/289 microCells=0/4624 tileSpeed=13.07/s microSpeed=0.00/s etaMs=16607
[12:30:47] [Server thread/INFO] [co.ri.ge.sy.re.WorldSurveyRunner/]: W survey progress runId=trek_stubbs_plains_retry_20260804_122930 status=running phase=tile_scan tiles=73/289 microCells=0/4624 tileSpeed=13.12/s microSpeed=0.00/s etaMs=16466
[12:30:47] [Server thread/INFO] [co.ri.ge.sy.re.WorldSurveyRunner/]: W survey progress runId=trek_stubbs_plains_retry_20260804_122930 status=running phase=tile_scan tiles=74/289 microCells=0/4624 tileSpeed=13.16/s microSpeed=0.00/s etaMs=16334
[12:30:47] [Server thread/INFO] [co.ri.ge.sy.re.WorldSurveyRunner/]: W survey progress runId=trek_stubbs_plains_retry_20260804_122930 status=running phase=tile_scan tiles=75/289 microCells=0/4624 tileSpeed=13.21/s microSpeed=0.00/s etaMs=16201
[12:30:47] [Server thread/INFO] [co.ri.ge.sy.re.WorldSurveyRunner/]: W survey progress runId=trek_stubbs_plains_retry_20260804_122930 status=running phase=tile_scan tiles=76/289 microCells=0/4624 tileSpeed=13.27/s microSpeed=0.00/s etaMs=16056
[12:30:47] [Server thread/INFO] [co.ri.ge.sy.re.WorldSurveyRunner/]: W survey progress runId=trek_stubbs_plains_retry_20260804_122930 status=running phase=tile_scan tiles=77/289 microCells=0/4624 tileSpeed=13.34/s microSpeed=0.00/s etaMs=15897
[12:30:47] [Server thread/INFO] [co.ri.ge.sy.re.WorldSurveyRunner/]: W survey progress runId=trek_stubbs_plains_retry_20260804_122930 status=running phase=tile_scan tiles=78/289 microCells=0/4624 tileSpeed=13.40/s microSpeed=0.00/s etaMs=15749
[12:30:47] [Server thread/INFO] [co.ri.ge.sy.re.WorldSurveyRunner/]: W survey progress runId=trek_stubbs_plains_retry_20260804_122930 status=running phase=tile_scan tiles=79/289 microCells=0/4624 tileSpeed=13.45/s microSpeed=0.00/s etaMs=15614
[12:30:47] [Server thread/INFO] [co.ri.ge.sy.re.WorldSurveyRunner/]: W survey progress runId=trek_stubbs_plains_retry_20260804_122930 status=running phase=tile_scan tiles=80/289 microCells=0/4624 tileSpeed=13.50/s microSpeed=0.00/s etaMs=15482
[12:30:47] [Server thread/INFO] [co.ri.ge.sy.re.WorldSurveyRunner/]: W survey progress runId=trek_stubbs_plains_retry_20260804_122930 status=running phase=tile_scan tiles=81/289 microCells=0/4624 tileSpeed=13.55/s microSpeed=0.00/s etaMs=15348
[12:30:47] [geomantia-world-survey-progress/INFO] [co.ri.ge.sy.re.WorldSurveyRunner/]: W survey progress runId=trek_stubbs_plains_retry_20260804_122930 status=running phase=tile_scan tiles=81/289 microCells=0/4624 tileSpeed=13.50/s microSpeed=0.00/s etaMs=15413
[12:30:47] [Server thread/INFO] [co.ri.ge.sy.re.WorldSurveyRunner/]: W survey progress runId=trek_stubbs_plains_retry_20260804_122930 status=running phase=tile_scan tiles=82/289 microCells=0/4624 tileSpeed=13.60/s microSpeed=0.00/s etaMs=15222
[12:30:47] [Server thread/INFO] [co.ri.ge.sy.re.WorldSurveyRunner/]: W survey progress runId=trek_stubbs_plains_retry_20260804_122930 status=running phase=tile_scan tiles=83/289 microCells=0/4624 tileSpeed=13.63/s microSpeed=0.00/s etaMs=15117
[12:30:47] [Server thread/INFO] [co.ri.ge.sy.re.WorldSurveyRunner/]: W survey progress runId=trek_stubbs_plains_retry_20260804_122930 status=running phase=tile_scan tiles=84/289 microCells=0/4624 tileSpeed=13.66/s microSpeed=0.00/s etaMs=15004
[12:30:47] [Server thread/INFO] [co.ri.ge.sy.re.WorldSurveyRunner/]: W survey progress runId=trek_stubbs_plains_retry_20260804_122930 status=running phase=tile_scan tiles=85/289 microCells=0/4624 tileSpeed=13.69/s microSpeed=0.00/s etaMs=14897
[12:30:47] [Server thread/INFO] [co.ri.ge.sy.re.WorldSurveyRunner/]: W survey progress runId=trek_stubbs_plains_retry_20260804_122930 status=running phase=tile_scan tiles=86/289 microCells=0/4624 tileSpeed=13.55/s microSpeed=0.00/s etaMs=14984
[12:30:47] [Server thread/INFO] [co.ri.ge.sy.re.WorldSurveyRunner/]: W survey progress runId=trek_stubbs_plains_retry_20260804_122930 status=running phase=tile_scan tiles=87/289 microCells=0/4624 tileSpeed=13.40/s microSpeed=0.00/s etaMs=15073
[12:30:48] [Server thread/INFO] [co.ri.ge.sy.re.WorldSurveyRunner/]: W survey progress runId=trek_stubbs_plains_retry_20260804_122930 status=running phase=tile_scan tiles=88/289 microCells=0/4624 tileSpeed=13.32/s microSpeed=0.00/s etaMs=15089
[12:30:48] [Server thread/INFO] [co.ri.ge.sy.re.WorldSurveyRunner/]: W survey progress runId=trek_stubbs_plains_retry_20260804_122930 status=running phase=tile_scan tiles=89/289 microCells=0/4624 tileSpeed=13.36/s microSpeed=0.00/s etaMs=14966
[12:30:48] [Server thread/INFO] [co.ri.ge.sy.re.WorldSurveyRunner/]: W survey progress runId=trek_stubbs_plains_retry_20260804_122930 status=running phase=tile_scan tiles=90/289 microCells=0/4624 tileSpeed=13.42/s microSpeed=0.00/s etaMs=14832
[12:30:48] [Server thread/INFO] [co.ri.ge.sy.re.WorldSurveyRunner/]: W survey progress runId=trek_stubbs_plains_retry_20260804_122930 status=running phase=tile_scan tiles=91/289 microCells=0/4624 tileSpeed=13.48/s microSpeed=0.00/s etaMs=14689
[12:30:48] [Server thread/INFO] [co.ri.ge.sy.re.WorldSurveyRunner/]: W survey progress runId=trek_stubbs_plains_retry_20260804_122930 status=running phase=tile_scan tiles=92/289 microCells=0/4624 tileSpeed=13.52/s microSpeed=0.00/s etaMs=14569
[12:30:48] [Server thread/INFO] [co.ri.ge.sy.re.WorldSurveyRunner/]: W survey progress runId=trek_stubbs_plains_retry_20260804_122930 status=running phase=tile_scan tiles=93/289 microCells=0/4624 tileSpeed=13.55/s microSpeed=0.00/s etaMs=14464
[12:30:48] [Server thread/INFO] [co.ri.ge.sy.re.WorldSurveyRunner/]: W survey progress runId=trek_stubbs_plains_retry_20260804_122930 status=running phase=tile_scan tiles=94/289 microCells=0/4624 tileSpeed=13.59/s microSpeed=0.00/s etaMs=14347
[12:30:48] [Server thread/INFO] [co.ri.ge.sy.re.WorldSurveyRunner/]: W survey progress runId=trek_stubbs_plains_retry_20260804_122930 status=running phase=tile_scan tiles=95/289 microCells=0/4624 tileSpeed=13.62/s microSpeed=0.00/s etaMs=14246
[12:30:48] [geomantia-world-survey-progress/INFO] [co.ri.ge.sy.re.WorldSurveyRunner/]: W survey progress runId=trek_stubbs_plains_retry_20260804_122930 status=running phase=tile_scan tiles=95/289 microCells=0/4624 tileSpeed=13.57/s microSpeed=0.00/s etaMs=14301
[12:30:48] [Server thread/INFO] [co.ri.ge.sy.re.WorldSurveyRunner/]: W survey progress runId=trek_stubbs_plains_retry_20260804_122930 status=running phase=tile_scan tiles=96/289 microCells=0/4624 tileSpeed=13.63/s microSpeed=0.00/s etaMs=14157
[12:30:48] [Server thread/INFO] [co.ri.ge.sy.re.WorldSurveyRunner/]: W survey progress runId=trek_stubbs_plains_retry_20260804_122930 status=running phase=tile_scan tiles=97/289 microCells=0/4624 tileSpeed=13.66/s microSpeed=0.00/s etaMs=14054
[12:30:48] [Server thread/INFO] [co.ri.ge.sy.re.WorldSurveyRunner/]: W survey progress runId=trek_stubbs_plains_retry_20260804_122930 status=running phase=tile_scan tiles=98/289 microCells=0/4624 tileSpeed=13.69/s microSpeed=0.00/s etaMs=13953
[12:30:48] [Server thread/INFO] [co.ri.ge.sy.re.WorldSurveyRunner/]: W survey progress runId=trek_stubbs_plains_retry_20260804_122930 status=running phase=tile_scan tiles=99/289 microCells=0/4624 tileSpeed=13.71/s microSpeed=0.00/s etaMs=13858
[12:30:48] [Server thread/INFO] [co.ri.ge.sy.re.WorldSurveyRunner/]: W survey progress runId=trek_stubbs_plains_retry_20260804_122930 status=running phase=tile_scan tiles=100/289 microCells=0/4624 tileSpeed=13.74/s microSpeed=0.00/s etaMs=13757
[12:30:48] [Server thread/INFO] [co.ri.ge.sy.re.WorldSurveyRunner/]: W survey progress runId=trek_stubbs_plains_retry_20260804_122930 status=running phase=tile_scan tiles=101/289 microCells=0/4624 tileSpeed=13.76/s microSpeed=0.00/s etaMs=13664
[12:30:48] [Server thread/INFO] [co.ri.ge.sy.re.WorldSurveyRunner/]: W survey progress runId=trek_stubbs_plains_retry_20260804_122930 status=running phase=tile_scan tiles=102/289 microCells=0/4624 tileSpeed=13.78/s microSpeed=0.00/s etaMs=13567
[12:30:49] [Server thread/INFO] [co.ri.ge.sy.re.WorldSurveyRunner/]: W survey progress runId=trek_stubbs_plains_retry_20260804_122930 status=running phase=tile_scan tiles=103/289 microCells=0/4624 tileSpeed=13.63/s microSpeed=0.00/s etaMs=13648
[12:30:49] [Server thread/INFO] [co.ri.ge.sy.re.WorldSurveyRunner/]: W survey progress runId=trek_stubbs_plains_retry_20260804_122930 status=running phase=tile_scan tiles=104/289 microCells=0/4624 tileSpeed=13.52/s microSpeed=0.00/s etaMs=13688
[12:30:49] [Server thread/INFO] [co.ri.ge.sy.re.WorldSurveyRunner/]: W survey progress runId=trek_stubbs_plains_retry_20260804_122930 status=running phase=tile_scan tiles=105/289 microCells=0/4624 tileSpeed=13.45/s microSpeed=0.00/s etaMs=13677
[12:30:49] [Server thread/INFO] [co.ri.ge.sy.re.WorldSurveyRunner/]: W survey progress runId=trek_stubbs_plains_retry_20260804_122930 status=running phase=tile_scan tiles=106/289 microCells=0/4624 tileSpeed=13.48/s microSpeed=0.00/s etaMs=13580
[12:30:49] [Server thread/INFO] [co.ri.ge.sy.re.WorldSurveyRunner/]: W survey progress runId=trek_stubbs_plains_retry_20260804_122930 status=running phase=tile_scan tiles=107/289 microCells=0/4624 tileSpeed=13.51/s microSpeed=0.00/s etaMs=13470
[12:30:49] [Server thread/INFO] [co.ri.ge.sy.re.WorldSurveyRunner/]: W survey progress runId=trek_stubbs_plains_retry_20260804_122930 status=running phase=tile_scan tiles=108/289 microCells=0/4624 tileSpeed=13.53/s microSpeed=0.00/s etaMs=13382
[12:30:49] [geomantia-world-survey-progress/INFO] [co.ri.ge.sy.re.WorldSurveyRunner/]: W survey progress runId=trek_stubbs_plains_retry_20260804_122930 status=running phase=tile_scan tiles=108/289 microCells=0/4624 tileSpeed=13.49/s microSpeed=0.00/s etaMs=13412
[12:30:49] [Server thread/INFO] [co.ri.ge.sy.re.WorldSurveyRunner/]: W survey progress runId=trek_stubbs_plains_retry_20260804_122930 status=running phase=tile_scan tiles=109/289 microCells=0/4624 tileSpeed=13.55/s microSpeed=0.00/s etaMs=13284
[12:30:49] [Server thread/INFO] [co.ri.ge.sy.re.WorldSurveyRunner/]: W survey progress runId=trek_stubbs_plains_retry_20260804_122930 status=running phase=tile_scan tiles=110/289 microCells=0/4624 tileSpeed=13.58/s microSpeed=0.00/s etaMs=13181
[12:30:49] [Server thread/INFO] [co.ri.ge.sy.re.WorldSurveyRunner/]: W survey progress runId=trek_stubbs_plains_retry_20260804_122930 status=running phase=tile_scan tiles=111/289 microCells=0/4624 tileSpeed=13.61/s microSpeed=0.00/s etaMs=13079
[12:30:49] [Server thread/INFO] [co.ri.ge.sy.re.WorldSurveyRunner/]: W survey progress runId=trek_stubbs_plains_retry_20260804_122930 status=running phase=tile_scan tiles=112/289 microCells=0/4624 tileSpeed=13.62/s microSpeed=0.00/s etaMs=13000
[12:30:49] [Server thread/INFO] [co.ri.ge.sy.re.WorldSurveyRunner/]: W survey progress runId=trek_stubbs_plains_retry_20260804_122930 status=running phase=tile_scan tiles=113/289 microCells=0/4624 tileSpeed=13.64/s microSpeed=0.00/s etaMs=12899
[12:30:49] [Server thread/INFO] [co.ri.ge.sy.re.WorldSurveyRunner/]: W survey progress runId=trek_stubbs_plains_retry_20260804_122930 status=running phase=tile_scan tiles=114/289 microCells=0/4624 tileSpeed=13.66/s microSpeed=0.00/s etaMs=12809
[12:30:49] [Server thread/INFO] [co.ri.ge.sy.re.WorldSurveyRunner/]: W survey progress runId=trek_stubbs_plains_retry_20260804_122930 status=running phase=tile_scan tiles=115/289 microCells=0/4624 tileSpeed=13.70/s microSpeed=0.00/s etaMs=12702
[12:30:49] [Server thread/INFO] [co.ri.ge.sy.re.WorldSurveyRunner/]: W survey progress runId=trek_stubbs_plains_retry_20260804_122930 status=running phase=tile_scan tiles=116/289 microCells=0/4624 tileSpeed=13.73/s microSpeed=0.00/s etaMs=12602
[12:30:49] [Server thread/INFO] [co.ri.ge.sy.re.WorldSurveyRunner/]: W survey progress runId=trek_stubbs_plains_retry_20260804_122930 status=running phase=tile_scan tiles=117/289 microCells=0/4624 tileSpeed=13.76/s microSpeed=0.00/s etaMs=12502
[12:30:50] [Server thread/INFO] [co.ri.ge.sy.re.WorldSurveyRunner/]: W survey progress runId=trek_stubbs_plains_retry_20260804_122930 status=running phase=tile_scan tiles=118/289 microCells=0/4624 tileSpeed=13.80/s microSpeed=0.00/s etaMs=12390
[12:30:50] [Server thread/INFO] [co.ri.ge.sy.re.WorldSurveyRunner/]: W survey progress runId=trek_stubbs_plains_retry_20260804_122930 status=running phase=tile_scan tiles=119/289 microCells=0/4624 tileSpeed=13.83/s microSpeed=0.00/s etaMs=12294
[12:30:50] [Server thread/INFO] [co.ri.ge.sy.re.WorldSurveyRunner/]: W survey progress runId=trek_stubbs_plains_retry_20260804_122930 status=running phase=tile_scan tiles=120/289 microCells=0/4624 tileSpeed=13.78/s microSpeed=0.00/s etaMs=12262
[12:30:50] [Server thread/INFO] [co.ri.ge.sy.re.WorldSurveyRunner/]: W survey progress runId=trek_stubbs_plains_retry_20260804_122930 status=running phase=tile_scan tiles=121/289 microCells=0/4624 tileSpeed=13.71/s microSpeed=0.00/s etaMs=12256
[12:30:50] [Server thread/INFO] [co.ri.ge.sy.re.WorldSurveyRunner/]: W survey progress runId=trek_stubbs_plains_retry_20260804_122930 status=running phase=tile_scan tiles=122/289 microCells=0/4624 tileSpeed=13.65/s microSpeed=0.00/s etaMs=12239
[12:30:50] [Server thread/INFO] [co.ri.ge.sy.re.WorldSurveyRunner/]: W survey progress runId=trek_stubbs_plains_retry_20260804_122930 status=running phase=tile_scan tiles=123/289 microCells=0/4624 tileSpeed=13.67/s microSpeed=0.00/s etaMs=12145
[12:30:50] [geomantia-world-survey-progress/INFO] [co.ri.ge.sy.re.WorldSurveyRunner/]: W survey progress runId=trek_stubbs_plains_retry_20260804_122930 status=running phase=tile_scan tiles=123/289 microCells=0/4624 tileSpeed=13.66/s microSpeed=0.00/s etaMs=12149
[12:30:50] [Server thread/INFO] [co.ri.ge.sy.re.WorldSurveyRunner/]: W survey progress runId=trek_stubbs_plains_retry_20260804_122930 status=running phase=tile_scan tiles=124/289 microCells=0/4624 tileSpeed=13.71/s microSpeed=0.00/s etaMs=12036
[12:30:50] [Server thread/INFO] [co.ri.ge.sy.re.WorldSurveyRunner/]: W survey progress runId=trek_stubbs_plains_retry_20260804_122930 status=running phase=tile_scan tiles=125/289 microCells=0/4624 tileSpeed=13.74/s microSpeed=0.00/s etaMs=11938
[12:30:50] [Server thread/INFO] [co.ri.ge.sy.re.WorldSurveyRunner/]: W survey progress runId=trek_stubbs_plains_retry_20260804_122930 status=running phase=tile_scan tiles=126/289 microCells=0/4624 tileSpeed=13.76/s microSpeed=0.00/s etaMs=11846
[12:30:50] [Server thread/INFO] [co.ri.ge.sy.re.WorldSurveyRunner/]: W survey progress runId=trek_stubbs_plains_retry_20260804_122930 status=running phase=tile_scan tiles=127/289 microCells=0/4624 tileSpeed=13.77/s microSpeed=0.00/s etaMs=11762
[12:30:50] [Server thread/INFO] [co.ri.ge.sy.re.WorldSurveyRunner/]: W survey progress runId=trek_stubbs_plains_retry_20260804_122930 status=running phase=tile_scan tiles=128/289 microCells=0/4624 tileSpeed=13.79/s microSpeed=0.00/s etaMs=11674
[12:30:50] [Server thread/INFO] [co.ri.ge.sy.re.WorldSurveyRunner/]: W survey progress runId=trek_stubbs_plains_retry_20260804_122930 status=running phase=tile_scan tiles=129/289 microCells=0/4624 tileSpeed=13.81/s microSpeed=0.00/s etaMs=11584
[12:30:50] [Server thread/INFO] [co.ri.ge.sy.re.WorldSurveyRunner/]: W survey progress runId=trek_stubbs_plains_retry_20260804_122930 status=running phase=tile_scan tiles=130/289 microCells=0/4624 tileSpeed=13.81/s microSpeed=0.00/s etaMs=11513
[12:30:50] [Server thread/INFO] [co.ri.ge.sy.re.WorldSurveyRunner/]: W survey progress runId=trek_stubbs_plains_retry_20260804_122930 status=running phase=tile_scan tiles=131/289 microCells=0/4624 tileSpeed=13.83/s microSpeed=0.00/s etaMs=11427
[12:30:51] [Server thread/INFO] [co.ri.ge.sy.re.WorldSurveyRunner/]: W survey progress runId=trek_stubbs_plains_retry_20260804_122930 status=running phase=tile_scan tiles=132/289 microCells=0/4624 tileSpeed=13.84/s microSpeed=0.00/s etaMs=11347
[12:30:51] [Server thread/INFO] [co.ri.ge.sy.re.WorldSurveyRunner/]: W survey progress runId=trek_stubbs_plains_retry_20260804_122930 status=running phase=tile_scan tiles=133/289 microCells=0/4624 tileSpeed=13.86/s microSpeed=0.00/s etaMs=11258
[12:30:51] [Server thread/INFO] [co.ri.ge.sy.re.WorldSurveyRunner/]: W survey progress runId=trek_stubbs_plains_retry_20260804_122930 status=running phase=tile_scan tiles=134/289 microCells=0/4624 tileSpeed=13.88/s microSpeed=0.00/s etaMs=11166
[12:30:51] [Server thread/INFO] [co.ri.ge.sy.re.WorldSurveyRunner/]: W survey progress runId=trek_stubbs_plains_retry_20260804_122930 status=running phase=tile_scan tiles=135/289 microCells=0/4624 tileSpeed=13.91/s microSpeed=0.00/s etaMs=11073
[12:30:51] [Server thread/INFO] [co.ri.ge.sy.re.WorldSurveyRunner/]: W survey progress runId=trek_stubbs_plains_retry_20260804_122930 status=running phase=tile_scan tiles=136/289 microCells=0/4624 tileSpeed=13.93/s microSpeed=0.00/s etaMs=10983
[12:30:51] [Server thread/INFO] [co.ri.ge.sy.re.WorldSurveyRunner/]: W survey progress runId=trek_stubbs_plains_retry_20260804_122930 status=running phase=tile_scan tiles=137/289 microCells=0/4624 tileSpeed=13.90/s microSpeed=0.00/s etaMs=10937
[12:30:51] [Server thread/INFO] [co.ri.ge.sy.re.WorldSurveyRunner/]: W survey progress runId=trek_stubbs_plains_retry_20260804_122930 status=running phase=tile_scan tiles=138/289 microCells=0/4624 tileSpeed=13.81/s microSpeed=0.00/s etaMs=10932
[12:30:51] [geomantia-world-survey-progress/INFO] [co.ri.ge.sy.re.WorldSurveyRunner/]: W survey progress runId=trek_stubbs_plains_retry_20260804_122930 status=running phase=tile_scan tiles=138/289 microCells=0/4624 tileSpeed=13.80/s microSpeed=0.00/s etaMs=10944
[12:30:51] [Render thread/INFO] [minecraft/ChatComponent]: [System] [CHAT] [Geomantia] W scan tiles 138/289 (47.8%), ETA 10s
[12:30:51] [Server thread/INFO] [co.ri.ge.sy.re.WorldSurveyRunner/]: W survey progress runId=trek_stubbs_plains_retry_20260804_122930 status=running phase=tile_scan tiles=139/289 microCells=0/4624 tileSpeed=13.82/s microSpeed=0.00/s etaMs=10857
[12:30:51] [Server thread/INFO] [co.ri.ge.sy.re.WorldSurveyRunner/]: W survey progress runId=trek_stubbs_plains_retry_20260804_122930 status=running phase=tile_scan tiles=140/289 microCells=0/4624 tileSpeed=13.84/s microSpeed=0.00/s etaMs=10770
[12:30:51] [Server thread/INFO] [co.ri.ge.sy.re.WorldSurveyRunner/]: W survey progress runId=trek_stubbs_plains_retry_20260804_122930 status=running phase=tile_scan tiles=141/289 microCells=0/4624 tileSpeed=13.83/s microSpeed=0.00/s etaMs=10702
[12:30:51] [Server thread/INFO] [co.ri.ge.sy.re.WorldSurveyRunner/]: W survey progress runId=trek_stubbs_plains_retry_20260804_122930 status=running phase=tile_scan tiles=142/289 microCells=0/4624 tileSpeed=13.83/s microSpeed=0.00/s etaMs=10632
[12:30:51] [Server thread/INFO] [co.ri.ge.sy.re.WorldSurveyRunner/]: W survey progress runId=trek_stubbs_plains_retry_20260804_122930 status=running phase=tile_scan tiles=143/289 microCells=0/4624 tileSpeed=13.84/s microSpeed=0.00/s etaMs=10552
[12:30:51] [Server thread/INFO] [co.ri.ge.sy.re.WorldSurveyRunner/]: W survey progress runId=trek_stubbs_plains_retry_20260804_122930 status=running phase=tile_scan tiles=144/289 microCells=0/4624 tileSpeed=13.85/s microSpeed=0.00/s etaMs=10472
[12:30:51] [Server thread/INFO] [co.ri.ge.sy.re.WorldSurveyRunner/]: W survey progress runId=trek_stubbs_plains_retry_20260804_122930 status=running phase=tile_scan tiles=145/289 microCells=0/4624 tileSpeed=13.83/s microSpeed=0.00/s etaMs=10412
[12:30:52] [Server thread/INFO] [co.ri.ge.sy.re.WorldSurveyRunner/]: W survey progress runId=trek_stubbs_plains_retry_20260804_122930 status=running phase=tile_scan tiles=146/289 microCells=0/4624 tileSpeed=13.80/s microSpeed=0.00/s etaMs=10364
[12:30:52] [Server thread/INFO] [co.ri.ge.sy.re.WorldSurveyRunner/]: W survey progress runId=trek_stubbs_plains_retry_20260804_122930 status=running phase=tile_scan tiles=147/289 microCells=0/4624 tileSpeed=13.82/s microSpeed=0.00/s etaMs=10275
[12:30:52] [Server thread/INFO] [co.ri.ge.sy.re.WorldSurveyRunner/]: W survey progress runId=trek_stubbs_plains_retry_20260804_122930 status=running phase=tile_scan tiles=148/289 microCells=0/4624 tileSpeed=13.84/s microSpeed=0.00/s etaMs=10191
[12:30:52] [Server thread/INFO] [co.ri.ge.sy.re.WorldSurveyRunner/]: W survey progress runId=trek_stubbs_plains_retry_20260804_122930 status=running phase=tile_scan tiles=149/289 microCells=0/4624 tileSpeed=13.85/s microSpeed=0.00/s etaMs=10107
[12:30:52] [Server thread/INFO] [co.ri.ge.sy.re.WorldSurveyRunner/]: W survey progress runId=trek_stubbs_plains_retry_20260804_122930 status=running phase=tile_scan tiles=150/289 microCells=0/4624 tileSpeed=13.86/s microSpeed=0.00/s etaMs=10027
[12:30:52] [Server thread/INFO] [co.ri.ge.sy.re.WorldSurveyRunner/]: W survey progress runId=trek_stubbs_plains_retry_20260804_122930 status=running phase=tile_scan tiles=151/289 microCells=0/4624 tileSpeed=13.88/s microSpeed=0.00/s etaMs=9944
[12:30:52] [Server thread/INFO] [co.ri.ge.sy.re.WorldSurveyRunner/]: W survey progress runId=trek_stubbs_plains_retry_20260804_122930 status=running phase=tile_scan tiles=152/289 microCells=0/4624 tileSpeed=13.89/s microSpeed=0.00/s etaMs=9863
[12:30:52] [geomantia-world-survey-progress/INFO] [co.ri.ge.sy.re.WorldSurveyRunner/]: W survey progress runId=trek_stubbs_plains_retry_20260804_122930 status=running phase=tile_scan tiles=152/289 microCells=0/4624 tileSpeed=13.81/s microSpeed=0.00/s etaMs=9917
[12:30:52] [Server thread/INFO] [co.ri.ge.sy.re.WorldSurveyRunner/]: W survey progress runId=trek_stubbs_plains_retry_20260804_122930 status=running phase=tile_scan tiles=153/289 microCells=0/4624 tileSpeed=13.90/s microSpeed=0.00/s etaMs=9784
[12:30:52] [Server thread/INFO] [co.ri.ge.sy.re.WorldSurveyRunner/]: W survey progress runId=trek_stubbs_plains_retry_20260804_122930 status=running phase=tile_scan tiles=154/289 microCells=0/4624 tileSpeed=13.84/s microSpeed=0.00/s etaMs=9757
[12:30:52] [Server thread/INFO] [co.ri.ge.sy.re.WorldSurveyRunner/]: W survey progress runId=trek_stubbs_plains_retry_20260804_122930 status=running phase=tile_scan tiles=155/289 microCells=0/4624 tileSpeed=13.77/s microSpeed=0.00/s etaMs=9731
[12:30:52] [Server thread/INFO] [co.ri.ge.sy.re.WorldSurveyRunner/]: W survey progress runId=trek_stubbs_plains_retry_20260804_122930 status=running phase=tile_scan tiles=156/289 microCells=0/4624 tileSpeed=13.69/s microSpeed=0.00/s etaMs=9714
[12:30:52] [Server thread/INFO] [co.ri.ge.sy.re.WorldSurveyRunner/]: W survey progress runId=trek_stubbs_plains_retry_20260804_122930 status=running phase=tile_scan tiles=157/289 microCells=0/4624 tileSpeed=13.69/s microSpeed=0.00/s etaMs=9640
[12:30:52] [Server thread/INFO] [co.ri.ge.sy.re.WorldSurveyRunner/]: W survey progress runId=trek_stubbs_plains_retry_20260804_122930 status=running phase=tile_scan tiles=158/289 microCells=0/4624 tileSpeed=13.71/s microSpeed=0.00/s etaMs=9556
[12:30:53] [Server thread/INFO] [co.ri.ge.sy.re.WorldSurveyRunner/]: W survey progress runId=trek_stubbs_plains_retry_20260804_122930 status=running phase=tile_scan tiles=159/289 microCells=0/4624 tileSpeed=13.72/s microSpeed=0.00/s etaMs=9473
[12:30:53] [Server thread/INFO] [co.ri.ge.sy.re.WorldSurveyRunner/]: W survey progress runId=trek_stubbs_plains_retry_20260804_122930 status=running phase=tile_scan tiles=160/289 microCells=0/4624 tileSpeed=13.73/s microSpeed=0.00/s etaMs=9393
[12:30:53] [Server thread/INFO] [co.ri.ge.sy.re.WorldSurveyRunner/]: W survey progress runId=trek_stubbs_plains_retry_20260804_122930 status=running phase=tile_scan tiles=161/289 microCells=0/4624 tileSpeed=13.70/s microSpeed=0.00/s etaMs=9346
[12:30:53] [Server thread/INFO] [co.ri.ge.sy.re.WorldSurveyRunner/]: W survey progress runId=trek_stubbs_plains_retry_20260804_122930 status=running phase=tile_scan tiles=162/289 microCells=0/4624 tileSpeed=13.69/s microSpeed=0.00/s etaMs=9277
[12:30:53] [Server thread/INFO] [co.ri.ge.sy.re.WorldSurveyRunner/]: W survey progress runId=trek_stubbs_plains_retry_20260804_122930 status=running phase=tile_scan tiles=163/289 microCells=0/4624 tileSpeed=13.67/s microSpeed=0.00/s etaMs=9217
[12:30:53] [Server thread/INFO] [co.ri.ge.sy.re.WorldSurveyRunner/]: W survey progress runId=trek_stubbs_plains_retry_20260804_122930 status=running phase=tile_scan tiles=164/289 microCells=0/4624 tileSpeed=13.68/s microSpeed=0.00/s etaMs=9137
[12:30:53] [geomantia-world-survey-progress/INFO] [co.ri.ge.sy.re.WorldSurveyRunner/]: W survey progress runId=trek_stubbs_plains_retry_20260804_122930 status=running phase=tile_scan tiles=164/289 microCells=0/4624 tileSpeed=13.66/s microSpeed=0.00/s etaMs=9148
[12:30:53] [Server thread/INFO] [co.ri.ge.sy.re.WorldSurveyRunner/]: W survey progress runId=trek_stubbs_plains_retry_20260804_122930 status=running phase=tile_scan tiles=165/289 microCells=0/4624 tileSpeed=13.70/s microSpeed=0.00/s etaMs=9052
[12:30:53] [Server thread/INFO] [co.ri.ge.sy.re.WorldSurveyRunner/]: W survey progress runId=trek_stubbs_plains_retry_20260804_122930 status=running phase=tile_scan tiles=166/289 microCells=0/4624 tileSpeed=13.72/s microSpeed=0.00/s etaMs=8966
[12:30:53] [Server thread/INFO] [co.ri.ge.sy.re.WorldSurveyRunner/]: W survey progress runId=trek_stubbs_plains_retry_20260804_122930 status=running phase=tile_scan tiles=167/289 microCells=0/4624 tileSpeed=13.72/s microSpeed=0.00/s etaMs=8891
[12:30:53] [Server thread/INFO] [co.ri.ge.sy.re.WorldSurveyRunner/]: W survey progress runId=trek_stubbs_plains_retry_20260804_122930 status=running phase=tile_scan tiles=168/289 microCells=0/4624 tileSpeed=13.73/s microSpeed=0.00/s etaMs=8815
[12:30:53] [Server thread/INFO] [co.ri.ge.sy.re.WorldSurveyRunner/]: W survey progress runId=trek_stubbs_plains_retry_20260804_122930 status=running phase=tile_scan tiles=169/289 microCells=0/4624 tileSpeed=13.74/s microSpeed=0.00/s etaMs=8735
[12:30:53] [Server thread/INFO] [co.ri.ge.sy.re.WorldSurveyRunner/]: W survey progress runId=trek_stubbs_plains_retry_20260804_122930 status=running phase=tile_scan tiles=170/289 microCells=0/4624 tileSpeed=13.75/s microSpeed=0.00/s etaMs=8653
[12:30:53] [Server thread/INFO] [co.ri.ge.sy.re.WorldSurveyRunner/]: W survey progress runId=trek_stubbs_plains_retry_20260804_122930 status=running phase=tile_scan tiles=171/289 microCells=0/4624 tileSpeed=13.73/s microSpeed=0.00/s etaMs=8595
[12:30:54] [Server thread/INFO] [co.ri.ge.sy.re.WorldSurveyRunner/]: W survey progress runId=trek_stubbs_plains_retry_20260804_122930 status=running phase=tile_scan tiles=172/289 microCells=0/4624 tileSpeed=13.71/s microSpeed=0.00/s etaMs=8533
[12:30:54] [Server thread/INFO] [co.ri.ge.sy.re.WorldSurveyRunner/]: W survey progress runId=trek_stubbs_plains_retry_20260804_122930 status=running phase=tile_scan tiles=173/289 microCells=0/4624 tileSpeed=13.69/s microSpeed=0.00/s etaMs=8473
[12:30:54] [Server thread/INFO] [co.ri.ge.sy.re.WorldSurveyRunner/]: W survey progress runId=trek_stubbs_plains_retry_20260804_122930 status=running phase=tile_scan tiles=174/289 microCells=0/4624 tileSpeed=13.66/s microSpeed=0.00/s etaMs=8419
[12:30:54] [Server thread/INFO] [co.ri.ge.sy.re.WorldSurveyRunner/]: W survey progress runId=trek_stubbs_plains_retry_20260804_122930 status=running phase=tile_scan tiles=175/289 microCells=0/4624 tileSpeed=13.62/s microSpeed=0.00/s etaMs=8372
[12:30:54] [Server thread/INFO] [co.ri.ge.sy.re.WorldSurveyRunner/]: W survey progress runId=trek_stubbs_plains_retry_20260804_122930 status=running phase=tile_scan tiles=176/289 microCells=0/4624 tileSpeed=13.59/s microSpeed=0.00/s etaMs=8316
[12:30:54] [geomantia-world-survey-progress/INFO] [co.ri.ge.sy.re.WorldSurveyRunner/]: W survey progress runId=trek_stubbs_plains_retry_20260804_122930 status=running phase=tile_scan tiles=176/289 microCells=0/4624 tileSpeed=13.54/s microSpeed=0.00/s etaMs=8348
[12:30:54] [Server thread/INFO] [co.ri.ge.sy.re.WorldSurveyRunner/]: W survey progress runId=trek_stubbs_plains_retry_20260804_122930 status=running phase=tile_scan tiles=177/289 microCells=0/4624 tileSpeed=13.57/s microSpeed=0.00/s etaMs=8256
[12:30:54] [Server thread/INFO] [co.ri.ge.sy.re.WorldSurveyRunner/]: W survey progress runId=trek_stubbs_plains_retry_20260804_122930 status=running phase=tile_scan tiles=178/289 microCells=0/4624 tileSpeed=13.53/s microSpeed=0.00/s etaMs=8203
[12:30:54] [Server thread/INFO] [co.ri.ge.sy.re.WorldSurveyRunner/]: W survey progress runId=trek_stubbs_plains_retry_20260804_122930 status=running phase=tile_scan tiles=179/289 microCells=0/4624 tileSpeed=13.53/s microSpeed=0.00/s etaMs=8131
[12:30:54] [Server thread/INFO] [co.ri.ge.sy.re.WorldSurveyRunner/]: W survey progress runId=trek_stubbs_plains_retry_20260804_122930 status=running phase=tile_scan tiles=180/289 microCells=0/4624 tileSpeed=13.55/s microSpeed=0.00/s etaMs=8047
[12:30:54] [Server thread/INFO] [co.ri.ge.sy.re.WorldSurveyRunner/]: W survey progress runId=trek_stubbs_plains_retry_20260804_122930 status=running phase=tile_scan tiles=181/289 microCells=0/4624 tileSpeed=13.55/s microSpeed=0.00/s etaMs=7969
[12:30:54] [Server thread/INFO] [co.ri.ge.sy.re.WorldSurveyRunner/]: W survey progress runId=trek_stubbs_plains_retry_20260804_122930 status=running phase=tile_scan tiles=182/289 microCells=0/4624 tileSpeed=13.57/s microSpeed=0.00/s etaMs=7887
[12:30:54] [Server thread/INFO] [co.ri.ge.sy.re.WorldSurveyRunner/]: W survey progress runId=trek_stubbs_plains_retry_20260804_122930 status=running phase=tile_scan tiles=183/289 microCells=0/4624 tileSpeed=13.58/s microSpeed=0.00/s etaMs=7808
[12:30:55] [Server thread/INFO] [co.ri.ge.sy.re.WorldSurveyRunner/]: W survey progress runId=trek_stubbs_plains_retry_20260804_122930 status=running phase=tile_scan tiles=184/289 microCells=0/4624 tileSpeed=13.59/s microSpeed=0.00/s etaMs=7725
[12:30:55] [Server thread/INFO] [co.ri.ge.sy.re.WorldSurveyRunner/]: W survey progress runId=trek_stubbs_plains_retry_20260804_122930 status=running phase=tile_scan tiles=185/289 microCells=0/4624 tileSpeed=13.60/s microSpeed=0.00/s etaMs=7645
[12:30:55] [Server thread/INFO] [co.ri.ge.sy.re.WorldSurveyRunner/]: W survey progress runId=trek_stubbs_plains_retry_20260804_122930 status=running phase=tile_scan tiles=186/289 microCells=0/4624 tileSpeed=13.63/s microSpeed=0.00/s etaMs=7559
[12:30:55] [Server thread/INFO] [co.ri.ge.sy.re.WorldSurveyRunner/]: W survey progress runId=trek_stubbs_plains_retry_20260804_122930 status=running phase=tile_scan tiles=187/289 microCells=0/4624 tileSpeed=13.65/s microSpeed=0.00/s etaMs=7475
[12:30:55] [Server thread/INFO] [co.ri.ge.sy.re.WorldSurveyRunner/]: W survey progress runId=trek_stubbs_plains_retry_20260804_122930 status=running phase=tile_scan tiles=188/289 microCells=0/4624 tileSpeed=13.62/s microSpeed=0.00/s etaMs=7417
[12:30:55] [Server thread/INFO] [co.ri.ge.sy.re.WorldSurveyRunner/]: W survey progress runId=trek_stubbs_plains_retry_20260804_122930 status=running phase=tile_scan tiles=189/289 microCells=0/4624 tileSpeed=13.58/s microSpeed=0.00/s etaMs=7363
[12:30:55] [geomantia-world-survey-progress/INFO] [co.ri.ge.sy.re.WorldSurveyRunner/]: W survey progress runId=trek_stubbs_plains_retry_20260804_122930 status=running phase=tile_scan tiles=189/289 microCells=0/4624 tileSpeed=13.50/s microSpeed=0.00/s etaMs=7408
[12:30:55] [Server thread/INFO] [co.ri.ge.sy.re.WorldSurveyRunner/]: W survey progress runId=trek_stubbs_plains_retry_20260804_122930 status=running phase=tile_scan tiles=190/289 microCells=0/4624 tileSpeed=13.54/s microSpeed=0.00/s etaMs=7313
[12:30:55] [Server thread/INFO] [co.ri.ge.sy.re.WorldSurveyRunner/]: W survey progress runId=trek_stubbs_plains_retry_20260804_122930 status=running phase=tile_scan tiles=191/289 microCells=0/4624 tileSpeed=13.50/s microSpeed=0.00/s etaMs=7259
[12:30:55] [Server thread/INFO] [co.ri.ge.sy.re.WorldSurveyRunner/]: W survey progress runId=trek_stubbs_plains_retry_20260804_122930 status=running phase=tile_scan tiles=192/289 microCells=0/4624 tileSpeed=13.45/s microSpeed=0.00/s etaMs=7210
[12:30:55] [Server thread/INFO] [co.ri.ge.sy.re.WorldSurveyRunner/]: W survey progress runId=trek_stubbs_plains_retry_20260804_122930 status=running phase=tile_scan tiles=193/289 microCells=0/4624 tileSpeed=13.42/s microSpeed=0.00/s etaMs=7156
[12:30:55] [Server thread/INFO] [co.ri.ge.sy.re.WorldSurveyRunner/]: W survey progress runId=trek_stubbs_plains_retry_20260804_122930 status=running phase=tile_scan tiles=194/289 microCells=0/4624 tileSpeed=13.37/s microSpeed=0.00/s etaMs=7103
[12:30:56] [Server thread/INFO] [co.ri.ge.sy.re.WorldSurveyRunner/]: W survey progress runId=trek_stubbs_plains_retry_20260804_122930 status=running phase=tile_scan tiles=195/289 microCells=0/4624 tileSpeed=13.39/s microSpeed=0.00/s etaMs=7020
[12:30:56] [Server thread/INFO] [co.ri.ge.sy.re.WorldSurveyRunner/]: W survey progress runId=trek_stubbs_plains_retry_20260804_122930 status=running phase=tile_scan tiles=196/289 microCells=0/4624 tileSpeed=13.39/s microSpeed=0.00/s etaMs=6945
[12:30:56] [Server thread/INFO] [co.ri.ge.sy.re.WorldSurveyRunner/]: W survey progress runId=trek_stubbs_plains_retry_20260804_122930 status=running phase=tile_scan tiles=197/289 microCells=0/4624 tileSpeed=13.41/s microSpeed=0.00/s etaMs=6862
[12:30:56] [Server thread/INFO] [co.ri.ge.sy.re.WorldSurveyRunner/]: W survey progress runId=trek_stubbs_plains_retry_20260804_122930 status=running phase=tile_scan tiles=198/289 microCells=0/4624 tileSpeed=13.42/s microSpeed=0.00/s etaMs=6779
[12:30:56] [Server thread/INFO] [co.ri.ge.sy.re.WorldSurveyRunner/]: W survey progress runId=trek_stubbs_plains_retry_20260804_122930 status=running phase=tile_scan tiles=199/289 microCells=0/4624 tileSpeed=13.44/s microSpeed=0.00/s etaMs=6694
[12:30:56] [Server thread/INFO] [co.ri.ge.sy.re.WorldSurveyRunner/]: W survey progress runId=trek_stubbs_plains_retry_20260804_122930 status=running phase=tile_scan tiles=200/289 microCells=0/4624 tileSpeed=13.46/s microSpeed=0.00/s etaMs=6610
[12:30:56] [Server thread/INFO] [co.ri.ge.sy.re.WorldSurveyRunner/]: W survey progress runId=trek_stubbs_plains_retry_20260804_122930 status=running phase=tile_scan tiles=201/289 microCells=0/4624 tileSpeed=13.48/s microSpeed=0.00/s etaMs=6527
[12:30:56] [Server thread/INFO] [co.ri.ge.sy.re.WorldSurveyRunner/]: W survey progress runId=trek_stubbs_plains_retry_20260804_122930 status=running phase=tile_scan tiles=202/289 microCells=0/4624 tileSpeed=13.50/s microSpeed=0.00/s etaMs=6445
[12:30:56] [geomantia-world-survey-progress/INFO] [co.ri.ge.sy.re.WorldSurveyRunner/]: W survey progress runId=trek_stubbs_plains_retry_20260804_122930 status=running phase=tile_scan tiles=202/289 microCells=0/4624 tileSpeed=13.46/s microSpeed=0.00/s etaMs=6462
[12:30:56] [Render thread/INFO] [minecraft/ChatComponent]: [System] [CHAT] [Geomantia] W scan tiles 202/289 (69.9%), ETA 6s
[12:30:56] [Server thread/INFO] [co.ri.ge.sy.re.WorldSurveyRunner/]: W survey progress runId=trek_stubbs_plains_retry_20260804_122930 status=running phase=tile_scan tiles=203/289 microCells=0/4624 tileSpeed=13.51/s microSpeed=0.00/s etaMs=6366
[12:30:56] [Server thread/INFO] [co.ri.ge.sy.re.WorldSurveyRunner/]: W survey progress runId=trek_stubbs_plains_retry_20260804_122930 status=running phase=tile_scan tiles=204/289 microCells=0/4624 tileSpeed=13.53/s microSpeed=0.00/s etaMs=6284
[12:30:56] [Server thread/INFO] [co.ri.ge.sy.re.WorldSurveyRunner/]: W survey progress runId=trek_stubbs_plains_retry_20260804_122930 status=running phase=tile_scan tiles=205/289 microCells=0/4624 tileSpeed=13.49/s microSpeed=0.00/s etaMs=6225
[12:30:56] [Server thread/INFO] [co.ri.ge.sy.re.WorldSurveyRunner/]: W survey progress runId=trek_stubbs_plains_retry_20260804_122930 status=running phase=tile_scan tiles=206/289 microCells=0/4624 tileSpeed=13.47/s microSpeed=0.00/s etaMs=6163
[12:30:56] [Server thread/INFO] [co.ri.ge.sy.re.WorldSurveyRunner/]: W survey progress runId=trek_stubbs_plains_retry_20260804_122930 status=running phase=tile_scan tiles=207/289 microCells=0/4624 tileSpeed=13.43/s microSpeed=0.00/s etaMs=6104
[12:30:56] [Server thread/INFO] [co.ri.ge.sy.re.WorldSurveyRunner/]: W survey progress runId=trek_stubbs_plains_retry_20260804_122930 status=running phase=tile_scan tiles=208/289 microCells=0/4624 tileSpeed=13.41/s microSpeed=0.00/s etaMs=6042
[12:30:57] [Server thread/INFO] [co.ri.ge.sy.re.WorldSurveyRunner/]: W survey progress runId=trek_stubbs_plains_retry_20260804_122930 status=running phase=tile_scan tiles=209/289 microCells=0/4624 tileSpeed=13.38/s microSpeed=0.00/s etaMs=5980
[12:30:57] [Server thread/INFO] [co.ri.ge.sy.re.WorldSurveyRunner/]: W survey progress runId=trek_stubbs_plains_retry_20260804_122930 status=running phase=tile_scan tiles=210/289 microCells=0/4624 tileSpeed=13.35/s microSpeed=0.00/s etaMs=5916
[12:30:57] [Server thread/INFO] [co.ri.ge.sy.re.WorldSurveyRunner/]: W survey progress runId=trek_stubbs_plains_retry_20260804_122930 status=running phase=tile_scan tiles=211/289 microCells=0/4624 tileSpeed=13.31/s microSpeed=0.00/s etaMs=5861
[12:30:57] [Server thread/INFO] [co.ri.ge.sy.re.WorldSurveyRunner/]: W survey progress runId=trek_stubbs_plains_retry_20260804_122930 status=running phase=tile_scan tiles=212/289 microCells=0/4624 tileSpeed=13.31/s microSpeed=0.00/s etaMs=5784
[12:30:57] [Server thread/INFO] [co.ri.ge.sy.re.WorldSurveyRunner/]: W survey progress runId=trek_stubbs_plains_retry_20260804_122930 status=running phase=tile_scan tiles=213/289 microCells=0/4624 tileSpeed=13.32/s microSpeed=0.00/s etaMs=5707
[12:30:57] [geomantia-world-survey-progress/INFO] [co.ri.ge.sy.re.WorldSurveyRunner/]: W survey progress runId=trek_stubbs_plains_retry_20260804_122930 status=running phase=tile_scan tiles=213/289 microCells=0/4624 tileSpeed=13.31/s microSpeed=0.00/s etaMs=5710
[12:30:57] [Server thread/INFO] [co.ri.ge.sy.re.WorldSurveyRunner/]: W survey progress runId=trek_stubbs_plains_retry_20260804_122930 status=running phase=tile_scan tiles=214/289 microCells=0/4624 tileSpeed=13.33/s microSpeed=0.00/s etaMs=5628
[12:30:57] [Server thread/INFO] [co.ri.ge.sy.re.WorldSurveyRunner/]: W survey progress runId=trek_stubbs_plains_retry_20260804_122930 status=running phase=tile_scan tiles=215/289 microCells=0/4624 tileSpeed=13.34/s microSpeed=0.00/s etaMs=5548
[12:30:57] [Server thread/INFO] [co.ri.ge.sy.re.WorldSurveyRunner/]: W survey progress runId=trek_stubbs_plains_retry_20260804_122930 status=running phase=tile_scan tiles=216/289 microCells=0/4624 tileSpeed=13.35/s microSpeed=0.00/s etaMs=5470
[12:30:57] [Server thread/INFO] [co.ri.ge.sy.re.WorldSurveyRunner/]: W survey progress runId=trek_stubbs_plains_retry_20260804_122930 status=running phase=tile_scan tiles=217/289 microCells=0/4624 tileSpeed=13.36/s microSpeed=0.00/s etaMs=5390
[12:30:57] [Server thread/INFO] [co.ri.ge.sy.re.WorldSurveyRunner/]: W survey progress runId=trek_stubbs_plains_retry_20260804_122930 status=running phase=tile_scan tiles=218/289 microCells=0/4624 tileSpeed=13.37/s microSpeed=0.00/s etaMs=5310
[12:30:57] [Server thread/INFO] [co.ri.ge.sy.re.WorldSurveyRunner/]: W survey progress runId=trek_stubbs_plains_retry_20260804_122930 status=running phase=tile_scan tiles=219/289 microCells=0/4624 tileSpeed=13.39/s microSpeed=0.00/s etaMs=5229
[12:30:57] [Server thread/INFO] [co.ri.ge.sy.re.WorldSurveyRunner/]: W survey progress runId=trek_stubbs_plains_retry_20260804_122930 status=running phase=tile_scan tiles=220/289 microCells=0/4624 tileSpeed=13.40/s microSpeed=0.00/s etaMs=5149
[12:30:57] [Server thread/INFO] [co.ri.ge.sy.re.WorldSurveyRunner/]: W survey progress runId=trek_stubbs_plains_retry_20260804_122930 status=running phase=tile_scan tiles=221/289 microCells=0/4624 tileSpeed=13.42/s microSpeed=0.00/s etaMs=5067
[12:30:58] [Server thread/INFO] [co.ri.ge.sy.re.WorldSurveyRunner/]: W survey progress runId=trek_stubbs_plains_retry_20260804_122930 status=running phase=tile_scan tiles=222/289 microCells=0/4624 tileSpeed=13.38/s microSpeed=0.00/s etaMs=5007
[12:30:58] [Server thread/INFO] [co.ri.ge.sy.re.WorldSurveyRunner/]: W survey progress runId=trek_stubbs_plains_retry_20260804_122930 status=running phase=tile_scan tiles=223/289 microCells=0/4624 tileSpeed=13.34/s microSpeed=0.00/s etaMs=4946
[12:30:58] [Server thread/INFO] [co.ri.ge.sy.re.WorldSurveyRunner/]: W survey progress runId=trek_stubbs_plains_retry_20260804_122930 status=running phase=tile_scan tiles=224/289 microCells=0/4624 tileSpeed=13.29/s microSpeed=0.00/s etaMs=4892
[12:30:58] [geomantia-world-survey-progress/INFO] [co.ri.ge.sy.re.WorldSurveyRunner/]: W survey progress runId=trek_stubbs_plains_retry_20260804_122930 status=running phase=tile_scan tiles=224/289 microCells=0/4624 tileSpeed=13.17/s microSpeed=0.00/s etaMs=4934
[12:30:58] [Server thread/INFO] [co.ri.ge.sy.re.WorldSurveyRunner/]: W survey progress runId=trek_stubbs_plains_retry_20260804_122930 status=running phase=tile_scan tiles=225/289 microCells=0/4624 tileSpeed=13.22/s microSpeed=0.00/s etaMs=4840
[12:30:58] [Server thread/INFO] [co.ri.ge.sy.re.WorldSurveyRunner/]: W survey progress runId=trek_stubbs_plains_retry_20260804_122930 status=running phase=tile_scan tiles=226/289 microCells=0/4624 tileSpeed=13.20/s microSpeed=0.00/s etaMs=4774
[12:30:58] [Server thread/INFO] [co.ri.ge.sy.re.WorldSurveyRunner/]: W survey progress runId=trek_stubbs_plains_retry_20260804_122930 status=running phase=tile_scan tiles=227/289 microCells=0/4624 tileSpeed=13.18/s microSpeed=0.00/s etaMs=4705
[12:30:58] [Server thread/INFO] [co.ri.ge.sy.re.WorldSurveyRunner/]: W survey progress runId=trek_stubbs_plains_retry_20260804_122930 status=running phase=tile_scan tiles=228/289 microCells=0/4624 tileSpeed=13.19/s microSpeed=0.00/s etaMs=4626
[12:30:58] [Server thread/INFO] [co.ri.ge.sy.re.WorldSurveyRunner/]: W survey progress runId=trek_stubbs_plains_retry_20260804_122930 status=running phase=tile_scan tiles=229/289 microCells=0/4624 tileSpeed=13.20/s microSpeed=0.00/s etaMs=4544
[12:30:58] [Server thread/INFO] [co.ri.ge.sy.re.WorldSurveyRunner/]: W survey progress runId=trek_stubbs_plains_retry_20260804_122930 status=running phase=tile_scan tiles=230/289 microCells=0/4624 tileSpeed=13.22/s microSpeed=0.00/s etaMs=4464
[12:30:58] [Server thread/INFO] [co.ri.ge.sy.re.WorldSurveyRunner/]: W survey progress runId=trek_stubbs_plains_retry_20260804_122930 status=running phase=tile_scan tiles=231/289 microCells=0/4624 tileSpeed=13.23/s microSpeed=0.00/s etaMs=4385
[12:30:58] [Server thread/INFO] [co.ri.ge.sy.re.WorldSurveyRunner/]: W survey progress runId=trek_stubbs_plains_retry_20260804_122930 status=running phase=tile_scan tiles=232/289 microCells=0/4624 tileSpeed=13.24/s microSpeed=0.00/s etaMs=4306
[12:30:59] [Server thread/INFO] [co.ri.ge.sy.re.WorldSurveyRunner/]: W survey progress runId=trek_stubbs_plains_retry_20260804_122930 status=running phase=tile_scan tiles=233/289 microCells=0/4624 tileSpeed=13.25/s microSpeed=0.00/s etaMs=4227
[12:30:59] [Server thread/INFO] [co.ri.ge.sy.re.WorldSurveyRunner/]: W survey progress runId=trek_stubbs_plains_retry_20260804_122930 status=running phase=tile_scan tiles=234/289 microCells=0/4624 tileSpeed=13.26/s microSpeed=0.00/s etaMs=4147
[12:30:59] [Server thread/INFO] [co.ri.ge.sy.re.WorldSurveyRunner/]: W survey progress runId=trek_stubbs_plains_retry_20260804_122930 status=running phase=tile_scan tiles=235/289 microCells=0/4624 tileSpeed=13.27/s microSpeed=0.00/s etaMs=4068
[12:30:59] [Server thread/INFO] [co.ri.ge.sy.re.WorldSurveyRunner/]: W survey progress runId=trek_stubbs_plains_retry_20260804_122930 status=running phase=tile_scan tiles=236/289 microCells=0/4624 tileSpeed=13.28/s microSpeed=0.00/s etaMs=3990
[12:30:59] [Server thread/INFO] [co.ri.ge.sy.re.WorldSurveyRunner/]: W survey progress runId=trek_stubbs_plains_retry_20260804_122930 status=running phase=tile_scan tiles=237/289 microCells=0/4624 tileSpeed=13.29/s microSpeed=0.00/s etaMs=3914
[12:30:59] [Server thread/INFO] [co.ri.ge.sy.re.WorldSurveyRunner/]: W survey progress runId=trek_stubbs_plains_retry_20260804_122930 status=running phase=tile_scan tiles=238/289 microCells=0/4624 tileSpeed=13.30/s microSpeed=0.00/s etaMs=3836
[12:30:59] [geomantia-world-survey-progress/INFO] [co.ri.ge.sy.re.WorldSurveyRunner/]: W survey progress runId=trek_stubbs_plains_retry_20260804_122930 status=running phase=tile_scan tiles=238/289 microCells=0/4624 tileSpeed=13.22/s microSpeed=0.00/s etaMs=3858
[12:30:59] [Server thread/INFO] [co.ri.ge.sy.re.WorldSurveyRunner/]: W survey progress runId=trek_stubbs_plains_retry_20260804_122930 status=running phase=tile_scan tiles=239/289 microCells=0/4624 tileSpeed=13.27/s microSpeed=0.00/s etaMs=3767
[12:30:59] [Server thread/INFO] [co.ri.ge.sy.re.WorldSurveyRunner/]: W survey progress runId=trek_stubbs_plains_retry_20260804_122930 status=running phase=tile_scan tiles=240/289 microCells=0/4624 tileSpeed=13.24/s microSpeed=0.00/s etaMs=3701
[12:30:59] [Server thread/INFO] [co.ri.ge.sy.re.WorldSurveyRunner/]: W survey progress runId=trek_stubbs_plains_retry_20260804_122930 status=running phase=tile_scan tiles=241/289 microCells=0/4624 tileSpeed=13.19/s microSpeed=0.00/s etaMs=3638
[12:30:59] [Server thread/INFO] [co.ri.ge.sy.re.WorldSurveyRunner/]: W survey progress runId=trek_stubbs_plains_retry_20260804_122930 status=running phase=tile_scan tiles=242/289 microCells=0/4624 tileSpeed=13.16/s microSpeed=0.00/s etaMs=3571
[12:30:59] [Server thread/INFO] [co.ri.ge.sy.re.WorldSurveyRunner/]: W survey progress runId=trek_stubbs_plains_retry_20260804_122930 status=running phase=tile_scan tiles=243/289 microCells=0/4624 tileSpeed=13.14/s microSpeed=0.00/s etaMs=3502
[12:31:00] [Server thread/INFO] [co.ri.ge.sy.re.WorldSurveyRunner/]: W survey progress runId=trek_stubbs_plains_retry_20260804_122930 status=running phase=tile_scan tiles=244/289 microCells=0/4624 tileSpeed=13.08/s microSpeed=0.00/s etaMs=3441
[12:31:00] [Server thread/INFO] [co.ri.ge.sy.re.WorldSurveyRunner/]: W survey progress runId=trek_stubbs_plains_retry_20260804_122930 status=running phase=tile_scan tiles=245/289 microCells=0/4624 tileSpeed=13.06/s microSpeed=0.00/s etaMs=3369
[12:31:00] [Server thread/INFO] [co.ri.ge.sy.re.WorldSurveyRunner/]: W survey progress runId=trek_stubbs_plains_retry_20260804_122930 status=running phase=tile_scan tiles=246/289 microCells=0/4624 tileSpeed=13.07/s microSpeed=0.00/s etaMs=3291
[12:31:00] [Server thread/INFO] [co.ri.ge.sy.re.WorldSurveyRunner/]: W survey progress runId=trek_stubbs_plains_retry_20260804_122930 status=running phase=tile_scan tiles=247/289 microCells=0/4624 tileSpeed=13.08/s microSpeed=0.00/s etaMs=3212
[12:31:00] [Server thread/INFO] [co.ri.ge.sy.re.WorldSurveyRunner/]: W survey progress runId=trek_stubbs_plains_retry_20260804_122930 status=running phase=tile_scan tiles=248/289 microCells=0/4624 tileSpeed=13.09/s microSpeed=0.00/s etaMs=3133
[12:31:00] [geomantia-world-survey-progress/INFO] [co.ri.ge.sy.re.WorldSurveyRunner/]: W survey progress runId=trek_stubbs_plains_retry_20260804_122930 status=running phase=tile_scan tiles=248/289 microCells=0/4624 tileSpeed=13.05/s microSpeed=0.00/s etaMs=3141
[12:31:00] [Server thread/INFO] [co.ri.ge.sy.re.WorldSurveyRunner/]: W survey progress runId=trek_stubbs_plains_retry_20260804_122930 status=running phase=tile_scan tiles=249/289 microCells=0/4624 tileSpeed=13.10/s microSpeed=0.00/s etaMs=3053
[12:31:00] [Server thread/INFO] [co.ri.ge.sy.re.WorldSurveyRunner/]: W survey progress runId=trek_stubbs_plains_retry_20260804_122930 status=running phase=tile_scan tiles=250/289 microCells=0/4624 tileSpeed=13.12/s microSpeed=0.00/s etaMs=2973
[12:31:00] [Server thread/INFO] [co.ri.ge.sy.re.WorldSurveyRunner/]: W survey progress runId=trek_stubbs_plains_retry_20260804_122930 status=running phase=tile_scan tiles=251/289 microCells=0/4624 tileSpeed=13.14/s microSpeed=0.00/s etaMs=2893
[12:31:00] [Server thread/INFO] [co.ri.ge.sy.re.WorldSurveyRunner/]: W survey progress runId=trek_stubbs_plains_retry_20260804_122930 status=running phase=tile_scan tiles=252/289 microCells=0/4624 tileSpeed=13.14/s microSpeed=0.00/s etaMs=2815
[12:31:00] [Server thread/INFO] [co.ri.ge.sy.re.WorldSurveyRunner/]: W survey progress runId=trek_stubbs_plains_retry_20260804_122930 status=running phase=tile_scan tiles=253/289 microCells=0/4624 tileSpeed=13.12/s microSpeed=0.00/s etaMs=2743
[12:31:00] [Server thread/INFO] [co.ri.ge.sy.re.WorldSurveyRunner/]: W survey progress runId=trek_stubbs_plains_retry_20260804_122930 status=running phase=tile_scan tiles=254/289 microCells=0/4624 tileSpeed=13.07/s microSpeed=0.00/s etaMs=2677
[12:31:00] [Server thread/INFO] [co.ri.ge.sy.re.WorldSurveyRunner/]: W survey progress runId=trek_stubbs_plains_retry_20260804_122930 status=running phase=tile_scan tiles=255/289 microCells=0/4624 tileSpeed=13.08/s microSpeed=0.00/s etaMs=2599
[12:31:01] [Server thread/INFO] [co.ri.ge.sy.re.WorldSurveyRunner/]: W survey progress runId=trek_stubbs_plains_retry_20260804_122930 status=running phase=tile_scan tiles=256/289 microCells=0/4624 tileSpeed=13.05/s microSpeed=0.00/s etaMs=2528
[12:31:01] [Server thread/INFO] [co.ri.ge.sy.re.WorldSurveyRunner/]: W survey progress runId=trek_stubbs_plains_retry_20260804_122930 status=running phase=tile_scan tiles=257/289 microCells=0/4624 tileSpeed=13.02/s microSpeed=0.00/s etaMs=2457
[12:31:01] [Server thread/INFO] [co.ri.ge.sy.re.WorldSurveyRunner/]: W survey progress runId=trek_stubbs_plains_retry_20260804_122930 status=running phase=tile_scan tiles=258/289 microCells=0/4624 tileSpeed=12.98/s microSpeed=0.00/s etaMs=2388
[12:31:01] [geomantia-world-survey-progress/INFO] [co.ri.ge.sy.re.WorldSurveyRunner/]: W survey progress runId=trek_stubbs_plains_retry_20260804_122930 status=running phase=tile_scan tiles=258/289 microCells=0/4624 tileSpeed=12.90/s microSpeed=0.00/s etaMs=2403
[12:31:01] [Server thread/INFO] [co.ri.ge.sy.re.WorldSurveyRunner/]: W survey progress runId=trek_stubbs_plains_retry_20260804_122930 status=running phase=tile_scan tiles=259/289 microCells=0/4624 tileSpeed=12.94/s microSpeed=0.00/s etaMs=2318
[12:31:01] [Render thread/INFO] [minecraft/ChatComponent]: [System] [CHAT] [Geomantia] W scan tiles 259/289 (89.6%), ETA 2s
[12:31:01] [Server thread/INFO] [co.ri.ge.sy.re.WorldSurveyRunner/]: W survey progress runId=trek_stubbs_plains_retry_20260804_122930 status=running phase=tile_scan tiles=260/289 microCells=0/4624 tileSpeed=12.93/s microSpeed=0.00/s etaMs=2244
[12:31:01] [Server thread/INFO] [co.ri.ge.sy.re.WorldSurveyRunner/]: W survey progress runId=trek_stubbs_plains_retry_20260804_122930 status=running phase=tile_scan tiles=261/289 microCells=0/4624 tileSpeed=12.89/s microSpeed=0.00/s etaMs=2172
[12:31:01] [Server thread/INFO] [co.ri.ge.sy.re.WorldSurveyRunner/]: W survey progress runId=trek_stubbs_plains_retry_20260804_122930 status=running phase=tile_scan tiles=262/289 microCells=0/4624 tileSpeed=12.88/s microSpeed=0.00/s etaMs=2097
[12:31:01] [Server thread/INFO] [co.ri.ge.sy.re.WorldSurveyRunner/]: W survey progress runId=trek_stubbs_plains_retry_20260804_122930 status=running phase=tile_scan tiles=263/289 microCells=0/4624 tileSpeed=12.85/s microSpeed=0.00/s etaMs=2023
[12:31:02] [Server thread/INFO] [co.ri.ge.sy.re.WorldSurveyRunner/]: W survey progress runId=trek_stubbs_plains_retry_20260804_122930 status=running phase=tile_scan tiles=264/289 microCells=0/4624 tileSpeed=12.84/s microSpeed=0.00/s etaMs=1947
[12:31:02] [Server thread/INFO] [co.ri.ge.sy.re.WorldSurveyRunner/]: W survey progress runId=trek_stubbs_plains_retry_20260804_122930 status=running phase=tile_scan tiles=265/289 microCells=0/4624 tileSpeed=12.84/s microSpeed=0.00/s etaMs=1868
[12:31:02] [Server thread/INFO] [co.ri.ge.sy.re.WorldSurveyRunner/]: W survey progress runId=trek_stubbs_plains_retry_20260804_122930 status=running phase=tile_scan tiles=266/289 microCells=0/4624 tileSpeed=12.86/s microSpeed=0.00/s etaMs=1789
[12:31:02] [Server thread/INFO] [co.ri.ge.sy.re.WorldSurveyRunner/]: W survey progress runId=trek_stubbs_plains_retry_20260804_122930 status=running phase=tile_scan tiles=267/289 microCells=0/4624 tileSpeed=12.86/s microSpeed=0.00/s etaMs=1710
[12:31:02] [Server thread/INFO] [co.ri.ge.sy.re.WorldSurveyRunner/]: W survey progress runId=trek_stubbs_plains_retry_20260804_122930 status=running phase=tile_scan tiles=268/289 microCells=0/4624 tileSpeed=12.87/s microSpeed=0.00/s etaMs=1632
[12:31:02] [Server thread/INFO] [co.ri.ge.sy.re.WorldSurveyRunner/]: W survey progress runId=trek_stubbs_plains_retry_20260804_122930 status=running phase=tile_scan tiles=269/289 microCells=0/4624 tileSpeed=12.85/s microSpeed=0.00/s etaMs=1557
[12:31:02] [geomantia-world-survey-progress/INFO] [co.ri.ge.sy.re.WorldSurveyRunner/]: W survey progress runId=trek_stubbs_plains_retry_20260804_122930 status=running phase=tile_scan tiles=269/289 microCells=0/4624 tileSpeed=12.81/s microSpeed=0.00/s etaMs=1562
[12:31:02] [Server thread/INFO] [co.ri.ge.sy.re.WorldSurveyRunner/]: W survey progress runId=trek_stubbs_plains_retry_20260804_122930 status=running phase=tile_scan tiles=270/289 microCells=0/4624 tileSpeed=12.84/s microSpeed=0.00/s etaMs=1479
[12:31:02] [Server thread/INFO] [co.ri.ge.sy.re.WorldSurveyRunner/]: W survey progress runId=trek_stubbs_plains_retry_20260804_122930 status=running phase=tile_scan tiles=271/289 microCells=0/4624 tileSpeed=12.82/s microSpeed=0.00/s etaMs=1405
[12:31:02] [Server thread/INFO] [co.ri.ge.sy.re.WorldSurveyRunner/]: W survey progress runId=trek_stubbs_plains_retry_20260804_122930 status=running phase=tile_scan tiles=272/289 microCells=0/4624 tileSpeed=12.79/s microSpeed=0.00/s etaMs=1329
[12:31:02] [Server thread/INFO] [co.ri.ge.sy.re.WorldSurveyRunner/]: W survey progress runId=trek_stubbs_plains_retry_20260804_122930 status=running phase=tile_scan tiles=273/289 microCells=0/4624 tileSpeed=12.76/s microSpeed=0.00/s etaMs=1254
[12:31:02] [Server thread/INFO] [co.ri.ge.sy.re.WorldSurveyRunner/]: W survey progress runId=trek_stubbs_plains_retry_20260804_122930 status=running phase=tile_scan tiles=274/289 microCells=0/4624 tileSpeed=12.73/s microSpeed=0.00/s etaMs=1178
[12:31:03] [Server thread/INFO] [co.ri.ge.sy.re.WorldSurveyRunner/]: W survey progress runId=trek_stubbs_plains_retry_20260804_122930 status=running phase=tile_scan tiles=275/289 microCells=0/4624 tileSpeed=12.71/s microSpeed=0.00/s etaMs=1102
[12:31:03] [Server thread/INFO] [co.ri.ge.sy.re.WorldSurveyRunner/]: W survey progress runId=trek_stubbs_plains_retry_20260804_122930 status=running phase=tile_scan tiles=276/289 microCells=0/4624 tileSpeed=12.70/s microSpeed=0.00/s etaMs=1024
[12:31:03] [Server thread/INFO] [co.ri.ge.sy.re.WorldSurveyRunner/]: W survey progress runId=trek_stubbs_plains_retry_20260804_122930 status=running phase=tile_scan tiles=277/289 microCells=0/4624 tileSpeed=12.67/s microSpeed=0.00/s etaMs=947
[12:31:03] [Server thread/INFO] [co.ri.ge.sy.re.WorldSurveyRunner/]: W survey progress runId=trek_stubbs_plains_retry_20260804_122930 status=running phase=tile_scan tiles=278/289 microCells=0/4624 tileSpeed=12.64/s microSpeed=0.00/s etaMs=870
[12:31:03] [geomantia-world-survey-progress/INFO] [co.ri.ge.sy.re.WorldSurveyRunner/]: W survey progress runId=trek_stubbs_plains_retry_20260804_122930 status=running phase=tile_scan tiles=278/289 microCells=0/4624 tileSpeed=12.63/s microSpeed=0.00/s etaMs=871
[12:31:03] [Server thread/INFO] [co.ri.ge.sy.re.WorldSurveyRunner/]: W survey progress runId=trek_stubbs_plains_retry_20260804_122930 status=running phase=tile_scan tiles=279/289 microCells=0/4624 tileSpeed=12.62/s microSpeed=0.00/s etaMs=793
[12:31:03] [Server thread/INFO] [co.ri.ge.sy.re.WorldSurveyRunner/]: W survey progress runId=trek_stubbs_plains_retry_20260804_122930 status=running phase=tile_scan tiles=280/289 microCells=0/4624 tileSpeed=12.60/s microSpeed=0.00/s etaMs=714
[12:31:03] [Server thread/INFO] [co.ri.ge.sy.re.WorldSurveyRunner/]: W survey progress runId=trek_stubbs_plains_retry_20260804_122930 status=running phase=tile_scan tiles=281/289 microCells=0/4624 tileSpeed=12.59/s microSpeed=0.00/s etaMs=635
[12:31:03] [Server thread/INFO] [co.ri.ge.sy.re.WorldSurveyRunner/]: W survey progress runId=trek_stubbs_plains_retry_20260804_122930 status=running phase=tile_scan tiles=282/289 microCells=0/4624 tileSpeed=12.60/s microSpeed=0.00/s etaMs=556
[12:31:03] [Server thread/INFO] [co.ri.ge.sy.re.WorldSurveyRunner/]: W survey progress runId=trek_stubbs_plains_retry_20260804_122930 status=running phase=tile_scan tiles=283/289 microCells=0/4624 tileSpeed=12.61/s microSpeed=0.00/s etaMs=476
[12:31:03] [Server thread/INFO] [co.ri.ge.sy.re.WorldSurveyRunner/]: W survey progress runId=trek_stubbs_plains_retry_20260804_122930 status=running phase=tile_scan tiles=284/289 microCells=0/4624 tileSpeed=12.62/s microSpeed=0.00/s etaMs=396
[12:31:04] [Server thread/INFO] [co.ri.ge.sy.re.WorldSurveyRunner/]: W survey progress runId=trek_stubbs_plains_retry_20260804_122930 status=running phase=tile_scan tiles=285/289 microCells=0/4624 tileSpeed=12.64/s microSpeed=0.00/s etaMs=317
[12:31:04] [Server thread/INFO] [co.ri.ge.sy.re.WorldSurveyRunner/]: W survey progress runId=trek_stubbs_plains_retry_20260804_122930 status=running phase=tile_scan tiles=286/289 microCells=0/4624 tileSpeed=12.61/s microSpeed=0.00/s etaMs=238
[12:31:04] [Server thread/INFO] [co.ri.ge.sy.re.WorldSurveyRunner/]: W survey progress runId=trek_stubbs_plains_retry_20260804_122930 status=running phase=tile_scan tiles=287/289 microCells=0/4624 tileSpeed=12.57/s microSpeed=0.00/s etaMs=159
[12:31:04] [Server thread/INFO] [co.ri.ge.sy.re.WorldSurveyRunner/]: W survey progress runId=trek_stubbs_plains_retry_20260804_122930 status=running phase=tile_scan tiles=288/289 microCells=0/4624 tileSpeed=12.53/s microSpeed=0.00/s etaMs=80
[12:31:04] [geomantia-world-survey-progress/INFO] [co.ri.ge.sy.re.WorldSurveyRunner/]: W survey progress runId=trek_stubbs_plains_retry_20260804_122930 status=running phase=tile_scan tiles=288/289 microCells=0/4624 tileSpeed=12.52/s microSpeed=0.00/s etaMs=80
[12:31:04] [Server thread/INFO] [co.ri.ge.sy.re.WorldSurveyRunner/]: W survey progress runId=trek_stubbs_plains_retry_20260804_122930 status=running phase=tile_scan tiles=289/289 microCells=0/4624 tileSpeed=12.50/s microSpeed=0.00/s etaMs=-1
[12:31:04] [Server thread/INFO] [co.ri.ge.sy.re.WorldSurveyRunner/]: W survey progress runId=trek_stubbs_plains_retry_20260804_122930 status=running phase=micro_sampling tiles=289/289 microCells=0/4624 tileSpeed=12.50/s microSpeed=0.00/s etaMs=-1
[12:31:04] [Render thread/INFO] [minecraft/ChatComponent]: [System] [CHAT] [Geomantia] W scan micro cells 0/4624 (0.0%), ETA calculating
[12:31:05] [geomantia-world-survey-progress/INFO] [co.ri.ge.sy.re.WorldSurveyRunner/]: W survey progress runId=trek_stubbs_plains_retry_20260804_122930 status=running phase=micro_sampling tiles=289/289 microCells=54/4624 tileSpeed=12.04/s microSpeed=61.36/s etaMs=74474
[12:31:06] [geomantia-world-survey-progress/INFO] [co.ri.ge.sy.re.WorldSurveyRunner/]: W survey progress runId=trek_stubbs_plains_retry_20260804_122930 status=running phase=micro_sampling tiles=289/289 microCells=123/4624 tileSpeed=11.56/s microSpeed=65.29/s etaMs=68942
[12:31:07] [geomantia-world-survey-progress/INFO] [co.ri.ge.sy.re.WorldSurveyRunner/]: W survey progress runId=trek_stubbs_plains_retry_20260804_122930 status=running phase=micro_sampling tiles=289/289 microCells=207/4624 tileSpeed=11.11/s microSpeed=71.90/s etaMs=61433
[12:31:08] [geomantia-world-survey-progress/INFO] [co.ri.ge.sy.re.WorldSurveyRunner/]: W survey progress runId=trek_stubbs_plains_retry_20260804_122930 status=running phase=micro_sampling tiles=289/289 microCells=295/4624 tileSpeed=10.69/s microSpeed=75.60/s etaMs=57260
[12:31:09] [geomantia-world-survey-progress/INFO] [co.ri.ge.sy.re.WorldSurveyRunner/]: W survey progress runId=trek_stubbs_plains_retry_20260804_122930 status=running phase=micro_sampling tiles=289/289 microCells=368/4624 tileSpeed=10.32/s microSpeed=75.27/s etaMs=56542
[12:31:10] [geomantia-world-survey-progress/INFO] [co.ri.ge.sy.re.WorldSurveyRunner/]: W survey progress runId=trek_stubbs_plains_retry_20260804_122930 status=running phase=micro_sampling tiles=289/289 microCells=447/4624 tileSpeed=9.96/s microSpeed=75.81/s etaMs=55095
[12:31:10] [Render thread/INFO] [minecraft/ChatComponent]: [System] [CHAT] [Geomantia] W scan micro cells 447/4624 (9.7%), ETA 55s
[12:31:11] [geomantia-world-survey-progress/INFO] [co.ri.ge.sy.re.WorldSurveyRunner/]: W survey progress runId=trek_stubbs_plains_retry_20260804_122930 status=running phase=micro_sampling tiles=289/289 microCells=531/4624 tileSpeed=9.63/s microSpeed=77.14/s etaMs=53063
[12:31:12] [geomantia-world-survey-progress/INFO] [co.ri.ge.sy.re.WorldSurveyRunner/]: W survey progress runId=trek_stubbs_plains_retry_20260804_122930 status=running phase=micro_sampling tiles=289/289 microCells=606/4624 tileSpeed=9.32/s microSpeed=76.92/s etaMs=52234
[12:31:13] [geomantia-world-survey-progress/INFO] [co.ri.ge.sy.re.WorldSurveyRunner/]: W survey progress runId=trek_stubbs_plains_retry_20260804_122930 status=running phase=micro_sampling tiles=289/289 microCells=687/4624 tileSpeed=9.03/s microSpeed=77.25/s etaMs=50963
[12:31:14] [geomantia-world-survey-progress/INFO] [co.ri.ge.sy.re.WorldSurveyRunner/]: W survey progress runId=trek_stubbs_plains_retry_20260804_122930 status=running phase=micro_sampling tiles=289/289 microCells=764/4624 tileSpeed=8.75/s microSpeed=77.20/s etaMs=49998
[12:31:15] [geomantia-world-survey-progress/INFO] [co.ri.ge.sy.re.WorldSurveyRunner/]: W survey progress runId=trek_stubbs_plains_retry_20260804_122930 status=running phase=micro_sampling tiles=289/289 microCells=842/4624 tileSpeed=8.50/s microSpeed=77.30/s etaMs=48928
[12:31:15] [Render thread/INFO] [minecraft/ChatComponent]: [System] [CHAT] [Geomantia] W scan micro cells 842/4624 (18.2%), ETA 48s
[12:31:16] [geomantia-world-survey-progress/INFO] [co.ri.ge.sy.re.WorldSurveyRunner/]: W survey progress runId=trek_stubbs_plains_retry_20260804_122930 status=running phase=micro_sampling tiles=289/289 microCells=908/4624 tileSpeed=8.26/s microSpeed=76.41/s etaMs=48635
[12:31:17] [geomantia-world-survey-progress/INFO] [co.ri.ge.sy.re.WorldSurveyRunner/]: W survey progress runId=trek_stubbs_plains_retry_20260804_122930 status=running phase=micro_sampling tiles=289/289 microCells=975/4624 tileSpeed=8.02/s microSpeed=75.64/s etaMs=48242
[12:31:18] [geomantia-world-survey-progress/INFO] [co.ri.ge.sy.re.WorldSurveyRunner/]: W survey progress runId=trek_stubbs_plains_retry_20260804_122930 status=running phase=micro_sampling tiles=289/289 microCells=1029/4624 tileSpeed=7.80/s microSpeed=74.01/s etaMs=48573
[12:31:19] [geomantia-world-survey-progress/INFO] [co.ri.ge.sy.re.WorldSurveyRunner/]: W survey progress runId=trek_stubbs_plains_retry_20260804_122930 status=running phase=micro_sampling tiles=289/289 microCells=1082/4624 tileSpeed=7.60/s microSpeed=72.61/s etaMs=48779
[12:31:20] [geomantia-world-survey-progress/INFO] [co.ri.ge.sy.re.WorldSurveyRunner/]: W survey progress runId=trek_stubbs_plains_retry_20260804_122930 status=running phase=micro_sampling tiles=289/289 microCells=1134/4624 tileSpeed=7.41/s microSpeed=71.37/s etaMs=48900
[12:31:20] [Render thread/INFO] [minecraft/ChatComponent]: [System] [CHAT] [Geomantia] W scan micro cells 1134/4624 (24.5%), ETA 48s
[12:31:21] [geomantia-world-survey-progress/INFO] [co.ri.ge.sy.re.WorldSurveyRunner/]: W survey progress runId=trek_stubbs_plains_retry_20260804_122930 status=running phase=micro_sampling tiles=289/289 microCells=1187/4624 tileSpeed=7.22/s microSpeed=70.26/s etaMs=48920
[12:31:22] [geomantia-world-survey-progress/INFO] [co.ri.ge.sy.re.WorldSurveyRunner/]: W survey progress runId=trek_stubbs_plains_retry_20260804_122930 status=running phase=micro_sampling tiles=289/289 microCells=1237/4624 tileSpeed=7.05/s microSpeed=69.20/s etaMs=48949
[12:31:23] [geomantia-world-survey-progress/INFO] [co.ri.ge.sy.re.WorldSurveyRunner/]: W survey progress runId=trek_stubbs_plains_retry_20260804_122930 status=running phase=micro_sampling tiles=289/289 microCells=1289/4624 tileSpeed=6.88/s microSpeed=68.22/s etaMs=48884
[12:31:24] [geomantia-world-survey-progress/INFO] [co.ri.ge.sy.re.WorldSurveyRunner/]: W survey progress runId=trek_stubbs_plains_retry_20260804_122930 status=running phase=micro_sampling tiles=289/289 microCells=1335/4624 tileSpeed=6.72/s microSpeed=67.14/s etaMs=48990
[12:31:25] [geomantia-world-survey-progress/INFO] [co.ri.ge.sy.re.WorldSurveyRunner/]: W survey progress runId=trek_stubbs_plains_retry_20260804_122930 status=running phase=micro_sampling tiles=289/289 microCells=1384/4624 tileSpeed=6.57/s microSpeed=66.27/s etaMs=48890
[12:31:26] [geomantia-world-survey-progress/INFO] [co.ri.ge.sy.re.WorldSurveyRunner/]: W survey progress runId=trek_stubbs_plains_retry_20260804_122930 status=running phase=micro_sampling tiles=289/289 microCells=1430/4624 tileSpeed=6.42/s microSpeed=65.36/s etaMs=48866
[12:31:26] [Render thread/INFO] [minecraft/ChatComponent]: [System] [CHAT] [Geomantia] W scan micro cells 1430/4624 (30.9%), ETA 48s
[12:31:27] [geomantia-world-survey-progress/INFO] [co.ri.ge.sy.re.WorldSurveyRunner/]: W survey progress runId=trek_stubbs_plains_retry_20260804_122930 status=running phase=micro_sampling tiles=289/289 microCells=1477/4624 tileSpeed=6.28/s microSpeed=64.55/s etaMs=48754
[12:31:28] [geomantia-world-survey-progress/INFO] [co.ri.ge.sy.re.WorldSurveyRunner/]: W survey progress runId=trek_stubbs_plains_retry_20260804_122930 status=running phase=micro_sampling tiles=289/289 microCells=1525/4624 tileSpeed=6.15/s microSpeed=63.85/s etaMs=48537
[12:31:29] [geomantia-world-survey-progress/INFO] [co.ri.ge.sy.re.WorldSurveyRunner/]: W survey progress runId=trek_stubbs_plains_retry_20260804_122930 status=running phase=micro_sampling tiles=289/289 microCells=1577/4624 tileSpeed=6.02/s microSpeed=63.36/s etaMs=48087
[12:31:30] [geomantia-world-survey-progress/INFO] [co.ri.ge.sy.re.WorldSurveyRunner/]: W survey progress runId=trek_stubbs_plains_retry_20260804_122930 status=running phase=micro_sampling tiles=289/289 microCells=1648/4624 tileSpeed=5.90/s microSpeed=63.64/s etaMs=46765
[12:31:31] [geomantia-world-survey-progress/INFO] [co.ri.ge.sy.re.WorldSurveyRunner/]: W survey progress runId=trek_stubbs_plains_retry_20260804_122930 status=running phase=micro_sampling tiles=289/289 microCells=1723/4624 tileSpeed=5.78/s microSpeed=64.09/s etaMs=45263
[12:31:31] [Render thread/INFO] [minecraft/ChatComponent]: [System] [CHAT] [Geomantia] W scan micro cells 1723/4624 (37.3%), ETA 45s
[12:31:32] [geomantia-world-survey-progress/INFO] [co.ri.ge.sy.re.WorldSurveyRunner/]: W survey progress runId=trek_stubbs_plains_retry_20260804_122930 status=running phase=micro_sampling tiles=289/289 microCells=1795/4624 tileSpeed=5.67/s microSpeed=64.38/s etaMs=43942
[12:31:33] [geomantia-world-survey-progress/INFO] [co.ri.ge.sy.re.WorldSurveyRunner/]: W survey progress runId=trek_stubbs_plains_retry_20260804_122930 status=running phase=micro_sampling tiles=289/289 microCells=1851/4624 tileSpeed=5.56/s microSpeed=64.05/s etaMs=43295
[12:31:34] [geomantia-world-survey-progress/INFO] [co.ri.ge.sy.re.WorldSurveyRunner/]: W survey progress runId=trek_stubbs_plains_retry_20260804_122930 status=running phase=micro_sampling tiles=289/289 microCells=1920/4624 tileSpeed=5.45/s microSpeed=64.25/s etaMs=42088
[12:31:35] [geomantia-world-survey-progress/INFO] [co.ri.ge.sy.re.WorldSurveyRunner/]: W survey progress runId=trek_stubbs_plains_retry_20260804_122930 status=running phase=micro_sampling tiles=289/289 microCells=1984/4624 tileSpeed=5.35/s microSpeed=64.25/s etaMs=41092
[12:31:36] [geomantia-world-survey-progress/INFO] [co.ri.ge.sy.re.WorldSurveyRunner/]: W survey progress runId=trek_stubbs_plains_retry_20260804_122930 status=running phase=micro_sampling tiles=289/289 microCells=2058/4624 tileSpeed=5.25/s microSpeed=64.53/s etaMs=39764
[12:31:37] [geomantia-world-survey-progress/INFO] [co.ri.ge.sy.re.WorldSurveyRunner/]: W survey progress runId=trek_stubbs_plains_retry_20260804_122930 status=running phase=micro_sampling tiles=289/289 microCells=2115/4624 tileSpeed=5.16/s microSpeed=64.31/s etaMs=39012
[12:31:37] [Render thread/INFO] [minecraft/ChatComponent]: [System] [CHAT] [Geomantia] W scan micro cells 2115/4624 (45.7%), ETA 39s
[12:31:38] [geomantia-world-survey-progress/INFO] [co.ri.ge.sy.re.WorldSurveyRunner/]: W survey progress runId=trek_stubbs_plains_retry_20260804_122930 status=running phase=micro_sampling tiles=289/289 microCells=2183/4624 tileSpeed=5.07/s microSpeed=64.41/s etaMs=37898
[12:31:39] [geomantia-world-survey-progress/INFO] [co.ri.ge.sy.re.WorldSurveyRunner/]: W survey progress runId=trek_stubbs_plains_retry_20260804_122930 status=running phase=micro_sampling tiles=289/289 microCells=2251/4624 tileSpeed=4.98/s microSpeed=64.52/s etaMs=36782
[12:31:40] [geomantia-world-survey-progress/INFO] [co.ri.ge.sy.re.WorldSurveyRunner/]: W survey progress runId=trek_stubbs_plains_retry_20260804_122930 status=running phase=micro_sampling tiles=289/289 microCells=2333/4624 tileSpeed=4.90/s microSpeed=65.00/s etaMs=35244
[12:31:41] [geomantia-world-survey-progress/INFO] [co.ri.ge.sy.re.WorldSurveyRunner/]: W survey progress runId=trek_stubbs_plains_retry_20260804_122930 status=running phase=micro_sampling tiles=289/289 microCells=2423/4624 tileSpeed=4.81/s microSpeed=65.66/s etaMs=33521
[12:31:42] [geomantia-world-survey-progress/INFO] [co.ri.ge.sy.re.WorldSurveyRunner/]: W survey progress runId=trek_stubbs_plains_retry_20260804_122930 status=running phase=micro_sampling tiles=289/289 microCells=2508/4624 tileSpeed=4.74/s microSpeed=66.20/s etaMs=31964
[12:31:42] [Render thread/INFO] [minecraft/ChatComponent]: [System] [CHAT] [Geomantia] W scan micro cells 2508/4624 (54.2%), ETA 31s
[12:31:43] [geomantia-world-survey-progress/INFO] [co.ri.ge.sy.re.WorldSurveyRunner/]: W survey progress runId=trek_stubbs_plains_retry_20260804_122930 status=running phase=micro_sampling tiles=289/289 microCells=2594/4624 tileSpeed=4.66/s microSpeed=66.69/s etaMs=30441
[12:31:44] [geomantia-world-survey-progress/INFO] [co.ri.ge.sy.re.WorldSurveyRunner/]: W survey progress runId=trek_stubbs_plains_retry_20260804_122930 status=running phase=micro_sampling tiles=289/289 microCells=2689/4624 tileSpeed=4.59/s microSpeed=67.42/s etaMs=28700
[12:31:45] [geomantia-world-survey-progress/INFO] [co.ri.ge.sy.re.WorldSurveyRunner/]: W survey progress runId=trek_stubbs_plains_retry_20260804_122930 status=running phase=micro_sampling tiles=289/289 microCells=2779/4624 tileSpeed=4.51/s microSpeed=67.95/s etaMs=27152
[12:31:46] [geomantia-world-survey-progress/INFO] [co.ri.ge.sy.re.WorldSurveyRunner/]: W survey progress runId=trek_stubbs_plains_retry_20260804_122930 status=running phase=micro_sampling tiles=289/289 microCells=2861/4624 tileSpeed=4.44/s microSpeed=68.29/s etaMs=25817
[12:31:47] [geomantia-world-survey-progress/INFO] [co.ri.ge.sy.re.WorldSurveyRunner/]: W survey progress runId=trek_stubbs_plains_retry_20260804_122930 status=running phase=micro_sampling tiles=289/289 microCells=2937/4624 tileSpeed=4.38/s microSpeed=68.47/s etaMs=24637
[12:31:47] [Render thread/INFO] [minecraft/ChatComponent]: [System] [CHAT] [Geomantia] W scan micro cells 2937/4624 (63.5%), ETA 24s
[12:31:48] [geomantia-world-survey-progress/INFO] [co.ri.ge.sy.re.WorldSurveyRunner/]: W survey progress runId=trek_stubbs_plains_retry_20260804_122930 status=running phase=micro_sampling tiles=289/289 microCells=3005/4624 tileSpeed=4.31/s microSpeed=68.46/s etaMs=23648
[12:31:49] [geomantia-world-survey-progress/INFO] [co.ri.ge.sy.re.WorldSurveyRunner/]: W survey progress runId=trek_stubbs_plains_retry_20260804_122930 status=running phase=micro_sampling tiles=289/289 microCells=3078/4624 tileSpeed=4.25/s microSpeed=68.56/s etaMs=22549
[12:31:50] [geomantia-world-survey-progress/INFO] [co.ri.ge.sy.re.WorldSurveyRunner/]: W survey progress runId=trek_stubbs_plains_retry_20260804_122930 status=running phase=micro_sampling tiles=289/289 microCells=3145/4624 tileSpeed=4.19/s microSpeed=68.53/s etaMs=21581
[12:31:51] [geomantia-world-survey-progress/INFO] [co.ri.ge.sy.re.WorldSurveyRunner/]: W survey progress runId=trek_stubbs_plains_retry_20260804_122930 status=running phase=micro_sampling tiles=289/289 microCells=3209/4624 tileSpeed=4.13/s microSpeed=68.43/s etaMs=20679
[12:31:52] [geomantia-world-survey-progress/INFO] [co.ri.ge.sy.re.WorldSurveyRunner/]: W survey progress runId=trek_stubbs_plains_retry_20260804_122930 status=running phase=micro_sampling tiles=289/289 microCells=3269/4624 tileSpeed=4.07/s microSpeed=68.25/s etaMs=19852
[12:31:52] [Render thread/INFO] [minecraft/ChatComponent]: [System] [CHAT] [Geomantia] W scan micro cells 3269/4624 (70.7%), ETA 19s
[12:31:53] [geomantia-world-survey-progress/INFO] [co.ri.ge.sy.re.WorldSurveyRunner/]: W survey progress runId=trek_stubbs_plains_retry_20260804_122930 status=running phase=micro_sampling tiles=289/289 microCells=3328/4624 tileSpeed=4.01/s microSpeed=68.08/s etaMs=19035
[12:31:54] [geomantia-world-survey-progress/INFO] [co.ri.ge.sy.re.WorldSurveyRunner/]: W survey progress runId=trek_stubbs_plains_retry_20260804_122930 status=running phase=micro_sampling tiles=289/289 microCells=3375/4624 tileSpeed=3.96/s microSpeed=67.65/s etaMs=18464
[12:31:55] [geomantia-world-survey-progress/INFO] [co.ri.ge.sy.re.WorldSurveyRunner/]: W survey progress runId=trek_stubbs_plains_retry_20260804_122930 status=running phase=micro_sampling tiles=289/289 microCells=3423/4624 tileSpeed=3.91/s microSpeed=67.27/s etaMs=17853
[12:31:56] [geomantia-world-survey-progress/INFO] [co.ri.ge.sy.re.WorldSurveyRunner/]: W survey progress runId=trek_stubbs_plains_retry_20260804_122930 status=running phase=micro_sampling tiles=289/289 microCells=3469/4624 tileSpeed=3.85/s microSpeed=66.85/s etaMs=17278
[12:31:57] [geomantia-world-survey-progress/INFO] [co.ri.ge.sy.re.WorldSurveyRunner/]: W survey progress runId=trek_stubbs_plains_retry_20260804_122930 status=running phase=micro_sampling tiles=289/289 microCells=3513/4624 tileSpeed=3.80/s microSpeed=66.41/s etaMs=16729
[12:31:58] [geomantia-world-survey-progress/INFO] [co.ri.ge.sy.re.WorldSurveyRunner/]: W survey progress runId=trek_stubbs_plains_retry_20260804_122930 status=running phase=micro_sampling tiles=289/289 microCells=3549/4624 tileSpeed=3.75/s microSpeed=65.86/s etaMs=16324
[12:31:58] [Render thread/INFO] [minecraft/ChatComponent]: [System] [CHAT] [Geomantia] W scan micro cells 3549/4624 (76.8%), ETA 16s
[12:31:59] [geomantia-world-survey-progress/INFO] [co.ri.ge.sy.re.WorldSurveyRunner/]: W survey progress runId=trek_stubbs_plains_retry_20260804_122930 status=running phase=micro_sampling tiles=289/289 microCells=3581/4624 tileSpeed=3.70/s microSpeed=65.23/s etaMs=15988
[12:32:00] [geomantia-world-survey-progress/INFO] [co.ri.ge.sy.re.WorldSurveyRunner/]: W survey progress runId=trek_stubbs_plains_retry_20260804_122930 status=running phase=micro_sampling tiles=289/289 microCells=3620/4624 tileSpeed=3.66/s microSpeed=64.76/s etaMs=15503
[12:32:01] [geomantia-world-survey-progress/INFO] [co.ri.ge.sy.re.WorldSurveyRunner/]: W survey progress runId=trek_stubbs_plains_retry_20260804_122930 status=running phase=micro_sampling tiles=289/289 microCells=3659/4624 tileSpeed=3.61/s microSpeed=64.31/s etaMs=15004
[12:32:02] [geomantia-world-survey-progress/INFO] [co.ri.ge.sy.re.WorldSurveyRunner/]: W survey progress runId=trek_stubbs_plains_retry_20260804_122930 status=running phase=micro_sampling tiles=289/289 microCells=3700/4624 tileSpeed=3.57/s microSpeed=63.92/s etaMs=14456
[12:32:03] [geomantia-world-survey-progress/INFO] [co.ri.ge.sy.re.WorldSurveyRunner/]: W survey progress runId=trek_stubbs_plains_retry_20260804_122930 status=running phase=micro_sampling tiles=289/289 microCells=3745/4624 tileSpeed=3.52/s microSpeed=63.58/s etaMs=13824
[12:32:03] [Render thread/INFO] [minecraft/ChatComponent]: [System] [CHAT] [Geomantia] W scan micro cells 3745/4624 (81.0%), ETA 13s
[12:32:04] [geomantia-world-survey-progress/INFO] [co.ri.ge.sy.re.WorldSurveyRunner/]: W survey progress runId=trek_stubbs_plains_retry_20260804_122930 status=running phase=micro_sampling tiles=289/289 microCells=3789/4624 tileSpeed=3.48/s microSpeed=63.26/s etaMs=13199
[12:32:05] [geomantia-world-survey-progress/INFO] [co.ri.ge.sy.re.WorldSurveyRunner/]: W survey progress runId=trek_stubbs_plains_retry_20260804_122930 status=running phase=micro_sampling tiles=289/289 microCells=3832/4624 tileSpeed=3.44/s microSpeed=62.93/s etaMs=12585
[12:32:06] [geomantia-world-survey-progress/INFO] [co.ri.ge.sy.re.WorldSurveyRunner/]: W survey progress runId=trek_stubbs_plains_retry_20260804_122930 status=running phase=micro_sampling tiles=289/289 microCells=3876/4624 tileSpeed=3.40/s microSpeed=62.63/s etaMs=11942
[12:32:07] [geomantia-world-survey-progress/INFO] [co.ri.ge.sy.re.WorldSurveyRunner/]: W survey progress runId=trek_stubbs_plains_retry_20260804_122930 status=running phase=micro_sampling tiles=289/289 microCells=3910/4624 tileSpeed=3.36/s microSpeed=62.17/s etaMs=11485
[12:32:08] [geomantia-world-survey-progress/INFO] [co.ri.ge.sy.re.WorldSurveyRunner/]: W survey progress runId=trek_stubbs_plains_retry_20260804_122930 status=running phase=micro_sampling tiles=289/289 microCells=3957/4624 tileSpeed=3.32/s microSpeed=61.94/s etaMs=10768
[12:32:09] [geomantia-world-survey-progress/INFO] [co.ri.ge.sy.re.WorldSurveyRunner/]: W survey progress runId=trek_stubbs_plains_retry_20260804_122930 status=running phase=micro_sampling tiles=289/289 microCells=4002/4624 tileSpeed=3.28/s microSpeed=61.67/s etaMs=10086
[12:32:09] [Render thread/INFO] [minecraft/ChatComponent]: [System] [CHAT] [Geomantia] W scan micro cells 4002/4624 (86.5%), ETA 10s
[12:32:10] [geomantia-world-survey-progress/INFO] [co.ri.ge.sy.re.WorldSurveyRunner/]: W survey progress runId=trek_stubbs_plains_retry_20260804_122930 status=running phase=micro_sampling tiles=289/289 microCells=4040/4624 tileSpeed=3.25/s microSpeed=61.31/s etaMs=9525
[12:32:11] [geomantia-world-survey-progress/INFO] [co.ri.ge.sy.re.WorldSurveyRunner/]: W survey progress runId=trek_stubbs_plains_retry_20260804_122930 status=running phase=micro_sampling tiles=289/289 microCells=4079/4624 tileSpeed=3.21/s microSpeed=60.98/s etaMs=8938
[12:32:12] [geomantia-world-survey-progress/INFO] [co.ri.ge.sy.re.WorldSurveyRunner/]: W survey progress runId=trek_stubbs_plains_retry_20260804_122930 status=running phase=micro_sampling tiles=289/289 microCells=4131/4624 tileSpeed=3.17/s microSpeed=60.84/s etaMs=8104
[12:32:13] [geomantia-world-survey-progress/INFO] [co.ri.ge.sy.re.WorldSurveyRunner/]: W survey progress runId=trek_stubbs_plains_retry_20260804_122930 status=running phase=micro_sampling tiles=289/289 microCells=4192/4624 tileSpeed=3.14/s microSpeed=60.85/s etaMs=7099
[12:32:14] [geomantia-world-survey-progress/INFO] [co.ri.ge.sy.re.WorldSurveyRunner/]: W survey progress runId=trek_stubbs_plains_retry_20260804_122930 status=running phase=micro_sampling tiles=289/289 microCells=4249/4624 tileSpeed=3.11/s microSpeed=60.81/s etaMs=6167
[12:32:15] [geomantia-world-survey-progress/INFO] [co.ri.ge.sy.re.WorldSurveyRunner/]: W survey progress runId=trek_stubbs_plains_retry_20260804_122930 status=running phase=micro_sampling tiles=289/289 microCells=4304/4624 tileSpeed=3.07/s microSpeed=60.72/s etaMs=5270
[12:32:15] [Render thread/INFO] [minecraft/ChatComponent]: [System] [CHAT] [Geomantia] W scan micro cells 4304/4624 (93.1%), ETA 5s
[12:32:16] [geomantia-world-survey-progress/INFO] [co.ri.ge.sy.re.WorldSurveyRunner/]: W survey progress runId=trek_stubbs_plains_retry_20260804_122930 status=running phase=micro_sampling tiles=289/289 microCells=4348/4624 tileSpeed=3.04/s microSpeed=60.49/s etaMs=4563
[12:32:17] [geomantia-world-survey-progress/INFO] [co.ri.ge.sy.re.WorldSurveyRunner/]: W survey progress runId=trek_stubbs_plains_retry_20260804_122930 status=running phase=micro_sampling tiles=289/289 microCells=4390/4624 tileSpeed=3.01/s microSpeed=60.24/s etaMs=3885
[12:32:18] [geomantia-world-survey-progress/INFO] [co.ri.ge.sy.re.WorldSurveyRunner/]: W survey progress runId=trek_stubbs_plains_retry_20260804_122930 status=running phase=micro_sampling tiles=289/289 microCells=4417/4624 tileSpeed=2.98/s microSpeed=59.79/s etaMs=3462
[12:32:19] [geomantia-world-survey-progress/INFO] [co.ri.ge.sy.re.WorldSurveyRunner/]: W survey progress runId=trek_stubbs_plains_retry_20260804_122930 status=running phase=micro_sampling tiles=289/289 microCells=4433/4624 tileSpeed=2.95/s microSpeed=59.20/s etaMs=3226
[12:32:20] [geomantia-world-survey-progress/INFO] [co.ri.ge.sy.re.WorldSurveyRunner/]: W survey progress runId=trek_stubbs_plains_retry_20260804_122930 status=running phase=micro_sampling tiles=289/289 microCells=4452/4624 tileSpeed=2.92/s microSpeed=58.67/s etaMs=2931
[12:32:20] [Render thread/INFO] [minecraft/ChatComponent]: [System] [CHAT] [Geomantia] W scan micro cells 4452/4624 (96.3%), ETA 2s
[12:32:21] [geomantia-world-survey-progress/INFO] [co.ri.ge.sy.re.WorldSurveyRunner/]: W survey progress runId=trek_stubbs_plains_retry_20260804_122930 status=running phase=micro_sampling tiles=289/289 microCells=4473/4624 tileSpeed=2.89/s microSpeed=58.18/s etaMs=2595
[12:32:22] [geomantia-world-survey-progress/INFO] [co.ri.ge.sy.re.WorldSurveyRunner/]: W survey progress runId=trek_stubbs_plains_retry_20260804_122930 status=running phase=micro_sampling tiles=289/289 microCells=4491/4624 tileSpeed=2.86/s microSpeed=57.67/s etaMs=2306
[12:32:23] [geomantia-world-survey-progress/INFO] [co.ri.ge.sy.re.WorldSurveyRunner/]: W survey progress runId=trek_stubbs_plains_retry_20260804_122930 status=running phase=micro_sampling tiles=289/289 microCells=4506/4624 tileSpeed=2.83/s microSpeed=57.13/s etaMs=2066
[12:32:24] [geomantia-world-survey-progress/INFO] [co.ri.ge.sy.re.WorldSurveyRunner/]: W survey progress runId=trek_stubbs_plains_retry_20260804_122930 status=running phase=micro_sampling tiles=289/289 microCells=4516/4624 tileSpeed=2.81/s microSpeed=56.54/s etaMs=1910
[12:32:25] [geomantia-world-survey-progress/INFO] [co.ri.ge.sy.re.WorldSurveyRunner/]: W survey progress runId=trek_stubbs_plains_retry_20260804_122930 status=running phase=micro_sampling tiles=289/289 microCells=4532/4624 tileSpeed=2.78/s microSpeed=56.04/s etaMs=1642
[12:32:26] [geomantia-world-survey-progress/INFO] [co.ri.ge.sy.re.WorldSurveyRunner/]: W survey progress runId=trek_stubbs_plains_retry_20260804_122930 status=running phase=micro_sampling tiles=289/289 microCells=4549/4624 tileSpeed=2.75/s microSpeed=55.56/s etaMs=1350
[12:32:26] [Render thread/INFO] [minecraft/ChatComponent]: [System] [CHAT] [Geomantia] W scan micro cells 4549/4624 (98.4%), ETA 1s
[12:32:27] [geomantia-world-survey-progress/INFO] [co.ri.ge.sy.re.WorldSurveyRunner/]: W survey progress runId=trek_stubbs_plains_retry_20260804_122930 status=running phase=micro_sampling tiles=289/289 microCells=4566/4624 tileSpeed=2.73/s microSpeed=55.09/s etaMs=1053
[12:32:28] [geomantia-world-survey-progress/INFO] [co.ri.ge.sy.re.WorldSurveyRunner/]: W survey progress runId=trek_stubbs_plains_retry_20260804_122930 status=running phase=micro_sampling tiles=289/289 microCells=4586/4624 tileSpeed=2.70/s microSpeed=54.68/s etaMs=695
[12:32:29] [geomantia-world-survey-progress/INFO] [co.ri.ge.sy.re.WorldSurveyRunner/]: W survey progress runId=trek_stubbs_plains_retry_20260804_122930 status=running phase=micro_sampling tiles=289/289 microCells=4593/4624 tileSpeed=2.68/s microSpeed=54.11/s etaMs=573
[12:32:30] [geomantia-world-survey-progress/INFO] [co.ri.ge.sy.re.WorldSurveyRunner/]: W survey progress runId=trek_stubbs_plains_retry_20260804_122930 status=running phase=micro_sampling tiles=289/289 microCells=4602/4624 tileSpeed=2.65/s microSpeed=53.59/s etaMs=411
[12:32:31] [geomantia-world-survey-progress/INFO] [co.ri.ge.sy.re.WorldSurveyRunner/]: W survey progress runId=trek_stubbs_plains_retry_20260804_122930 status=running phase=micro_sampling tiles=289/289 microCells=4611/4624 tileSpeed=2.63/s microSpeed=53.08/s etaMs=245
[12:32:32] [geomantia-world-survey-progress/INFO] [co.ri.ge.sy.re.WorldSurveyRunner/]: W survey progress runId=trek_stubbs_plains_retry_20260804_122930 status=running phase=micro_sampling tiles=289/289 microCells=4616/4624 tileSpeed=2.60/s microSpeed=52.53/s etaMs=152
[12:32:32] [Render thread/INFO] [minecraft/ChatComponent]: [System] [CHAT] [Geomantia] W scan micro cells 4616/4624 (99.8%), ETA 0s
[12:32:33] [geomantia-world-survey-progress/INFO] [co.ri.ge.sy.re.WorldSurveyRunner/]: W survey progress runId=trek_stubbs_plains_retry_20260804_122930 status=running phase=micro_sampling tiles=289/289 microCells=4621/4624 tileSpeed=2.58/s microSpeed=51.99/s etaMs=58
[12:32:34] [geomantia-world-survey-progress/INFO] [co.ri.ge.sy.re.WorldSurveyRunner/]: W survey progress runId=trek_stubbs_plains_retry_20260804_122930 status=running phase=micro_sampling tiles=289/289 microCells=4624/4624 tileSpeed=2.56/s microSpeed=51.45/s etaMs=0
[12:32:35] [Server thread/INFO] [co.ri.ge.sy.re.WorldSurveyRunner/]: W survey progress runId=trek_stubbs_plains_retry_20260804_122930 status=completed phase=complete tiles=289/289 microCells=4624/4624 tileSpeed=2.54/s microSpeed=51.11/s etaMs=0
[12:32:35] [Server thread/INFO] [co.ri.ge.sy.re.WorldSurveyRunner/]: W survey progress runId=trek_stubbs_plains_retry_20260804_122930 status=completed phase=complete tiles=289/289 microCells=4624/4624 tileSpeed=2.54/s microSpeed=51.11/s etaMs=0
[12:32:35] [Render thread/INFO] [minecraft/ChatComponent]: [System] [CHAT] [Geomantia] W scan completed (trek_stubbs_plains_retry_20260804_122930) in 1m 53s
[12:32:35] [Server thread/WARN] [minecraft/MinecraftServer]: Can't keep up! Is the server overloaded? Running 113865ms or 2277 ticks behind
[12:34:48] [Server thread/DEBUG] [ne.mi.co.ForgeHooks/WP]: Gathering id map for writing to world save 新的世界
[12:34:48] [Server thread/DEBUG] [ne.mi.co.ForgeHooks/WP]: ID Map collection complete 新的世界
[12:39:48] [Server thread/DEBUG] [ne.mi.co.ForgeHooks/WP]: Gathering id map for writing to world save 新的世界
[12:39:48] [Server thread/DEBUG] [ne.mi.co.ForgeHooks/WP]: ID Map collection complete 新的世界
[12:44:48] [Server thread/DEBUG] [ne.mi.co.ForgeHooks/WP]: Gathering id map for writing to world save 新的世界
[12:44:48] [Server thread/DEBUG] [ne.mi.co.ForgeHooks/WP]: ID Map collection complete 新的世界
[12:49:48] [Server thread/DEBUG] [ne.mi.co.ForgeHooks/WP]: Gathering id map for writing to world save 新的世界
[12:49:48] [Server thread/DEBUG] [ne.mi.co.ForgeHooks/WP]: ID Map collection complete 新的世界
[12:54:48] [Server thread/DEBUG] [ne.mi.co.ForgeHooks/WP]: Gathering id map for writing to world save 新的世界
[12:54:48] [Server thread/DEBUG] [ne.mi.co.ForgeHooks/WP]: ID Map collection complete 新的世界
[12:59:48] [Server thread/DEBUG] [ne.mi.co.ForgeHooks/WP]: Gathering id map for writing to world save 新的世界
[12:59:48] [Server thread/DEBUG] [ne.mi.co.ForgeHooks/WP]: ID Map collection complete 新的世界
[13:04:48] [Server thread/DEBUG] [ne.mi.co.ForgeHooks/WP]: Gathering id map for writing to world save 新的世界
[13:04:48] [Server thread/DEBUG] [ne.mi.co.ForgeHooks/WP]: ID Map collection complete 新的世界
[13:09:48] [Server thread/DEBUG] [ne.mi.co.ForgeHooks/WP]: Gathering id map for writing to world save 新的世界
[13:09:48] [Server thread/DEBUG] [ne.mi.co.ForgeHooks/WP]: ID Map collection complete 新的世界
[13:14:48] [Server thread/DEBUG] [ne.mi.co.ForgeHooks/WP]: Gathering id map for writing to world save 新的世界
[13:14:48] [Server thread/DEBUG] [ne.mi.co.ForgeHooks/WP]: ID Map collection complete 新的世界
[13:19:48] [Server thread/DEBUG] [ne.mi.co.ForgeHooks/WP]: Gathering id map for writing to world save 新的世界
[13:19:48] [Server thread/DEBUG] [ne.mi.co.ForgeHooks/WP]: ID Map collection complete 新的世界
[13:24:48] [Server thread/DEBUG] [ne.mi.co.ForgeHooks/WP]: Gathering id map for writing to world save 新的世界
[13:24:48] [Server thread/DEBUG] [ne.mi.co.ForgeHooks/WP]: ID Map collection complete 新的世界
[13:29:48] [Server thread/DEBUG] [ne.mi.co.ForgeHooks/WP]: Gathering id map for writing to world save 新的世界
[13:29:48] [Server thread/DEBUG] [ne.mi.co.ForgeHooks/WP]: ID Map collection complete 新的世界
[13:34:48] [Server thread/DEBUG] [ne.mi.co.ForgeHooks/WP]: Gathering id map for writing to world save 新的世界
[13:34:48] [Server thread/DEBUG] [ne.mi.co.ForgeHooks/WP]: ID Map collection complete 新的世界
[13:39:48] [Server thread/DEBUG] [ne.mi.co.ForgeHooks/WP]: Gathering id map for writing to world save 新的世界
[13:39:48] [Server thread/DEBUG] [ne.mi.co.ForgeHooks/WP]: ID Map collection complete 新的世界
[13:44:48] [Server thread/DEBUG] [ne.mi.co.ForgeHooks/WP]: Gathering id map for writing to world save 新的世界
[13:44:48] [Server thread/DEBUG] [ne.mi.co.ForgeHooks/WP]: ID Map collection complete 新的世界
[13:49:48] [Server thread/DEBUG] [ne.mi.co.ForgeHooks/WP]: Gathering id map for writing to world save 新的世界
[13:49:48] [Server thread/DEBUG] [ne.mi.co.ForgeHooks/WP]: ID Map collection complete 新的世界
[13:54:48] [Server thread/DEBUG] [ne.mi.co.ForgeHooks/WP]: Gathering id map for writing to world save 新的世界
[13:54:48] [Server thread/DEBUG] [ne.mi.co.ForgeHooks/WP]: ID Map collection complete 新的世界
[13:59:48] [Server thread/DEBUG] [ne.mi.co.ForgeHooks/WP]: Gathering id map for writing to world save 新的世界
[13:59:48] [Server thread/DEBUG] [ne.mi.co.ForgeHooks/WP]: ID Map collection complete 新的世界
[14:04:48] [Server thread/DEBUG] [ne.mi.co.ForgeHooks/WP]: Gathering id map for writing to world save 新的世界
[14:04:48] [Server thread/DEBUG] [ne.mi.co.ForgeHooks/WP]: ID Map collection complete 新的世界
[14:09:48] [Server thread/DEBUG] [ne.mi.co.ForgeHooks/WP]: Gathering id map for writing to world save 新的世界
[14:09:48] [Server thread/DEBUG] [ne.mi.co.ForgeHooks/WP]: ID Map collection complete 新的世界
[14:14:48] [Server thread/DEBUG] [ne.mi.co.ForgeHooks/WP]: Gathering id map for writing to world save 新的世界
[14:14:48] [Server thread/DEBUG] [ne.mi.co.ForgeHooks/WP]: ID Map collection complete 新的世界
[14:19:48] [Server thread/DEBUG] [ne.mi.co.ForgeHooks/WP]: Gathering id map for writing to world save 新的世界
[14:19:48] [Server thread/DEBUG] [ne.mi.co.ForgeHooks/WP]: ID Map collection complete 新的世界
[14:24:48] [Server thread/DEBUG] [ne.mi.co.ForgeHooks/WP]: Gathering id map for writing to world save 新的世界
[14:24:48] [Server thread/DEBUG] [ne.mi.co.ForgeHooks/WP]: ID Map collection complete 新的世界
[14:27:54] [Render thread/INFO] [minecraft/Minecraft]: Stopping!
[14:27:54] [Server thread/INFO] [minecraft/ServerGamePacketListenerImpl]: Dev lost connection: 连接中断
[14:27:54] [Server thread/INFO] [minecraft/MinecraftServer]: Dev退出了游戏
[14:27:54] [Server thread/INFO] [minecraft/ServerGamePacketListenerImpl]: Stopping singleplayer server as player logged out
[14:27:54] [Server thread/INFO] [co.ri.ge.pl.ht.GeomantiaHttpServer/]: Geomantia GIS API server stopped.
[14:27:54] [Server thread/DEBUG] [roadweaver/]: CacheManager: 所有缓存已清理
[14:27:54] [Server thread/DEBUG] [roadweaver/]: ThreadPoolManager: 工作池已关闭 (epoch=2)
[14:27:54] [Server thread/INFO] [minecraft/MinecraftServer]: Stopping server
[14:27:54] [Server thread/INFO] [minecraft/MinecraftServer]: Saving players
[14:27:54] [Server thread/INFO] [minecraft/MinecraftServer]: Saving worlds
[14:27:55] [Server thread/INFO] [minecraft/MinecraftServer]: Saving chunks for level 'ServerLevel[新的世界]'/minecraft:overworld
[14:27:58] [Server thread/INFO] [minecraft/MinecraftServer]: Saving chunks for level 'ServerLevel[新的世界]'/minecraft:the_end
[14:27:58] [Server thread/INFO] [minecraft/MinecraftServer]: Saving chunks for level 'ServerLevel[新的世界]'/minecraft:the_nether
[14:27:58] [Server thread/DEBUG] [ne.mi.co.ForgeHooks/WP]: Gathering id map for writing to world save 新的世界
[14:27:58] [Server thread/DEBUG] [ne.mi.co.ForgeHooks/WP]: ID Map collection complete 新的世界
[14:27:58] [Server thread/INFO] [minecraft/MinecraftServer]: ThreadedAnvilChunkStorage (新的世界 (2)): All chunks are saved
[14:27:58] [Server thread/INFO] [minecraft/MinecraftServer]: ThreadedAnvilChunkStorage (DIM1): All chunks are saved
[14:27:58] [Server thread/INFO] [minecraft/MinecraftServer]: ThreadedAnvilChunkStorage (DIM-1): All chunks are saved
[14:27:58] [Server thread/INFO] [minecraft/MinecraftServer]: ThreadedAnvilChunkStorage: All dimensions are saved
[14:27:58] [Server thread/DEBUG] [ne.mi.re.GameData/REGISTRIES]: Reverting to FROZEN data state.
[14:27:58] [Server thread/DEBUG] [ne.mi.re.ForgeRegistry/REGISTRIES]: Registry minecraft:block Sync: ACTIVE -> FROZEN
[14:27:58] [Server thread/DEBUG] [ne.mi.re.ForgeRegistry/REGISTRIES]: Registry minecraft:fluid Sync: ACTIVE -> FROZEN
[14:27:58] [Server thread/DEBUG] [ne.mi.re.ForgeRegistry/REGISTRIES]: Registry minecraft:item Sync: ACTIVE -> FROZEN
[14:27:58] [Server thread/DEBUG] [ne.mi.re.ForgeRegistry/REGISTRIES]: Registry minecraft:mob_effect Sync: ACTIVE -> FROZEN
[14:27:58] [Server thread/DEBUG] [ne.mi.re.ForgeRegistry/REGISTRIES]: Registry minecraft:sound_event Sync: ACTIVE -> FROZEN
[14:27:58] [Server thread/DEBUG] [ne.mi.re.ForgeRegistry/REGISTRIES]: Registry minecraft:potion Sync: ACTIVE -> FROZEN
[14:27:58] [Server thread/DEBUG] [ne.mi.re.ForgeRegistry/REGISTRIES]: Registry minecraft:enchantment Sync: ACTIVE -> FROZEN
[14:27:58] [Server thread/DEBUG] [ne.mi.re.ForgeRegistry/REGISTRIES]: Registry minecraft:entity_type Sync: ACTIVE -> FROZEN
[14:27:58] [Server thread/DEBUG] [ne.mi.re.ForgeRegistry/REGISTRIES]: Registry minecraft:block_entity_type Sync: ACTIVE -> FROZEN
[14:27:58] [Server thread/DEBUG] [ne.mi.re.ForgeRegistry/REGISTRIES]: Registry minecraft:particle_type Sync: ACTIVE -> FROZEN
[14:27:58] [Server thread/DEBUG] [ne.mi.re.ForgeRegistry/REGISTRIES]: Registry minecraft:menu Sync: ACTIVE -> FROZEN
[14:27:58] [Server thread/DEBUG] [ne.mi.re.ForgeRegistry/REGISTRIES]: Registry minecraft:painting_variant Sync: ACTIVE -> FROZEN
[14:27:58] [Server thread/DEBUG] [ne.mi.re.ForgeRegistry/REGISTRIES]: Registry minecraft:recipe_type Sync: ACTIVE -> FROZEN
[14:27:58] [Server thread/DEBUG] [ne.mi.re.ForgeRegistry/REGISTRIES]: Registry minecraft:recipe_serializer Sync: ACTIVE -> FROZEN
[14:27:58] [Server thread/DEBUG] [ne.mi.re.ForgeRegistry/REGISTRIES]: Registry minecraft:attribute Sync: ACTIVE -> FROZEN
[14:27:58] [Server thread/DEBUG] [ne.mi.re.ForgeRegistry/REGISTRIES]: Registry minecraft:stat_type Sync: ACTIVE -> FROZEN
[14:27:58] [Server thread/DEBUG] [ne.mi.re.ForgeRegistry/REGISTRIES]: Registry minecraft:command_argument_type Sync: ACTIVE -> FROZEN
[14:27:58] [Server thread/DEBUG] [ne.mi.re.ForgeRegistry/REGISTRIES]: Registry minecraft:villager_profession Sync: ACTIVE -> FROZEN
[14:27:58] [Server thread/DEBUG] [ne.mi.re.ForgeRegistry/REGISTRIES]: Registry minecraft:point_of_interest_type Sync: ACTIVE -> FROZEN
[14:27:58] [Server thread/DEBUG] [ne.mi.re.ForgeRegistry/REGISTRIES]: Registry minecraft:memory_module_type Sync: ACTIVE -> FROZEN
[14:27:58] [Server thread/DEBUG] [ne.mi.re.ForgeRegistry/REGISTRIES]: Registry minecraft:sensor_type Sync: ACTIVE -> FROZEN
[14:27:58] [Server thread/DEBUG] [ne.mi.re.ForgeRegistry/REGISTRIES]: Registry minecraft:schedule Sync: ACTIVE -> FROZEN
[14:27:58] [Server thread/DEBUG] [ne.mi.re.ForgeRegistry/REGISTRIES]: Registry minecraft:activity Sync: ACTIVE -> FROZEN
[14:27:58] [Server thread/DEBUG] [ne.mi.re.ForgeRegistry/REGISTRIES]: Registry minecraft:worldgen/carver Sync: ACTIVE -> FROZEN
[14:27:58] [Server thread/DEBUG] [ne.mi.re.ForgeRegistry/REGISTRIES]: Registry minecraft:worldgen/feature Sync: ACTIVE -> FROZEN
[14:27:58] [Server thread/DEBUG] [ne.mi.re.ForgeRegistry/REGISTRIES]: Registry minecraft:chunk_status Sync: ACTIVE -> FROZEN
[14:27:58] [Server thread/DEBUG] [ne.mi.re.ForgeRegistry/REGISTRIES]: Registry minecraft:worldgen/block_state_provider_type Sync: ACTIVE -> FROZEN
[14:27:58] [Server thread/DEBUG] [ne.mi.re.ForgeRegistry/REGISTRIES]: Registry minecraft:worldgen/foliage_placer_type Sync: ACTIVE -> FROZEN
[14:27:58] [Server thread/DEBUG] [ne.mi.re.ForgeRegistry/REGISTRIES]: Registry minecraft:worldgen/tree_decorator_type Sync: ACTIVE -> FROZEN
[14:27:58] [Server thread/DEBUG] [ne.mi.re.ForgeRegistry/REGISTRIES]: Registry minecraft:worldgen/biome Sync: ACTIVE -> FROZEN
[14:27:58] [Server thread/DEBUG] [ne.mi.re.ForgeRegistry/REGISTRIES]: Registry forge:entity_data_serializers Sync: ACTIVE -> FROZEN
[14:27:58] [Server thread/DEBUG] [ne.mi.re.ForgeRegistry/REGISTRIES]: Registry forge:global_loot_modifier_serializers Sync: ACTIVE -> FROZEN
[14:27:58] [Server thread/DEBUG] [ne.mi.re.ForgeRegistry/REGISTRIES]: Registry forge:biome_modifier_serializers Sync: ACTIVE -> FROZEN
[14:27:58] [Server thread/DEBUG] [ne.mi.re.ForgeRegistry/REGISTRIES]: Registry forge:fluid_type Sync: ACTIVE -> FROZEN
[14:27:58] [Server thread/DEBUG] [ne.mi.re.ForgeRegistry/REGISTRIES]: Registry forge:structure_modifier_serializers Sync: ACTIVE -> FROZEN
[14:27:58] [Server thread/DEBUG] [ne.mi.re.ForgeRegistry/REGISTRIES]: Registry forge:holder_set_type Sync: ACTIVE -> FROZEN
[14:27:58] [Server thread/DEBUG] [ne.mi.re.ForgeRegistry/REGISTRIES]: Registry forge:display_contexts Sync: ACTIVE -> FROZEN
[14:27:58] [Server thread/DEBUG] [ne.mi.re.ObjectHolderRegistry/REGISTRIES]: Applying holder lookups
[14:27:58] [Server thread/DEBUG] [ne.mi.re.ObjectHolderRegistry/REGISTRIES]: Holder lookups applied
[14:27:58] [Server thread/DEBUG] [ne.mi.re.GameData/REGISTRIES]: FROZEN state restored.
[14:27:58] [Server thread/DEBUG] [ne.mi.fm.co.ConfigTracker/CONFIG]: Unloading configs type SERVER

Deprecated Gradle features were used in this build, making it incompatible with Gradle 9.0.

You can use '--warning-mode all' to show the individual deprecation warnings and determine if they come from your own scripts or plugins.

For more on this, please refer to https://docs.gradle.org/8.8/userguide/command_line_interface.html#sec:command_line_warnings in the Gradle documentation.

BUILD SUCCESSFUL in 2h 59m 11s
11 actionable tasks: 4 executed, 7 up-to-date
