To honour the JVM settings for this build a single-use Daemon process will be forked. For more on this, please refer to https://docs.gradle.org/8.8/userguide/gradle_daemon.html#sec:disabling_the_daemon in the Gradle documentation.
Daemon will be stopped at the end of the build 
> Task :compileJava UP-TO-DATE
> Task :processResources UP-TO-DATE
> Task :classes UP-TO-DATE
> Task :downloadDevRoadWeaverForge UP-TO-DATE
> Task :downloadMcpConfig
> Task :extractSrg UP-TO-DATE
> Task :createSrgToMcp UP-TO-DATE
> Task :downloadMCMeta UP-TO-DATE
> Task :downloadAssets UP-TO-DATE
> Task :extractNatives UP-TO-DATE
> Task :makeSrcDirs
> Task :prepareRuns
> Task :prepareRunClient
> Task :prepareRunClientCompile UP-TO-DATE

> Task :runClient
2026-08-12 00:10:26,088 main WARN Advanced terminal features are not available in this environment
[00:10:26] [main/INFO] [cp.mo.mo.Launcher/MODLAUNCHER]: ModLauncher running: args [--launchTarget, forgeclientuserdev, --version, MOD_DEV, --assetIndex, 5, --assetsDir, C:\Users\Rinsing\.gradle\caches\forge_gradle\assets, --gameDir, ., --fml.forgeVersion, 47.4.0, --fml.mcVersion, 1.20.1, --fml.forgeGroup, net.minecraftforge, --fml.mcpVersion, 20230612.114412]
[00:10:26] [main/INFO] [cp.mo.mo.Launcher/MODLAUNCHER]: ModLauncher 10.0.9+10.0.9+main.dcd20f30 starting: java version 17.0.14 by Oracle Corporation; OS Windows 11 arch amd64 version 10.0
[00:10:26] [main/DEBUG] [cp.mo.mo.LaunchServiceHandler/MODLAUNCHER]: Found launch services [fmlclientdev,forgeclient,minecraft,forgegametestserverdev,fmlserveruserdev,fmlclient,fmldatauserdev,forgeserverdev,forgeserveruserdev,forgeclientdev,forgeclientuserdev,forgeserver,forgedatadev,fmlserver,fmlclientuserdev,fmlserverdev,forgedatauserdev,testharness,forgegametestserveruserdev]
[00:10:26] [main/DEBUG] [cp.mo.mo.NameMappingServiceHandler/MODLAUNCHER]: Found naming services : [srgtomcp]
[00:10:26] [main/DEBUG] [cp.mo.mo.LaunchPluginHandler/MODLAUNCHER]: Found launch plugins: [mixin,eventbus,slf4jfixer,object_holder_definalize,runtime_enum_extender,capability_token_subclass,accesstransformer,runtimedistcleaner]
[00:10:26] [main/DEBUG] [cp.mo.mo.TransformationServicesHandler/MODLAUNCHER]: Discovering transformation services
[00:10:26] [main/DEBUG] [ne.mi.fm.lo.FMLPaths/CORE]: Path GAMEDIR is E:\Mod_Dev\StructureBinder\run
[00:10:26] [main/DEBUG] [ne.mi.fm.lo.FMLPaths/CORE]: Path MODSDIR is E:\Mod_Dev\StructureBinder\run\mods
[00:10:26] [main/DEBUG] [ne.mi.fm.lo.FMLPaths/CORE]: Path CONFIGDIR is E:\Mod_Dev\StructureBinder\run\config
[00:10:26] [main/DEBUG] [ne.mi.fm.lo.FMLPaths/CORE]: Path FMLCONFIG is E:\Mod_Dev\StructureBinder\run\config\fml.toml
[00:10:26] [main/DEBUG] [cp.mo.mo.TransformationServicesHandler/MODLAUNCHER]: Found additional transformation services from discovery services: 
[00:10:26] [main/INFO] [ne.mi.fm.lo.ImmediateWindowHandler/]: Loading ImmediateWindowProvider dummyprovider
[00:10:26] [main/INFO] [ne.mi.fm.lo.ImmediateWindowHandler/]: Failed to find ImmediateWindowProvider dummyprovider, disabling
[00:10:26] [main/DEBUG] [cp.mo.mo.TransformationServicesHandler/MODLAUNCHER]: Found transformer services : [mixin,fml]
[00:10:26] [main/DEBUG] [cp.mo.mo.TransformationServicesHandler/MODLAUNCHER]: Transformation services loading
[00:10:26] [main/DEBUG] [cp.mo.mo.TransformationServiceDecorator/MODLAUNCHER]: Loading service mixin
[00:10:26] [main/DEBUG] [cp.mo.mo.TransformationServiceDecorator/MODLAUNCHER]: Loaded service mixin
[00:10:26] [main/DEBUG] [cp.mo.mo.TransformationServiceDecorator/MODLAUNCHER]: Loading service fml
[00:10:26] [main/DEBUG] [ne.mi.fm.lo.LauncherVersion/CORE]: Found FMLLauncher version 1.0
[00:10:26] [main/DEBUG] [ne.mi.fm.lo.FMLLoader/CORE]: FML 1.0 loading
[00:10:26] [main/DEBUG] [ne.mi.fm.lo.FMLLoader/CORE]: FML found ModLauncher version : 10.0.9+10.0.9+main.dcd20f30
[00:10:26] [main/DEBUG] [ne.mi.fm.lo.FMLLoader/CORE]: Requesting CoreMods to not apply the fix for ASMAPI.findFirstInstructionBefore by default
[00:10:26] [main/DEBUG] [ne.mi.fm.lo.FMLLoader/CORE]: FML found AccessTransformer version : 8.0.4+66+master.c09db6d7
[00:10:26] [main/DEBUG] [ne.mi.fm.lo.FMLLoader/CORE]: FML found EventBus version : 6.0.5+6.0.5+master.eb8e549b
[00:10:26] [main/DEBUG] [ne.mi.fm.lo.FMLLoader/CORE]: Found Runtime Dist Cleaner
[00:10:26] [main/DEBUG] [ne.mi.co.CoreModEngine/]: CoreMods will preserve legacy behavior of ASMAPI.findFirstInstructionBefore for backwards-compatibility
[00:10:26] [main/DEBUG] [ne.mi.fm.lo.FMLLoader/CORE]: FML found CoreMod version : 5.2.4
[00:10:26] [main/DEBUG] [ne.mi.fm.lo.FMLLoader/CORE]: Found ForgeSPI package implementation version 7.0.1+7.0.1+master.d2b38bf6
[00:10:26] [main/DEBUG] [ne.mi.fm.lo.FMLLoader/CORE]: Found ForgeSPI package specification 5
[00:10:26] [main/DEBUG] [cp.mo.mo.TransformationServiceDecorator/MODLAUNCHER]: Loaded service fml
[00:10:26] [main/DEBUG] [cp.mo.mo.TransformationServicesHandler/MODLAUNCHER]: Configuring option handling for services
[00:10:26] [main/DEBUG] [cp.mo.mo.TransformationServicesHandler/MODLAUNCHER]: Transformation services initializing
[00:10:26] [main/DEBUG] [cp.mo.mo.TransformationServiceDecorator/MODLAUNCHER]: Initializing transformation service mixin
[00:10:26] [main/DEBUG] [mixin/]: MixinService [ModLauncher] was successfully booted in cpw.mods.cl.ModuleClassLoader@67a20f67
[00:10:26] [main/INFO] [mixin/]: SpongePowered MIXIN Subsystem Version=0.8.5 Source=union:/C:/Users/Rinsing/.gradle/caches/modules-2/files-2.1/org.spongepowered/mixin/0.8.5/9d1c0c3a304ae6697ecd477218fa61b850bf57fc/mixin-0.8.5.jar%23128!/ Service=ModLauncher Env=CLIENT
[00:10:26] [main/DEBUG] [mixin/]: Initialising Mixin Platform Manager
[00:10:26] [main/DEBUG] [mixin/]: Adding mixin platform agents for container ModLauncher Root Container(ModLauncher:4f56a0a2)
[00:10:26] [main/DEBUG] [mixin/]: Instancing new MixinPlatformAgentMinecraftForge for ModLauncher Root Container(ModLauncher:4f56a0a2)
[00:10:26] [main/DEBUG] [mixin/]: MixinPlatformAgentMinecraftForge rejected container ModLauncher Root Container(ModLauncher:4f56a0a2)
[00:10:26] [main/DEBUG] [mixin/]: Instancing new MixinPlatformAgentDefault for ModLauncher Root Container(ModLauncher:4f56a0a2)
[00:10:26] [main/DEBUG] [mixin/]: MixinPlatformAgentDefault accepted container ModLauncher Root Container(ModLauncher:4f56a0a2)
[00:10:26] [main/DEBUG] [cp.mo.mo.TransformationServiceDecorator/MODLAUNCHER]: Initialized transformation service mixin
[00:10:26] [main/DEBUG] [cp.mo.mo.TransformationServiceDecorator/MODLAUNCHER]: Initializing transformation service fml
[00:10:26] [main/DEBUG] [ne.mi.fm.lo.FMLServiceProvider/CORE]: Setting up basic FML game directories
[00:10:26] [main/DEBUG] [ne.mi.fm.lo.FMLPaths/CORE]: Path GAMEDIR is E:\Mod_Dev\StructureBinder\run
[00:10:26] [main/DEBUG] [ne.mi.fm.lo.FMLPaths/CORE]: Path MODSDIR is E:\Mod_Dev\StructureBinder\run\mods
[00:10:26] [main/DEBUG] [ne.mi.fm.lo.FMLPaths/CORE]: Path CONFIGDIR is E:\Mod_Dev\StructureBinder\run\config
[00:10:26] [main/DEBUG] [ne.mi.fm.lo.FMLPaths/CORE]: Path FMLCONFIG is E:\Mod_Dev\StructureBinder\run\config\fml.toml
[00:10:26] [main/DEBUG] [ne.mi.fm.lo.FMLServiceProvider/CORE]: Loading configuration
[00:10:26] [main/DEBUG] [ne.mi.fm.lo.FMLServiceProvider/CORE]: Preparing ModFile
[00:10:26] [main/DEBUG] [ne.mi.fm.lo.FMLServiceProvider/CORE]: Preparing launch handler
[00:10:26] [main/DEBUG] [ne.mi.fm.lo.FMLLoader/CORE]: Using forgeclientuserdev as launch service
[00:10:26] [main/DEBUG] [ne.mi.fm.lo.FMLLoader/CORE]: Received command line version data  : VersionInfo[forgeVersion=47.4.0, mcVersion=1.20.1, mcpVersion=20230612.114412, forgeGroup=net.minecraftforge]
[00:10:26] [main/DEBUG] [cp.mo.mo.TransformationServiceDecorator/MODLAUNCHER]: Initialized transformation service fml
[00:10:26] [main/DEBUG] [cp.mo.mo.NameMappingServiceHandler/MODLAUNCHER]: Current naming domain is 'mcp'
[00:10:26] [main/DEBUG] [cp.mo.mo.NameMappingServiceHandler/MODLAUNCHER]: Identified name mapping providers {srg=srgtomcp:1234}
[00:10:26] [main/DEBUG] [cp.mo.mo.TransformationServicesHandler/MODLAUNCHER]: Transformation services begin scanning
[00:10:26] [main/DEBUG] [cp.mo.mo.TransformationServiceDecorator/MODLAUNCHER]: Beginning scan trigger - transformation service mixin
[00:10:26] [main/DEBUG] [cp.mo.mo.TransformationServiceDecorator/MODLAUNCHER]: End scan trigger - transformation service mixin
[00:10:26] [main/DEBUG] [cp.mo.mo.TransformationServiceDecorator/MODLAUNCHER]: Beginning scan trigger - transformation service fml
[00:10:26] [main/DEBUG] [ne.mi.fm.lo.FMLServiceProvider/CORE]: Initiating mod scan
[00:10:26] [main/DEBUG] [ne.mi.fm.lo.mo.ModListHandler/CORE]: Found mod coordinates from lists: []
[00:10:26] [main/DEBUG] [ne.mi.fm.lo.mo.ModDiscoverer/CORE]: Found Mod Locators : (mods folder:null),(maven libs:null),(exploded directory:null),(minecraft:null),(userdev classpath:null)
[00:10:26] [main/DEBUG] [ne.mi.fm.lo.mo.ModDiscoverer/CORE]: Found Dependency Locators : (JarInJar:null)
[00:10:26] [main/DEBUG] [ne.mi.fm.lo.ta.CommonLaunchHandler/CORE]: Got mod coordinates geomantia%%E:\Mod_Dev\StructureBinder\build\resources\main;geomantia%%E:\Mod_Dev\StructureBinder\build\classes\java\main from env
[00:10:26] [main/DEBUG] [ne.mi.fm.lo.ta.CommonLaunchHandler/CORE]: Found supplied mod coordinates [{geomantia=[E:\Mod_Dev\StructureBinder\build\resources\main, E:\Mod_Dev\StructureBinder\build\classes\java\main]}]
[00:10:26] [main/DEBUG] [ne.mi.fm.lo.mo.ModFileInfo/LOADING]: Found valid mod file forge-1.20.1-47.4.0_mapped_official_1.20.1-recomp.jar with {minecraft} mods - versions {1.20.1}
[00:10:26] [main/DEBUG] [ne.mi.fm.lo.mo.ModFileParser/LOADING]: Considering mod file candidate C:\Users\Rinsing\.gradle\caches\modules-2\files-2.1\net.minecraftforge\javafmllanguage\1.20.1-47.4.0\f0c0b352173d0a378cbdcec9cfc4ba65899a721\javafmllanguage-1.20.1-47.4.0.jar
[00:10:26] [main/WARN] [ne.mi.fm.lo.mo.ModFileParser/LOADING]: Mod file C:\Users\Rinsing\.gradle\caches\modules-2\files-2.1\net.minecraftforge\javafmllanguage\1.20.1-47.4.0\f0c0b352173d0a378cbdcec9cfc4ba65899a721\javafmllanguage-1.20.1-47.4.0.jar is missing mods.toml file
[00:10:26] [main/DEBUG] [ne.mi.fm.lo.mo.ModFileParser/LOADING]: Considering mod file candidate C:\Users\Rinsing\.gradle\caches\modules-2\files-2.1\net.minecraftforge\lowcodelanguage\1.20.1-47.4.0\e862740d8c84d08dbfedea412bef88fe42e727c5\lowcodelanguage-1.20.1-47.4.0.jar
[00:10:26] [main/WARN] [ne.mi.fm.lo.mo.ModFileParser/LOADING]: Mod file C:\Users\Rinsing\.gradle\caches\modules-2\files-2.1\net.minecraftforge\lowcodelanguage\1.20.1-47.4.0\e862740d8c84d08dbfedea412bef88fe42e727c5\lowcodelanguage-1.20.1-47.4.0.jar is missing mods.toml file
[00:10:26] [main/DEBUG] [ne.mi.fm.lo.mo.ModFileParser/LOADING]: Considering mod file candidate C:\Users\Rinsing\.gradle\caches\modules-2\files-2.1\net.minecraftforge\mclanguage\1.20.1-47.4.0\5719b3a297a33f877ed5dde4cb4bd75c859096af\mclanguage-1.20.1-47.4.0.jar
[00:10:26] [main/WARN] [ne.mi.fm.lo.mo.ModFileParser/LOADING]: Mod file C:\Users\Rinsing\.gradle\caches\modules-2\files-2.1\net.minecraftforge\mclanguage\1.20.1-47.4.0\5719b3a297a33f877ed5dde4cb4bd75c859096af\mclanguage-1.20.1-47.4.0.jar is missing mods.toml file
[00:10:26] [main/DEBUG] [ne.mi.fm.lo.mo.ModFileParser/LOADING]: Considering mod file candidate C:\Users\Rinsing\.gradle\caches\modules-2\files-2.1\net.minecraftforge\fmlcore\1.20.1-47.4.0\235975dafa4309945b59c56b53f31dc5b65a6051\fmlcore-1.20.1-47.4.0.jar
[00:10:26] [main/WARN] [ne.mi.fm.lo.mo.ModFileParser/LOADING]: Mod file C:\Users\Rinsing\.gradle\caches\modules-2\files-2.1\net.minecraftforge\fmlcore\1.20.1-47.4.0\235975dafa4309945b59c56b53f31dc5b65a6051\fmlcore-1.20.1-47.4.0.jar is missing mods.toml file
[00:10:26] [main/DEBUG] [ne.mi.fm.lo.mo.ModFileParser/LOADING]: Considering mod file candidate E:\Mod_Dev\StructureBinder\build\resources\main
[00:10:26] [main/DEBUG] [ne.mi.fm.lo.mo.ModFileInfo/LOADING]: Found valid mod file main with {geomantia} mods - versions {0.1.0}
[00:10:26] [main/DEBUG] [ne.mi.fm.lo.mo.ModFileParser/LOADING]: Considering mod file candidate /
[00:10:26] [main/DEBUG] [ne.mi.fm.lo.mo.ModFileInfo/LOADING]: Found valid mod file  with {forge} mods - versions {47.4.0}
[00:10:26] [main/DEBUG] [ne.mi.fm.lo.mo.ModFileParser/LOADING]: Considering mod file candidate C:\Users\Rinsing\.gradle\caches\forge_gradle\deobf_dependencies\curse\maven\worldedit-225608\4586218_mapped_official_1.20.1\worldedit-225608-4586218_mapped_official_1.20.1.jar
[00:10:26] [main/DEBUG] [ne.mi.fm.lo.mo.ModFileInfo/LOADING]: Found valid mod file worldedit-225608-4586218_mapped_official_1.20.1.jar with {worldedit} mods - versions {7.2.15+6463-5ca4dff}
[00:10:26] [main/DEBUG] [ne.mi.fm.lo.mo.ModFileParser/LOADING]: Considering mod file candidate C:\Users\Rinsing\.gradle\caches\forge_gradle\deobf_dependencies\local\reterraforged\reterraforged\0.0.5_mapped_official_1.20.1\reterraforged-0.0.5_mapped_official_1.20.1.jar
[00:10:26] [main/DEBUG] [ne.mi.fm.lo.mo.ModFileInfo/LOADING]: Found valid mod file reterraforged-0.0.5_mapped_official_1.20.1.jar with {reterraforged} mods - versions {0.0.5}
[00:10:26] [main/DEBUG] [ne.mi.fm.lo.mo.ModFileParser/LOADING]: Considering mod file candidate C:\Users\Rinsing\.gradle\caches\forge_gradle\deobf_dependencies\local\trek\trek\B0.6_mapped_official_1.20.1\trek-B0.6_mapped_official_1.20.1.jar
[00:10:26] [main/DEBUG] [ne.mi.fm.lo.mo.ModFileInfo/LOADING]: Found valid mod file trek-B0.6_mapped_official_1.20.1.jar with {mr_trek} mods - versions {1-B0.6}
[00:10:26] [main/DEBUG] [ne.mi.fm.lo.mo.ModFileParser/LOADING]: Considering mod file candidate C:\Users\Rinsing\.gradle\caches\forge_gradle\deobf_dependencies\local\t_and_t\t_and_t\1.12_mapped_official_1.20.1\t_and_t-1.12_mapped_official_1.20.1.jar
[00:10:26] [main/DEBUG] [ne.mi.fm.lo.mo.ModFileInfo/LOADING]: Found valid mod file t_and_t-1.12_mapped_official_1.20.1.jar with {t_and_t} mods - versions {0.0NONE}
[00:10:26] [main/DEBUG] [ne.mi.fm.lo.mo.ModFileParser/LOADING]: Considering mod file candidate C:\Users\Rinsing\.gradle\caches\forge_gradle\deobf_dependencies\local\cristellib\cristellib\1.1.6_mapped_official_1.20.1\cristellib-1.1.6_mapped_official_1.20.1.jar
[00:10:26] [main/DEBUG] [ne.mi.fm.lo.mo.ModFileInfo/LOADING]: Found valid mod file cristellib-1.1.6_mapped_official_1.20.1.jar with {cristellib} mods - versions {1.1.6}
[00:10:26] [main/DEBUG] [ne.mi.fm.lo.mo.ModFileParser/LOADING]: Considering mod file candidate C:\Users\Rinsing\.gradle\caches\forge_gradle\deobf_dependencies\local\roadweaver\roadweaver-forge\2.3.0-1.20.1_mapped_official_1.20.1\roadweaver-forge-2.3.0-1.20.1_mapped_official_1.20.1.jar
[00:10:26] [main/DEBUG] [ne.mi.fm.lo.mo.ModFileInfo/LOADING]: Found valid mod file roadweaver-forge-2.3.0-1.20.1_mapped_official_1.20.1.jar with {roadweaver} mods - versions {2.2.2-1.20.1}
[00:10:26] [main/DEBUG] [ne.mi.fm.lo.mo.ModFileParser/LOADING]: Considering mod file candidate C:\Users\Rinsing\.gradle\caches\forge_gradle\deobf_dependencies\dev\architectury\architectury-forge\9.2.14_mapped_official_1.20.1\architectury-forge-9.2.14_mapped_official_1.20.1.jar
[00:10:26] [main/DEBUG] [ne.mi.fm.lo.mo.ModFileInfo/LOADING]: Found valid mod file architectury-forge-9.2.14_mapped_official_1.20.1.jar with {architectury} mods - versions {9.2.14}
[00:10:26] [main/DEBUG] [ne.mi.fm.lo.mo.ModFileParser/LOADING]: Considering mod file candidate C:\Users\Rinsing\.gradle\caches\forge_gradle\deobf_dependencies\me\shedaniel\cloth\cloth-config-forge\11.1.136_mapped_official_1.20.1\cloth-config-forge-11.1.136_mapped_official_1.20.1.jar
[00:10:26] [main/DEBUG] [ne.mi.fm.lo.mo.ModFileInfo/LOADING]: Found valid mod file cloth-config-forge-11.1.136_mapped_official_1.20.1.jar with {cloth_config} mods - versions {11.1.136}
[00:10:26] [main/DEBUG] [ne.mi.fm.lo.mo.ModFileParser/LOADING]: Considering mod file candidate C:\Users\Rinsing\.gradle\caches\forge_gradle\deobf_dependencies\curse\maven\worldedit-225608\4586218_mapped_official_1.20.1\worldedit-225608-4586218_mapped_official_1.20.1.jar
[00:10:26] [main/DEBUG] [ne.mi.fm.lo.mo.ModFileInfo/LOADING]: Found valid mod file worldedit-225608-4586218_mapped_official_1.20.1.jar with {worldedit} mods - versions {7.2.15+6463-5ca4dff}
[00:10:26] [main/DEBUG] [ne.mi.fm.lo.mo.ModFileParser/LOADING]: Considering mod file candidate C:\Users\Rinsing\.gradle\caches\forge_gradle\deobf_dependencies\local\reterraforged\reterraforged\0.0.5_mapped_official_1.20.1\reterraforged-0.0.5_mapped_official_1.20.1.jar
[00:10:26] [main/DEBUG] [ne.mi.fm.lo.mo.ModFileInfo/LOADING]: Found valid mod file reterraforged-0.0.5_mapped_official_1.20.1.jar with {reterraforged} mods - versions {0.0.5}
[00:10:26] [main/DEBUG] [ne.mi.fm.lo.mo.ModFileParser/LOADING]: Considering mod file candidate C:\Users\Rinsing\.gradle\caches\forge_gradle\deobf_dependencies\local\t_and_t\t_and_t\1.12_mapped_official_1.20.1\t_and_t-1.12_mapped_official_1.20.1.jar
[00:10:26] [main/DEBUG] [ne.mi.fm.lo.mo.ModFileInfo/LOADING]: Found valid mod file t_and_t-1.12_mapped_official_1.20.1.jar with {t_and_t} mods - versions {0.0NONE}
[00:10:26] [main/DEBUG] [ne.mi.fm.lo.mo.ModFileParser/LOADING]: Considering mod file candidate C:\Users\Rinsing\.gradle\caches\forge_gradle\deobf_dependencies\local\cristellib\cristellib\1.1.6_mapped_official_1.20.1\cristellib-1.1.6_mapped_official_1.20.1.jar
[00:10:26] [main/DEBUG] [ne.mi.fm.lo.mo.ModFileInfo/LOADING]: Found valid mod file cristellib-1.1.6_mapped_official_1.20.1.jar with {cristellib} mods - versions {1.1.6}
[00:10:26] [main/DEBUG] [ne.mi.fm.lo.mo.ModFileParser/LOADING]: Considering mod file candidate C:\Users\Rinsing\.gradle\caches\forge_gradle\deobf_dependencies\local\roadweaver\roadweaver-forge\2.3.0-1.20.1_mapped_official_1.20.1\roadweaver-forge-2.3.0-1.20.1_mapped_official_1.20.1.jar
[00:10:26] [main/DEBUG] [ne.mi.fm.lo.mo.ModFileInfo/LOADING]: Found valid mod file roadweaver-forge-2.3.0-1.20.1_mapped_official_1.20.1.jar with {roadweaver} mods - versions {2.2.2-1.20.1}
[00:10:26] [main/DEBUG] [ne.mi.fm.lo.mo.ModFileParser/LOADING]: Considering mod file candidate C:\Users\Rinsing\.gradle\caches\forge_gradle\deobf_dependencies\dev\architectury\architectury-forge\9.2.14_mapped_official_1.20.1\architectury-forge-9.2.14_mapped_official_1.20.1.jar
[00:10:26] [main/DEBUG] [ne.mi.fm.lo.mo.ModFileInfo/LOADING]: Found valid mod file architectury-forge-9.2.14_mapped_official_1.20.1.jar with {architectury} mods - versions {9.2.14}
[00:10:26] [main/DEBUG] [ne.mi.fm.lo.mo.ModFileParser/LOADING]: Considering mod file candidate C:\Users\Rinsing\.gradle\caches\forge_gradle\deobf_dependencies\me\shedaniel\cloth\cloth-config-forge\11.1.136_mapped_official_1.20.1\cloth-config-forge-11.1.136_mapped_official_1.20.1.jar
[00:10:26] [main/DEBUG] [ne.mi.fm.lo.mo.ModFileInfo/LOADING]: Found valid mod file cloth-config-forge-11.1.136_mapped_official_1.20.1.jar with {cloth_config} mods - versions {11.1.136}
[00:10:26] [main/DEBUG] [ne.mi.fm.lo.UniqueModListBuilder/]: Found 2 mods for first modid cloth_config, selecting most recent based on version data
[00:10:26] [main/DEBUG] [ne.mi.fm.lo.UniqueModListBuilder/]: Selected file cloth-config-forge-11.1.136_mapped_official_1.20.1.jar for modid cloth_config with version 11.1.136
[00:10:26] [main/DEBUG] [ne.mi.fm.lo.UniqueModListBuilder/]: Found 2 mods for first modid t_and_t, selecting most recent based on version data
[00:10:26] [main/DEBUG] [ne.mi.fm.lo.UniqueModListBuilder/]: Selected file t_and_t-1.12_mapped_official_1.20.1.jar for modid t_and_t with version 0.0NONE
[00:10:26] [main/DEBUG] [ne.mi.fm.lo.UniqueModListBuilder/]: Found 2 mods for first modid worldedit, selecting most recent based on version data
[00:10:26] [main/DEBUG] [ne.mi.fm.lo.UniqueModListBuilder/]: Selected file worldedit-225608-4586218_mapped_official_1.20.1.jar for modid worldedit with version 7.2.15+6463-5ca4dff
[00:10:26] [main/DEBUG] [ne.mi.fm.lo.UniqueModListBuilder/]: Found 2 mods for first modid architectury, selecting most recent based on version data
[00:10:26] [main/DEBUG] [ne.mi.fm.lo.UniqueModListBuilder/]: Selected file architectury-forge-9.2.14_mapped_official_1.20.1.jar for modid architectury with version 9.2.14
[00:10:26] [main/DEBUG] [ne.mi.fm.lo.UniqueModListBuilder/]: Found 2 mods for first modid roadweaver, selecting most recent based on version data
[00:10:26] [main/DEBUG] [ne.mi.fm.lo.UniqueModListBuilder/]: Selected file roadweaver-forge-2.3.0-1.20.1_mapped_official_1.20.1.jar for modid roadweaver with version 2.2.2-1.20.1
[00:10:26] [main/DEBUG] [ne.mi.fm.lo.UniqueModListBuilder/]: Found 2 mods for first modid cristellib, selecting most recent based on version data
[00:10:26] [main/DEBUG] [ne.mi.fm.lo.UniqueModListBuilder/]: Selected file cristellib-1.1.6_mapped_official_1.20.1.jar for modid cristellib with version 1.1.6
[00:10:26] [main/DEBUG] [ne.mi.fm.lo.UniqueModListBuilder/]: Found 2 mods for first modid reterraforged, selecting most recent based on version data
[00:10:26] [main/DEBUG] [ne.mi.fm.lo.UniqueModListBuilder/]: Selected file reterraforged-0.0.5_mapped_official_1.20.1.jar for modid reterraforged with version 0.0.5
[00:10:26] [main/DEBUG] [ne.mi.fm.lo.mo.AbstractJarFileDependencyLocator/]: Failed to load resource META-INF\jarjar\metadata.json from forge-1.20.1-47.4.0_mapped_official_1.20.1-recomp.jar, it does not contain dependency information.
[00:10:26] [main/DEBUG] [ne.mi.fm.lo.mo.AbstractJarFileDependencyLocator/]: Failed to load resource META-INF\jarjar\metadata.json from cloth-config-forge-11.1.136_mapped_official_1.20.1.jar, it does not contain dependency information.
[00:10:26] [main/DEBUG] [ne.mi.fm.lo.mo.AbstractJarFileDependencyLocator/]: Failed to load resource META-INF\jarjar\metadata.json from , it does not contain dependency information.
[00:10:26] [main/DEBUG] [ne.mi.fm.lo.mo.AbstractJarFileDependencyLocator/]: Failed to load resource META-INF\jarjar\metadata.json from t_and_t-1.12_mapped_official_1.20.1.jar, it does not contain dependency information.
[00:10:26] [main/DEBUG] [ne.mi.fm.lo.mo.AbstractJarFileDependencyLocator/]: Failed to load resource META-INF\jarjar\metadata.json from worldedit-225608-4586218_mapped_official_1.20.1.jar, it does not contain dependency information.
[00:10:26] [main/DEBUG] [ne.mi.fm.lo.mo.AbstractJarFileDependencyLocator/]: Failed to load resource META-INF\jarjar\metadata.json from architectury-forge-9.2.14_mapped_official_1.20.1.jar, it does not contain dependency information.
[00:10:26] [main/DEBUG] [ne.mi.fm.lo.mo.AbstractJarFileDependencyLocator/]: Failed to load resource META-INF\jarjar\metadata.json from trek-B0.6_mapped_official_1.20.1.jar, it does not contain dependency information.
[00:10:26] [main/DEBUG] [ne.mi.fm.lo.mo.AbstractJarFileDependencyLocator/]: Failed to load resource META-INF\jarjar\metadata.json from main, it does not contain dependency information.
[00:10:26] [main/DEBUG] [ne.mi.fm.lo.mo.AbstractJarFileDependencyLocator/]: Failed to load resource META-INF\jarjar\metadata.json from reterraforged-0.0.5_mapped_official_1.20.1.jar, it does not contain dependency information.
[00:10:26] [main/DEBUG] [ne.mi.fm.lo.mo.AbstractJarFileDependencyLocator/]: Failed to load resource META-INF\jarjar\metadata.json from mclanguage-1.20.1-47.4.0.jar, it does not contain dependency information.
[00:10:26] [main/DEBUG] [ne.mi.fm.lo.mo.AbstractJarFileDependencyLocator/]: Failed to load resource META-INF\jarjar\metadata.json from javafmllanguage-1.20.1-47.4.0.jar, it does not contain dependency information.
[00:10:26] [main/DEBUG] [ne.mi.fm.lo.mo.AbstractJarFileDependencyLocator/]: Failed to load resource META-INF\jarjar\metadata.json from fmlcore-1.20.1-47.4.0.jar, it does not contain dependency information.
[00:10:26] [main/DEBUG] [ne.mi.fm.lo.mo.AbstractJarFileDependencyLocator/]: Failed to load resource META-INF\jarjar\metadata.json from lowcodelanguage-1.20.1-47.4.0.jar, it does not contain dependency information.
[00:10:26] [main/DEBUG] [ne.mi.fm.lo.mo.ModFileParser/LOADING]: Considering mod file candidate 
[00:10:26] [main/DEBUG] [ne.mi.fm.lo.mo.ModFileInfo/LOADING]: Found valid mod file architectury-forge-9.2.14.jar with {architectury} mods - versions {9.2.14}
[00:10:26] [main/DEBUG] [ne.mi.fm.lo.mo.ModFileParser/LOADING]: Considering mod file candidate 
[00:10:26] [main/DEBUG] [ne.mi.fm.lo.mo.ModFileInfo/LOADING]: Found valid mod file cloth-config-forge-11.1.136.jar with {cloth_config} mods - versions {11.1.136}
[00:10:26] [main/DEBUG] [ne.mi.fm.lo.mo.AbstractJarFileDependencyLocator/]: Failed to load resource META-INF\jarjar\metadata.json from architectury-forge-9.2.14.jar, it does not contain dependency information.
[00:10:26] [main/DEBUG] [ne.mi.fm.lo.mo.AbstractJarFileDependencyLocator/]: Failed to load resource META-INF\jarjar\metadata.json from cloth-config-forge-11.1.136.jar, it does not contain dependency information.
[00:10:26] [main/DEBUG] [ne.mi.fm.lo.mo.AbstractJarFileDependencyLocator/]: Failed to load resource META-INF\jarjar\metadata.json from lwjgl-opencl-3.3.1.jar, it does not contain dependency information.
[00:10:26] [main/DEBUG] [ne.mi.fm.lo.mo.AbstractJarFileDependencyLocator/]: Failed to load resource META-INF\jarjar\metadata.json from jankson-1.2.3.jar, it does not contain dependency information.
[00:10:27] [main/DEBUG] [ne.mi.fm.lo.mo.ModFileParser/LOADING]: Considering mod file candidate 
[00:10:27] [main/DEBUG] [ne.mi.fm.lo.mo.ModFileInfo/LOADING]: Found valid mod file architectury-forge-9.2.14.jar with {architectury} mods - versions {9.2.14}
[00:10:27] [main/DEBUG] [ne.mi.fm.lo.mo.ModFileParser/LOADING]: Considering mod file candidate 
[00:10:27] [main/DEBUG] [ne.mi.fm.lo.mo.ModFileInfo/LOADING]: Found valid mod file cloth-config-forge-11.1.136.jar with {cloth_config} mods - versions {11.1.136}
[00:10:27] [main/WARN] [ne.mi.ja.se.JarSelector/]: Attempted to select a dependency jar for JarJar which was passed in as source: cloth_config. Using Mod File: C:\Users\Rinsing\.gradle\caches\forge_gradle\deobf_dependencies\me\shedaniel\cloth\cloth-config-forge\11.1.136_mapped_official_1.20.1\cloth-config-forge-11.1.136_mapped_official_1.20.1.jar
[00:10:27] [main/WARN] [ne.mi.ja.se.JarSelector/]: Attempted to select a dependency jar for JarJar which was passed in as source: architectury. Using Mod File: C:\Users\Rinsing\.gradle\caches\forge_gradle\deobf_dependencies\dev\architectury\architectury-forge\9.2.14_mapped_official_1.20.1\architectury-forge-9.2.14_mapped_official_1.20.1.jar
[00:10:27] [main/INFO] [ne.mi.fm.lo.mo.JarInJarDependencyLocator/]: Found 2 dependencies adding them to mods collection
[00:10:27] [main/DEBUG] [ne.mi.fm.lo.mo.ModFileInfo/LOADING]: Found valid mod file forge-1.20.1-47.4.0_mapped_official_1.20.1-recomp.jar with {minecraft} mods - versions {1.20.1}
[00:10:27] [main/DEBUG] [ne.mi.fm.lo.mo.ModFile/LOADING]: Loading mod file C:\Users\Rinsing\.gradle\caches\forge_gradle\minecraft_user_repo\net\minecraftforge\forge\1.20.1-47.4.0_mapped_official_1.20.1\forge-1.20.1-47.4.0_mapped_official_1.20.1-recomp.jar with languages [LanguageSpec[languageName=minecraft, acceptedVersions=1]]
[00:10:27] [main/DEBUG] [ne.mi.fm.lo.mo.ModFileParser/LOADING]: Considering mod file candidate C:\Users\Rinsing\.gradle\caches\forge_gradle\deobf_dependencies\me\shedaniel\cloth\cloth-config-forge\11.1.136_mapped_official_1.20.1\cloth-config-forge-11.1.136_mapped_official_1.20.1.jar
[00:10:27] [main/DEBUG] [ne.mi.fm.lo.mo.ModFileInfo/LOADING]: Found valid mod file cloth-config-forge-11.1.136_mapped_official_1.20.1.jar with {cloth_config} mods - versions {11.1.136}
[00:10:27] [main/DEBUG] [ne.mi.fm.lo.mo.ModFile/LOADING]: Loading mod file C:\Users\Rinsing\.gradle\caches\forge_gradle\deobf_dependencies\me\shedaniel\cloth\cloth-config-forge\11.1.136_mapped_official_1.20.1\cloth-config-forge-11.1.136_mapped_official_1.20.1.jar with languages [LanguageSpec[languageName=javafml, acceptedVersions=[34,)]]
[00:10:27] [main/DEBUG] [ne.mi.fm.lo.mo.ModFileParser/LOADING]: Considering mod file candidate /
[00:10:27] [main/DEBUG] [ne.mi.fm.lo.mo.ModFileInfo/LOADING]: Found valid mod file  with {forge} mods - versions {47.4.0}
[00:10:27] [main/DEBUG] [ne.mi.fm.lo.mo.ModFile/LOADING]: Loading mod file / with languages [LanguageSpec[languageName=javafml, acceptedVersions=[24,]]]
[00:10:27] [main/DEBUG] [ne.mi.fm.lo.mo.ModFileParser/LOADING]: Found coremod field_to_method with Javascript path coremods/field_to_method.js
[00:10:27] [main/DEBUG] [ne.mi.fm.lo.mo.ModFileParser/LOADING]: Found coremod field_to_instanceof with Javascript path coremods/field_to_instanceof.js
[00:10:27] [main/DEBUG] [ne.mi.fm.lo.mo.ModFileParser/LOADING]: Found coremod add_bouncer_method with Javascript path coremods/add_bouncer_method.js
[00:10:27] [main/DEBUG] [ne.mi.fm.lo.mo.ModFileParser/LOADING]: Found coremod method_redirector with Javascript path coremods/method_redirector.js
[00:10:27] [main/DEBUG] [ne.mi.fm.lo.mo.ModFile/LOADING]: Found coremod coremods/field_to_method.js
[00:10:27] [main/DEBUG] [ne.mi.fm.lo.mo.ModFile/LOADING]: Found coremod coremods/field_to_instanceof.js
[00:10:27] [main/DEBUG] [ne.mi.fm.lo.mo.ModFile/LOADING]: Found coremod coremods/add_bouncer_method.js
[00:10:27] [main/DEBUG] [ne.mi.fm.lo.mo.ModFile/LOADING]: Found coremod coremods/method_redirector.js
[00:10:27] [main/DEBUG] [ne.mi.fm.lo.mo.ModFileParser/LOADING]: Considering mod file candidate C:\Users\Rinsing\.gradle\caches\forge_gradle\deobf_dependencies\curse\maven\worldedit-225608\4586218_mapped_official_1.20.1\worldedit-225608-4586218_mapped_official_1.20.1.jar
[00:10:27] [main/DEBUG] [ne.mi.fm.lo.mo.ModFileInfo/LOADING]: Found valid mod file worldedit-225608-4586218_mapped_official_1.20.1.jar with {worldedit} mods - versions {7.2.15+6463-5ca4dff}
[00:10:27] [main/DEBUG] [ne.mi.fm.lo.mo.ModFile/LOADING]: Loading mod file C:\Users\Rinsing\.gradle\caches\forge_gradle\deobf_dependencies\curse\maven\worldedit-225608\4586218_mapped_official_1.20.1\worldedit-225608-4586218_mapped_official_1.20.1.jar with languages [LanguageSpec[languageName=javafml, acceptedVersions=[24,)]]
[00:10:27] [main/DEBUG] [ne.mi.fm.lo.mo.ModFileParser/LOADING]: Considering mod file candidate C:\Users\Rinsing\.gradle\caches\forge_gradle\deobf_dependencies\local\t_and_t\t_and_t\1.12_mapped_official_1.20.1\t_and_t-1.12_mapped_official_1.20.1.jar
[00:10:27] [main/DEBUG] [ne.mi.fm.lo.mo.ModFileInfo/LOADING]: Found valid mod file t_and_t-1.12_mapped_official_1.20.1.jar with {t_and_t} mods - versions {0.0NONE}
[00:10:27] [main/DEBUG] [ne.mi.fm.lo.mo.ModFile/LOADING]: Loading mod file C:\Users\Rinsing\.gradle\caches\forge_gradle\deobf_dependencies\local\t_and_t\t_and_t\1.12_mapped_official_1.20.1\t_and_t-1.12_mapped_official_1.20.1.jar with languages [LanguageSpec[languageName=javafml, acceptedVersions=[43,)]]
[00:10:27] [main/DEBUG] [ne.mi.fm.lo.mo.ModFileParser/LOADING]: Considering mod file candidate C:\Users\Rinsing\.gradle\caches\forge_gradle\deobf_dependencies\dev\architectury\architectury-forge\9.2.14_mapped_official_1.20.1\architectury-forge-9.2.14_mapped_official_1.20.1.jar
[00:10:27] [main/DEBUG] [ne.mi.fm.lo.mo.ModFileInfo/LOADING]: Found valid mod file architectury-forge-9.2.14_mapped_official_1.20.1.jar with {architectury} mods - versions {9.2.14}
[00:10:27] [main/DEBUG] [ne.mi.fm.lo.mo.ModFile/LOADING]: Loading mod file C:\Users\Rinsing\.gradle\caches\forge_gradle\deobf_dependencies\dev\architectury\architectury-forge\9.2.14_mapped_official_1.20.1\architectury-forge-9.2.14_mapped_official_1.20.1.jar with languages [LanguageSpec[languageName=javafml, acceptedVersions=[46,)]]
[00:10:27] [main/DEBUG] [ne.mi.fm.lo.mo.ModFileParser/LOADING]: Considering mod file candidate E:\Mod_Dev\StructureBinder\build\resources\main
[00:10:27] [main/DEBUG] [ne.mi.fm.lo.mo.ModFileInfo/LOADING]: Found valid mod file main with {geomantia} mods - versions {0.1.0}
[00:10:27] [main/DEBUG] [ne.mi.fm.lo.mo.ModFile/LOADING]: Loading mod file E:\Mod_Dev\StructureBinder\build\resources\main with languages [LanguageSpec[languageName=javafml, acceptedVersions=[47,)]]
[00:10:27] [main/DEBUG] [ne.mi.fm.lo.mo.ModFileParser/LOADING]: Considering mod file candidate C:\Users\Rinsing\.gradle\caches\forge_gradle\deobf_dependencies\local\trek\trek\B0.6_mapped_official_1.20.1\trek-B0.6_mapped_official_1.20.1.jar
[00:10:27] [main/DEBUG] [ne.mi.fm.lo.mo.ModFileInfo/LOADING]: Found valid mod file trek-B0.6_mapped_official_1.20.1.jar with {mr_trek} mods - versions {1-B0.6}
[00:10:27] [main/DEBUG] [ne.mi.fm.lo.mo.ModFile/LOADING]: Loading mod file C:\Users\Rinsing\.gradle\caches\forge_gradle\deobf_dependencies\local\trek\trek\B0.6_mapped_official_1.20.1\trek-B0.6_mapped_official_1.20.1.jar with languages [LanguageSpec[languageName=lowcodefml, acceptedVersions=[40,)]]
[00:10:27] [main/DEBUG] [ne.mi.fm.lo.mo.ModFileParser/LOADING]: Considering mod file candidate C:\Users\Rinsing\.gradle\caches\forge_gradle\deobf_dependencies\local\reterraforged\reterraforged\0.0.5_mapped_official_1.20.1\reterraforged-0.0.5_mapped_official_1.20.1.jar
[00:10:27] [main/DEBUG] [ne.mi.fm.lo.mo.ModFileInfo/LOADING]: Found valid mod file reterraforged-0.0.5_mapped_official_1.20.1.jar with {reterraforged} mods - versions {0.0.5}
[00:10:27] [main/DEBUG] [ne.mi.fm.lo.mo.ModFile/LOADING]: Loading mod file C:\Users\Rinsing\.gradle\caches\forge_gradle\deobf_dependencies\local\reterraforged\reterraforged\0.0.5_mapped_official_1.20.1\reterraforged-0.0.5_mapped_official_1.20.1.jar with languages [LanguageSpec[languageName=javafml, acceptedVersions=[40,)]]
[00:10:27] [main/DEBUG] [ne.mi.fm.lo.mo.ModFileParser/LOADING]: Considering mod file candidate C:\Users\Rinsing\.gradle\caches\forge_gradle\deobf_dependencies\local\cristellib\cristellib\1.1.6_mapped_official_1.20.1\cristellib-1.1.6_mapped_official_1.20.1.jar
[00:10:27] [main/DEBUG] [ne.mi.fm.lo.mo.ModFileInfo/LOADING]: Found valid mod file cristellib-1.1.6_mapped_official_1.20.1.jar with {cristellib} mods - versions {1.1.6}
[00:10:27] [main/DEBUG] [ne.mi.fm.lo.mo.ModFile/LOADING]: Loading mod file C:\Users\Rinsing\.gradle\caches\forge_gradle\deobf_dependencies\local\cristellib\cristellib\1.1.6_mapped_official_1.20.1\cristellib-1.1.6_mapped_official_1.20.1.jar with languages [LanguageSpec[languageName=javafml, acceptedVersions=[47,)]]
[00:10:27] [main/DEBUG] [ne.mi.fm.lo.mo.ModFileParser/LOADING]: Considering mod file candidate C:\Users\Rinsing\.gradle\caches\forge_gradle\deobf_dependencies\local\roadweaver\roadweaver-forge\2.3.0-1.20.1_mapped_official_1.20.1\roadweaver-forge-2.3.0-1.20.1_mapped_official_1.20.1.jar
[00:10:27] [main/DEBUG] [ne.mi.fm.lo.mo.ModFileInfo/LOADING]: Found valid mod file roadweaver-forge-2.3.0-1.20.1_mapped_official_1.20.1.jar with {roadweaver} mods - versions {2.2.2-1.20.1}
[00:10:27] [main/DEBUG] [ne.mi.fm.lo.mo.ModFile/LOADING]: Loading mod file C:\Users\Rinsing\.gradle\caches\forge_gradle\deobf_dependencies\local\roadweaver\roadweaver-forge\2.3.0-1.20.1_mapped_official_1.20.1\roadweaver-forge-2.3.0-1.20.1_mapped_official_1.20.1.jar with languages [LanguageSpec[languageName=javafml, acceptedVersions=[47,)]]
[00:10:27] [main/DEBUG] [ne.mi.fm.lo.mo.ModFile/LOADING]: Loading mod file  with languages []
[00:10:27] [main/DEBUG] [ne.mi.fm.lo.mo.ModFile/LOADING]: Loading mod file  with languages []
[00:10:27] [main/DEBUG] [ne.mi.fm.lo.mo.ModFile/LOADING]: Loading mod file  with languages []
[00:10:27] [main/DEBUG] [ne.mi.fm.lo.mo.ModFile/LOADING]: Loading mod file  with languages []
[00:10:27] [main/DEBUG] [cp.mo.mo.TransformationServiceDecorator/MODLAUNCHER]: End scan trigger - transformation service fml
[00:10:27] [main/DEBUG] [ne.mi.fm.lo.LanguageLoadingProvider/CORE]: Found 3 language providers
[00:10:27] [main/DEBUG] [ne.mi.fm.lo.LanguageLoadingProvider/CORE]: Found language provider minecraft, version 1.0
[00:10:27] [main/DEBUG] [ne.mi.fm.lo.LanguageLoadingProvider/CORE]: Found language provider lowcodefml, version 47
[00:10:27] [main/DEBUG] [ne.mi.fm.lo.LanguageLoadingProvider/CORE]: Found language provider javafml, version 47
[00:10:27] [main/DEBUG] [ne.mi.fm.lo.UniqueModListBuilder/]: Found 2 mods for first modid jankson, selecting most recent based on version data
[00:10:27] [main/DEBUG] [ne.mi.fm.lo.UniqueModListBuilder/]: Selected file jankson-1.2.3.jar for modid jankson with version 0.0NONE
[00:10:27] [main/DEBUG] [ne.mi.fm.lo.UniqueModListBuilder/]: Found 2 mods for first modid org.lwjgl.opencl, selecting most recent based on version data
[00:10:27] [main/DEBUG] [ne.mi.fm.lo.UniqueModListBuilder/]: Selected file lwjgl-opencl-3.3.1.jar for modid org.lwjgl.opencl with version build 7
[00:10:27] [main/DEBUG] [ne.mi.fm.lo.ModSorter/]: Configured system mods: [minecraft, forge]
[00:10:27] [main/DEBUG] [ne.mi.fm.lo.ModSorter/]: Found system mod: minecraft
[00:10:27] [main/DEBUG] [ne.mi.fm.lo.ModSorter/]: Found system mod: forge
[00:10:27] [main/DEBUG] [ne.mi.fm.lo.ModSorter/LOADING]: Found 22 mod requirements (17 mandatory, 5 optional)
[00:10:27] [main/DEBUG] [ne.mi.fm.lo.ModSorter/LOADING]: Found 0 mod requirements missing (0 mandatory, 0 optional)
[00:10:27] [main/DEBUG] [ne.mi.fm.lo.MCPNamingService/CORE]: Loaded 33222 method mappings from methods.csv
[00:10:27] [main/DEBUG] [ne.mi.fm.lo.MCPNamingService/CORE]: Loaded 31003 field mappings from fields.csv
[00:10:27] [main/DEBUG] [cp.mo.mo.TransformationServicesHandler/MODLAUNCHER]: Transformation services loading transformers
[00:10:27] [main/DEBUG] [cp.mo.mo.TransformationServiceDecorator/MODLAUNCHER]: Initializing transformers for transformation service mixin
[00:10:27] [main/DEBUG] [cp.mo.mo.TransformationServiceDecorator/MODLAUNCHER]: Initialized transformers for transformation service mixin
[00:10:27] [main/DEBUG] [cp.mo.mo.TransformationServiceDecorator/MODLAUNCHER]: Initializing transformers for transformation service fml
[00:10:27] [main/DEBUG] [ne.mi.fm.lo.FMLServiceProvider/CORE]: Loading coremod transformers
[00:10:27] [main/DEBUG] [ne.mi.co.CoreModEngine/COREMOD]: Loading CoreMod from coremods/field_to_method.js
[00:10:27] [main/DEBUG] [ne.mi.co.CoreModEngine/COREMOD]: CoreMod loaded successfully
[00:10:27] [main/DEBUG] [ne.mi.co.CoreModEngine/COREMOD]: Loading CoreMod from coremods/field_to_instanceof.js
[00:10:27] [main/DEBUG] [ne.mi.co.CoreModEngine/COREMOD]: CoreMod loaded successfully
[00:10:27] [main/DEBUG] [ne.mi.co.CoreModEngine/COREMOD]: Loading CoreMod from coremods/add_bouncer_method.js
[00:10:28] [main/DEBUG] [ne.mi.co.CoreModEngine/COREMOD]: CoreMod loaded successfully
[00:10:28] [main/DEBUG] [ne.mi.co.CoreModEngine/COREMOD]: Loading CoreMod from coremods/method_redirector.js
[00:10:28] [main/DEBUG] [ne.mi.co.CoreModEngine/COREMOD]: CoreMod loaded successfully
[00:10:28] [main/DEBUG] [cp.mo.mo.TransformStore/MODLAUNCHER]: Adding transformer net.minecraftforge.coremod.transformer.CoreModClassTransformer@31142d58 to Target : CLASS {Lnet/minecraft/world/level/biome/Biome;} {} {V}
[00:10:28] [main/DEBUG] [cp.mo.mo.TransformStore/MODLAUNCHER]: Adding transformer net.minecraftforge.coremod.transformer.CoreModClassTransformer@2b2954e1 to Target : CLASS {Lnet/minecraft/world/level/levelgen/structure/Structure;} {} {V}
[00:10:28] [main/DEBUG] [cp.mo.mo.TransformStore/MODLAUNCHER]: Adding transformer net.minecraftforge.coremod.transformer.CoreModClassTransformer@58d6e55a to Target : CLASS {Lnet/minecraft/world/effect/MobEffectInstance;} {} {V}
[00:10:28] [main/DEBUG] [cp.mo.mo.TransformStore/MODLAUNCHER]: Adding transformer net.minecraftforge.coremod.transformer.CoreModClassTransformer@751ae8a4 to Target : CLASS {Lnet/minecraft/world/level/block/LiquidBlock;} {} {V}
[00:10:28] [main/DEBUG] [cp.mo.mo.TransformStore/MODLAUNCHER]: Adding transformer net.minecraftforge.coremod.transformer.CoreModClassTransformer@235d659c to Target : CLASS {Lnet/minecraft/world/item/BucketItem;} {} {V}
[00:10:28] [main/DEBUG] [cp.mo.mo.TransformStore/MODLAUNCHER]: Adding transformer net.minecraftforge.coremod.transformer.CoreModClassTransformer@4232b34a to Target : CLASS {Lnet/minecraft/world/level/block/StairBlock;} {} {V}
[00:10:28] [main/DEBUG] [cp.mo.mo.TransformStore/MODLAUNCHER]: Adding transformer net.minecraftforge.coremod.transformer.CoreModClassTransformer@2da16263 to Target : CLASS {Lnet/minecraft/world/level/block/FlowerPotBlock;} {} {V}
[00:10:28] [main/DEBUG] [cp.mo.mo.TransformStore/MODLAUNCHER]: Adding transformer net.minecraftforge.coremod.transformer.CoreModClassTransformer@f5ce0bb to Target : CLASS {Lnet/minecraft/world/item/ItemStack;} {} {V}
[00:10:28] [main/DEBUG] [cp.mo.mo.TransformStore/MODLAUNCHER]: Adding transformer net.minecraftforge.coremod.transformer.CoreModClassTransformer@47e51549 to Target : CLASS {Lnet/minecraft/network/play/client/CClientSettingsPacket;} {} {V}
[00:10:28] [main/DEBUG] [cp.mo.mo.TransformStore/MODLAUNCHER]: Adding transformer net.minecraftforge.coremod.transformer.CoreModClassTransformer@101a461c to Target : CLASS {Lnet/minecraft/world/entity/monster/Spider;} {} {V}
[00:10:28] [main/DEBUG] [cp.mo.mo.TransformStore/MODLAUNCHER]: Adding transformer net.minecraftforge.coremod.transformer.CoreModClassTransformer@101a461c to Target : CLASS {Lnet/minecraft/world/level/levelgen/PhantomSpawner;} {} {V}
[00:10:28] [main/DEBUG] [cp.mo.mo.TransformStore/MODLAUNCHER]: Adding transformer net.minecraftforge.coremod.transformer.CoreModClassTransformer@101a461c to Target : CLASS {Lnet/minecraft/world/level/levelgen/structure/structures/OceanMonumentPieces$OceanMonumentPiece;} {} {V}
[00:10:28] [main/DEBUG] [cp.mo.mo.TransformStore/MODLAUNCHER]: Adding transformer net.minecraftforge.coremod.transformer.CoreModClassTransformer@101a461c to Target : CLASS {Lnet/minecraft/world/entity/monster/Evoker$EvokerSummonSpellGoal;} {} {V}
[00:10:28] [main/DEBUG] [cp.mo.mo.TransformStore/MODLAUNCHER]: Adding transformer net.minecraftforge.coremod.transformer.CoreModClassTransformer@101a461c to Target : CLASS {Lnet/minecraft/world/level/levelgen/structure/templatesystem/StructureTemplate;} {} {V}
[00:10:28] [main/DEBUG] [cp.mo.mo.TransformStore/MODLAUNCHER]: Adding transformer net.minecraftforge.coremod.transformer.CoreModClassTransformer@101a461c to Target : CLASS {Lnet/minecraft/server/commands/SummonCommand;} {} {V}
[00:10:28] [main/DEBUG] [cp.mo.mo.TransformStore/MODLAUNCHER]: Adding transformer net.minecraftforge.coremod.transformer.CoreModClassTransformer@101a461c to Target : CLASS {Lnet/minecraft/world/level/levelgen/structure/structures/OceanRuinPieces$OceanRuinPiece;} {} {V}
[00:10:28] [main/DEBUG] [cp.mo.mo.TransformStore/MODLAUNCHER]: Adding transformer net.minecraftforge.coremod.transformer.CoreModClassTransformer@101a461c to Target : CLASS {Lnet/minecraft/world/entity/monster/Strider;} {} {V}
[00:10:28] [main/DEBUG] [cp.mo.mo.TransformStore/MODLAUNCHER]: Adding transformer net.minecraftforge.coremod.transformer.CoreModClassTransformer@101a461c to Target : CLASS {Lnet/minecraft/world/entity/animal/frog/Tadpole;} {} {V}
[00:10:28] [main/DEBUG] [cp.mo.mo.TransformStore/MODLAUNCHER]: Adding transformer net.minecraftforge.coremod.transformer.CoreModClassTransformer@101a461c to Target : CLASS {Lnet/minecraft/world/entity/raid/Raid;} {} {V}
[00:10:28] [main/DEBUG] [cp.mo.mo.TransformStore/MODLAUNCHER]: Adding transformer net.minecraftforge.coremod.transformer.CoreModClassTransformer@101a461c to Target : CLASS {Lnet/minecraft/world/entity/monster/Zombie;} {} {V}
[00:10:28] [main/DEBUG] [cp.mo.mo.TransformStore/MODLAUNCHER]: Adding transformer net.minecraftforge.coremod.transformer.CoreModClassTransformer@101a461c to Target : CLASS {Lnet/minecraft/world/entity/npc/CatSpawner;} {} {V}
[00:10:28] [main/DEBUG] [cp.mo.mo.TransformStore/MODLAUNCHER]: Adding transformer net.minecraftforge.coremod.transformer.CoreModClassTransformer@101a461c to Target : CLASS {Lnet/minecraft/world/entity/ai/village/VillageSiege;} {} {V}
[00:10:28] [main/DEBUG] [cp.mo.mo.TransformStore/MODLAUNCHER]: Adding transformer net.minecraftforge.coremod.transformer.CoreModClassTransformer@101a461c to Target : CLASS {Lnet/minecraft/world/level/NaturalSpawner;} {} {V}
[00:10:28] [main/DEBUG] [cp.mo.mo.TransformStore/MODLAUNCHER]: Adding transformer net.minecraftforge.coremod.transformer.CoreModClassTransformer@101a461c to Target : CLASS {Lnet/minecraft/world/level/levelgen/structure/structures/WoodlandMansionPieces$WoodlandMansionPiece;} {} {V}
[00:10:28] [main/DEBUG] [cp.mo.mo.TransformStore/MODLAUNCHER]: Adding transformer net.minecraftforge.coremod.transformer.CoreModClassTransformer@101a461c to Target : CLASS {Lnet/minecraft/world/entity/npc/Villager;} {} {V}
[00:10:28] [main/DEBUG] [cp.mo.mo.TransformStore/MODLAUNCHER]: Adding transformer net.minecraftforge.coremod.transformer.CoreModClassTransformer@101a461c to Target : CLASS {Lnet/minecraft/world/level/levelgen/PatrolSpawner;} {} {V}
[00:10:28] [main/DEBUG] [cp.mo.mo.TransformStore/MODLAUNCHER]: Adding transformer net.minecraftforge.coremod.transformer.CoreModClassTransformer@101a461c to Target : CLASS {Lnet/minecraft/world/entity/animal/horse/SkeletonTrapGoal;} {} {V}
[00:10:28] [main/DEBUG] [cp.mo.mo.TransformStore/MODLAUNCHER]: Adding transformer net.minecraftforge.coremod.transformer.CoreModClassTransformer@101a461c to Target : CLASS {Lnet/minecraft/world/level/levelgen/structure/structures/SwampHutPiece;} {} {V}
[00:10:28] [main/DEBUG] [cp.mo.mo.TransformStore/MODLAUNCHER]: Adding transformer net.minecraftforge.coremod.transformer.CoreModClassTransformer@101a461c to Target : CLASS {Lnet/minecraft/world/entity/monster/ZombieVillager;} {} {V}
[00:10:28] [main/DEBUG] [cp.mo.mo.TransformStore/MODLAUNCHER]: Adding transformer net.minecraftforge.coremod.transformer.CoreModClassTransformer@101a461c to Target : CLASS {Lnet/minecraft/server/commands/RaidCommand;} {} {V}
[00:10:28] [main/DEBUG] [cp.mo.mo.TransformStore/MODLAUNCHER]: Adding transformer net.minecraftforge.coremod.transformer.CoreModClassTransformer@101a461c to Target : CLASS {Lnet/minecraft/world/entity/EntityType;} {} {V}
[00:10:28] [main/DEBUG] [cp.mo.mo.TransformationServiceDecorator/MODLAUNCHER]: Initialized transformers for transformation service fml
[00:10:28] [main/DEBUG] [mixin/]: Processing prepare() for PlatformAgent[MixinPlatformAgentDefault:ModLauncher Root Container(ModLauncher:4f56a0a2)]
[00:10:28] [main/DEBUG] [mixin/]: Processing launch tasks for PlatformAgent[MixinPlatformAgentDefault:ModLauncher Root Container(ModLauncher:4f56a0a2)]
[00:10:28] [main/DEBUG] [mixin/]: Adding mixin platform agents for container SecureJarResource(minecraft)
[00:10:28] [main/DEBUG] [mixin/]: Instancing new MixinPlatformAgentMinecraftForge for SecureJarResource(minecraft)
[00:10:28] [main/DEBUG] [mixin/]: MixinPlatformAgentMinecraftForge rejected container SecureJarResource(minecraft)
[00:10:28] [main/DEBUG] [mixin/]: Instancing new MixinPlatformAgentDefault for SecureJarResource(minecraft)
[00:10:28] [main/DEBUG] [mixin/]: MixinPlatformAgentDefault accepted container SecureJarResource(minecraft)
[00:10:28] [main/DEBUG] [mixin/]: Processing prepare() for PlatformAgent[MixinPlatformAgentDefault:SecureJarResource(minecraft)]
[00:10:28] [main/DEBUG] [mixin/]: Adding mixin platform agents for container SecureJarResource(worldedit)
[00:10:28] [main/DEBUG] [mixin/]: Instancing new MixinPlatformAgentMinecraftForge for SecureJarResource(worldedit)
[00:10:28] [main/DEBUG] [mixin/]: MixinPlatformAgentMinecraftForge rejected container SecureJarResource(worldedit)
[00:10:28] [main/DEBUG] [mixin/]: Instancing new MixinPlatformAgentDefault for SecureJarResource(worldedit)
[00:10:28] [main/DEBUG] [mixin/]: MixinPlatformAgentDefault accepted container SecureJarResource(worldedit)
[00:10:28] [main/DEBUG] [mixin/]: Processing prepare() for PlatformAgent[MixinPlatformAgentDefault:SecureJarResource(worldedit)]
[00:10:28] [main/DEBUG] [mixin/]: Adding mixin platform agents for container SecureJarResource(architectury)
[00:10:28] [main/DEBUG] [mixin/]: Instancing new MixinPlatformAgentMinecraftForge for SecureJarResource(architectury)
[00:10:28] [main/DEBUG] [mixin/]: MixinPlatformAgentMinecraftForge rejected container SecureJarResource(architectury)
[00:10:28] [main/DEBUG] [mixin/]: Instancing new MixinPlatformAgentDefault for SecureJarResource(architectury)
[00:10:28] [main/DEBUG] [mixin/]: MixinPlatformAgentDefault accepted container SecureJarResource(architectury)
[00:10:28] [main/DEBUG] [mixin/]: Processing prepare() for PlatformAgent[MixinPlatformAgentDefault:SecureJarResource(architectury)]
[00:10:28] [main/DEBUG] [mixin/]: Registering mixin config: architectury.mixins.json
[00:10:28] [main/DEBUG] [mixin/]: Registering mixin config: architectury-common.mixins.json
[00:10:28] [main/DEBUG] [mixin/]: Adding mixin platform agents for container SecureJarResource(cloth_config)
[00:10:28] [main/DEBUG] [mixin/]: Instancing new MixinPlatformAgentMinecraftForge for SecureJarResource(cloth_config)
[00:10:28] [main/DEBUG] [mixin/]: MixinPlatformAgentMinecraftForge rejected container SecureJarResource(cloth_config)
[00:10:28] [main/DEBUG] [mixin/]: Instancing new MixinPlatformAgentDefault for SecureJarResource(cloth_config)
[00:10:28] [main/DEBUG] [mixin/]: MixinPlatformAgentDefault accepted container SecureJarResource(cloth_config)
[00:10:28] [main/DEBUG] [mixin/]: Processing prepare() for PlatformAgent[MixinPlatformAgentDefault:SecureJarResource(cloth_config)]
[00:10:28] [main/DEBUG] [mixin/]: Adding mixin platform agents for container SecureJarResource(forge)
[00:10:28] [main/DEBUG] [mixin/]: Instancing new MixinPlatformAgentMinecraftForge for SecureJarResource(forge)
[00:10:28] [main/DEBUG] [mixin/]: MixinPlatformAgentMinecraftForge rejected container SecureJarResource(forge)
[00:10:28] [main/DEBUG] [mixin/]: Instancing new MixinPlatformAgentDefault for SecureJarResource(forge)
[00:10:28] [main/DEBUG] [mixin/]: MixinPlatformAgentDefault accepted container SecureJarResource(forge)
[00:10:28] [main/DEBUG] [mixin/]: Processing prepare() for PlatformAgent[MixinPlatformAgentDefault:SecureJarResource(forge)]
[00:10:28] [main/DEBUG] [mixin/]: Adding mixin platform agents for container SecureJarResource(t_and_t)
[00:10:28] [main/DEBUG] [mixin/]: Instancing new MixinPlatformAgentMinecraftForge for SecureJarResource(t_and_t)
[00:10:28] [main/DEBUG] [mixin/]: MixinPlatformAgentMinecraftForge rejected container SecureJarResource(t_and_t)
[00:10:28] [main/DEBUG] [mixin/]: Instancing new MixinPlatformAgentDefault for SecureJarResource(t_and_t)
[00:10:28] [main/DEBUG] [mixin/]: MixinPlatformAgentDefault accepted container SecureJarResource(t_and_t)
[00:10:28] [main/DEBUG] [mixin/]: Processing prepare() for PlatformAgent[MixinPlatformAgentDefault:SecureJarResource(t_and_t)]
[00:10:28] [main/DEBUG] [mixin/]: Adding mixin platform agents for container SecureJarResource(mr_trek)
[00:10:28] [main/DEBUG] [mixin/]: Instancing new MixinPlatformAgentMinecraftForge for SecureJarResource(mr_trek)
[00:10:28] [main/DEBUG] [mixin/]: MixinPlatformAgentMinecraftForge rejected container SecureJarResource(mr_trek)
[00:10:28] [main/DEBUG] [mixin/]: Instancing new MixinPlatformAgentDefault for SecureJarResource(mr_trek)
[00:10:28] [main/DEBUG] [mixin/]: MixinPlatformAgentDefault accepted container SecureJarResource(mr_trek)
[00:10:28] [main/DEBUG] [mixin/]: Processing prepare() for PlatformAgent[MixinPlatformAgentDefault:SecureJarResource(mr_trek)]
[00:10:28] [main/DEBUG] [mixin/]: Adding mixin platform agents for container SecureJarResource(roadweaver)
[00:10:28] [main/DEBUG] [mixin/]: Instancing new MixinPlatformAgentMinecraftForge for SecureJarResource(roadweaver)
[00:10:28] [main/DEBUG] [mixin/]: MixinPlatformAgentMinecraftForge rejected container SecureJarResource(roadweaver)
[00:10:28] [main/DEBUG] [mixin/]: Instancing new MixinPlatformAgentDefault for SecureJarResource(roadweaver)
[00:10:28] [main/DEBUG] [mixin/]: MixinPlatformAgentDefault accepted container SecureJarResource(roadweaver)
[00:10:28] [main/DEBUG] [mixin/]: Processing prepare() for PlatformAgent[MixinPlatformAgentDefault:SecureJarResource(roadweaver)]
[00:10:28] [main/DEBUG] [mixin/]: Registering mixin config: roadweaver.mixins.json
[00:10:28] [main/DEBUG] [mixin/]: Compatibility level JAVA_17 specified by roadweaver.mixins.json is higher than the maximum level supported by this version of mixin (JAVA_13).
[00:10:28] [main/INFO] [mixin/]: Compatibility level set to JAVA_17
[00:10:28] [main/DEBUG] [mixin/]: Adding mixin platform agents for container SecureJarResource(geomantia)
[00:10:28] [main/DEBUG] [mixin/]: Instancing new MixinPlatformAgentMinecraftForge for SecureJarResource(geomantia)
[00:10:28] [main/DEBUG] [mixin/]: MixinPlatformAgentMinecraftForge rejected container SecureJarResource(geomantia)
[00:10:28] [main/DEBUG] [mixin/]: Instancing new MixinPlatformAgentDefault for SecureJarResource(geomantia)
[00:10:28] [main/DEBUG] [mixin/]: MixinPlatformAgentDefault accepted container SecureJarResource(geomantia)
[00:10:28] [main/DEBUG] [mixin/]: Processing prepare() for PlatformAgent[MixinPlatformAgentDefault:SecureJarResource(geomantia)]
[00:10:28] [main/DEBUG] [mixin/]: Registering mixin config: geomantia.mixins.json
[00:10:28] [main/DEBUG] [mixin/]: Adding mixin platform agents for container SecureJarResource(cristellib)
[00:10:28] [main/DEBUG] [mixin/]: Instancing new MixinPlatformAgentMinecraftForge for SecureJarResource(cristellib)
[00:10:28] [main/DEBUG] [mixin/]: MixinPlatformAgentMinecraftForge rejected container SecureJarResource(cristellib)
[00:10:28] [main/DEBUG] [mixin/]: Instancing new MixinPlatformAgentDefault for SecureJarResource(cristellib)
[00:10:28] [main/DEBUG] [mixin/]: MixinPlatformAgentDefault accepted container SecureJarResource(cristellib)
[00:10:28] [main/DEBUG] [mixin/]: Processing prepare() for PlatformAgent[MixinPlatformAgentDefault:SecureJarResource(cristellib)]
[00:10:28] [main/DEBUG] [mixin/]: Registering mixin config: cristellib-common.mixins.json
[00:10:28] [main/DEBUG] [mixin/]: Registering mixin config: cristellib.mixins.json
[00:10:28] [main/DEBUG] [mixin/]: Adding mixin platform agents for container SecureJarResource(reterraforged)
[00:10:28] [main/DEBUG] [mixin/]: Instancing new MixinPlatformAgentMinecraftForge for SecureJarResource(reterraforged)
[00:10:28] [main/DEBUG] [mixin/]: MixinPlatformAgentMinecraftForge rejected container SecureJarResource(reterraforged)
[00:10:28] [main/DEBUG] [mixin/]: Instancing new MixinPlatformAgentDefault for SecureJarResource(reterraforged)
[00:10:28] [main/DEBUG] [mixin/]: MixinPlatformAgentDefault accepted container SecureJarResource(reterraforged)
[00:10:28] [main/DEBUG] [mixin/]: Processing prepare() for PlatformAgent[MixinPlatformAgentDefault:SecureJarResource(reterraforged)]
[00:10:28] [main/DEBUG] [mixin/]: Registering mixin config: reterraforged-common.mixins.json
[00:10:28] [main/DEBUG] [mixin/]: Registering mixin config: reterraforged-forge.mixins.json
[00:10:28] [main/DEBUG] [mixin/]: Adding mixin platform agents for container SecureJarResource(jankson)
[00:10:28] [main/DEBUG] [mixin/]: Instancing new MixinPlatformAgentMinecraftForge for SecureJarResource(jankson)
[00:10:28] [main/DEBUG] [mixin/]: MixinPlatformAgentMinecraftForge rejected container SecureJarResource(jankson)
[00:10:28] [main/DEBUG] [mixin/]: Instancing new MixinPlatformAgentDefault for SecureJarResource(jankson)
[00:10:28] [main/DEBUG] [mixin/]: MixinPlatformAgentDefault accepted container SecureJarResource(jankson)
[00:10:28] [main/DEBUG] [mixin/]: Processing prepare() for PlatformAgent[MixinPlatformAgentDefault:SecureJarResource(jankson)]
[00:10:28] [main/DEBUG] [mixin/]: Adding mixin platform agents for container SecureJarResource(org.lwjgl.opencl)
[00:10:28] [main/DEBUG] [mixin/]: Instancing new MixinPlatformAgentMinecraftForge for SecureJarResource(org.lwjgl.opencl)
[00:10:28] [main/DEBUG] [mixin/]: MixinPlatformAgentMinecraftForge rejected container SecureJarResource(org.lwjgl.opencl)
[00:10:28] [main/DEBUG] [mixin/]: Instancing new MixinPlatformAgentDefault for SecureJarResource(org.lwjgl.opencl)
[00:10:28] [main/DEBUG] [mixin/]: MixinPlatformAgentDefault accepted container SecureJarResource(org.lwjgl.opencl)
[00:10:28] [main/DEBUG] [mixin/]: Processing prepare() for PlatformAgent[MixinPlatformAgentDefault:SecureJarResource(org.lwjgl.opencl)]
[00:10:28] [main/DEBUG] [mixin/]: inject() running with 14 agents
[00:10:28] [main/DEBUG] [mixin/]: Processing inject() for PlatformAgent[MixinPlatformAgentDefault:ModLauncher Root Container(ModLauncher:4f56a0a2)]
[00:10:28] [main/DEBUG] [mixin/]: Processing inject() for PlatformAgent[MixinPlatformAgentDefault:SecureJarResource(minecraft)]
[00:10:28] [main/DEBUG] [mixin/]: Processing inject() for PlatformAgent[MixinPlatformAgentDefault:SecureJarResource(worldedit)]
[00:10:28] [main/DEBUG] [mixin/]: Processing inject() for PlatformAgent[MixinPlatformAgentDefault:SecureJarResource(architectury)]
[00:10:28] [main/DEBUG] [mixin/]: Processing inject() for PlatformAgent[MixinPlatformAgentDefault:SecureJarResource(cloth_config)]
[00:10:28] [main/DEBUG] [mixin/]: Processing inject() for PlatformAgent[MixinPlatformAgentDefault:SecureJarResource(forge)]
[00:10:28] [main/DEBUG] [mixin/]: Processing inject() for PlatformAgent[MixinPlatformAgentDefault:SecureJarResource(t_and_t)]
[00:10:28] [main/DEBUG] [mixin/]: Processing inject() for PlatformAgent[MixinPlatformAgentDefault:SecureJarResource(mr_trek)]
[00:10:28] [main/DEBUG] [mixin/]: Processing inject() for PlatformAgent[MixinPlatformAgentDefault:SecureJarResource(roadweaver)]
[00:10:28] [main/DEBUG] [mixin/]: Processing inject() for PlatformAgent[MixinPlatformAgentDefault:SecureJarResource(geomantia)]
[00:10:28] [main/DEBUG] [mixin/]: Processing inject() for PlatformAgent[MixinPlatformAgentDefault:SecureJarResource(cristellib)]
[00:10:28] [main/DEBUG] [mixin/]: Processing inject() for PlatformAgent[MixinPlatformAgentDefault:SecureJarResource(reterraforged)]
[00:10:28] [main/DEBUG] [mixin/]: Processing inject() for PlatformAgent[MixinPlatformAgentDefault:SecureJarResource(jankson)]
[00:10:28] [main/DEBUG] [mixin/]: Processing inject() for PlatformAgent[MixinPlatformAgentDefault:SecureJarResource(org.lwjgl.opencl)]
[00:10:28] [main/INFO] [cp.mo.mo.LaunchServiceHandler/MODLAUNCHER]: Launching target 'forgeclientuserdev' with arguments [--version, MOD_DEV, --gameDir, ., --assetsDir, C:\Users\Rinsing\.gradle\caches\forge_gradle\assets, --assetIndex, 5]
[00:10:29] [main/DEBUG] [mixin/]: Error cleaning class output directory: .mixin.out
[00:10:29] [main/DEBUG] [mixin/]: Preparing mixins for MixinEnvironment[DEFAULT]
[00:10:29] [main/DEBUG] [mixin/]: Selecting config architectury.mixins.json
[00:10:29] [main/INFO] [mixin/]: Remapping refMap architectury-forge-refmap.json using E:\Mod_Dev\StructureBinder\build/createSrgToMcp/output.srg
[00:10:29] [main/DEBUG] [mixin/]: Selecting config architectury-common.mixins.json
[00:10:29] [main/INFO] [mixin/]: Remapping refMap architectury-common-refmap.json using E:\Mod_Dev\StructureBinder\build/createSrgToMcp/output.srg
[00:10:29] [main/DEBUG] [mixin/]: Selecting config roadweaver.mixins.json
[00:10:29] [main/INFO] [mixin/]: Remapping refMap roadweaver-forge-forge-refmap.json using E:\Mod_Dev\StructureBinder\build/createSrgToMcp/output.srg
[00:10:29] [main/DEBUG] [mixin/]: Selecting config geomantia.mixins.json
[00:10:29] [main/DEBUG] [mixin/]: Selecting config cristellib-common.mixins.json
[00:10:29] [main/INFO] [mixin/]: Remapping refMap cristellib-common-refmap.json using E:\Mod_Dev\StructureBinder\build/createSrgToMcp/output.srg
[00:10:29] [main/DEBUG] [mixin/]: Selecting config cristellib.mixins.json
[00:10:29] [main/WARN] [mixin/]: Reference map 'cristellib-forge-refmap.json' for cristellib.mixins.json could not be read. If this is a development environment you can ignore this message
[00:10:29] [main/DEBUG] [mixin/]: Selecting config reterraforged-common.mixins.json
[00:10:29] [main/INFO] [ReTerraForged/]: Disabling Terrablender compat
[00:10:29] [main/INFO] [mixin/]: Remapping refMap reterraforged-common-refmap.json using E:\Mod_Dev\StructureBinder\build/createSrgToMcp/output.srg
[00:10:29] [main/DEBUG] [mixin/]: Selecting config reterraforged-forge.mixins.json
[00:10:29] [main/INFO] [mixin/]: Remapping refMap reterraforged-forge-refmap.json using E:\Mod_Dev\StructureBinder\build/createSrgToMcp/output.srg
[00:10:29] [main/DEBUG] [mixin/]: Preparing architectury.mixins.json (9)
[00:10:29] [main/DEBUG] [mixin/]: Preparing architectury-common.mixins.json (10)
[00:10:29] [main/DEBUG] [ne.mi.co.tr.CoreModBaseTransformer/COREMOD]: Transforming net/minecraft/world/item/BucketItem
[00:10:29] [main/DEBUG] [ne.mi.co.tr.CoreModBaseTransformer/COREMOD]: Transforming net/minecraft/world/entity/EntityType
[00:10:29] [main/DEBUG] [ne.mi.co.tr.CoreModBaseTransformer/COREMOD]: Transforming net/minecraft/world/level/block/LiquidBlock
[00:10:29] [main/DEBUG] [mixin/]: Preparing roadweaver.mixins.json (17)
[00:10:29] [main/DEBUG] [ne.mi.co.tr.CoreModBaseTransformer/COREMOD]: Transforming net/minecraft/world/level/biome/Biome
[00:10:29] [main/DEBUG] [mixin/]: Preparing geomantia.mixins.json (4)
[00:10:29] [main/DEBUG] [mixin/]: Preparing cristellib-common.mixins.json (1)
[00:10:29] [main/DEBUG] [mixin/]: Preparing cristellib.mixins.json (0)
[00:10:29] [main/DEBUG] [mixin/]: Preparing reterraforged-common.mixins.json (12)
[00:10:29] [main/DEBUG] [ne.mi.co.tr.CoreModBaseTransformer/COREMOD]: Transforming net/minecraft/world/level/levelgen/structure/Structure
[00:10:29] [main/DEBUG] [mixin/]: Preparing reterraforged-forge.mixins.json (4)
[00:10:29] [main/DEBUG] [mixin/]: Registering new injector for @Inject with org.spongepowered.asm.mixin.injection.struct.CallbackInjectionInfo
[00:10:29] [main/DEBUG] [mixin/]: Registering new injector for @ModifyArg with org.spongepowered.asm.mixin.injection.struct.ModifyArgInjectionInfo
[00:10:29] [main/DEBUG] [mixin/]: Registering new injector for @ModifyArgs with org.spongepowered.asm.mixin.injection.struct.ModifyArgsInjectionInfo
[00:10:29] [main/DEBUG] [mixin/]: Registering new injector for @Redirect with org.spongepowered.asm.mixin.injection.struct.RedirectInjectionInfo
[00:10:29] [main/DEBUG] [mixin/]: Registering new injector for @ModifyVariable with org.spongepowered.asm.mixin.injection.struct.ModifyVariableInjectionInfo
[00:10:29] [main/DEBUG] [mixin/]: Registering new injector for @ModifyConstant with org.spongepowered.asm.mixin.injection.struct.ModifyConstantInjectionInfo
[00:10:29] [main/DEBUG] [mixin/]: Inner class raccoonman/reterraforged/mixin/MixinRandomState$1 in raccoonman/reterraforged/mixin/MixinRandomState on net/minecraft/world/level/levelgen/RandomState gets unique name net/minecraft/world/level/levelgen/RandomState$Anonymous$42d9418409414c2693c25e90eff64597
[00:10:29] [main/DEBUG] [mixin/]: Prepared 50 mixins in 0.581 sec (11.6ms avg) (0ms load, 0ms transform, 0ms plugin)
[00:10:29] [main/DEBUG] [io.ne.ut.in.lo.InternalLoggerFactory/]: Using SLF4J as the default logging framework
[00:10:29] [main/DEBUG] [io.ne.ut.ResourceLeakDetector/]: -Dio.netty.leakDetection.level: simple
[00:10:29] [main/DEBUG] [io.ne.ut.ResourceLeakDetector/]: -Dio.netty.leakDetection.targetRecords: 4
[00:10:29] [main/DEBUG] [mixin/]: Mixing MixinUtil from reterraforged-common.mixins.json into net.minecraft.Util
[00:10:30] [main/DEBUG] [os.ut.FileUtil/]: No oshi.properties file found from ClassLoader cpw.mods.modlauncher.TransformingClassLoader@550de6b8
[00:10:30] [main/DEBUG] [os.ut.FileUtil/]: No oshi.architecture.properties file found from ClassLoader cpw.mods.modlauncher.TransformingClassLoader@550de6b8
[00:10:30] [main/WARN] [os.dr.wi.pe.PerfmonDisabled/]: Invalid registry value type detected for PerfOS counters. Should be REG_DWORD. Ignoring: HKEY_LOCAL_MACHINE\SYSTEM\CurrentControlSet\Services\PerfOS\Performance\Disable Performance Counters.
[00:10:30] [pool-3-thread-1/DEBUG] [mixin/]: Mixing inject.MixinGameEvent from architectury-common.mixins.json into net.minecraft.world.level.gameevent.GameEvent
[00:10:30] [pool-3-thread-1/DEBUG] [mixin/]: Mixing inject.MixinBlock from architectury-common.mixins.json into net.minecraft.world.level.block.Block
[00:10:30] [pool-3-thread-1/DEBUG] [mixin/]: Mixing forge.ServerLevelStructureMixin from roadweaver.mixins.json into net.minecraft.server.level.ServerLevel
[00:10:30] [pool-3-thread-1/DEBUG] [mixin/]: Mixing inject.MixinFluid from architectury-common.mixins.json into net.minecraft.world.level.material.Fluid
[00:10:30] [pool-3-thread-1/DEBUG] [mixin/]: Mixing inject.MixinItem from architectury-common.mixins.json into net.minecraft.world.item.Item
[00:10:30] [pool-3-thread-1/DEBUG] [ne.mi.co.tr.CoreModBaseTransformer/COREMOD]: Transforming net/minecraft/world/entity/EntityType
[00:10:31] [pool-3-thread-1/DEBUG] [mixin/]: Mixing inject.MixinEntityType from architectury-common.mixins.json into net.minecraft.world.entity.EntityType
[00:10:31] [pool-3-thread-1/DEBUG] [mixin/]: Mixing MixinChunkStatus from reterraforged-forge.mixins.json into net.minecraft.world.level.chunk.ChunkStatus
[00:10:31] [pool-3-thread-1/DEBUG] [ne.mi.co.tr.CoreModBaseTransformer/COREMOD]: Transforming net/minecraft/world/level/block/LiquidBlock
[00:10:31] [pool-3-thread-1/DEBUG] [mixin/]: Mixing inject.MixinLiquidBlock from architectury-common.mixins.json into net.minecraft.world.level.block.LiquidBlock
[00:10:31] [pool-3-thread-1/DEBUG] [ne.mi.co.tr.CoreModBaseTransformer/COREMOD]: Transforming net/minecraft/world/level/block/StairBlock
[00:10:31] [pool-3-thread-1/DEBUG] [ne.mi.co.tr.CoreModBaseTransformer/COREMOD]: Transforming net/minecraft/world/level/block/FlowerPotBlock
[00:10:31] [pool-3-thread-1/DEBUG] [mixin/]: Mixing MixinFallingBlockEntity from architectury.mixins.json into net.minecraft.world.entity.item.FallingBlockEntity
[00:10:31] [pool-3-thread-1/DEBUG] [ne.mi.co.tr.CoreModBaseTransformer/COREMOD]: Transforming net/minecraft/world/item/ItemStack
[00:10:32] [pool-3-thread-1/DEBUG] [mixin/]: Mixing MixinLightningBolt from architectury-common.mixins.json into net.minecraft.world.entity.LightningBolt
[00:10:32] [pool-3-thread-1/DEBUG] [ne.mi.co.tr.CoreModBaseTransformer/COREMOD]: Transforming net/minecraft/world/entity/animal/frog/Tadpole
[00:10:32] [pool-3-thread-1/DEBUG] [ne.mi.co.tr.CoreModBaseTransformer/COREMOD]: Transforming net/minecraft/world/item/BucketItem
[00:10:32] [pool-3-thread-1/DEBUG] [mixin/]: Mixing inject.MixinBucketItem from architectury-common.mixins.json into net.minecraft.world.item.BucketItem
[00:10:32] [pool-3-thread-1/DEBUG] [mixin/]: Mixing inject.MixinItemProperties from architectury-common.mixins.json into net.minecraft.world.item.Item$Properties
[00:10:33] [pool-3-thread-1/DEBUG] [ne.mi.co.tr.CoreModBaseTransformer/COREMOD]: Transforming net/minecraft/world/entity/monster/Spider
[00:10:33] [Datafixer Bootstrap/INFO] [mojang/DataFixerBuilder]: 188 Datafixer optimizations took 124 milliseconds
[00:10:33] [pool-3-thread-1/DEBUG] [ne.mi.co.tr.CoreModBaseTransformer/COREMOD]: Transforming net/minecraft/world/entity/monster/Zombie
[00:10:33] [pool-3-thread-1/DEBUG] [ne.mi.co.tr.CoreModBaseTransformer/COREMOD]: Transforming net/minecraft/world/entity/monster/ZombieVillager
[00:10:33] [pool-3-thread-1/DEBUG] [ne.mi.co.tr.CoreModBaseTransformer/COREMOD]: Transforming net/minecraft/world/entity/monster/Evoker$EvokerSummonSpellGoal
[00:10:33] [pool-3-thread-1/DEBUG] [ne.mi.co.tr.CoreModBaseTransformer/COREMOD]: Transforming net/minecraft/world/entity/animal/horse/SkeletonTrapGoal
[00:10:33] [pool-3-thread-1/DEBUG] [ne.mi.co.tr.CoreModBaseTransformer/COREMOD]: Transforming net/minecraft/world/entity/monster/Strider
[00:10:33] [pool-3-thread-1/DEBUG] [ne.mi.co.tr.CoreModBaseTransformer/COREMOD]: Transforming net/minecraft/world/entity/npc/Villager
[00:10:33] [pool-3-thread-1/DEBUG] [mixin/]: Mixing inject.MixinFoodPropertiesBuilder from architectury-common.mixins.json into net.minecraft.world.food.FoodProperties$Builder
[00:10:33] [pool-3-thread-1/DEBUG] [ne.mi.co.tr.CoreModBaseTransformer/COREMOD]: Transforming net/minecraft/world/effect/MobEffectInstance
[00:10:33] [pool-3-thread-1/DEBUG] [mixin/]: Mixing ChunkGeneratorStructureMaskMixin from geomantia.mixins.json into net.minecraft.world.level.chunk.ChunkGenerator
[00:10:34] [pool-3-thread-1/DEBUG] [mixin/]: Mixing forge.TreeFeatureMixin from roadweaver.mixins.json into net.minecraft.world.level.levelgen.feature.TreeFeature
[00:10:34] [pool-3-thread-1/DEBUG] [mixin/]: Mixing forge.HugeMushroomFeatureMixin from roadweaver.mixins.json into net.minecraft.world.level.levelgen.feature.AbstractHugeMushroomFeature
[00:10:34] [pool-3-thread-1/DEBUG] [mixin/]: Mixing forge.BambooFeatureMixin from roadweaver.mixins.json into net.minecraft.world.level.levelgen.feature.BambooFeature
[00:10:34] [pool-3-thread-1/DEBUG] [mixin/]: Mixing forge.HugeFungusFeatureMixin from roadweaver.mixins.json into net.minecraft.world.level.levelgen.feature.HugeFungusFeature
[00:10:34] [pool-3-thread-1/DEBUG] [mixin/]: Mixing forge.GenericVegetationFeatureMixin from roadweaver.mixins.json into net.minecraft.world.level.levelgen.feature.ConfiguredFeature
[00:10:34] [pool-3-thread-1/DEBUG] [mixin/]: Mixing ConfiguredFeatureMaskMixin from geomantia.mixins.json into net.minecraft.world.level.levelgen.feature.ConfiguredFeature
[00:10:34] [pool-3-thread-1/DEBUG] [ne.mi.co.tr.CoreModBaseTransformer/COREMOD]: Transforming net/minecraft/world/level/levelgen/structure/Structure
[00:10:34] [pool-3-thread-1/DEBUG] [mixin/]: Mixing MixinStructure from reterraforged-common.mixins.json into net.minecraft.world.level.levelgen.structure.Structure
[00:10:34] [pool-3-thread-1/DEBUG] [ne.mi.co.tr.CoreModBaseTransformer/COREMOD]: Transforming net/minecraft/world/level/levelgen/structure/structures/OceanRuinPieces$OceanRuinPiece
[00:10:34] [pool-3-thread-1/DEBUG] [ne.mi.co.tr.CoreModBaseTransformer/COREMOD]: Transforming net/minecraft/world/level/levelgen/structure/structures/SwampHutPiece
[00:10:34] [pool-3-thread-1/DEBUG] [ne.mi.co.tr.CoreModBaseTransformer/COREMOD]: Transforming net/minecraft/world/level/levelgen/structure/structures/OceanMonumentPieces$OceanMonumentPiece
[00:10:34] [pool-3-thread-1/DEBUG] [ne.mi.co.tr.CoreModBaseTransformer/COREMOD]: Transforming net/minecraft/world/level/levelgen/structure/structures/WoodlandMansionPieces$WoodlandMansionPiece
[00:10:34] [pool-3-thread-1/DEBUG] [ne.mi.co.tr.CoreModBaseTransformer/COREMOD]: Transforming net/minecraft/world/level/biome/Biome
[00:10:34] [pool-3-thread-1/DEBUG] [mixin/]: Mixing forge.BiomeGrassColorFailSafeMixin from roadweaver.mixins.json into net.minecraft.world.level.biome.Biome
[00:10:34] [pool-3-thread-1/DEBUG] [mixin/]: Mixing MixinBiomeGenerationSettings from reterraforged-common.mixins.json into net.minecraft.world.level.biome.BiomeGenerationSettings
[00:10:34] [pool-3-thread-1/DEBUG] [ne.mi.re.GameData/REGISTRIES]: Creating vanilla freeze snapshot
[00:10:34] [pool-3-thread-1/DEBUG] [ne.mi.re.ForgeRegistry/REGISTRIES]: Registry minecraft:block Sync: VANILLA -> ACTIVE
[00:10:34] [pool-3-thread-1/DEBUG] [ne.mi.re.ForgeRegistry/REGISTRIES]: Registry minecraft:fluid Sync: VANILLA -> ACTIVE
[00:10:34] [pool-3-thread-1/DEBUG] [ne.mi.re.ForgeRegistry/REGISTRIES]: Registry minecraft:item Sync: VANILLA -> ACTIVE
[00:10:34] [pool-3-thread-1/DEBUG] [ne.mi.re.ForgeRegistry/REGISTRIES]: Registry minecraft:mob_effect Sync: VANILLA -> ACTIVE
[00:10:34] [pool-3-thread-1/DEBUG] [ne.mi.re.ForgeRegistry/REGISTRIES]: Registry minecraft:sound_event Sync: VANILLA -> ACTIVE
[00:10:34] [pool-3-thread-1/DEBUG] [ne.mi.re.ForgeRegistry/REGISTRIES]: Registry minecraft:potion Sync: VANILLA -> ACTIVE
[00:10:34] [pool-3-thread-1/DEBUG] [ne.mi.re.ForgeRegistry/REGISTRIES]: Registry minecraft:enchantment Sync: VANILLA -> ACTIVE
[00:10:34] [pool-3-thread-1/DEBUG] [ne.mi.re.ForgeRegistry/REGISTRIES]: Registry minecraft:entity_type Sync: VANILLA -> ACTIVE
[00:10:34] [pool-3-thread-1/DEBUG] [ne.mi.re.ForgeRegistry/REGISTRIES]: Registry minecraft:block_entity_type Sync: VANILLA -> ACTIVE
[00:10:34] [pool-3-thread-1/DEBUG] [ne.mi.re.ForgeRegistry/REGISTRIES]: Registry minecraft:particle_type Sync: VANILLA -> ACTIVE
[00:10:34] [pool-3-thread-1/DEBUG] [ne.mi.re.ForgeRegistry/REGISTRIES]: Registry minecraft:menu Sync: VANILLA -> ACTIVE
[00:10:34] [pool-3-thread-1/DEBUG] [ne.mi.re.ForgeRegistry/REGISTRIES]: Registry minecraft:painting_variant Sync: VANILLA -> ACTIVE
[00:10:34] [pool-3-thread-1/DEBUG] [ne.mi.re.ForgeRegistry/REGISTRIES]: Registry minecraft:recipe_type Sync: VANILLA -> ACTIVE
[00:10:34] [pool-3-thread-1/DEBUG] [ne.mi.re.ForgeRegistry/REGISTRIES]: Registry minecraft:recipe_serializer Sync: VANILLA -> ACTIVE
[00:10:34] [pool-3-thread-1/DEBUG] [ne.mi.re.ForgeRegistry/REGISTRIES]: Registry minecraft:attribute Sync: VANILLA -> ACTIVE
[00:10:34] [pool-3-thread-1/DEBUG] [ne.mi.re.ForgeRegistry/REGISTRIES]: Registry minecraft:stat_type Sync: VANILLA -> ACTIVE
[00:10:34] [pool-3-thread-1/DEBUG] [ne.mi.re.ForgeRegistry/REGISTRIES]: Registry minecraft:command_argument_type Sync: VANILLA -> ACTIVE
[00:10:34] [pool-3-thread-1/DEBUG] [ne.mi.re.ForgeRegistry/REGISTRIES]: Registry minecraft:villager_profession Sync: VANILLA -> ACTIVE
[00:10:34] [pool-3-thread-1/DEBUG] [ne.mi.re.ForgeRegistry/REGISTRIES]: Registry minecraft:point_of_interest_type Sync: VANILLA -> ACTIVE
[00:10:34] [pool-3-thread-1/DEBUG] [ne.mi.re.ForgeRegistry/REGISTRIES]: Registry minecraft:memory_module_type Sync: VANILLA -> ACTIVE
[00:10:34] [pool-3-thread-1/DEBUG] [ne.mi.re.ForgeRegistry/REGISTRIES]: Registry minecraft:sensor_type Sync: VANILLA -> ACTIVE
[00:10:34] [pool-3-thread-1/DEBUG] [ne.mi.re.ForgeRegistry/REGISTRIES]: Registry minecraft:schedule Sync: VANILLA -> ACTIVE
[00:10:34] [pool-3-thread-1/DEBUG] [ne.mi.re.ForgeRegistry/REGISTRIES]: Registry minecraft:activity Sync: VANILLA -> ACTIVE
[00:10:34] [pool-3-thread-1/DEBUG] [ne.mi.re.ForgeRegistry/REGISTRIES]: Registry minecraft:worldgen/carver Sync: VANILLA -> ACTIVE
[00:10:34] [pool-3-thread-1/DEBUG] [ne.mi.re.ForgeRegistry/REGISTRIES]: Registry minecraft:worldgen/feature Sync: VANILLA -> ACTIVE
[00:10:34] [pool-3-thread-1/DEBUG] [ne.mi.re.ForgeRegistry/REGISTRIES]: Registry minecraft:chunk_status Sync: VANILLA -> ACTIVE
[00:10:34] [pool-3-thread-1/DEBUG] [ne.mi.re.ForgeRegistry/REGISTRIES]: Registry minecraft:worldgen/block_state_provider_type Sync: VANILLA -> ACTIVE
[00:10:34] [pool-3-thread-1/DEBUG] [ne.mi.re.ForgeRegistry/REGISTRIES]: Registry minecraft:worldgen/foliage_placer_type Sync: VANILLA -> ACTIVE
[00:10:34] [pool-3-thread-1/DEBUG] [ne.mi.re.ForgeRegistry/REGISTRIES]: Registry minecraft:worldgen/tree_decorator_type Sync: VANILLA -> ACTIVE
[00:10:34] [pool-3-thread-1/DEBUG] [ne.mi.re.ForgeRegistry/REGISTRIES]: Registry minecraft:worldgen/biome Sync: VANILLA -> ACTIVE
[00:10:34] [pool-3-thread-1/DEBUG] [ne.mi.re.GameData/REGISTRIES]: Vanilla freeze snapshot created
[00:10:34] [pool-3-thread-1/DEBUG] [io.ne.ut.in.PlatformDependent0/]: -Dio.netty.noUnsafe: false
[00:10:34] [pool-3-thread-1/DEBUG] [io.ne.ut.in.PlatformDependent0/]: Java version: 17
[00:10:34] [pool-3-thread-1/DEBUG] [io.ne.ut.in.PlatformDependent0/]: sun.misc.Unsafe.theUnsafe: available
[00:10:34] [pool-3-thread-1/DEBUG] [io.ne.ut.in.PlatformDependent0/]: sun.misc.Unsafe.copyMemory: available
[00:10:34] [pool-3-thread-1/DEBUG] [io.ne.ut.in.PlatformDependent0/]: sun.misc.Unsafe.storeFence: available
[00:10:34] [pool-3-thread-1/DEBUG] [io.ne.ut.in.PlatformDependent0/]: java.nio.Buffer.address: available
[00:10:34] [pool-3-thread-1/DEBUG] [io.ne.ut.in.PlatformDependent0/]: direct buffer constructor: unavailable
java.lang.UnsupportedOperationException: Reflective setAccessible(true) disabled
	at io.netty.util.internal.ReflectionUtil.trySetAccessible(ReflectionUtil.java:31) ~[netty-common-4.1.82.Final.jar%23151!/:4.1.82.Final] {}
	at io.netty.util.internal.PlatformDependent0$5.run(PlatformDependent0.java:288) ~[netty-common-4.1.82.Final.jar%23151!/:4.1.82.Final] {}
	at java.security.AccessController.doPrivileged(AccessController.java:318) ~[?:?] {}
	at io.netty.util.internal.PlatformDependent0.<clinit>(PlatformDependent0.java:282) ~[netty-common-4.1.82.Final.jar%23151!/:4.1.82.Final] {}
	at io.netty.util.internal.PlatformDependent.isAndroid(PlatformDependent.java:333) ~[netty-common-4.1.82.Final.jar%23151!/:4.1.82.Final] {}
	at io.netty.util.internal.PlatformDependent.<clinit>(PlatformDependent.java:88) ~[netty-common-4.1.82.Final.jar%23151!/:4.1.82.Final] {}
	at io.netty.util.ConstantPool.<init>(ConstantPool.java:34) ~[netty-common-4.1.82.Final.jar%23151!/:4.1.82.Final] {}
	at io.netty.util.AttributeKey$1.<init>(AttributeKey.java:27) ~[netty-common-4.1.82.Final.jar%23151!/:4.1.82.Final] {}
	at io.netty.util.AttributeKey.<clinit>(AttributeKey.java:27) ~[netty-common-4.1.82.Final.jar%23151!/:4.1.82.Final] {}
	at net.minecraftforge.network.NetworkConstants.<clinit>(NetworkConstants.java:34) ~[forge-1.20.1-47.4.0_mapped_official_1.20.1-recomp.jar%23190%23197!/:?] {re:classloading}
	at net.minecraftforge.network.NetworkHooks.init(NetworkHooks.java:52) ~[forge-1.20.1-47.4.0_mapped_official_1.20.1-recomp.jar%23190%23197!/:?] {re:classloading}
	at net.minecraft.server.Bootstrap.bootStrap(Bootstrap.java:62) ~[forge-1.20.1-47.4.0_mapped_official_1.20.1-recomp.jar%23191!/:?] {re:classloading}
	at net.minecraft.client.main.Main.lambda$main$0(Main.java:151) ~[forge-1.20.1-47.4.0_mapped_official_1.20.1-recomp.jar%23191!/:?] {re:classloading,pl:runtimedistcleaner:A}
	at java.util.concurrent.Executors$RunnableAdapter.call(Executors.java:539) ~[?:?] {}
	at java.util.concurrent.FutureTask.run(FutureTask.java:264) ~[?:?] {}
	at java.util.concurrent.ThreadPoolExecutor.runWorker(ThreadPoolExecutor.java:1136) ~[?:?] {}
	at java.util.concurrent.ThreadPoolExecutor$Worker.run(ThreadPoolExecutor.java:635) ~[?:?] {}
	at java.lang.Thread.run(Thread.java:842) ~[?:?] {}
[00:10:34] [pool-3-thread-1/DEBUG] [io.ne.ut.in.PlatformDependent0/]: java.nio.Bits.unaligned: available, true
[00:10:34] [pool-3-thread-1/DEBUG] [io.ne.ut.in.PlatformDependent0/]: jdk.internal.misc.Unsafe.allocateUninitializedArray(int): unavailable
java.lang.IllegalAccessException: class io.netty.util.internal.PlatformDependent0$7 (in module io.netty.common) cannot access class jdk.internal.misc.Unsafe (in module java.base) because module java.base does not export jdk.internal.misc to module io.netty.common
	at jdk.internal.reflect.Reflection.newIllegalAccessException(Reflection.java:392) ~[?:?] {}
	at java.lang.reflect.AccessibleObject.checkAccess(AccessibleObject.java:674) ~[?:?] {}
	at java.lang.reflect.Method.invoke(Method.java:560) ~[?:?] {}
	at io.netty.util.internal.PlatformDependent0$7.run(PlatformDependent0.java:410) ~[netty-common-4.1.82.Final.jar%23151!/:4.1.82.Final] {}
	at java.security.AccessController.doPrivileged(AccessController.java:318) ~[?:?] {}
	at io.netty.util.internal.PlatformDependent0.<clinit>(PlatformDependent0.java:401) ~[netty-common-4.1.82.Final.jar%23151!/:4.1.82.Final] {}
	at io.netty.util.internal.PlatformDependent.isAndroid(PlatformDependent.java:333) ~[netty-common-4.1.82.Final.jar%23151!/:4.1.82.Final] {}
	at io.netty.util.internal.PlatformDependent.<clinit>(PlatformDependent.java:88) ~[netty-common-4.1.82.Final.jar%23151!/:4.1.82.Final] {}
	at io.netty.util.ConstantPool.<init>(ConstantPool.java:34) ~[netty-common-4.1.82.Final.jar%23151!/:4.1.82.Final] {}
	at io.netty.util.AttributeKey$1.<init>(AttributeKey.java:27) ~[netty-common-4.1.82.Final.jar%23151!/:4.1.82.Final] {}
	at io.netty.util.AttributeKey.<clinit>(AttributeKey.java:27) ~[netty-common-4.1.82.Final.jar%23151!/:4.1.82.Final] {}
	at net.minecraftforge.network.NetworkConstants.<clinit>(NetworkConstants.java:34) ~[forge-1.20.1-47.4.0_mapped_official_1.20.1-recomp.jar%23190%23197!/:?] {re:classloading}
	at net.minecraftforge.network.NetworkHooks.init(NetworkHooks.java:52) ~[forge-1.20.1-47.4.0_mapped_official_1.20.1-recomp.jar%23190%23197!/:?] {re:classloading}
	at net.minecraft.server.Bootstrap.bootStrap(Bootstrap.java:62) ~[forge-1.20.1-47.4.0_mapped_official_1.20.1-recomp.jar%23191!/:?] {re:classloading}
	at net.minecraft.client.main.Main.lambda$main$0(Main.java:151) ~[forge-1.20.1-47.4.0_mapped_official_1.20.1-recomp.jar%23191!/:?] {re:classloading,pl:runtimedistcleaner:A}
	at java.util.concurrent.Executors$RunnableAdapter.call(Executors.java:539) ~[?:?] {}
	at java.util.concurrent.FutureTask.run(FutureTask.java:264) ~[?:?] {}
	at java.util.concurrent.ThreadPoolExecutor.runWorker(ThreadPoolExecutor.java:1136) ~[?:?] {}
	at java.util.concurrent.ThreadPoolExecutor$Worker.run(ThreadPoolExecutor.java:635) ~[?:?] {}
	at java.lang.Thread.run(Thread.java:842) ~[?:?] {}
[00:10:34] [pool-3-thread-1/DEBUG] [io.ne.ut.in.PlatformDependent0/]: java.nio.DirectByteBuffer.<init>(long, int): unavailable
[00:10:34] [pool-3-thread-1/DEBUG] [io.ne.ut.in.PlatformDependent/]: sun.misc.Unsafe: available
[00:10:34] [pool-3-thread-1/DEBUG] [io.ne.ut.in.PlatformDependent/]: maxDirectMemory: 12666798080 bytes (maybe)
[00:10:34] [pool-3-thread-1/DEBUG] [io.ne.ut.in.PlatformDependent/]: -Dio.netty.tmpdir: C:\Users\Rinsing\AppData\Local\Temp (java.io.tmpdir)
[00:10:34] [pool-3-thread-1/DEBUG] [io.ne.ut.in.PlatformDependent/]: -Dio.netty.bitMode: 64 (sun.arch.data.model)
[00:10:34] [pool-3-thread-1/DEBUG] [io.ne.ut.in.PlatformDependent/]: Platform: Windows
[00:10:34] [pool-3-thread-1/DEBUG] [io.ne.ut.in.PlatformDependent/]: -Dio.netty.maxDirectMemory: -1 bytes
[00:10:34] [pool-3-thread-1/DEBUG] [io.ne.ut.in.PlatformDependent/]: -Dio.netty.uninitializedArrayAllocationThreshold: -1
[00:10:34] [pool-3-thread-1/DEBUG] [io.ne.ut.in.CleanerJava9/]: java.nio.ByteBuffer.cleaner(): available
[00:10:34] [pool-3-thread-1/DEBUG] [io.ne.ut.in.PlatformDependent/]: -Dio.netty.noPreferDirect: false
[00:10:34] [pool-3-thread-1/DEBUG] [ne.mi.ne.NetworkHooks/]: Loading Network data for FML net version: FML3
[00:10:34] [Render thread/DEBUG] [mixin/]: Mixing MixinMinecraft from architectury.mixins.json into net.minecraft.client.Minecraft
[00:10:34] [Render thread/DEBUG] [mixin/]: Mixing ScreenInvoker from reterraforged-common.mixins.json into net.minecraft.client.gui.screens.Screen
[00:10:34] [Render thread/DEBUG] [mixin/]: Mixing MixinLevelEvent from architectury.mixins.json into net.minecraftforge.event.level.LevelEvent
[00:10:34] [Render thread/DEBUG] [mixin/]: Mixing MixinClientLevel from architectury.mixins.json into net.minecraft.client.multiplayer.ClientLevel
[00:10:34] [Render thread/DEBUG] [mixin/]: Mixing forge.LevelLoadingScreenMixin from roadweaver.mixins.json into net.minecraft.client.gui.screens.LevelLoadingScreen
[00:10:35] [Render thread/WARN] [minecraft/VanillaPackResourcesBuilder]: Assets URL 'union:/C:/Users/Rinsing/.gradle/caches/forge_gradle/minecraft_user_repo/net/minecraftforge/forge/1.20.1-47.4.0_mapped_official_1.20.1/forge-1.20.1-47.4.0_mapped_official_1.20.1-recomp.jar%23191!/assets/.mcassetsroot' uses unexpected schema
[00:10:35] [Render thread/WARN] [minecraft/VanillaPackResourcesBuilder]: Assets URL 'union:/C:/Users/Rinsing/.gradle/caches/forge_gradle/minecraft_user_repo/net/minecraftforge/forge/1.20.1-47.4.0_mapped_official_1.20.1/forge-1.20.1-47.4.0_mapped_official_1.20.1-recomp.jar%23191!/data/.mcassetsroot' uses unexpected schema
[00:10:35] [Render thread/INFO] [mojang/YggdrasilAuthenticationService]: Environment: authHost='https://authserver.mojang.com', accountsHost='https://api.mojang.com', sessionHost='https://sessionserver.mojang.com', servicesHost='https://api.minecraftservices.com', name='PROD'
[00:10:35] [Render thread/INFO] [minecraft/Minecraft]: Setting user: Dev
[00:10:35] [Render thread/INFO] [minecraft/Minecraft]: Backend library: LWJGL version 3.3.1 build 7
[00:10:35] [Render thread/DEBUG] [ne.mi.co.ForgeI18n/CORE]: Loading I18N data entries: 6434
[00:10:35] [Render thread/DEBUG] [ne.mi.fm.ModWorkManager/LOADING]: Using 16 threads for parallel mod-loading
[00:10:35] [Render thread/DEBUG] [ne.mi.fm.ja.FMLJavaModLanguageProvider/LOADING]: Loading FMLModContainer from classloader cpw.mods.modlauncher.TransformingClassLoader@550de6b8 - got cpw.mods.cl.ModuleClassLoader@4c98a6d5
[00:10:35] [Render thread/DEBUG] [ne.mi.fm.ja.FMLModContainer/LOADING]: Creating FMLModContainer instance for com.sk89q.worldedit.forge.ForgeWorldEdit
[00:10:35] [Render thread/DEBUG] [ne.mi.fm.ja.FMLJavaModLanguageProvider/LOADING]: Loading FMLModContainer from classloader cpw.mods.modlauncher.TransformingClassLoader@550de6b8 - got cpw.mods.cl.ModuleClassLoader@4c98a6d5
[00:10:35] [Render thread/DEBUG] [ne.mi.fm.ja.FMLModContainer/LOADING]: Creating FMLModContainer instance for dev.architectury.forge.ArchitecturyForge
[00:10:35] [Render thread/DEBUG] [ne.mi.fm.ja.FMLJavaModLanguageProvider/LOADING]: Loading FMLModContainer from classloader cpw.mods.modlauncher.TransformingClassLoader@550de6b8 - got cpw.mods.cl.ModuleClassLoader@4c98a6d5
[00:10:35] [Render thread/DEBUG] [ne.mi.fm.ja.FMLModContainer/LOADING]: Creating FMLModContainer instance for me.shedaniel.clothconfig.ClothConfigForge
[00:10:35] [Render thread/DEBUG] [ne.mi.fm.ja.FMLJavaModLanguageProvider/LOADING]: Loading FMLModContainer from classloader cpw.mods.modlauncher.TransformingClassLoader@550de6b8 - got cpw.mods.cl.ModuleClassLoader@4c98a6d5
[00:10:35] [Render thread/DEBUG] [ne.mi.fm.ja.FMLModContainer/LOADING]: Creating FMLModContainer instance for net.minecraftforge.common.ForgeMod
[00:10:35] [Render thread/DEBUG] [ne.mi.fm.ja.FMLJavaModLanguageProvider/LOADING]: Loading FMLModContainer from classloader cpw.mods.modlauncher.TransformingClassLoader@550de6b8 - got cpw.mods.cl.ModuleClassLoader@4c98a6d5
[00:10:35] [Render thread/DEBUG] [ne.mi.fm.ja.FMLModContainer/LOADING]: Creating FMLModContainer instance for de.cristelknight999.t_and_t.TT
[00:10:35] [Render thread/DEBUG] [ne.mi.fm.lo.Lo.LowCodeModTarget/LOADING]: Loading LowCodeModContainer from classloader cpw.mods.modlauncher.TransformingClassLoader@550de6b8 - got cpw.mods.cl.ModuleClassLoader@4c98a6d5
[00:10:35] [Render thread/DEBUG] [ne.mi.fm.lo.LowCodeModContainer/LOADING]: Creating LowCodeModContainer for mr_trek
[00:10:35] [Render thread/DEBUG] [ne.mi.fm.ja.FMLJavaModLanguageProvider/LOADING]: Loading FMLModContainer from classloader cpw.mods.modlauncher.TransformingClassLoader@550de6b8 - got cpw.mods.cl.ModuleClassLoader@4c98a6d5
[00:10:35] [Render thread/DEBUG] [ne.mi.fm.ja.FMLModContainer/LOADING]: Creating FMLModContainer instance for net.shiroha233.roadweaver.RoadWeaver
[00:10:35] [Render thread/DEBUG] [ne.mi.fm.ja.FMLJavaModLanguageProvider/LOADING]: Loading FMLModContainer from classloader cpw.mods.modlauncher.TransformingClassLoader@550de6b8 - got cpw.mods.cl.ModuleClassLoader@4c98a6d5
[00:10:35] [Render thread/DEBUG] [ne.mi.fm.ja.FMLModContainer/LOADING]: Creating FMLModContainer instance for com.rinsing.geomantia.GeomantiaMod
[00:10:35] [Render thread/DEBUG] [ne.mi.fm.ja.FMLJavaModLanguageProvider/LOADING]: Loading FMLModContainer from classloader cpw.mods.modlauncher.TransformingClassLoader@550de6b8 - got cpw.mods.cl.ModuleClassLoader@4c98a6d5
[00:10:35] [Render thread/DEBUG] [ne.mi.fm.ja.FMLModContainer/LOADING]: Creating FMLModContainer instance for net.cristellib.forge.CristelLibForge
[00:10:35] [Render thread/DEBUG] [ne.mi.fm.ja.FMLJavaModLanguageProvider/LOADING]: Loading FMLModContainer from classloader cpw.mods.modlauncher.TransformingClassLoader@550de6b8 - got cpw.mods.cl.ModuleClassLoader@4c98a6d5
[00:10:35] [Render thread/DEBUG] [ne.mi.fm.ja.FMLModContainer/LOADING]: Creating FMLModContainer instance for raccoonman.reterraforged.forge.RTFForge
[00:10:35] [modloading-worker-0/INFO] [roadweaver/]: Initializing RoadWeaver (Forge)...
[00:10:35] [modloading-worker-0/DEBUG] [ne.mi.fm.ja.AutomaticEventSubscriber/LOADING]: Attempting to inject @EventBusSubscriber classes into the eventbus for t_and_t
[00:10:35] [modloading-worker-0/DEBUG] [ne.mi.fm.ja.AutomaticEventSubscriber/LOADING]: Attempting to inject @EventBusSubscriber classes into the eventbus for cloth_config
[00:10:35] [modloading-worker-0/DEBUG] [mixin/]: Mixing forge.MinecraftServerMixin from roadweaver.mixins.json into net.minecraft.server.MinecraftServer
[00:10:35] [modloading-worker-0/DEBUG] [mixin/]: Mixing MixinMinecraftServer from reterraforged-forge.mixins.json into net.minecraft.server.MinecraftServer
[00:10:35] [modloading-worker-0/DEBUG] [ne.mi.ve.fo.ForgeVersion/CORE]: Forge Version package package net.minecraftforge.versions.forge, Forge, version 47.4 from cpw.mods.modlauncher.TransformingClassLoader@550de6b8
[00:10:35] [modloading-worker-0/DEBUG] [ne.mi.ve.fo.ForgeVersion/CORE]: Found Forge version 47.4.0
[00:10:35] [modloading-worker-0/DEBUG] [ne.mi.ve.fo.ForgeVersion/CORE]: Found Forge spec 47.4
[00:10:35] [modloading-worker-0/DEBUG] [ne.mi.ve.fo.ForgeVersion/CORE]: Found Forge group net.minecraftforge
[00:10:35] [modloading-worker-0/DEBUG] [ne.mi.ve.mc.MCPVersion/CORE]: MCP Version package package net.minecraftforge.versions.mcp, Minecraft, version 1.20.1 from cpw.mods.modlauncher.TransformingClassLoader@550de6b8
[00:10:35] [modloading-worker-0/DEBUG] [ne.mi.ve.mc.MCPVersion/CORE]: Found MC version information 1.20.1
[00:10:35] [modloading-worker-0/DEBUG] [ne.mi.ve.mc.MCPVersion/CORE]: Found MCP version information 20230612.114412
[00:10:35] [modloading-worker-0/INFO] [ne.mi.co.ForgeMod/FORGEMOD]: Forge mod loading, version 47.4.0, for MC 1.20.1 with MCP 20230612.114412
[00:10:35] [modloading-worker-0/INFO] [ne.mi.co.MinecraftForge/FORGE]: MinecraftForge v47.4.0 Initialized
[00:10:35] [modloading-worker-0/INFO] [roadweaver/]: 配置已加载 (predictRadius=256, predictionEnabled=true)
[00:10:35] [modloading-worker-0/INFO] [roadweaver/]: Configuration loaded
[00:10:35] [modloading-worker-0/INFO] [roadweaver/]: Structure types registered
[00:10:35] [modloading-worker-0/INFO] [roadweaver/]: Road features registered
[00:10:35] [modloading-worker-0/INFO] [co.ri.ge.cl.DevAutoLoadClient/]: Geomantia development auto-load registered.
[00:10:35] [modloading-worker-0/DEBUG] [ne.mi.fm.ja.AutomaticEventSubscriber/LOADING]: Attempting to inject @EventBusSubscriber classes into the eventbus for geomantia
[00:10:35] [modloading-worker-0/DEBUG] [ne.mi.fm.ja.AutomaticEventSubscriber/LOADING]: Auto-subscribing com.rinsing.geomantia.platform.ChunkGenerationBenchmarkEvents to FORGE
[00:10:35] [modloading-worker-0/DEBUG] [ne.mi.fm.ja.AutomaticEventSubscriber/LOADING]: Attempting to inject @EventBusSubscriber classes into the eventbus for worldedit
[00:10:35] [modloading-worker-0/DEBUG] [ne.mi.fm.ja.AutomaticEventSubscriber/LOADING]: Auto-subscribing com.rinsing.geomantia.platform.GisPlatformEvents to FORGE
[00:10:35] [modloading-worker-0/DEBUG] [Cristel Lib/]: Couldn't parse: "T&T Waystone Patch Pack" to a component
com.mojang.brigadier.exceptions.CommandSyntaxException: Invalid chat component: Use JsonReader.setLenient(true) to accept malformed JSON at line 1 column 1 path $ at position 0: <--[HERE]
[00:10:35] [modloading-worker-0/DEBUG] [ne.mi.fm.ja.AutomaticEventSubscriber/LOADING]: Auto-subscribing com.rinsing.geomantia.platform.http.GeomantiaHttpServer to FORGE
[00:10:35] [modloading-worker-0/DEBUG] [ne.mi.fm.ja.AutomaticEventSubscriber/LOADING]: Attempting to inject @EventBusSubscriber classes into the eventbus for roadweaver
[00:10:35] [modloading-worker-0/DEBUG] [ne.mi.fm.ja.AutomaticEventSubscriber/LOADING]: Auto-subscribing net.shiroha233.roadweaver.datagen.ModWorldGenerator to MOD
[00:10:35] [modloading-worker-0/DEBUG] [ne.mi.fm.ja.AutomaticEventSubscriber/LOADING]: Auto-subscribing com.rinsing.geomantia.platform.RealmPlanningServices to FORGE
[00:10:35] [modloading-worker-0/DEBUG] [ne.mi.fm.ja.AutomaticEventSubscriber/LOADING]: Auto-subscribing net.shiroha233.roadweaver.client.forge.ClientKeyMappings to MOD
[00:10:35] [modloading-worker-0/DEBUG] [ne.mi.fm.ja.AutomaticEventSubscriber/LOADING]: Auto-subscribing net.shiroha233.roadweaver.client.forge.ClientEvents to FORGE
[00:10:35] [modloading-worker-0/DEBUG] [ne.mi.fm.ja.AutomaticEventSubscriber/LOADING]: Auto-subscribing com.rinsing.geomantia.systems.city.infrastructure.world.CityWorldgenBlockObservationRegistry to FORGE
[00:10:35] [modloading-worker-0/DEBUG] [ne.mi.fm.ja.AutomaticEventSubscriber/LOADING]: Attempting to inject @EventBusSubscriber classes into the eventbus for cristellib
[00:10:35] [modloading-worker-0/DEBUG] [ne.mi.co.tr.CoreModBaseTransformer/COREMOD]: Transforming net/minecraft/world/level/levelgen/structure/templatesystem/StructureTemplate
[00:10:35] [modloading-worker-0/DEBUG] [ne.mi.fm.co.ConfigTracker/CONFIG]: Config file forge-client.toml for forge tracking
[00:10:35] [modloading-worker-0/DEBUG] [ne.mi.fm.co.ConfigTracker/CONFIG]: Config file forge-server.toml for forge tracking
[00:10:35] [modloading-worker-0/DEBUG] [ne.mi.fm.ModLoadingContext/]: Attempted to register an empty config for type COMMON on mod forge
[00:10:36] [modloading-worker-0/DEBUG] [ne.mi.fm.ja.AutomaticEventSubscriber/LOADING]: Attempting to inject @EventBusSubscriber classes into the eventbus for forge
[00:10:36] [modloading-worker-0/DEBUG] [ne.mi.fm.ja.AutomaticEventSubscriber/LOADING]: Auto-subscribing net.minecraftforge.common.ForgeSpawnEggItem$CommonHandler to MOD
[00:10:36] [modloading-worker-0/DEBUG] [ne.mi.fm.ja.AutomaticEventSubscriber/LOADING]: Auto-subscribing net.minecraftforge.common.ForgeSpawnEggItem$ColorRegisterHandler to MOD
[00:10:36] [modloading-worker-0/DEBUG] [ne.mi.fm.ja.AutomaticEventSubscriber/LOADING]: Auto-subscribing net.minecraftforge.client.model.data.ModelDataManager to FORGE
[00:10:36] [modloading-worker-0/DEBUG] [ne.mi.fm.ja.AutomaticEventSubscriber/LOADING]: Auto-subscribing net.minecraftforge.client.ForgeHooksClient$ClientEvents to MOD
[00:10:36] [modloading-worker-0/DEBUG] [ne.mi.fm.ja.AutomaticEventSubscriber/LOADING]: Auto-subscribing net.minecraftforge.client.ClientForgeMod to MOD
[00:10:36] [modloading-worker-0/DEBUG] [ne.mi.fm.ja.AutomaticEventSubscriber/LOADING]: Attempting to inject @EventBusSubscriber classes into the eventbus for architectury
[00:10:36] [modloading-worker-0/DEBUG] [ne.mi.fm.ja.AutomaticEventSubscriber/LOADING]: Auto-subscribing dev.architectury.networking.forge.NetworkManagerImpl to FORGE
[00:10:36] [modloading-worker-0/INFO] [de.ar.ne.fo.NetworkManagerImpl/]: Registering S2C receiver with id architectury:sync_ids
[00:10:36] [modloading-worker-0/INFO] [de.ar.ne.fo.NetworkManagerImpl/]: Registering C2S receiver with id architectury:sync_ids
[00:10:36] [modloading-worker-0/DEBUG] [ne.mi.fm.ja.AutomaticEventSubscriber/LOADING]: Auto-subscribing dev.architectury.registry.forge.CreativeTabRegistryImpl to MOD
[00:10:36] [modloading-worker-0/DEBUG] [ne.mi.fm.ja.AutomaticEventSubscriber/LOADING]: Auto-subscribing dev.architectury.registry.forge.ReloadListenerRegistryImpl to FORGE
[00:10:36] [modloading-worker-0/DEBUG] [ne.mi.fm.ja.AutomaticEventSubscriber/LOADING]: Auto-subscribing dev.architectury.registry.client.keymappings.forge.KeyMappingRegistryImpl to MOD
[00:10:36] [modloading-worker-0/DEBUG] [ne.mi.fm.ja.AutomaticEventSubscriber/LOADING]: Auto-subscribing dev.architectury.registry.client.particle.forge.ParticleProviderRegistryImpl to MOD
[00:10:36] [modloading-worker-0/DEBUG] [ne.mi.fm.ja.AutomaticEventSubscriber/LOADING]: Auto-subscribing dev.architectury.registry.level.entity.trade.forge.TradeRegistryImpl to FORGE
[00:10:36] [modloading-worker-0/DEBUG] [mixin/]: Mixing forge.rtf.RTFTemplateFeatureMixin from roadweaver.mixins.json into raccoonman.reterraforged.world.worldgen.feature.template.TemplateFeature
[00:10:36] [modloading-worker-0/DEBUG] [mixin/]: Mixing forge.rtf.RTFBushFeatureMixin from roadweaver.mixins.json into raccoonman.reterraforged.world.worldgen.feature.BushFeature
[00:10:36] [modloading-worker-0/DEBUG] [ne.mi.fm.ja.AutomaticEventSubscriber/LOADING]: Attempting to inject @EventBusSubscriber classes into the eventbus for reterraforged
[00:10:36] [Render thread/DEBUG] [ne.mi.re.ObjectHolderRegistry/REGISTRIES]: Processing ObjectHolder annotations
[00:10:36] [Render thread/DEBUG] [ne.mi.re.ObjectHolderRegistry/REGISTRIES]: Found 3926 ObjectHolder annotations
[00:10:36] [Render thread/DEBUG] [ne.mi.co.ca.CapabilityManager/CAPABILITIES]: Attempting to automatically register: Lnet/minecraftforge/energy/IEnergyStorage;
[00:10:36] [Render thread/DEBUG] [ne.mi.co.ca.CapabilityManager/CAPABILITIES]: Attempting to automatically register: Lnet/minecraftforge/fluids/capability/IFluidHandler;
[00:10:36] [Render thread/DEBUG] [ne.mi.co.ca.CapabilityManager/CAPABILITIES]: Attempting to automatically register: Lnet/minecraftforge/fluids/capability/IFluidHandlerItem;
[00:10:36] [Render thread/DEBUG] [ne.mi.co.ca.CapabilityManager/CAPABILITIES]: Attempting to automatically register: Lnet/minecraftforge/items/IItemHandler;
[00:10:36] [Render thread/DEBUG] [ne.mi.re.GameData/REGISTRIES]: Unfreezing vanilla registries
[00:10:36] [Render thread/DEBUG] [ne.mi.re.GameData/REGISTRIES]: Applying holder lookups: minecraft:sound_event
[00:10:36] [Render thread/DEBUG] [ne.mi.re.GameData/REGISTRIES]: Holder lookups applied: minecraft:sound_event
[00:10:36] [Render thread/DEBUG] [ne.mi.re.GameData/REGISTRIES]: Applying holder lookups: minecraft:fluid
[00:10:36] [Render thread/DEBUG] [ne.mi.re.GameData/REGISTRIES]: Holder lookups applied: minecraft:fluid
[00:10:36] [Render thread/DEBUG] [ne.mi.re.GameData/REGISTRIES]: Applying holder lookups: minecraft:block
[00:10:36] [Render thread/DEBUG] [ne.mi.re.GameData/REGISTRIES]: Holder lookups applied: minecraft:block
[00:10:36] [Render thread/DEBUG] [ne.mi.re.GameData/REGISTRIES]: Applying holder lookups: minecraft:attribute
[00:10:36] [Render thread/DEBUG] [ne.mi.re.GameData/REGISTRIES]: Holder lookups applied: minecraft:attribute
[00:10:36] [Render thread/DEBUG] [ne.mi.re.GameData/REGISTRIES]: Applying holder lookups: minecraft:mob_effect
[00:10:36] [Render thread/DEBUG] [ne.mi.re.GameData/REGISTRIES]: Holder lookups applied: minecraft:mob_effect
[00:10:36] [Render thread/DEBUG] [ne.mi.re.GameData/REGISTRIES]: Applying holder lookups: minecraft:particle_type
[00:10:36] [Render thread/DEBUG] [ne.mi.re.GameData/REGISTRIES]: Holder lookups applied: minecraft:particle_type
[00:10:36] [Render thread/DEBUG] [ne.mi.re.GameData/REGISTRIES]: Applying holder lookups: minecraft:item
[00:10:36] [Render thread/DEBUG] [ne.mi.re.GameData/REGISTRIES]: Holder lookups applied: minecraft:item
[00:10:36] [Render thread/DEBUG] [ne.mi.re.GameData/REGISTRIES]: Applying holder lookups: minecraft:entity_type
[00:10:36] [Render thread/DEBUG] [ne.mi.re.GameData/REGISTRIES]: Holder lookups applied: minecraft:entity_type
[00:10:36] [Render thread/DEBUG] [ne.mi.re.GameData/REGISTRIES]: Applying holder lookups: minecraft:sensor_type
[00:10:36] [Render thread/DEBUG] [ne.mi.re.GameData/REGISTRIES]: Holder lookups applied: minecraft:sensor_type
[00:10:36] [Render thread/DEBUG] [ne.mi.re.GameData/REGISTRIES]: Applying holder lookups: minecraft:memory_module_type
[00:10:36] [Render thread/DEBUG] [ne.mi.re.GameData/REGISTRIES]: Holder lookups applied: minecraft:memory_module_type
[00:10:36] [Render thread/DEBUG] [ne.mi.re.GameData/REGISTRIES]: Applying holder lookups: minecraft:potion
[00:10:36] [Render thread/DEBUG] [ne.mi.re.GameData/REGISTRIES]: Holder lookups applied: minecraft:potion
[00:10:36] [Render thread/DEBUG] [ne.mi.re.GameData/REGISTRIES]: Applying holder lookups: minecraft:game_event
[00:10:36] [Render thread/DEBUG] [ne.mi.re.GameData/REGISTRIES]: Holder lookups applied: minecraft:game_event
[00:10:36] [Render thread/DEBUG] [ne.mi.re.GameData/REGISTRIES]: Applying holder lookups: minecraft:enchantment
[00:10:36] [Render thread/DEBUG] [ne.mi.re.GameData/REGISTRIES]: Holder lookups applied: minecraft:enchantment
[00:10:36] [Render thread/DEBUG] [ne.mi.re.GameData/REGISTRIES]: Applying holder lookups: minecraft:block_entity_type
[00:10:36] [Render thread/DEBUG] [ne.mi.re.GameData/REGISTRIES]: Holder lookups applied: minecraft:block_entity_type
[00:10:36] [Render thread/DEBUG] [ne.mi.re.GameData/REGISTRIES]: Applying holder lookups: minecraft:painting_variant
[00:10:36] [Render thread/DEBUG] [ne.mi.re.GameData/REGISTRIES]: Holder lookups applied: minecraft:painting_variant
[00:10:36] [Render thread/DEBUG] [ne.mi.re.GameData/REGISTRIES]: Applying holder lookups: minecraft:stat_type
[00:10:36] [Render thread/DEBUG] [ne.mi.re.GameData/REGISTRIES]: Holder lookups applied: minecraft:stat_type
[00:10:36] [Render thread/DEBUG] [ne.mi.re.GameData/REGISTRIES]: Applying holder lookups: minecraft:custom_stat
[00:10:36] [Render thread/DEBUG] [ne.mi.re.GameData/REGISTRIES]: Holder lookups applied: minecraft:custom_stat
[00:10:36] [Render thread/DEBUG] [ne.mi.re.GameData/REGISTRIES]: Applying holder lookups: minecraft:chunk_status
[00:10:36] [Render thread/DEBUG] [ne.mi.re.GameData/REGISTRIES]: Holder lookups applied: minecraft:chunk_status
[00:10:36] [Render thread/DEBUG] [ne.mi.re.GameData/REGISTRIES]: Applying holder lookups: minecraft:rule_test
[00:10:36] [Render thread/DEBUG] [ne.mi.re.GameData/REGISTRIES]: Holder lookups applied: minecraft:rule_test
[00:10:36] [Render thread/DEBUG] [ne.mi.re.GameData/REGISTRIES]: Applying holder lookups: minecraft:rule_block_entity_modifier
[00:10:36] [Render thread/DEBUG] [ne.mi.re.GameData/REGISTRIES]: Holder lookups applied: minecraft:rule_block_entity_modifier
[00:10:36] [Render thread/DEBUG] [ne.mi.re.GameData/REGISTRIES]: Applying holder lookups: minecraft:pos_rule_test
[00:10:36] [Render thread/DEBUG] [ne.mi.re.GameData/REGISTRIES]: Holder lookups applied: minecraft:pos_rule_test
[00:10:36] [Render thread/DEBUG] [ne.mi.re.GameData/REGISTRIES]: Applying holder lookups: minecraft:menu
[00:10:36] [Render thread/DEBUG] [ne.mi.re.GameData/REGISTRIES]: Holder lookups applied: minecraft:menu
[00:10:36] [Render thread/DEBUG] [ne.mi.re.GameData/REGISTRIES]: Applying holder lookups: minecraft:recipe_type
[00:10:36] [Render thread/DEBUG] [ne.mi.re.GameData/REGISTRIES]: Holder lookups applied: minecraft:recipe_type
[00:10:36] [Render thread/DEBUG] [ne.mi.re.GameData/REGISTRIES]: Applying holder lookups: minecraft:recipe_serializer
[00:10:36] [Render thread/DEBUG] [ne.mi.re.GameData/REGISTRIES]: Holder lookups applied: minecraft:recipe_serializer
[00:10:36] [Render thread/DEBUG] [ne.mi.re.GameData/REGISTRIES]: Applying holder lookups: minecraft:position_source_type
[00:10:36] [Render thread/DEBUG] [ne.mi.re.GameData/REGISTRIES]: Holder lookups applied: minecraft:position_source_type
[00:10:36] [Render thread/DEBUG] [ne.mi.re.GameData/REGISTRIES]: Applying holder lookups: minecraft:command_argument_type
[00:10:36] [Render thread/DEBUG] [ne.mi.re.GameData/REGISTRIES]: Holder lookups applied: minecraft:command_argument_type
[00:10:36] [Render thread/DEBUG] [ne.mi.re.GameData/REGISTRIES]: Applying holder lookups: minecraft:villager_type
[00:10:36] [Render thread/DEBUG] [ne.mi.re.GameData/REGISTRIES]: Holder lookups applied: minecraft:villager_type
[00:10:36] [Render thread/DEBUG] [ne.mi.re.GameData/REGISTRIES]: Applying holder lookups: minecraft:villager_profession
[00:10:36] [Render thread/DEBUG] [ne.mi.re.GameData/REGISTRIES]: Holder lookups applied: minecraft:villager_profession
[00:10:36] [Render thread/DEBUG] [ne.mi.re.GameData/REGISTRIES]: Applying holder lookups: minecraft:point_of_interest_type
[00:10:36] [Render thread/DEBUG] [ne.mi.re.GameData/REGISTRIES]: Holder lookups applied: minecraft:point_of_interest_type
[00:10:36] [Render thread/DEBUG] [ne.mi.re.GameData/REGISTRIES]: Applying holder lookups: minecraft:schedule
[00:10:36] [Render thread/DEBUG] [ne.mi.re.GameData/REGISTRIES]: Holder lookups applied: minecraft:schedule
[00:10:36] [Render thread/DEBUG] [ne.mi.re.GameData/REGISTRIES]: Applying holder lookups: minecraft:activity
[00:10:36] [Render thread/DEBUG] [ne.mi.re.GameData/REGISTRIES]: Holder lookups applied: minecraft:activity
[00:10:36] [Render thread/DEBUG] [ne.mi.re.GameData/REGISTRIES]: Applying holder lookups: minecraft:loot_pool_entry_type
[00:10:36] [Render thread/DEBUG] [ne.mi.re.GameData/REGISTRIES]: Holder lookups applied: minecraft:loot_pool_entry_type
[00:10:36] [Render thread/DEBUG] [ne.mi.re.GameData/REGISTRIES]: Applying holder lookups: minecraft:loot_function_type
[00:10:36] [Render thread/DEBUG] [ne.mi.re.GameData/REGISTRIES]: Holder lookups applied: minecraft:loot_function_type
[00:10:36] [Render thread/DEBUG] [ne.mi.re.GameData/REGISTRIES]: Applying holder lookups: minecraft:loot_condition_type
[00:10:36] [Render thread/DEBUG] [ne.mi.re.GameData/REGISTRIES]: Holder lookups applied: minecraft:loot_condition_type
[00:10:36] [Render thread/DEBUG] [ne.mi.re.GameData/REGISTRIES]: Applying holder lookups: minecraft:loot_number_provider_type
[00:10:36] [Render thread/DEBUG] [ne.mi.re.GameData/REGISTRIES]: Holder lookups applied: minecraft:loot_number_provider_type
[00:10:36] [Render thread/DEBUG] [ne.mi.re.GameData/REGISTRIES]: Applying holder lookups: minecraft:loot_nbt_provider_type
[00:10:36] [Render thread/DEBUG] [ne.mi.re.GameData/REGISTRIES]: Holder lookups applied: minecraft:loot_nbt_provider_type
[00:10:36] [Render thread/DEBUG] [ne.mi.re.GameData/REGISTRIES]: Applying holder lookups: minecraft:loot_score_provider_type
[00:10:36] [Render thread/DEBUG] [ne.mi.re.GameData/REGISTRIES]: Holder lookups applied: minecraft:loot_score_provider_type
[00:10:36] [Render thread/DEBUG] [ne.mi.re.GameData/REGISTRIES]: Applying holder lookups: minecraft:float_provider_type
[00:10:36] [Render thread/DEBUG] [ne.mi.re.GameData/REGISTRIES]: Holder lookups applied: minecraft:float_provider_type
[00:10:36] [Render thread/DEBUG] [ne.mi.re.GameData/REGISTRIES]: Applying holder lookups: minecraft:int_provider_type
[00:10:36] [Render thread/DEBUG] [ne.mi.re.GameData/REGISTRIES]: Holder lookups applied: minecraft:int_provider_type
[00:10:36] [Render thread/DEBUG] [ne.mi.re.GameData/REGISTRIES]: Applying holder lookups: minecraft:height_provider_type
[00:10:36] [Render thread/DEBUG] [ne.mi.re.GameData/REGISTRIES]: Holder lookups applied: minecraft:height_provider_type
[00:10:36] [Render thread/DEBUG] [ne.mi.re.GameData/REGISTRIES]: Applying holder lookups: minecraft:block_predicate_type
[00:10:36] [Render thread/DEBUG] [ne.mi.re.GameData/REGISTRIES]: Holder lookups applied: minecraft:block_predicate_type
[00:10:36] [Render thread/DEBUG] [ne.mi.re.GameData/REGISTRIES]: Applying holder lookups: minecraft:worldgen/carver
[00:10:36] [Render thread/DEBUG] [ne.mi.re.GameData/REGISTRIES]: Holder lookups applied: minecraft:worldgen/carver
[00:10:36] [Render thread/DEBUG] [ne.mi.re.GameData/REGISTRIES]: Applying holder lookups: minecraft:worldgen/feature
[00:10:36] [Render thread/DEBUG] [ne.mi.re.GameData/REGISTRIES]: Holder lookups applied: minecraft:worldgen/feature
[00:10:36] [Render thread/DEBUG] [ne.mi.re.GameData/REGISTRIES]: Applying holder lookups: minecraft:worldgen/structure_processor
[00:10:36] [Render thread/DEBUG] [ne.mi.re.GameData/REGISTRIES]: Holder lookups applied: minecraft:worldgen/structure_processor
[00:10:36] [Render thread/DEBUG] [ne.mi.re.GameData/REGISTRIES]: Applying holder lookups: minecraft:worldgen/structure_placement
[00:10:36] [Render thread/DEBUG] [ne.mi.re.GameData/REGISTRIES]: Holder lookups applied: minecraft:worldgen/structure_placement
[00:10:36] [Render thread/DEBUG] [ne.mi.re.GameData/REGISTRIES]: Applying holder lookups: minecraft:worldgen/structure_piece
[00:10:36] [Render thread/DEBUG] [ne.mi.re.GameData/REGISTRIES]: Holder lookups applied: minecraft:worldgen/structure_piece
[00:10:36] [Render thread/DEBUG] [ne.mi.re.GameData/REGISTRIES]: Applying holder lookups: minecraft:worldgen/structure_type
[00:10:36] [Render thread/DEBUG] [ne.mi.re.GameData/REGISTRIES]: Holder lookups applied: minecraft:worldgen/structure_type
[00:10:36] [Render thread/DEBUG] [ne.mi.re.GameData/REGISTRIES]: Applying holder lookups: minecraft:worldgen/placement_modifier_type
[00:10:36] [Render thread/DEBUG] [ne.mi.re.GameData/REGISTRIES]: Holder lookups applied: minecraft:worldgen/placement_modifier_type
[00:10:36] [Render thread/DEBUG] [ne.mi.re.GameData/REGISTRIES]: Applying holder lookups: minecraft:worldgen/block_state_provider_type
[00:10:36] [Render thread/DEBUG] [ne.mi.re.GameData/REGISTRIES]: Holder lookups applied: minecraft:worldgen/block_state_provider_type
[00:10:36] [Render thread/DEBUG] [ne.mi.re.GameData/REGISTRIES]: Applying holder lookups: minecraft:worldgen/foliage_placer_type
[00:10:36] [Render thread/DEBUG] [ne.mi.re.GameData/REGISTRIES]: Holder lookups applied: minecraft:worldgen/foliage_placer_type
[00:10:36] [Render thread/DEBUG] [ne.mi.re.GameData/REGISTRIES]: Applying holder lookups: minecraft:worldgen/trunk_placer_type
[00:10:36] [Render thread/DEBUG] [ne.mi.re.GameData/REGISTRIES]: Holder lookups applied: minecraft:worldgen/trunk_placer_type
[00:10:36] [Render thread/DEBUG] [ne.mi.re.GameData/REGISTRIES]: Applying holder lookups: minecraft:worldgen/root_placer_type
[00:10:36] [Render thread/DEBUG] [ne.mi.re.GameData/REGISTRIES]: Holder lookups applied: minecraft:worldgen/root_placer_type
[00:10:36] [Render thread/DEBUG] [ne.mi.re.GameData/REGISTRIES]: Applying holder lookups: minecraft:worldgen/tree_decorator_type
[00:10:36] [Render thread/DEBUG] [ne.mi.re.GameData/REGISTRIES]: Holder lookups applied: minecraft:worldgen/tree_decorator_type
[00:10:36] [Render thread/DEBUG] [ne.mi.re.GameData/REGISTRIES]: Applying holder lookups: minecraft:worldgen/feature_size_type
[00:10:36] [Render thread/DEBUG] [ne.mi.re.GameData/REGISTRIES]: Holder lookups applied: minecraft:worldgen/feature_size_type
[00:10:36] [Render thread/DEBUG] [ne.mi.re.GameData/REGISTRIES]: Applying holder lookups: minecraft:worldgen/biome_source
[00:10:36] [Render thread/DEBUG] [ne.mi.re.GameData/REGISTRIES]: Holder lookups applied: minecraft:worldgen/biome_source
[00:10:36] [Render thread/DEBUG] [ne.mi.re.GameData/REGISTRIES]: Applying holder lookups: minecraft:worldgen/chunk_generator
[00:10:36] [Render thread/DEBUG] [ne.mi.re.GameData/REGISTRIES]: Holder lookups applied: minecraft:worldgen/chunk_generator
[00:10:36] [Render thread/DEBUG] [ne.mi.re.GameData/REGISTRIES]: Applying holder lookups: minecraft:worldgen/material_condition
[00:10:36] [Render thread/DEBUG] [ne.mi.re.GameData/REGISTRIES]: Holder lookups applied: minecraft:worldgen/material_condition
[00:10:36] [Render thread/DEBUG] [ne.mi.re.GameData/REGISTRIES]: Applying holder lookups: minecraft:worldgen/material_rule
[00:10:36] [Render thread/DEBUG] [ne.mi.re.GameData/REGISTRIES]: Holder lookups applied: minecraft:worldgen/material_rule
[00:10:36] [Render thread/DEBUG] [ne.mi.re.GameData/REGISTRIES]: Applying holder lookups: minecraft:worldgen/density_function_type
[00:10:36] [Render thread/DEBUG] [ne.mi.re.GameData/REGISTRIES]: Holder lookups applied: minecraft:worldgen/density_function_type
[00:10:36] [Render thread/DEBUG] [ne.mi.re.GameData/REGISTRIES]: Applying holder lookups: minecraft:worldgen/structure_pool_element
[00:10:36] [Render thread/DEBUG] [ne.mi.re.GameData/REGISTRIES]: Holder lookups applied: minecraft:worldgen/structure_pool_element
[00:10:36] [Render thread/DEBUG] [ne.mi.re.GameData/REGISTRIES]: Applying holder lookups: minecraft:cat_variant
[00:10:36] [Render thread/DEBUG] [ne.mi.re.GameData/REGISTRIES]: Holder lookups applied: minecraft:cat_variant
[00:10:36] [Render thread/DEBUG] [ne.mi.re.GameData/REGISTRIES]: Applying holder lookups: minecraft:frog_variant
[00:10:36] [Render thread/DEBUG] [ne.mi.re.GameData/REGISTRIES]: Holder lookups applied: minecraft:frog_variant
[00:10:36] [Render thread/DEBUG] [ne.mi.re.GameData/REGISTRIES]: Applying holder lookups: minecraft:banner_pattern
[00:10:36] [Render thread/DEBUG] [ne.mi.re.GameData/REGISTRIES]: Holder lookups applied: minecraft:banner_pattern
[00:10:36] [Render thread/DEBUG] [ne.mi.re.GameData/REGISTRIES]: Applying holder lookups: minecraft:instrument
[00:10:36] [Render thread/DEBUG] [ne.mi.re.GameData/REGISTRIES]: Holder lookups applied: minecraft:instrument
[00:10:36] [Render thread/DEBUG] [ne.mi.re.GameData/REGISTRIES]: Applying holder lookups: minecraft:decorated_pot_patterns
[00:10:36] [Render thread/DEBUG] [ne.mi.re.GameData/REGISTRIES]: Holder lookups applied: minecraft:decorated_pot_patterns
[00:10:36] [Render thread/DEBUG] [ne.mi.re.GameData/REGISTRIES]: Applying holder lookups: minecraft:creative_mode_tab
[00:10:36] [Render thread/DEBUG] [ne.mi.re.GameData/REGISTRIES]: Holder lookups applied: minecraft:creative_mode_tab
[00:10:36] [Render thread/DEBUG] [ne.mi.re.GameData/REGISTRIES]: Applying holder lookups: forge:biome_modifier_serializers
[00:10:36] [Render thread/DEBUG] [ne.mi.re.GameData/REGISTRIES]: Holder lookups applied: forge:biome_modifier_serializers
[00:10:36] [Render thread/DEBUG] [ne.mi.re.GameData/REGISTRIES]: Applying holder lookups: forge:display_contexts
[00:10:36] [Render thread/DEBUG] [ne.mi.re.GameData/REGISTRIES]: Holder lookups applied: forge:display_contexts
[00:10:36] [Render thread/DEBUG] [ne.mi.re.GameData/REGISTRIES]: Applying holder lookups: forge:entity_data_serializers
[00:10:36] [Render thread/DEBUG] [ne.mi.re.GameData/REGISTRIES]: Holder lookups applied: forge:entity_data_serializers
[00:10:36] [Render thread/DEBUG] [ne.mi.re.GameData/REGISTRIES]: Applying holder lookups: forge:fluid_type
[00:10:36] [Render thread/DEBUG] [ne.mi.re.GameData/REGISTRIES]: Holder lookups applied: forge:fluid_type
[00:10:36] [Render thread/DEBUG] [ne.mi.re.GameData/REGISTRIES]: Applying holder lookups: forge:global_loot_modifier_serializers
[00:10:36] [Render thread/DEBUG] [ne.mi.re.GameData/REGISTRIES]: Holder lookups applied: forge:global_loot_modifier_serializers
[00:10:36] [Render thread/DEBUG] [ne.mi.re.GameData/REGISTRIES]: Applying holder lookups: forge:holder_set_type
[00:10:36] [Render thread/DEBUG] [ne.mi.re.GameData/REGISTRIES]: Holder lookups applied: forge:holder_set_type
[00:10:36] [Render thread/DEBUG] [ne.mi.re.GameData/REGISTRIES]: Applying holder lookups: forge:structure_modifier_serializers
[00:10:36] [Render thread/DEBUG] [ne.mi.re.GameData/REGISTRIES]: Holder lookups applied: forge:structure_modifier_serializers
[00:10:36] [Render thread/DEBUG] [ne.mi.re.GameData/REGISTRIES]: Applying holder lookups: minecraft:worldgen/biome
[00:10:36] [Render thread/DEBUG] [ne.mi.re.GameData/REGISTRIES]: Holder lookups applied: minecraft:worldgen/biome
[00:10:36] [Render thread/DEBUG] [ne.mi.re.GameData/REGISTRIES]: Applying holder lookups: reterraforged:worldgen/chance_modifier_type
[00:10:36] [Render thread/DEBUG] [ne.mi.re.GameData/REGISTRIES]: Holder lookups applied: reterraforged:worldgen/chance_modifier_type
[00:10:36] [Render thread/DEBUG] [ne.mi.re.GameData/REGISTRIES]: Applying holder lookups: reterraforged:worldgen/curve_function_type
[00:10:36] [Render thread/DEBUG] [ne.mi.re.GameData/REGISTRIES]: Holder lookups applied: reterraforged:worldgen/curve_function_type
[00:10:36] [Render thread/DEBUG] [ne.mi.re.GameData/REGISTRIES]: Applying holder lookups: reterraforged:worldgen/domain_type
[00:10:36] [Render thread/DEBUG] [ne.mi.re.GameData/REGISTRIES]: Holder lookups applied: reterraforged:worldgen/domain_type
[00:10:36] [Render thread/DEBUG] [ne.mi.re.GameData/REGISTRIES]: Applying holder lookups: reterraforged:worldgen/noise_type
[00:10:36] [Render thread/DEBUG] [ne.mi.re.GameData/REGISTRIES]: Holder lookups applied: reterraforged:worldgen/noise_type
[00:10:36] [Render thread/DEBUG] [ne.mi.re.GameData/REGISTRIES]: Applying holder lookups: reterraforged:worldgen/structure_rule_type
[00:10:36] [Render thread/DEBUG] [ne.mi.re.GameData/REGISTRIES]: Holder lookups applied: reterraforged:worldgen/structure_rule_type
[00:10:36] [Render thread/DEBUG] [ne.mi.re.GameData/REGISTRIES]: Applying holder lookups: reterraforged:worldgen/template_decorator_type
[00:10:36] [Render thread/DEBUG] [ne.mi.re.GameData/REGISTRIES]: Holder lookups applied: reterraforged:worldgen/template_decorator_type
[00:10:36] [Render thread/DEBUG] [ne.mi.re.GameData/REGISTRIES]: Applying holder lookups: reterraforged:worldgen/template_placement_type
[00:10:36] [Render thread/DEBUG] [ne.mi.re.GameData/REGISTRIES]: Holder lookups applied: reterraforged:worldgen/template_placement_type
[00:10:36] [Render thread/DEBUG] [ne.mi.cl.lo.ClientModLoader/CORE]: Generating PackInfo named mod:worldedit for mod file C:\Users\Rinsing\.gradle\caches\forge_gradle\deobf_dependencies\curse\maven\worldedit-225608\4586218_mapped_official_1.20.1\worldedit-225608-4586218_mapped_official_1.20.1.jar
[00:10:36] [Render thread/DEBUG] [ne.mi.cl.lo.ClientModLoader/CORE]: Generating PackInfo named mod:architectury for mod file C:\Users\Rinsing\.gradle\caches\forge_gradle\deobf_dependencies\dev\architectury\architectury-forge\9.2.14_mapped_official_1.20.1\architectury-forge-9.2.14_mapped_official_1.20.1.jar
[00:10:36] [Render thread/DEBUG] [ne.mi.cl.lo.ClientModLoader/CORE]: Generating PackInfo named mod:cloth_config for mod file C:\Users\Rinsing\.gradle\caches\forge_gradle\deobf_dependencies\me\shedaniel\cloth\cloth-config-forge\11.1.136_mapped_official_1.20.1\cloth-config-forge-11.1.136_mapped_official_1.20.1.jar
[00:10:36] [Render thread/DEBUG] [ne.mi.cl.lo.ClientModLoader/CORE]: Generating PackInfo named mod:forge for mod file /
[00:10:36] [Render thread/DEBUG] [ne.mi.cl.lo.ClientModLoader/CORE]: Generating PackInfo named mod:t_and_t for mod file C:\Users\Rinsing\.gradle\caches\forge_gradle\deobf_dependencies\local\t_and_t\t_and_t\1.12_mapped_official_1.20.1\t_and_t-1.12_mapped_official_1.20.1.jar
[00:10:36] [Render thread/DEBUG] [ne.mi.cl.lo.ClientModLoader/CORE]: Generating PackInfo named mod:mr_trek for mod file C:\Users\Rinsing\.gradle\caches\forge_gradle\deobf_dependencies\local\trek\trek\B0.6_mapped_official_1.20.1\trek-B0.6_mapped_official_1.20.1.jar
[00:10:36] [Render thread/DEBUG] [ne.mi.cl.lo.ClientModLoader/CORE]: Generating PackInfo named mod:roadweaver for mod file C:\Users\Rinsing\.gradle\caches\forge_gradle\deobf_dependencies\local\roadweaver\roadweaver-forge\2.3.0-1.20.1_mapped_official_1.20.1\roadweaver-forge-2.3.0-1.20.1_mapped_official_1.20.1.jar
[00:10:36] [Render thread/DEBUG] [ne.mi.cl.lo.ClientModLoader/CORE]: Generating PackInfo named mod:geomantia for mod file E:\Mod_Dev\StructureBinder\build\resources\main
[00:10:36] [Render thread/DEBUG] [ne.mi.cl.lo.ClientModLoader/CORE]: Generating PackInfo named mod:cristellib for mod file C:\Users\Rinsing\.gradle\caches\forge_gradle\deobf_dependencies\local\cristellib\cristellib\1.1.6_mapped_official_1.20.1\cristellib-1.1.6_mapped_official_1.20.1.jar
[00:10:36] [Render thread/WARN] [minecraft/Pack]: Missing metadata in pack mod:reterraforged
[00:10:37] [Render thread/INFO] [ne.mi.ga.ForgeGameTestHooks/]: Enabled Gametest Namespaces: [geomantia]
[00:10:37] [Render thread/DEBUG] [mixin/]: Mixing forge.CreateWorldScreenInitMixin from roadweaver.mixins.json into net.minecraft.client.gui.screens.worldselection.CreateWorldScreen
[00:10:37] [Render thread/INFO] [minecraft/ReloadableResourceManager]: Reloading ResourceManager: vanilla, mod_resources
[00:10:37] [modloading-worker-0/DEBUG] [ne.mi.fm.co.ConfigTracker/CONFIG]: Loading configs type CLIENT
[00:10:37] [modloading-worker-0/DEBUG] [ne.mi.fm.co.ConfigFileTypeHandler/CONFIG]: Built TOML config for E:\Mod_Dev\StructureBinder\run\config\forge-client.toml
[00:10:37] [modloading-worker-0/DEBUG] [ne.mi.fm.co.ConfigFileTypeHandler/CONFIG]: Loaded TOML config file E:\Mod_Dev\StructureBinder\run\config\forge-client.toml
[00:10:37] [modloading-worker-0/DEBUG] [ne.mi.fm.co.ConfigFileTypeHandler/CONFIG]: Watching TOML config file E:\Mod_Dev\StructureBinder\run\config\forge-client.toml for changes
[00:10:37] [modloading-worker-0/DEBUG] [ne.mi.co.ForgeConfig/FORGEMOD]: Loaded forge config file forge-client.toml
[00:10:37] [modloading-worker-0/DEBUG] [ne.mi.fm.co.ConfigTracker/CONFIG]: Loading configs type COMMON
[00:10:37] [Worker-Main-13/INFO] [co.ri.ge.GeomantiaMod/]: Geomantia initialized.
[00:10:37] [Worker-Main-11/INFO] [roadweaver/]: RoadWeaver common setup completed
[00:10:37] [Forge Version Check/INFO] [ne.mi.fm.VersionChecker/]: [forge] Starting version check at https://files.minecraftforge.net/net/minecraftforge/forge/promotions_slim.json
[00:10:37] [Worker-Main-4/INFO] [minecraft/UnihexProvider]: Found unifont_all_no_pua-15.0.06.hex, loading
[00:10:38] [Forge Version Check/DEBUG] [ne.mi.fm.VersionChecker/]: [forge] Received version check data:
{
  "homepage": "https://files.minecraftforge.net/net/minecraftforge/forge/",
  "promos": {
    "1.1-latest": "1.3.4.29",
    "1.2.3-latest": "1.4.1.64",
    "1.2.4-latest": "2.0.0.68",
    "1.2.5-latest": "3.4.9.171",
    "1.3.2-latest": "4.3.5.318",
    "1.4.0-latest": "5.0.0.326",
    "1.4.1-latest": "6.0.0.329",
    "1.4.2-latest": "6.0.1.355",
    "1.4.3-latest": "6.2.1.358",
    "1.4.4-latest": "6.3.0.378",
    "1.4.5-latest": "6.4.2.448",
    "1.4.6-latest": "6.5.0.489",
    "1.4.7-latest": "6.6.2.534",
    "1.5-latest": "7.7.0.598",
    "1.5.1-latest": "7.7.2.682",
    "1.5.2-latest": "7.8.1.738",
    "1.5.2-recommended": "7.8.1.738",
    "1.6.1-latest": "8.9.0.775",
    "1.6.2-latest": "9.10.1.871",
    "1.6.2-recommended": "9.10.1.871",
    "1.6.3-latest": "9.11.0.878",
    "1.6.4-latest": "9.11.1.1345",
    "1.6.4-recommended": "9.11.1.1345",
    "1.7.2-latest": "10.12.2.1161",
    "1.7.2-recommended": "10.12.2.1161",
    "1.7.10-latest": "10.13.4.1614",
    "1.7.10-recommended": "10.13.4.1614",
    "1.8-latest": "11.14.4.1577",
    "1.8-recommended": "11.14.4.1563",
    "1.8.8-latest": "11.15.0.1655",
    "1.8.9-latest": "11.15.1.2318",
    "1.8.9-recommended": "11.15.1.2318",
    "1.9-latest": "12.16.1.1938",
    "1.9-recommended": "12.16.1.1887",
    "1.9.4-latest": "12.17.0.2317",
    "1.9.4-recommended": "12.17.0.2317",
    "1.10-latest": "12.18.0.2000",
    "1.10.2-latest": "12.18.3.2511",
    "1.10.2-recommended": "12.18.3.2511",
    "1.11-latest": "13.19.1.2199",
    "1.11-recommended": "13.19.1.2189",
    "1.11.2-latest": "13.20.1.2588",
    "1.11.2-recommended": "13.20.1.2588",
    "1.12-latest": "14.21.1.2443",
    "1.12-recommended": "14.21.1.2387",
    "1.12.1-latest": "14.22.1.2485",
    "1.12.1-recommended": "14.22.1.2478",
    "1.12.2-latest": "14.23.5.2864",
    "1.12.2-recommended": "14.23.5.2859",
    "1.13.2-latest": "25.0.223",
    "1.14.2-latest": "26.0.63",
    "1.14.3-latest": "27.0.60",
    "1.14.4-latest": "28.2.30",
    "1.14.4-recommended": "28.2.26",
    "1.15-latest": "29.0.4",
    "1.15.1-latest": "30.0.51",
    "1.15.2-latest": "31.2.62",
    "1.15.2-recommended": "31.2.57",
    "1.16.1-latest": "32.0.108",
    "1.16.2-latest": "33.0.61",
    "1.16.3-latest": "34.1.42",
    "1.16.3-recommended": "34.1.0",
    "1.16.4-latest": "35.1.37",
    "1.16.4-recommended": "35.1.4",
    "1.16.5-latest": "36.2.42",
    "1.16.5-recommended": "36.2.34",
    "1.17.1-latest": "37.1.1",
    "1.17.1-recommended": "37.1.1",
    "1.18-latest": "38.0.17",
    "1.18.1-latest": "39.1.2",
    "1.18.1-recommended": "39.1.0",
    "1.18.2-recommended": "40.3.0",
    "1.18.2-latest": "40.3.12",
    "1.19-latest": "41.1.0",
    "1.19-recommended": "41.1.0",
    "1.19.1-latest": "42.0.9",
    "1.19.2-recommended": "43.5.0",
    "1.19.2-latest": "43.5.2",
    "1.19.3-latest": "44.1.23",
    "1.19.3-recommended": "44.1.0",
    "1.19.4-recommended": "45.4.0",
    "1.19.4-latest": "45.4.3",
    "1.20-latest": "46.0.14",
    "1.20.1-recommended": "47.4.10",
    "1.20.1-latest": "47.4.22",
    "1.20.2-latest": "48.1.0",
    "1.20.2-recommended": "48.1.0",
    "1.20.3-latest": "49.0.2",
    "1.20.4-latest": "49.2.8",
    "1.20.4-recommended": "49.2.0",
    "1.20.6-latest": "50.2.10",
    "1.20.6-recommended": "50.2.0",
    "1.21-latest": "51.0.33",
    "1.21.1-latest": "52.1.16",
    "1.21.1-recommended": "52.1.0",
    "1.21.3-latest": "53.1.12",
    "1.21.3-recommended": "53.1.0",
    "1.21.4-latest": "54.1.18",
    "1.21.4-recommended": "54.1.14",
    "1.21.5-latest": "55.1.12",
    "1.21.5-recommended": "55.1.0",
    "1.21.6-latest": "56.0.9",
    "1.21.7-latest": "57.0.3",
    "1.21.8-latest": "58.1.21",
    "1.21.8-recommended": "58.1.0",
    "1.21.9-latest": "59.0.5",
    "1.21.10-latest": "60.1.13",
    "1.21.10-recommended": "60.1.0",
    "1.21.11-latest": "61.2.0",
    "1.21.11-recommended": "61.2.0",
    "26.1-latest": "62.0.9",
    "26.1.1-latest": "63.0.2",
    "26.1.2-latest": "64.1.0",
    "26.1.2-recommended": "64.1.0",
    "26.2-latest": "65.1.1",
    "26.2-recommended": "65.1.0"
  }
}
[00:10:38] [Forge Version Check/INFO] [ne.mi.fm.VersionChecker/]: [forge] Found status: OUTDATED Current: 47.4.0 Target: 47.4.10
[00:10:38] [Forge Version Check/INFO] [ne.mi.fm.VersionChecker/]: [mr_trek] Starting version check at https://api.modrinth.com/updates/h2jngREY/forge_updates.json
[00:10:39] [Worker-Main-10/INFO] [co.sk.wo.ex.pl.PlatformManager/]: Got request to register class com.sk89q.worldedit.forge.ForgePlatform with WorldEdit [com.sk89q.worldedit.extension.platform.PlatformManager@52b35a9b]
[00:10:39] [Worker-Main-10/INFO] [co.sk.wo.fo.ForgeWorldEdit/]: WorldEdit for Forge (version 7.2.15+6463-5ca4dff) is loaded
[00:10:39] [Render thread/DEBUG] [ne.mi.fm.DeferredWorkQueue/LOADING]: Dispatching synchronous work for work queue COMMON_SETUP: 1 jobs
[00:10:39] [Render thread/DEBUG] [ne.mi.fm.DeferredWorkQueue/LOADING]: Synchronous work queue completed in 3.454 ms
[00:10:39] [modloading-worker-0/DEBUG] [ne.mi.re.GameData/REGISTRIES]: Freezing registries
[00:10:39] [modloading-worker-0/DEBUG] [ne.mi.re.ForgeRegistry/REGISTRIES]: Registry minecraft:block Sync: FROZEN -> ACTIVE
[00:10:39] [modloading-worker-0/DEBUG] [ne.mi.re.ForgeRegistry/REGISTRIES]: Registry minecraft:fluid Sync: FROZEN -> ACTIVE
[00:10:39] [modloading-worker-0/DEBUG] [ne.mi.re.ForgeRegistry/REGISTRIES]: Registry minecraft:item Sync: FROZEN -> ACTIVE
[00:10:39] [modloading-worker-0/DEBUG] [ne.mi.re.ForgeRegistry/REGISTRIES]: Registry minecraft:mob_effect Sync: FROZEN -> ACTIVE
[00:10:39] [modloading-worker-0/DEBUG] [ne.mi.re.ForgeRegistry/REGISTRIES]: Registry minecraft:sound_event Sync: FROZEN -> ACTIVE
[00:10:39] [modloading-worker-0/DEBUG] [ne.mi.re.ForgeRegistry/REGISTRIES]: Registry minecraft:potion Sync: FROZEN -> ACTIVE
[00:10:39] [modloading-worker-0/DEBUG] [ne.mi.re.ForgeRegistry/REGISTRIES]: Registry minecraft:enchantment Sync: FROZEN -> ACTIVE
[00:10:39] [modloading-worker-0/DEBUG] [ne.mi.re.ForgeRegistry/REGISTRIES]: Registry minecraft:entity_type Sync: FROZEN -> ACTIVE
[00:10:39] [modloading-worker-0/DEBUG] [ne.mi.re.ForgeRegistry/REGISTRIES]: Registry minecraft:block_entity_type Sync: FROZEN -> ACTIVE
[00:10:39] [modloading-worker-0/DEBUG] [ne.mi.re.ForgeRegistry/REGISTRIES]: Registry minecraft:particle_type Sync: FROZEN -> ACTIVE
[00:10:39] [modloading-worker-0/DEBUG] [ne.mi.re.ForgeRegistry/REGISTRIES]: Registry minecraft:menu Sync: FROZEN -> ACTIVE
[00:10:39] [modloading-worker-0/DEBUG] [ne.mi.re.ForgeRegistry/REGISTRIES]: Registry minecraft:painting_variant Sync: FROZEN -> ACTIVE
[00:10:39] [modloading-worker-0/DEBUG] [ne.mi.re.ForgeRegistry/REGISTRIES]: Registry minecraft:recipe_type Sync: FROZEN -> ACTIVE
[00:10:39] [modloading-worker-0/DEBUG] [ne.mi.re.ForgeRegistry/REGISTRIES]: Registry minecraft:recipe_serializer Sync: FROZEN -> ACTIVE
[00:10:39] [modloading-worker-0/DEBUG] [ne.mi.re.ForgeRegistry/REGISTRIES]: Registry minecraft:attribute Sync: FROZEN -> ACTIVE
[00:10:39] [modloading-worker-0/DEBUG] [ne.mi.re.ForgeRegistry/REGISTRIES]: Registry minecraft:stat_type Sync: FROZEN -> ACTIVE
[00:10:39] [modloading-worker-0/DEBUG] [ne.mi.re.ForgeRegistry/REGISTRIES]: Registry minecraft:command_argument_type Sync: FROZEN -> ACTIVE
[00:10:39] [modloading-worker-0/DEBUG] [ne.mi.re.ForgeRegistry/REGISTRIES]: Registry minecraft:villager_profession Sync: FROZEN -> ACTIVE
[00:10:39] [modloading-worker-0/DEBUG] [ne.mi.re.ForgeRegistry/REGISTRIES]: Registry minecraft:point_of_interest_type Sync: FROZEN -> ACTIVE
[00:10:39] [modloading-worker-0/DEBUG] [ne.mi.re.ForgeRegistry/REGISTRIES]: Registry minecraft:memory_module_type Sync: FROZEN -> ACTIVE
[00:10:39] [modloading-worker-0/DEBUG] [ne.mi.re.ForgeRegistry/REGISTRIES]: Registry minecraft:sensor_type Sync: FROZEN -> ACTIVE
[00:10:39] [modloading-worker-0/DEBUG] [ne.mi.re.ForgeRegistry/REGISTRIES]: Registry minecraft:schedule Sync: FROZEN -> ACTIVE
[00:10:39] [modloading-worker-0/DEBUG] [ne.mi.re.ForgeRegistry/REGISTRIES]: Registry minecraft:activity Sync: FROZEN -> ACTIVE
[00:10:39] [modloading-worker-0/DEBUG] [ne.mi.re.ForgeRegistry/REGISTRIES]: Registry minecraft:worldgen/carver Sync: FROZEN -> ACTIVE
[00:10:39] [modloading-worker-0/DEBUG] [ne.mi.re.ForgeRegistry/REGISTRIES]: Registry minecraft:worldgen/feature Sync: FROZEN -> ACTIVE
[00:10:39] [modloading-worker-0/DEBUG] [ne.mi.re.ForgeRegistry/REGISTRIES]: Registry minecraft:chunk_status Sync: FROZEN -> ACTIVE
[00:10:39] [modloading-worker-0/DEBUG] [ne.mi.re.ForgeRegistry/REGISTRIES]: Registry minecraft:worldgen/block_state_provider_type Sync: FROZEN -> ACTIVE
[00:10:39] [modloading-worker-0/DEBUG] [ne.mi.re.ForgeRegistry/REGISTRIES]: Registry minecraft:worldgen/foliage_placer_type Sync: FROZEN -> ACTIVE
[00:10:39] [modloading-worker-0/DEBUG] [ne.mi.re.ForgeRegistry/REGISTRIES]: Registry minecraft:worldgen/tree_decorator_type Sync: FROZEN -> ACTIVE
[00:10:39] [modloading-worker-0/DEBUG] [ne.mi.re.ForgeRegistry/REGISTRIES]: Registry minecraft:worldgen/biome Sync: FROZEN -> ACTIVE
[00:10:39] [modloading-worker-0/DEBUG] [ne.mi.re.ForgeRegistry/REGISTRIES]: Registry forge:entity_data_serializers Sync: FROZEN -> ACTIVE
[00:10:39] [modloading-worker-0/DEBUG] [ne.mi.re.ForgeRegistry/REGISTRIES]: Registry forge:global_loot_modifier_serializers Sync: FROZEN -> ACTIVE
[00:10:39] [modloading-worker-0/DEBUG] [ne.mi.re.ForgeRegistry/REGISTRIES]: Registry forge:biome_modifier_serializers Sync: FROZEN -> ACTIVE
[00:10:39] [modloading-worker-0/DEBUG] [ne.mi.re.ForgeRegistry/REGISTRIES]: Registry forge:fluid_type Sync: FROZEN -> ACTIVE
[00:10:39] [modloading-worker-0/DEBUG] [ne.mi.re.ForgeRegistry/REGISTRIES]: Registry forge:structure_modifier_serializers Sync: FROZEN -> ACTIVE
[00:10:39] [modloading-worker-0/DEBUG] [ne.mi.re.ForgeRegistry/REGISTRIES]: Registry forge:holder_set_type Sync: FROZEN -> ACTIVE
[00:10:39] [modloading-worker-0/DEBUG] [ne.mi.re.ForgeRegistry/REGISTRIES]: Registry forge:display_contexts Sync: FROZEN -> ACTIVE
[00:10:39] [modloading-worker-0/DEBUG] [ne.mi.re.ForgeRegistry/REGISTRIES]: Registry reterraforged:worldgen/template_decorator_type Sync: FROZEN -> ACTIVE
[00:10:39] [modloading-worker-0/DEBUG] [ne.mi.re.ForgeRegistry/REGISTRIES]: Registry reterraforged:worldgen/structure_rule_type Sync: FROZEN -> ACTIVE
[00:10:39] [modloading-worker-0/DEBUG] [ne.mi.re.ForgeRegistry/REGISTRIES]: Registry reterraforged:worldgen/curve_function_type Sync: FROZEN -> ACTIVE
[00:10:39] [modloading-worker-0/DEBUG] [ne.mi.re.ForgeRegistry/REGISTRIES]: Registry reterraforged:worldgen/noise_type Sync: FROZEN -> ACTIVE
[00:10:39] [modloading-worker-0/DEBUG] [ne.mi.re.ForgeRegistry/REGISTRIES]: Registry reterraforged:worldgen/template_placement_type Sync: FROZEN -> ACTIVE
[00:10:39] [modloading-worker-0/DEBUG] [ne.mi.re.ForgeRegistry/REGISTRIES]: Registry reterraforged:worldgen/domain_type Sync: FROZEN -> ACTIVE
[00:10:39] [modloading-worker-0/DEBUG] [ne.mi.re.ForgeRegistry/REGISTRIES]: Registry reterraforged:worldgen/chance_modifier_type Sync: FROZEN -> ACTIVE
[00:10:39] [Forge Version Check/DEBUG] [ne.mi.fm.VersionChecker/]: [mr_trek] Received version check data:
{"homepage":"https://modrinth.com/mod/h2jngREY","promos":{"1.21.5-latest":"B0.6.2+mod","1.21.9-latest":"B0.6.2+mod","1.21.6-latest":"B0.6.2+mod","1.19.2-latest":"B0.6.2+mod","1.20.4-latest":"B0.6.2+mod","1.20.5-latest":"B0.6.2+mod","1.21.1-latest":"B0.6.2+mod","1.20.6-latest":"B0.6.2+mod","1.21-latest":"B0.6.2+mod","1.21.3-latest":"B0.6.2+mod","1.21.8-latest":"B0.6.2+mod","1.21.10-latest":"B0.6.2+mod","1.19.4-latest":"B0.6.2+mod","1.20-latest":"B0.6.2+mod","1.21.7-latest":"B0.6.2+mod","26.1.1-latest":"B0.6.2+mod","1.21.2-latest":"B0.6.2+mod","26.2-latest":"B0.6.2+mod","1.19.1-latest":"B0.6.2+mod","1.21.4-latest":"B0.6.2+mod","1.21.11-latest":"B0.6.2+mod","26.1-latest":"B0.6.2+mod","1.20.2-latest":"B0.6.2+mod","1.19.3-latest":"B0.6.2+mod","1.20.3-latest":"B0.6.2+mod","26.1.2-latest":"B0.6.2+mod","1.19-latest":"B0.6.2+mod","1.20.1-latest":"B0.6.2+mod"}}
[00:10:39] [Forge Version Check/INFO] [ne.mi.fm.VersionChecker/]: [mr_trek] Found status: BETA Current: 1-B0.6 Target: B0.6.2+mod
[00:10:40] [modloading-worker-0/DEBUG] [ne.mi.re.GameData/REGISTRIES]: All registries frozen
[00:10:40] [Render thread/DEBUG] [ne.mi.co.ForgeI18n/CORE]: Loading I18N data entries: 8776
[00:10:40] [Render thread/WARN] [minecraft/SoundEngine]: Missing sound for event: minecraft:item.goat_horn.play
[00:10:40] [Render thread/WARN] [minecraft/SoundEngine]: Missing sound for event: minecraft:entity.goat.screaming.horn_break
[00:10:40] [Render thread/INFO] [mojang/Library]: OpenAL initialized on device OpenAL Soft on 耳机 (UGREEN-BT505)
[00:10:40] [Render thread/INFO] [minecraft/SoundEngine]: Sound engine started
[00:10:40] [Render thread/INFO] [minecraft/TextureAtlas]: Created: 1024x512x4 minecraft:textures/atlas/blocks.png-atlas
[00:10:40] [Render thread/INFO] [minecraft/TextureAtlas]: Created: 256x256x4 minecraft:textures/atlas/signs.png-atlas
[00:10:40] [Render thread/INFO] [minecraft/TextureAtlas]: Created: 512x512x4 minecraft:textures/atlas/shield_patterns.png-atlas
[00:10:40] [Render thread/INFO] [minecraft/TextureAtlas]: Created: 512x512x4 minecraft:textures/atlas/banner_patterns.png-atlas
[00:10:40] [Render thread/INFO] [minecraft/TextureAtlas]: Created: 1024x1024x4 minecraft:textures/atlas/armor_trims.png-atlas
[00:10:40] [Render thread/INFO] [minecraft/TextureAtlas]: Created: 256x256x4 minecraft:textures/atlas/chest.png-atlas
[00:10:40] [Render thread/INFO] [minecraft/TextureAtlas]: Created: 128x64x4 minecraft:textures/atlas/decorated_pot.png-atlas
[00:10:40] [Render thread/INFO] [minecraft/TextureAtlas]: Created: 512x256x4 minecraft:textures/atlas/shulker_boxes.png-atlas
[00:10:40] [Render thread/INFO] [minecraft/TextureAtlas]: Created: 512x256x4 minecraft:textures/atlas/beds.png-atlas
[00:10:40] [Render thread/WARN] [minecraft/ShaderInstance]: Shader rendertype_entity_translucent_emissive could not find sampler named Sampler2 in the specified shader program.
[00:10:40] [Render thread/INFO] [minecraft/TextureAtlas]: Created: 256x256x0 minecraft:textures/atlas/particles.png-atlas
[00:10:40] [Render thread/INFO] [minecraft/TextureAtlas]: Created: 256x256x0 minecraft:textures/atlas/paintings.png-atlas
[00:10:40] [Render thread/INFO] [minecraft/TextureAtlas]: Created: 128x128x0 minecraft:textures/atlas/mob_effects.png-atlas
[00:10:40] [Render thread/INFO] [co.ri.ge.cl.DevAutoLoadClient/]: Geomantia development auto-load observing screen: net.minecraftforge.client.gui.LoadingErrorScreen
[00:10:41] [Render thread/INFO] [co.ri.ge.cl.DevAutoLoadClient/]: Geomantia development auto-load world from screen net.minecraftforge.client.gui.LoadingErrorScreen: RTF0810
[00:10:41] [Render thread/INFO] [ne.mi.re.GameData/REGISTRIES]: Injecting existing registry data into this CLIENT instance
[00:10:41] [Render thread/DEBUG] [ne.mi.re.ForgeRegistry/REGISTRIES]: Registry minecraft:block Sync: ACTIVE -> STAGING
[00:10:41] [Render thread/DEBUG] [ne.mi.re.ForgeRegistry/REGISTRIES]: Registry minecraft:fluid Sync: ACTIVE -> STAGING
[00:10:41] [Render thread/DEBUG] [ne.mi.re.ForgeRegistry/REGISTRIES]: Registry minecraft:item Sync: ACTIVE -> STAGING
[00:10:41] [Render thread/DEBUG] [ne.mi.re.ForgeRegistry/REGISTRIES]: Registry minecraft:mob_effect Sync: ACTIVE -> STAGING
[00:10:41] [Render thread/DEBUG] [ne.mi.re.ForgeRegistry/REGISTRIES]: Registry minecraft:sound_event Sync: ACTIVE -> STAGING
[00:10:41] [Render thread/DEBUG] [ne.mi.re.ForgeRegistry/REGISTRIES]: Registry minecraft:potion Sync: ACTIVE -> STAGING
[00:10:41] [Render thread/DEBUG] [ne.mi.re.ForgeRegistry/REGISTRIES]: Registry minecraft:enchantment Sync: ACTIVE -> STAGING
[00:10:41] [Render thread/DEBUG] [ne.mi.re.ForgeRegistry/REGISTRIES]: Registry minecraft:entity_type Sync: ACTIVE -> STAGING
[00:10:41] [Render thread/DEBUG] [ne.mi.re.ForgeRegistry/REGISTRIES]: Registry minecraft:block_entity_type Sync: ACTIVE -> STAGING
[00:10:41] [Render thread/DEBUG] [ne.mi.re.ForgeRegistry/REGISTRIES]: Registry minecraft:particle_type Sync: ACTIVE -> STAGING
[00:10:41] [Render thread/DEBUG] [ne.mi.re.ForgeRegistry/REGISTRIES]: Registry minecraft:menu Sync: ACTIVE -> STAGING
[00:10:41] [Render thread/DEBUG] [ne.mi.re.ForgeRegistry/REGISTRIES]: Registry minecraft:painting_variant Sync: ACTIVE -> STAGING
[00:10:41] [Render thread/DEBUG] [ne.mi.re.ForgeRegistry/REGISTRIES]: Registry minecraft:recipe_type Sync: ACTIVE -> STAGING
[00:10:41] [Render thread/DEBUG] [ne.mi.re.ForgeRegistry/REGISTRIES]: Registry minecraft:recipe_serializer Sync: ACTIVE -> STAGING
[00:10:41] [Render thread/DEBUG] [ne.mi.re.ForgeRegistry/REGISTRIES]: Registry minecraft:attribute Sync: ACTIVE -> STAGING
[00:10:41] [Render thread/DEBUG] [ne.mi.re.ForgeRegistry/REGISTRIES]: Registry minecraft:stat_type Sync: ACTIVE -> STAGING
[00:10:41] [Render thread/DEBUG] [ne.mi.re.ForgeRegistry/REGISTRIES]: Registry minecraft:command_argument_type Sync: ACTIVE -> STAGING
[00:10:41] [Render thread/DEBUG] [ne.mi.re.ForgeRegistry/REGISTRIES]: Registry minecraft:villager_profession Sync: ACTIVE -> STAGING
[00:10:41] [Render thread/DEBUG] [ne.mi.re.ForgeRegistry/REGISTRIES]: Registry minecraft:point_of_interest_type Sync: ACTIVE -> STAGING
[00:10:41] [Render thread/DEBUG] [ne.mi.re.ForgeRegistry/REGISTRIES]: Registry minecraft:memory_module_type Sync: ACTIVE -> STAGING
[00:10:41] [Render thread/DEBUG] [ne.mi.re.ForgeRegistry/REGISTRIES]: Registry minecraft:sensor_type Sync: ACTIVE -> STAGING
[00:10:41] [Render thread/DEBUG] [ne.mi.re.ForgeRegistry/REGISTRIES]: Registry minecraft:schedule Sync: ACTIVE -> STAGING
[00:10:41] [Render thread/DEBUG] [ne.mi.re.ForgeRegistry/REGISTRIES]: Registry minecraft:activity Sync: ACTIVE -> STAGING
[00:10:41] [Render thread/DEBUG] [ne.mi.re.ForgeRegistry/REGISTRIES]: Registry minecraft:worldgen/carver Sync: ACTIVE -> STAGING
[00:10:41] [Render thread/DEBUG] [ne.mi.re.ForgeRegistry/REGISTRIES]: Registry minecraft:worldgen/feature Sync: ACTIVE -> STAGING
[00:10:41] [Render thread/DEBUG] [ne.mi.re.ForgeRegistry/REGISTRIES]: Registry minecraft:chunk_status Sync: ACTIVE -> STAGING
[00:10:41] [Render thread/DEBUG] [ne.mi.re.ForgeRegistry/REGISTRIES]: Registry minecraft:worldgen/block_state_provider_type Sync: ACTIVE -> STAGING
[00:10:41] [Render thread/DEBUG] [ne.mi.re.ForgeRegistry/REGISTRIES]: Registry minecraft:worldgen/foliage_placer_type Sync: ACTIVE -> STAGING
[00:10:41] [Render thread/DEBUG] [ne.mi.re.ForgeRegistry/REGISTRIES]: Registry minecraft:worldgen/tree_decorator_type Sync: ACTIVE -> STAGING
[00:10:41] [Render thread/DEBUG] [ne.mi.re.ForgeRegistry/REGISTRIES]: Registry minecraft:worldgen/biome Sync: ACTIVE -> STAGING
[00:10:41] [Render thread/DEBUG] [ne.mi.re.ForgeRegistry/REGISTRIES]: Registry forge:entity_data_serializers Sync: ACTIVE -> STAGING
[00:10:41] [Render thread/DEBUG] [ne.mi.re.ForgeRegistry/REGISTRIES]: Registry forge:global_loot_modifier_serializers Sync: ACTIVE -> STAGING
[00:10:41] [Render thread/DEBUG] [ne.mi.re.ForgeRegistry/REGISTRIES]: Registry forge:biome_modifier_serializers Sync: ACTIVE -> STAGING
[00:10:41] [Render thread/DEBUG] [ne.mi.re.ForgeRegistry/REGISTRIES]: Registry forge:fluid_type Sync: ACTIVE -> STAGING
[00:10:41] [Render thread/DEBUG] [ne.mi.re.ForgeRegistry/REGISTRIES]: Registry forge:structure_modifier_serializers Sync: ACTIVE -> STAGING
[00:10:41] [Render thread/DEBUG] [ne.mi.re.ForgeRegistry/REGISTRIES]: Registry forge:holder_set_type Sync: ACTIVE -> STAGING
[00:10:41] [Render thread/DEBUG] [ne.mi.re.ForgeRegistry/REGISTRIES]: Registry forge:display_contexts Sync: ACTIVE -> STAGING
[00:10:41] [Render thread/DEBUG] [ne.mi.re.ForgeRegistry/REGISTRIES]: Registry reterraforged:worldgen/template_decorator_type Sync: ACTIVE -> STAGING
[00:10:41] [Render thread/DEBUG] [ne.mi.re.ForgeRegistry/REGISTRIES]: Registry reterraforged:worldgen/structure_rule_type Sync: ACTIVE -> STAGING
[00:10:41] [Render thread/DEBUG] [ne.mi.re.ForgeRegistry/REGISTRIES]: Registry reterraforged:worldgen/curve_function_type Sync: ACTIVE -> STAGING
[00:10:41] [Render thread/DEBUG] [ne.mi.re.ForgeRegistry/REGISTRIES]: Registry reterraforged:worldgen/noise_type Sync: ACTIVE -> STAGING
[00:10:41] [Render thread/DEBUG] [ne.mi.re.ForgeRegistry/REGISTRIES]: Registry reterraforged:worldgen/template_placement_type Sync: ACTIVE -> STAGING
[00:10:41] [Render thread/DEBUG] [ne.mi.re.ForgeRegistry/REGISTRIES]: Registry reterraforged:worldgen/domain_type Sync: ACTIVE -> STAGING
[00:10:41] [Render thread/DEBUG] [ne.mi.re.ForgeRegistry/REGISTRIES]: Registry reterraforged:worldgen/chance_modifier_type Sync: ACTIVE -> STAGING
[00:10:41] [Render thread/DEBUG] [ne.mi.re.ObjectHolderRegistry/REGISTRIES]: Applying holder lookups
[00:10:41] [Render thread/DEBUG] [ne.mi.re.ObjectHolderRegistry/REGISTRIES]: Holder lookups applied
[00:10:41] [Render thread/DEBUG] [ne.mi.se.ServerLifecycleHooks/CORE]: Generating PackInfo named mod:worldedit for mod file C:\Users\Rinsing\.gradle\caches\forge_gradle\deobf_dependencies\curse\maven\worldedit-225608\4586218_mapped_official_1.20.1\worldedit-225608-4586218_mapped_official_1.20.1.jar
[00:10:41] [Render thread/DEBUG] [ne.mi.se.ServerLifecycleHooks/CORE]: Generating PackInfo named mod:architectury for mod file C:\Users\Rinsing\.gradle\caches\forge_gradle\deobf_dependencies\dev\architectury\architectury-forge\9.2.14_mapped_official_1.20.1\architectury-forge-9.2.14_mapped_official_1.20.1.jar
[00:10:41] [Render thread/DEBUG] [ne.mi.se.ServerLifecycleHooks/CORE]: Generating PackInfo named mod:cloth_config for mod file C:\Users\Rinsing\.gradle\caches\forge_gradle\deobf_dependencies\me\shedaniel\cloth\cloth-config-forge\11.1.136_mapped_official_1.20.1\cloth-config-forge-11.1.136_mapped_official_1.20.1.jar
[00:10:41] [Render thread/DEBUG] [ne.mi.se.ServerLifecycleHooks/CORE]: Generating PackInfo named mod:forge for mod file /
[00:10:41] [Render thread/DEBUG] [ne.mi.se.ServerLifecycleHooks/CORE]: Generating PackInfo named mod:t_and_t for mod file C:\Users\Rinsing\.gradle\caches\forge_gradle\deobf_dependencies\local\t_and_t\t_and_t\1.12_mapped_official_1.20.1\t_and_t-1.12_mapped_official_1.20.1.jar
[00:10:41] [Render thread/DEBUG] [ne.mi.se.ServerLifecycleHooks/CORE]: Generating PackInfo named mod:mr_trek for mod file C:\Users\Rinsing\.gradle\caches\forge_gradle\deobf_dependencies\local\trek\trek\B0.6_mapped_official_1.20.1\trek-B0.6_mapped_official_1.20.1.jar
[00:10:41] [Render thread/DEBUG] [ne.mi.se.ServerLifecycleHooks/CORE]: Generating PackInfo named mod:roadweaver for mod file C:\Users\Rinsing\.gradle\caches\forge_gradle\deobf_dependencies\local\roadweaver\roadweaver-forge\2.3.0-1.20.1_mapped_official_1.20.1\roadweaver-forge-2.3.0-1.20.1_mapped_official_1.20.1.jar
[00:10:41] [Render thread/DEBUG] [ne.mi.se.ServerLifecycleHooks/CORE]: Generating PackInfo named mod:geomantia for mod file E:\Mod_Dev\StructureBinder\build\resources\main
[00:10:41] [Render thread/DEBUG] [ne.mi.se.ServerLifecycleHooks/CORE]: Generating PackInfo named mod:cristellib for mod file C:\Users\Rinsing\.gradle\caches\forge_gradle\deobf_dependencies\local\cristellib\cristellib\1.1.6_mapped_official_1.20.1\cristellib-1.1.6_mapped_official_1.20.1.jar
[00:10:41] [Render thread/WARN] [minecraft/Pack]: Missing metadata in pack mod:reterraforged
[00:10:41] [Render thread/WARN] [minecraft/MinecraftServer]: Missing data pack mod:reterraforged
[00:10:42] [Render thread/DEBUG] [mixin/]: Mixing MixinLootDataManager from architectury.mixins.json into net.minecraft.world.level.storage.loot.LootDataManager
[00:10:42] [Render thread/DEBUG] [mixin/]: Mixing client.MixinCommandSourceStack from architectury.mixins.json into net.minecraft.commands.CommandSourceStack
[00:10:42] [Render thread/DEBUG] [ne.mi.co.tr.CoreModBaseTransformer/COREMOD]: Transforming net/minecraft/server/commands/SummonCommand
[00:10:42] [Render thread/INFO] [co.sk.wo.ex.pl.PlatformCommandManager/]: Registering commands with com.sk89q.worldedit.forge.ForgePlatform
[00:10:42] [Worker-Main-9/DEBUG] [ne.mi.co.tr.CoreModBaseTransformer/COREMOD]: Transforming net/minecraft/world/entity/raid/Raid
[00:10:42] [Render thread/INFO] [minecraft/RecipeManager]: Loaded 7 recipes
[00:10:43] [Render thread/INFO] [minecraft/AdvancementList]: Loaded 1273 advancements
[00:10:43] [Render thread/WARN] [minecraft/MappedRegistry]: Not all defined tags for registry ResourceKey[minecraft:root / minecraft:worldgen/biome] are present in data pack: minecraft:is_birch_forest, minecraft:is_mangrove
[00:10:43] [Render thread/DEBUG] [ne.mi.co.ForgeHooks/WP]: Gathering id map for writing to world save RTF0810
[00:10:43] [Render thread/DEBUG] [ne.mi.co.ForgeHooks/WP]: ID Map collection complete RTF0810
[00:10:43] [Server thread/INFO] [minecraft/IntegratedServer]: Starting integrated minecraft server version 1.20.1
[00:10:43] [Server thread/INFO] [minecraft/MinecraftServer]: Generating keypair
[00:10:43] [Server thread/DEBUG] [ne.mi.fm.co.ConfigTracker/CONFIG]: Loading configs type SERVER
[00:10:43] [Server thread/DEBUG] [ne.mi.fm.co.ConfigFileTypeHandler/CONFIG]: Built TOML config for .\saves\RTF0810\serverconfig\forge-server.toml
[00:10:43] [Server thread/DEBUG] [ne.mi.fm.co.ConfigFileTypeHandler/CONFIG]: Loaded TOML config file .\saves\RTF0810\serverconfig\forge-server.toml
[00:10:43] [Server thread/DEBUG] [ne.mi.fm.co.ConfigFileTypeHandler/CONFIG]: Watching TOML config file .\saves\RTF0810\serverconfig\forge-server.toml for changes
[00:10:43] [Server thread/DEBUG] [ne.mi.co.ForgeConfig/FORGEMOD]: Loaded forge config file forge-server.toml
[00:10:43] [Thread-3/DEBUG] [ne.mi.fm.co.ConfigFileTypeHandler/CONFIG]: Config file forge-server.toml changed, sending notifies
[00:10:43] [Thread-3/DEBUG] [ne.mi.co.ForgeConfig/FORGEMOD]: Forge config just got changed on the file system!
[00:10:43] [Server thread/DEBUG] [mixin/]: Mixing MixinBiomeGenerationSettingsPlainsBuilder from reterraforged-forge.mixins.json into net.minecraft.world.level.biome.BiomeGenerationSettings$PlainBuilder
[00:10:43] [Server thread/INFO] [co.ri.ge.sy.ci.in.wo.CityReservationMaskRegistry/]: Loaded City reservation mask registry: noVegetation=151, noVanillaStructure=151, plannedStructures=41, ledgerPlacements=41, serverRoot=.\saves\RTF0810\.
[00:10:43] [Server thread/INFO] [co.ri.ge.sy.ci.in.wo.la.CityLandUseWorldgenRegistry/]: Loaded City LandUse registry: activePlans=1, appliedOwners=230
[00:10:43] [Server thread/INFO] [co.ri.ge.sy.ci.in.wo.CityDecorationWorldgenRegistry/]: Loaded City decoration v0.4 registry: activePlans=0, appliedFragments=0
[00:10:43] [Server thread/DEBUG] [ne.mi.co.tr.CoreModBaseTransformer/COREMOD]: Transforming net/minecraft/world/level/levelgen/PhantomSpawner
[00:10:43] [Server thread/DEBUG] [ne.mi.co.tr.CoreModBaseTransformer/COREMOD]: Transforming net/minecraft/world/level/levelgen/PatrolSpawner
[00:10:43] [Server thread/DEBUG] [ne.mi.co.tr.CoreModBaseTransformer/COREMOD]: Transforming net/minecraft/world/entity/npc/CatSpawner
[00:10:43] [Server thread/DEBUG] [ne.mi.co.tr.CoreModBaseTransformer/COREMOD]: Transforming net/minecraft/world/entity/ai/village/VillageSiege
[00:10:43] [Server thread/DEBUG] [mixin/]: Mixing MixinChunkMap from reterraforged-common.mixins.json into net.minecraft.server.level.ChunkMap
[00:10:43] [Server thread/DEBUG] [mixin/]: Mixing MixinRandomState from reterraforged-common.mixins.json into net.minecraft.world.level.levelgen.RandomState
[00:10:43] [Server thread/DEBUG] [mixin/]: Renaming synthetic method lambda$reterraforged$RTFRandomState$initialize$4()V to md5fd903$lambda$reterraforged$RTFRandomState$initialize$4$0 in reterraforged-common.mixins.json:MixinRandomState
[00:10:43] [Server thread/DEBUG] [mixin/]: Renaming synthetic method lambda$reterraforged$RTFRandomState$initialize$3(Lnet/minecraft/core/HolderLookup$RegistryLookup;Lnet/minecraft/core/Holder$Reference;)V to md5fd903$lambda$reterraforged$RTFRandomState$initialize$3$1 in reterraforged-common.mixins.json:MixinRandomState
[00:10:43] [Server thread/DEBUG] [mixin/]: Renaming synthetic method lambda$reterraforged$RTFRandomState$initialize$2(Lraccoonman/reterraforged/world/worldgen/biome/RTFClimateSampler;Lnet/minecraft/core/Holder$Reference;)V to md5fd903$lambda$reterraforged$RTFRandomState$initialize$2$2 in reterraforged-common.mixins.json:MixinRandomState
[00:10:43] [Server thread/DEBUG] [mixin/]: Renaming synthetic method lambda$reterraforged$RTFRandomState$initialize$1(Lnet/minecraft/core/HolderSet$Named;)V to md5fd903$lambda$reterraforged$RTFRandomState$initialize$1$3 in reterraforged-common.mixins.json:MixinRandomState
[00:10:43] [Server thread/DEBUG] [mixin/]: Renaming synthetic method lambda$reterraforged$RTFRandomState$initialize$0(Lnet/minecraft/core/Holder;)V to md5fd903$lambda$reterraforged$RTFRandomState$initialize$0$4 in reterraforged-common.mixins.json:MixinRandomState
[00:10:43] [Server thread/DEBUG] [mixin/]: Mixing MixinSurfaceSystem from reterraforged-common.mixins.json into net.minecraft.world.level.levelgen.SurfaceSystem
[00:10:43] [Server thread/DEBUG] [mixin/]: Renaming synthetic method lambda$reterraforged$RTFSurfaceSystem$getOrCreateStrata$0(Ljava/util/function/Function;Lnet/minecraft/resources/ResourceLocation;)Ljava/util/List; to md5fd903$lambda$reterraforged$RTFSurfaceSystem$getOrCreateStrata$0$0 in reterraforged-common.mixins.json:MixinSurfaceSystem
[00:10:43] [Server thread/DEBUG] [mixin/]: Generating mapped inner class net/minecraft/world/level/levelgen/RandomState$Anonymous$42d9418409414c2693c25e90eff64597 (originally raccoonman/reterraforged/mixin/MixinRandomState$1)
[00:10:43] [Server thread/DEBUG] [mixin/]: Mixing forge.StructureManagerAccessor from roadweaver.mixins.json into net.minecraft.world.level.StructureManager
[00:10:43] [Server thread/DEBUG] [mixin/]: Mixing StructureManagerAccessor from geomantia.mixins.json into net.minecraft.world.level.StructureManager
[00:10:44] [Server thread/INFO] [minecraft/MinecraftServer]: Preparing start region for dimension minecraft:overworld
[00:10:45] [Server thread/DEBUG] [mixin/]: Mixing MixinChunkSerializer from architectury.mixins.json into net.minecraft.world.level.chunk.storage.ChunkSerializer
[00:10:47] [Render thread/INFO] [minecraft/LoggerChunkProgressListener]: 准备生成区域中：0%
[00:10:47] [Render thread/INFO] [minecraft/LoggerChunkProgressListener]: 准备生成区域中：0%
[00:10:47] [Render thread/INFO] [minecraft/LoggerChunkProgressListener]: 准备生成区域中：0%
[00:10:47] [Render thread/INFO] [minecraft/LoggerChunkProgressListener]: 准备生成区域中：0%
[00:10:47] [Render thread/INFO] [minecraft/LoggerChunkProgressListener]: 准备生成区域中：0%
[00:10:47] [Render thread/INFO] [minecraft/LoggerChunkProgressListener]: 准备生成区域中：0%
[00:10:47] [Render thread/INFO] [minecraft/LoggerChunkProgressListener]: 准备生成区域中：13%
[00:10:48] [Render thread/INFO] [minecraft/LoggerChunkProgressListener]: Time elapsed: 3373 ms
[00:10:48] [Server thread/INFO] [ne.mi.se.pe.PermissionAPI/]: Successfully initialized permission handler forge:default_handler
[00:10:48] [Server thread/DEBUG] [roadweaver/]: CacheManager: 缓存已初始化
[00:10:48] [Server thread/DEBUG] [roadweaver/]: ThreadPoolManager: 工作池已启动 (epoch=1, initialThreads=6, sharedThreads=4, mapThreads=2)
[00:10:48] [Server thread/INFO] [RoadWeaver/StructureDiscovery/]: 发现 220 个结构和 14 个标签
[00:10:48] [Server thread/INFO] [co.ri.ge.pl.ht.GeomantiaHttpServer/]: Geomantia GIS API server started on 127.0.0.1:5000.
[00:10:48] [Server thread/DEBUG] [io.ne.bu.AbstractByteBuf/]: -Dio.netty.buffer.checkAccessible: true
[00:10:48] [Server thread/DEBUG] [io.ne.bu.AbstractByteBuf/]: -Dio.netty.buffer.checkBounds: true
[00:10:48] [Server thread/DEBUG] [io.ne.ut.ResourceLeakDetectorFactory/]: Loaded default ResourceLeakDetector: io.netty.util.ResourceLeakDetector@7def5fd2
[00:10:48] [Server thread/DEBUG] [ne.mi.co.tr.CoreModBaseTransformer/COREMOD]: Transforming net/minecraft/world/level/NaturalSpawner
[00:10:48] [Server thread/INFO] [minecraft/IntegratedServer]: Changing view distance to 32, from 10
[00:10:48] [Server thread/INFO] [minecraft/IntegratedServer]: Changing simulation distance to 8, from 0
[00:10:48] [Render thread/DEBUG] [io.ne.ch.MultithreadEventLoopGroup/]: -Dio.netty.eventLoopThreads: 32
[00:10:49] [Render thread/DEBUG] [io.ne.ut.in.InternalThreadLocalMap/]: -Dio.netty.threadLocalMap.stringBuilder.initialSize: 1024
[00:10:49] [Render thread/DEBUG] [io.ne.ut.in.InternalThreadLocalMap/]: -Dio.netty.threadLocalMap.stringBuilder.maxSize: 4096
[00:10:49] [Render thread/DEBUG] [io.ne.ch.ni.NioEventLoop/]: -Dio.netty.noKeySetOptimization: false
[00:10:49] [Render thread/DEBUG] [io.ne.ch.ni.NioEventLoop/]: -Dio.netty.selectorAutoRebuildThreshold: 512
[00:10:49] [Render thread/DEBUG] [io.ne.ut.in.PlatformDependent/]: org.jctools-core.MpscChunkedArrayQueue: available
[00:10:49] [Render thread/DEBUG] [io.ne.ch.DefaultChannelId/]: -Dio.netty.processId: 50504 (auto-detected)
[00:10:49] [Render thread/WARN] [io.ne.ut.in.SystemPropertyUtil/]: Unable to parse the boolean system property 'java.net.preferIPv6Addresses':system - using the default value: false
[00:10:49] [Render thread/DEBUG] [io.ne.ut.NetUtil/]: -Djava.net.preferIPv4Stack: false
[00:10:49] [Render thread/DEBUG] [io.ne.ut.NetUtil/]: -Djava.net.preferIPv6Addresses: false
[00:10:49] [Render thread/DEBUG] [io.ne.ut.NetUtilInitializations/]: Loopback interface: lo (Software Loopback Interface 1, 127.0.0.1)
[00:10:49] [Render thread/DEBUG] [io.ne.ut.NetUtil/]: Failed to get SOMAXCONN from sysctl and file \proc\sys\net\core\somaxconn. Default: 200
[00:10:49] [Render thread/DEBUG] [io.ne.ch.DefaultChannelId/]: -Dio.netty.machineId: 58:02:05:ff:fe:54:a9:f6 (auto-detected)
[00:10:49] [Render thread/DEBUG] [io.ne.bu.PooledByteBufAllocator/]: -Dio.netty.allocator.numHeapArenas: 32
[00:10:49] [Render thread/DEBUG] [io.ne.bu.PooledByteBufAllocator/]: -Dio.netty.allocator.numDirectArenas: 32
[00:10:49] [Render thread/DEBUG] [io.ne.bu.PooledByteBufAllocator/]: -Dio.netty.allocator.pageSize: 8192
[00:10:49] [Render thread/DEBUG] [io.ne.bu.PooledByteBufAllocator/]: -Dio.netty.allocator.maxOrder: 9
[00:10:49] [Render thread/DEBUG] [io.ne.bu.PooledByteBufAllocator/]: -Dio.netty.allocator.chunkSize: 4194304
[00:10:49] [Render thread/DEBUG] [io.ne.bu.PooledByteBufAllocator/]: -Dio.netty.allocator.smallCacheSize: 256
[00:10:49] [Render thread/DEBUG] [io.ne.bu.PooledByteBufAllocator/]: -Dio.netty.allocator.normalCacheSize: 64
[00:10:49] [Render thread/DEBUG] [io.ne.bu.PooledByteBufAllocator/]: -Dio.netty.allocator.maxCachedBufferCapacity: 32768
[00:10:49] [Render thread/DEBUG] [io.ne.bu.PooledByteBufAllocator/]: -Dio.netty.allocator.cacheTrimInterval: 8192
[00:10:49] [Render thread/DEBUG] [io.ne.bu.PooledByteBufAllocator/]: -Dio.netty.allocator.cacheTrimIntervalMillis: 0
[00:10:49] [Render thread/DEBUG] [io.ne.bu.PooledByteBufAllocator/]: -Dio.netty.allocator.useCacheForAllThreads: false
[00:10:49] [Render thread/DEBUG] [io.ne.bu.PooledByteBufAllocator/]: -Dio.netty.allocator.maxCachedByteBuffersPerChunk: 1023
[00:10:49] [Render thread/DEBUG] [io.ne.bu.ByteBufUtil/]: -Dio.netty.allocator.type: pooled
[00:10:49] [Render thread/DEBUG] [io.ne.bu.ByteBufUtil/]: -Dio.netty.threadLocalDirectBufferSize: 0
[00:10:49] [Render thread/DEBUG] [io.ne.bu.ByteBufUtil/]: -Dio.netty.maxThreadLocalCharBufferSize: 16384
[00:10:49] [Netty Local Client IO #0/DEBUG] [ne.mi.ne.HandshakeHandler/FMLHANDSHAKE]: Starting local connection.
[00:10:49] [Netty Local Client IO #0/DEBUG] [io.ne.ut.Recycler/]: -Dio.netty.recycler.maxCapacityPerThread: 4096
[00:10:49] [Netty Local Client IO #0/DEBUG] [io.ne.ut.Recycler/]: -Dio.netty.recycler.ratio: 8
[00:10:49] [Netty Local Client IO #0/DEBUG] [io.ne.ut.Recycler/]: -Dio.netty.recycler.chunkSize: 32
[00:10:49] [Netty Local Client IO #0/DEBUG] [io.ne.ut.Recycler/]: -Dio.netty.recycler.blocking: false
[00:10:49] [Netty Server IO #1/DEBUG] [ne.mi.ne.HandshakeHandler/FMLHANDSHAKE]: Starting local connection.
[00:10:49] [Server thread/DEBUG] [ne.mi.ne.HandshakeHandler/FMLHANDSHAKE]: Sending ticking packet info 'net.minecraftforge.network.HandshakeMessages$S2CModData' to 'fml:handshake' sequence 0
[00:10:49] [Netty Local Client IO #0/DEBUG] [ne.mi.ne.LoginWrapper/FMLHANDSHAKE]: Recieved login wrapper packet event for channel fml:handshake with index 0
[00:10:49] [Server thread/DEBUG] [ne.mi.ne.HandshakeHandler/FMLHANDSHAKE]: Sending ticking packet info 'net.minecraftforge.network.HandshakeMessages$S2CModList' to 'fml:handshake' sequence 1
[00:10:49] [Netty Local Client IO #0/DEBUG] [ne.mi.ne.LoginWrapper/FMLHANDSHAKE]: Recieved login wrapper packet event for channel fml:handshake with index 1
[00:10:49] [Netty Local Client IO #0/DEBUG] [ne.mi.ne.HandshakeHandler/FMLHANDSHAKE]: Logging into server with mod list [minecraft, worldedit, architectury, cloth_config, forge, t_and_t, mr_trek, roadweaver, geomantia, cristellib, reterraforged]
[00:10:49] [Netty Local Client IO #0/DEBUG] [ne.mi.ne.NetworkRegistry/NETREGISTRY]: Channel 'worldedit:cui' : Version test of '1' from server : ACCEPTED
[00:10:49] [Netty Local Client IO #0/DEBUG] [ne.mi.ne.NetworkRegistry/NETREGISTRY]: Channel 'fml:loginwrapper' : Version test of 'FML3' from server : ACCEPTED
[00:10:49] [Netty Local Client IO #0/DEBUG] [ne.mi.ne.NetworkRegistry/NETREGISTRY]: Channel 'forge:tier_sorting' : Version test of '1.0' from server : ACCEPTED
[00:10:49] [Netty Local Client IO #0/DEBUG] [ne.mi.ne.NetworkRegistry/NETREGISTRY]: Channel 'fml:handshake' : Version test of 'FML3' from server : ACCEPTED
[00:10:49] [Netty Local Client IO #0/DEBUG] [ne.mi.ne.NetworkRegistry/NETREGISTRY]: Channel 'architectury:network' : Version test of '1' from server : ACCEPTED
[00:10:49] [Netty Local Client IO #0/DEBUG] [ne.mi.ne.NetworkRegistry/NETREGISTRY]: Channel 'worldedit:internal' : Version test of '1' from server : ACCEPTED
[00:10:49] [Netty Local Client IO #0/DEBUG] [ne.mi.ne.NetworkRegistry/NETREGISTRY]: Channel 'minecraft:unregister' : Version test of 'FML3' from server : ACCEPTED
[00:10:49] [Netty Local Client IO #0/DEBUG] [ne.mi.ne.NetworkRegistry/NETREGISTRY]: Channel 'fml:play' : Version test of 'FML3' from server : ACCEPTED
[00:10:49] [Netty Local Client IO #0/DEBUG] [ne.mi.ne.NetworkRegistry/NETREGISTRY]: Channel 'minecraft:register' : Version test of 'FML3' from server : ACCEPTED
[00:10:49] [Netty Local Client IO #0/DEBUG] [ne.mi.ne.NetworkRegistry/NETREGISTRY]: Channel 'forge:split' : Version test of '1.1' from server : ACCEPTED
[00:10:49] [Netty Local Client IO #0/DEBUG] [ne.mi.ne.NetworkRegistry/NETREGISTRY]: Channel 'roadweaver:map' : Version test of '1' from server : ACCEPTED
[00:10:49] [Netty Local Client IO #0/DEBUG] [ne.mi.ne.NetworkRegistry/NETREGISTRY]: Accepting channel list from server
[00:10:49] [Netty Local Client IO #0/DEBUG] [ne.mi.ne.LoginWrapper/FMLHANDSHAKE]: Dispatching wrapped packet reply for channel fml:handshake with index 1
[00:10:49] [Netty Local Client IO #0/DEBUG] [ne.mi.ne.HandshakeHandler/FMLHANDSHAKE]: Accepted server connection
[00:10:49] [Netty Server IO #1/DEBUG] [ne.mi.ne.LoginWrapper/FMLHANDSHAKE]: Recieved login wrapper packet event for channel fml:handshake with index 1
[00:10:49] [Netty Server IO #1/DEBUG] [ne.mi.ne.HandshakeHandler/FMLHANDSHAKE]: Received client indexed reply 1 of type net.minecraftforge.network.HandshakeMessages$C2SModListReply
[00:10:49] [Netty Server IO #1/DEBUG] [ne.mi.ne.HandshakeHandler/FMLHANDSHAKE]: Received client connection with modlist [minecraft, worldedit, architectury, cloth_config, forge, t_and_t, mr_trek, roadweaver, geomantia, cristellib, reterraforged]
[00:10:49] [Netty Local Client IO #0/DEBUG] [ne.mi.ne.HandshakeHandler/REGISTRIES]: Expecting 26 registries: [minecraft:command_argument_type, reterraforged:worldgen/template_decorator_type, reterraforged:worldgen/domain_type, minecraft:villager_profession, minecraft:item, minecraft:potion, minecraft:block_entity_type, forge:display_contexts, minecraft:stat_type, minecraft:menu, minecraft:fluid, minecraft:recipe_serializer, minecraft:sound_event, minecraft:particle_type, reterraforged:worldgen/noise_type, minecraft:painting_variant, forge:fluid_type, minecraft:block, forge:entity_data_serializers, reterraforged:worldgen/template_placement_type, minecraft:mob_effect, reterraforged:worldgen/chance_modifier_type, minecraft:enchantment, reterraforged:worldgen/curve_function_type, reterraforged:worldgen/structure_rule_type, minecraft:entity_type]
[00:10:49] [Netty Server IO #1/DEBUG] [ne.mi.ne.NetworkRegistry/NETREGISTRY]: Channel 'worldedit:cui' : Version test of '1' from client : ACCEPTED
[00:10:49] [Netty Server IO #1/DEBUG] [ne.mi.ne.NetworkRegistry/NETREGISTRY]: Channel 'fml:loginwrapper' : Version test of 'FML3' from client : ACCEPTED
[00:10:49] [Netty Server IO #1/DEBUG] [ne.mi.ne.NetworkRegistry/NETREGISTRY]: Channel 'forge:tier_sorting' : Version test of '1.0' from client : ACCEPTED
[00:10:49] [Netty Server IO #1/DEBUG] [ne.mi.ne.NetworkRegistry/NETREGISTRY]: Channel 'fml:handshake' : Version test of 'FML3' from client : ACCEPTED
[00:10:49] [Netty Server IO #1/DEBUG] [ne.mi.ne.NetworkRegistry/NETREGISTRY]: Channel 'architectury:network' : Version test of '1' from client : ACCEPTED
[00:10:49] [Netty Server IO #1/DEBUG] [ne.mi.ne.NetworkRegistry/NETREGISTRY]: Channel 'worldedit:internal' : Version test of '1' from client : ACCEPTED
[00:10:49] [Netty Server IO #1/DEBUG] [ne.mi.ne.NetworkRegistry/NETREGISTRY]: Channel 'minecraft:unregister' : Version test of 'FML3' from client : ACCEPTED
[00:10:49] [Netty Server IO #1/DEBUG] [ne.mi.ne.NetworkRegistry/NETREGISTRY]: Channel 'fml:play' : Version test of 'FML3' from client : ACCEPTED
[00:10:49] [Netty Server IO #1/DEBUG] [ne.mi.ne.NetworkRegistry/NETREGISTRY]: Channel 'minecraft:register' : Version test of 'FML3' from client : ACCEPTED
[00:10:49] [Netty Server IO #1/DEBUG] [ne.mi.ne.NetworkRegistry/NETREGISTRY]: Channel 'forge:split' : Version test of '1.1' from client : ACCEPTED
[00:10:49] [Netty Server IO #1/DEBUG] [ne.mi.ne.NetworkRegistry/NETREGISTRY]: Channel 'roadweaver:map' : Version test of '1' from client : ACCEPTED
[00:10:49] [Netty Server IO #1/DEBUG] [ne.mi.ne.NetworkRegistry/NETREGISTRY]: Accepting channel list from client
[00:10:49] [Netty Server IO #1/DEBUG] [ne.mi.ne.HandshakeHandler/FMLHANDSHAKE]: Accepted client connection mod list
[00:10:49] [Server thread/DEBUG] [ne.mi.ne.HandshakeHandler/FMLHANDSHAKE]: Sending ticking packet info 'Config forge-server.toml' to 'fml:handshake' sequence 2
[00:10:49] [Netty Local Client IO #0/DEBUG] [ne.mi.ne.LoginWrapper/FMLHANDSHAKE]: Recieved login wrapper packet event for channel fml:handshake with index 2
[00:10:49] [Netty Local Client IO #0/DEBUG] [ne.mi.ne.HandshakeHandler/FMLHANDSHAKE]: Received config sync from server
[00:10:49] [Netty Local Client IO #0/DEBUG] [ne.mi.ne.LoginWrapper/FMLHANDSHAKE]: Dispatching wrapped packet reply for channel fml:handshake with index 2
[00:10:49] [Netty Server IO #1/DEBUG] [ne.mi.ne.LoginWrapper/FMLHANDSHAKE]: Recieved login wrapper packet event for channel fml:handshake with index 2
[00:10:49] [Netty Server IO #1/DEBUG] [ne.mi.ne.HandshakeHandler/FMLHANDSHAKE]: Received client indexed reply 2 of type net.minecraftforge.network.HandshakeMessages$C2SAcknowledge
[00:10:49] [Netty Server IO #1/DEBUG] [ne.mi.ne.HandshakeHandler/FMLHANDSHAKE]: Received acknowledgement from client
[00:10:49] [Server thread/DEBUG] [ne.mi.ne.HandshakeHandler/FMLHANDSHAKE]: Handshake complete!
[00:10:50] [Netty Local Client IO #0/INFO] [ne.mi.ne.NetworkHooks/]: Connected to a modded server.
[00:10:50] [Server thread/INFO] [minecraft/PlayerList]: Dev[local:E:bc57feff] logged in with entity id 53 at (-1435.9307870292942, 68.0, -861.2561270466399)
[00:10:50] [Server thread/INFO] [minecraft/MinecraftServer]: Dev加入了游戏
[00:10:51] [Server thread/DEBUG] [io.ne.ut.in.ThreadLocalRandom/]: -Dio.netty.initialSeedUniquifier: 0x42b170d1a8c15603
[00:10:52] [Render thread/INFO] [minecraft/AdvancementList]: Loaded 7 advancements
[00:15:49] [Server thread/DEBUG] [ne.mi.co.ForgeHooks/WP]: Gathering id map for writing to world save RTF0810
[00:15:49] [Server thread/DEBUG] [ne.mi.co.ForgeHooks/WP]: ID Map collection complete RTF0810
[00:20:49] [Server thread/DEBUG] [ne.mi.co.ForgeHooks/WP]: Gathering id map for writing to world save RTF0810
[00:20:49] [Server thread/DEBUG] [ne.mi.co.ForgeHooks/WP]: ID Map collection complete RTF0810
[00:23:22] [Render thread/INFO] [minecraft/Minecraft]: Stopping!
[00:23:22] [Server thread/INFO] [minecraft/ServerGamePacketListenerImpl]: Dev lost connection: 连接中断
[00:23:22] [Server thread/INFO] [minecraft/MinecraftServer]: Dev退出了游戏
[00:23:22] [Server thread/INFO] [minecraft/ServerGamePacketListenerImpl]: Stopping singleplayer server as player logged out
[00:23:22] [Server thread/DEBUG] [roadweaver/]: CacheManager: 所有缓存已清理
[00:23:22] [Server thread/DEBUG] [roadweaver/]: ThreadPoolManager: 工作池已关闭 (epoch=2)
[00:23:22] [Server thread/INFO] [co.ri.ge.pl.ht.GeomantiaHttpServer/]: Geomantia GIS API server stopped.
[00:23:22] [Server thread/INFO] [minecraft/MinecraftServer]: Stopping server
[00:23:22] [Server thread/INFO] [minecraft/MinecraftServer]: Saving players
[00:23:22] [Server thread/INFO] [minecraft/MinecraftServer]: Saving worlds
[00:23:22] [Server thread/INFO] [minecraft/MinecraftServer]: Saving chunks for level 'ServerLevel[RTF0810]'/minecraft:overworld
[00:23:23] [Server thread/INFO] [minecraft/MinecraftServer]: Saving chunks for level 'ServerLevel[RTF0810]'/minecraft:the_end
[00:23:23] [Server thread/INFO] [minecraft/MinecraftServer]: Saving chunks for level 'ServerLevel[RTF0810]'/minecraft:the_nether
[00:23:23] [Server thread/DEBUG] [ne.mi.co.ForgeHooks/WP]: Gathering id map for writing to world save RTF0810
[00:23:23] [Server thread/DEBUG] [ne.mi.co.ForgeHooks/WP]: ID Map collection complete RTF0810
[00:23:23] [Server thread/INFO] [minecraft/MinecraftServer]: ThreadedAnvilChunkStorage (RTF0810): All chunks are saved
[00:23:23] [Server thread/INFO] [minecraft/MinecraftServer]: ThreadedAnvilChunkStorage (DIM1): All chunks are saved
[00:23:23] [Server thread/INFO] [minecraft/MinecraftServer]: ThreadedAnvilChunkStorage (DIM-1): All chunks are saved
[00:23:23] [Server thread/INFO] [minecraft/MinecraftServer]: ThreadedAnvilChunkStorage: All dimensions are saved
[00:23:23] [Server thread/DEBUG] [ne.mi.re.GameData/REGISTRIES]: Reverting to FROZEN data state.
[00:23:23] [Server thread/DEBUG] [ne.mi.re.ForgeRegistry/REGISTRIES]: Registry minecraft:block Sync: ACTIVE -> FROZEN
[00:23:23] [Server thread/DEBUG] [ne.mi.re.ForgeRegistry/REGISTRIES]: Registry minecraft:fluid Sync: ACTIVE -> FROZEN
[00:23:23] [Server thread/DEBUG] [ne.mi.re.ForgeRegistry/REGISTRIES]: Registry minecraft:item Sync: ACTIVE -> FROZEN
[00:23:23] [Server thread/DEBUG] [ne.mi.re.ForgeRegistry/REGISTRIES]: Registry minecraft:mob_effect Sync: ACTIVE -> FROZEN
[00:23:23] [Server thread/DEBUG] [ne.mi.re.ForgeRegistry/REGISTRIES]: Registry minecraft:sound_event Sync: ACTIVE -> FROZEN
[00:23:23] [Server thread/DEBUG] [ne.mi.re.ForgeRegistry/REGISTRIES]: Registry minecraft:potion Sync: ACTIVE -> FROZEN
[00:23:23] [Server thread/DEBUG] [ne.mi.re.ForgeRegistry/REGISTRIES]: Registry minecraft:enchantment Sync: ACTIVE -> FROZEN
[00:23:23] [Server thread/DEBUG] [ne.mi.re.ForgeRegistry/REGISTRIES]: Registry minecraft:entity_type Sync: ACTIVE -> FROZEN
[00:23:23] [Server thread/DEBUG] [ne.mi.re.ForgeRegistry/REGISTRIES]: Registry minecraft:block_entity_type Sync: ACTIVE -> FROZEN
[00:23:23] [Server thread/DEBUG] [ne.mi.re.ForgeRegistry/REGISTRIES]: Registry minecraft:particle_type Sync: ACTIVE -> FROZEN
[00:23:23] [Server thread/DEBUG] [ne.mi.re.ForgeRegistry/REGISTRIES]: Registry minecraft:menu Sync: ACTIVE -> FROZEN
[00:23:23] [Server thread/DEBUG] [ne.mi.re.ForgeRegistry/REGISTRIES]: Registry minecraft:painting_variant Sync: ACTIVE -> FROZEN
[00:23:23] [Server thread/DEBUG] [ne.mi.re.ForgeRegistry/REGISTRIES]: Registry minecraft:recipe_type Sync: ACTIVE -> FROZEN
[00:23:23] [Server thread/DEBUG] [ne.mi.re.ForgeRegistry/REGISTRIES]: Registry minecraft:recipe_serializer Sync: ACTIVE -> FROZEN
[00:23:23] [Server thread/DEBUG] [ne.mi.re.ForgeRegistry/REGISTRIES]: Registry minecraft:attribute Sync: ACTIVE -> FROZEN
[00:23:23] [Server thread/DEBUG] [ne.mi.re.ForgeRegistry/REGISTRIES]: Registry minecraft:stat_type Sync: ACTIVE -> FROZEN
[00:23:23] [Server thread/DEBUG] [ne.mi.re.ForgeRegistry/REGISTRIES]: Registry minecraft:command_argument_type Sync: ACTIVE -> FROZEN
[00:23:23] [Server thread/DEBUG] [ne.mi.re.ForgeRegistry/REGISTRIES]: Registry minecraft:villager_profession Sync: ACTIVE -> FROZEN
[00:23:23] [Server thread/DEBUG] [ne.mi.re.ForgeRegistry/REGISTRIES]: Registry minecraft:point_of_interest_type Sync: ACTIVE -> FROZEN
[00:23:23] [Server thread/DEBUG] [ne.mi.re.ForgeRegistry/REGISTRIES]: Registry minecraft:memory_module_type Sync: ACTIVE -> FROZEN
[00:23:23] [Server thread/DEBUG] [ne.mi.re.ForgeRegistry/REGISTRIES]: Registry minecraft:sensor_type Sync: ACTIVE -> FROZEN
[00:23:23] [Server thread/DEBUG] [ne.mi.re.ForgeRegistry/REGISTRIES]: Registry minecraft:schedule Sync: ACTIVE -> FROZEN
[00:23:23] [Server thread/DEBUG] [ne.mi.re.ForgeRegistry/REGISTRIES]: Registry minecraft:activity Sync: ACTIVE -> FROZEN
[00:23:23] [Server thread/DEBUG] [ne.mi.re.ForgeRegistry/REGISTRIES]: Registry minecraft:worldgen/carver Sync: ACTIVE -> FROZEN
[00:23:23] [Server thread/DEBUG] [ne.mi.re.ForgeRegistry/REGISTRIES]: Registry minecraft:worldgen/feature Sync: ACTIVE -> FROZEN
[00:23:23] [Server thread/DEBUG] [ne.mi.re.ForgeRegistry/REGISTRIES]: Registry minecraft:chunk_status Sync: ACTIVE -> FROZEN
[00:23:23] [Server thread/DEBUG] [ne.mi.re.ForgeRegistry/REGISTRIES]: Registry minecraft:worldgen/block_state_provider_type Sync: ACTIVE -> FROZEN
[00:23:23] [Server thread/DEBUG] [ne.mi.re.ForgeRegistry/REGISTRIES]: Registry minecraft:worldgen/foliage_placer_type Sync: ACTIVE -> FROZEN
[00:23:23] [Server thread/DEBUG] [ne.mi.re.ForgeRegistry/REGISTRIES]: Registry minecraft:worldgen/tree_decorator_type Sync: ACTIVE -> FROZEN
[00:23:23] [Server thread/DEBUG] [ne.mi.re.ForgeRegistry/REGISTRIES]: Registry minecraft:worldgen/biome Sync: ACTIVE -> FROZEN
[00:23:23] [Server thread/DEBUG] [ne.mi.re.ForgeRegistry/REGISTRIES]: Registry forge:entity_data_serializers Sync: ACTIVE -> FROZEN
[00:23:23] [Server thread/DEBUG] [ne.mi.re.ForgeRegistry/REGISTRIES]: Registry forge:global_loot_modifier_serializers Sync: ACTIVE -> FROZEN
[00:23:23] [Server thread/DEBUG] [ne.mi.re.ForgeRegistry/REGISTRIES]: Registry forge:biome_modifier_serializers Sync: ACTIVE -> FROZEN
[00:23:23] [Server thread/DEBUG] [ne.mi.re.ForgeRegistry/REGISTRIES]: Registry forge:fluid_type Sync: ACTIVE -> FROZEN
[00:23:23] [Server thread/DEBUG] [ne.mi.re.ForgeRegistry/REGISTRIES]: Registry forge:structure_modifier_serializers Sync: ACTIVE -> FROZEN
[00:23:23] [Server thread/DEBUG] [ne.mi.re.ForgeRegistry/REGISTRIES]: Registry forge:holder_set_type Sync: ACTIVE -> FROZEN
[00:23:23] [Server thread/DEBUG] [ne.mi.re.ForgeRegistry/REGISTRIES]: Registry forge:display_contexts Sync: ACTIVE -> FROZEN
[00:23:23] [Server thread/DEBUG] [ne.mi.re.ForgeRegistry/REGISTRIES]: Registry reterraforged:worldgen/template_decorator_type Sync: ACTIVE -> FROZEN
[00:23:23] [Server thread/DEBUG] [ne.mi.re.ForgeRegistry/REGISTRIES]: Registry reterraforged:worldgen/structure_rule_type Sync: ACTIVE -> FROZEN
[00:23:23] [Server thread/DEBUG] [ne.mi.re.ForgeRegistry/REGISTRIES]: Registry reterraforged:worldgen/curve_function_type Sync: ACTIVE -> FROZEN
[00:23:23] [Server thread/DEBUG] [ne.mi.re.ForgeRegistry/REGISTRIES]: Registry reterraforged:worldgen/noise_type Sync: ACTIVE -> FROZEN
[00:23:23] [Server thread/DEBUG] [ne.mi.re.ForgeRegistry/REGISTRIES]: Registry reterraforged:worldgen/template_placement_type Sync: ACTIVE -> FROZEN
[00:23:23] [Server thread/DEBUG] [ne.mi.re.ForgeRegistry/REGISTRIES]: Registry reterraforged:worldgen/domain_type Sync: ACTIVE -> FROZEN
[00:23:23] [Server thread/DEBUG] [ne.mi.re.ForgeRegistry/REGISTRIES]: Registry reterraforged:worldgen/chance_modifier_type Sync: ACTIVE -> FROZEN
[00:23:23] [Server thread/DEBUG] [ne.mi.re.ObjectHolderRegistry/REGISTRIES]: Applying holder lookups
[00:23:23] [Server thread/DEBUG] [ne.mi.re.ObjectHolderRegistry/REGISTRIES]: Holder lookups applied
[00:23:23] [Server thread/DEBUG] [ne.mi.re.GameData/REGISTRIES]: FROZEN state restored.
[00:23:23] [Server thread/DEBUG] [ne.mi.fm.co.ConfigTracker/CONFIG]: Unloading configs type SERVER

Deprecated Gradle features were used in this build, making it incompatible with Gradle 9.0.

You can use '--warning-mode all' to show the individual deprecation warnings and determine if they come from your own scripts or plugins.

For more on this, please refer to https://docs.gradle.org/8.8/userguide/command_line_interface.html#sec:command_line_warnings in the Gradle documentation.

BUILD SUCCESSFUL in 13m 11s
11 actionable tasks: 3 executed, 8 up-to-date
